cust,date
1,2006-01-01
2,2006-01-01
2,2006-12-19
3,2006-01-01
3,2006-01-10
3,2006-02-01
3,2006-02-21
3,2006-03-07
3,2006-03-20
3,2006-04-03
3,2006-04-16
3,2006-05-02
3,2006-05-30
3,2006-06-19
3,2006-07-09
3,2006-07-30
3,2006-08-21
3,2006-09-07
3,2006-09-19
3,2006-10-10
3,2006-10-23
3,2006-11-23
3,2006-12-07
3,2007-01-05
3,2007-01-16
3,2007-02-22
3,2007-04-05
3,2007-04-20
3,2007-05-09
3,2007-06-07
3,2007-06-21
3,2007-07-05
3,2007-09-13
3,2007-09-25
3,2007-10-18
3,2007-11-01
3,2007-11-27
4,2006-01-01
5,2006-01-01
5,2006-05-24
5,2006-10-11
5,2007-03-09
5,2007-06-08
5,2007-09-22
6,2006-01-02
6,2006-02-24
6,2006-04-25
6,2006-06-27
6,2006-09-26
6,2006-12-01
6,2007-01-25
6,2007-03-21
6,2007-05-22
6,2007-07-14
6,2007-09-20
6,2007-12-27
7,2006-01-02
7,2006-01-08
7,2006-01-17
7,2006-01-24
7,2006-01-31
7,2006-02-08
7,2006-02-14
7,2006-02-21
7,2006-02-28
7,2006-03-07
7,2006-03-14
7,2006-03-20
7,2006-03-27
7,2006-04-10
7,2006-04-18
7,2006-04-25
7,2006-05-15
7,2006-05-23
7,2006-05-29
7,2006-06-04
7,2006-06-20
7,2006-07-10
7,2006-09-25
7,2006-10-24
7,2006-11-07
7,2006-12-05
8,2006-01-03
9,2006-01-03
10,2006-01-03
10,2006-01-12
10,2006-04-10
11,2006-01-03
12,2006-01-03
12,2006-01-26
12,2006-02-16
12,2006-03-23
12,2006-09-14
13,2006-01-03
13,2006-03-02
14,2006-01-03
15,2006-01-03
15,2006-10-26
16,2006-01-03
16,2006-01-31
16,2006-02-28
16,2006-04-03
16,2006-05-03
16,2006-05-30
16,2006-07-01
16,2006-07-31
17,2006-01-03
17,2006-03-03
17,2006-04-05
17,2006-05-05
17,2006-06-09
17,2006-07-14
17,2006-08-22
17,2006-09-26
17,2006-11-09
17,2007-02-01
17,2007-07-26
17,2007-08-29
17,2007-10-04
17,2007-11-09
17,2007-12-14
18,2006-01-03
18,2006-03-24
19,2006-01-03
20,2006-01-03
20,2006-02-04
20,2006-03-04
20,2006-04-13
20,2006-05-03
20,2006-06-07
20,2006-07-06
20,2006-09-29
20,2006-11-09
20,2006-12-05
20,2007-03-16
20,2007-09-25
21,2006-01-03
22,2006-01-03
22,2006-01-09
22,2006-01-18
22,2006-01-31
22,2006-02-09
22,2006-02-20
22,2006-02-27
22,2006-03-20
22,2006-04-20
22,2006-05-02
22,2006-05-15
22,2006-05-30
22,2006-06-14
23,2006-01-03
24,2006-01-03
25,2006-01-03
26,2006-01-03
26,2006-04-13
26,2006-04-19
27,2006-01-03
27,2006-03-01
27,2006-05-27
27,2006-09-08
27,2006-11-07
27,2006-12-30
27,2007-03-28
27,2007-06-02
27,2007-09-28
28,2006-01-04
28,2006-04-14
29,2006-01-04
29,2006-01-11
29,2006-02-14
29,2006-02-23
29,2006-02-25
29,2006-03-08
29,2006-03-23
29,2006-03-31
29,2006-04-13
29,2006-05-03
29,2006-05-25
29,2006-06-08
29,2006-06-22
29,2006-07-07
29,2006-07-08
29,2006-07-20
29,2006-07-28
29,2006-08-17
29,2006-08-30
29,2006-09-08
29,2006-10-03
29,2006-10-18
29,2006-10-28
29,2006-11-14
29,2006-12-01
29,2006-12-02
29,2006-12-22
29,2007-01-03
29,2007-02-02
29,2007-03-07
29,2007-03-29
29,2007-04-11
29,2007-04-21
29,2007-05-04
29,2007-05-15
29,2007-05-23
29,2007-06-05
29,2007-07-10
29,2007-07-25
29,2007-09-01
29,2007-10-03
29,2007-11-10
29,2007-12-06
29,2007-12-19
30,2006-01-04
30,2006-02-07
30,2006-04-04
30,2006-05-03
31,2006-01-04
31,2006-01-12
31,2006-01-19
31,2006-01-26
31,2006-02-09
31,2006-02-22
31,2006-03-02
31,2006-03-09
31,2006-05-11
31,2006-09-21
31,2006-11-16
31,2007-02-01
32,2006-01-04
32,2006-01-21
33,2006-01-04
34,2006-01-04
34,2006-01-10
34,2006-01-17
34,2006-01-24
34,2006-01-31
34,2006-02-07
34,2006-02-14
34,2006-02-21
34,2006-03-07
34,2006-03-14
34,2006-03-21
34,2006-03-28
34,2006-04-19
34,2006-04-29
34,2006-05-09
34,2006-06-07
34,2006-06-20
34,2006-06-27
34,2006-07-06
34,2006-09-02
34,2006-09-09
34,2006-09-23
34,2006-09-30
34,2006-10-05
34,2006-10-17
34,2006-11-14
34,2006-12-16
34,2007-02-10
34,2007-04-11
35,2006-01-04
35,2006-02-01
35,2006-02-07
35,2006-03-07
36,2006-01-04
36,2006-02-28
36,2006-05-12
36,2006-05-19
36,2007-02-08
36,2007-07-25
37,2006-01-04
38,2006-01-04
38,2006-01-27
38,2006-04-12
38,2006-05-13
38,2006-07-01
38,2006-07-26
38,2006-10-19
38,2006-12-28
39,2006-01-04
39,2006-01-12
39,2006-01-27
39,2006-04-14
39,2007-10-19
39,2007-10-25
39,2007-11-01
39,2007-11-10
39,2007-11-20
39,2007-11-30
39,2007-12-08
39,2007-12-11
40,2006-01-04
40,2006-01-12
40,2006-01-17
40,2006-01-19
40,2006-01-27
40,2006-01-31
40,2006-02-02
40,2006-02-21
40,2006-03-09
40,2006-03-28
40,2006-04-11
40,2006-04-26
40,2006-05-12
40,2006-06-02
40,2006-06-14
40,2006-07-06
40,2006-07-26
40,2006-08-24
40,2006-09-07
40,2006-10-06
40,2006-10-26
40,2006-11-09
40,2006-11-24
40,2006-12-06
40,2006-12-14
40,2007-01-09
40,2007-01-23
40,2007-02-01
40,2007-02-15
40,2007-02-27
40,2007-03-13
40,2007-03-23
40,2007-04-04
40,2007-04-17
40,2007-04-25
40,2007-05-10
40,2007-05-25
40,2007-06-12
40,2007-06-19
40,2007-06-22
40,2007-07-05
40,2007-07-17
40,2007-08-01
40,2007-08-09
40,2007-08-29
40,2007-09-18
40,2007-10-02
40,2007-10-12
40,2007-10-19
40,2007-10-31
40,2007-11-14
40,2007-11-28
40,2007-12-18
41,2006-01-04
41,2007-04-17
41,2007-05-12
41,2007-05-25
41,2007-06-12
41,2007-07-10
41,2007-08-09
41,2007-08-30
41,2007-09-05
41,2007-09-21
41,2007-10-16
41,2007-11-07
41,2007-11-28
41,2007-12-11
42,2006-01-04
42,2006-02-07
42,2006-03-18
42,2006-04-20
42,2006-05-24
42,2006-10-06
43,2006-01-04
43,2006-01-23
43,2006-02-22
43,2006-03-12
44,2006-01-04
45,2006-01-04
45,2006-03-21
45,2006-06-13
45,2006-07-21
45,2006-10-11
45,2006-12-19
45,2007-02-15
46,2006-01-04
46,2006-02-06
47,2006-01-04
47,2006-01-13
47,2006-05-13
48,2006-01-04
49,2006-01-04
49,2006-03-01
49,2006-06-08
50,2006-01-04
51,2006-01-04
52,2006-01-05
52,2006-01-24
52,2006-03-04
52,2006-04-25
52,2006-06-22
52,2006-10-03
52,2007-06-19
53,2006-01-05
54,2006-01-05
54,2006-03-31
54,2006-04-04
54,2006-05-30
54,2006-09-26
54,2007-03-02
54,2007-08-29
55,2006-01-05
56,2006-01-05
57,2006-01-05
58,2006-01-05
59,2006-01-05
59,2006-01-20
59,2006-01-28
60,2006-01-05
60,2006-01-22
60,2006-02-14
60,2006-03-04
60,2006-04-11
60,2006-06-03
60,2006-07-26
61,2006-01-05
62,2006-01-05
62,2006-01-20
62,2006-02-03
62,2006-02-16
62,2006-04-07
63,2006-01-05
63,2006-01-20
63,2006-02-03
63,2006-02-17
63,2006-04-07
64,2006-01-05
64,2006-04-03
64,2006-05-11
65,2006-01-05
65,2006-01-07
65,2006-03-21
66,2006-01-05
66,2006-01-09
66,2006-01-27
66,2006-02-02
66,2006-02-23
66,2006-03-17
67,2006-01-05
68,2006-01-05
69,2006-01-06
70,2006-01-06
71,2006-01-06
71,2006-03-03
71,2006-04-22
71,2006-06-28
71,2006-10-10
71,2007-01-06
71,2007-05-07
71,2007-09-25
72,2006-01-06
73,2006-01-06
73,2006-01-12
73,2006-01-19
73,2006-01-27
73,2006-02-03
73,2006-02-09
73,2006-02-16
73,2006-02-24
73,2006-03-03
73,2006-03-31
73,2006-04-07
73,2006-04-13
73,2006-05-11
73,2006-05-18
73,2006-05-26
73,2006-06-02
73,2006-06-09
73,2006-06-23
73,2007-02-02
73,2007-02-09
74,2006-01-06
75,2006-01-06
75,2006-03-01
75,2006-05-06
75,2007-08-31
76,2006-01-06
76,2006-05-01
77,2006-01-06
77,2006-02-07
77,2006-03-08
77,2006-04-08
77,2006-05-25
77,2006-06-10
77,2006-07-18
77,2006-08-01
77,2006-08-30
77,2006-09-27
77,2006-11-07
77,2007-01-12
77,2007-02-03
78,2006-01-06
78,2006-02-18
78,2006-03-02
78,2006-03-23
78,2006-04-05
78,2006-04-08
78,2006-04-23
78,2006-06-16
78,2006-11-17
78,2006-12-28
78,2007-01-20
78,2007-02-08
78,2007-03-01
78,2007-03-09
78,2007-04-03
78,2007-04-12
78,2007-04-27
78,2007-05-10
79,2006-01-06
80,2006-01-06
80,2006-10-10
80,2006-12-07
81,2006-01-06
81,2006-02-14
81,2006-02-21
81,2006-03-22
81,2006-05-03
81,2006-06-15
81,2006-08-05
82,2006-01-06
82,2006-02-25
82,2006-03-28
82,2006-04-29
82,2006-05-24
82,2006-06-27
82,2006-09-14
82,2006-10-26
82,2006-12-13
83,2006-01-06
83,2006-02-17
83,2006-05-16
83,2006-08-22
83,2006-12-02
83,2007-03-27
83,2007-09-12
84,2006-01-06
85,2006-01-06
85,2006-01-19
86,2006-01-07
87,2006-01-07
87,2006-02-10
87,2006-03-16
87,2006-04-25
87,2006-05-30
87,2006-06-30
87,2006-09-08
87,2006-10-17
87,2006-12-12
87,2007-01-28
87,2007-03-20
87,2007-05-15
87,2007-07-20
87,2007-09-02
87,2007-10-19
87,2007-11-28
88,2006-01-07
89,2006-01-07
89,2006-01-14
90,2006-01-07
91,2006-01-07
92,2006-01-07
92,2006-02-11
92,2006-07-06
93,2006-01-07
94,2006-01-07
94,2006-03-23
94,2006-03-30
94,2006-06-23
94,2006-07-19
94,2006-09-08
94,2007-03-16
94,2007-05-08
94,2007-08-08
94,2007-10-07
95,2006-01-07
95,2006-03-17
95,2007-09-27
95,2007-10-27
95,2007-11-29
96,2006-01-07
97,2006-01-07
97,2006-05-25
97,2006-08-02
97,2006-10-06
97,2006-12-22
97,2007-01-11
97,2007-03-17
97,2007-06-01
98,2006-01-07
98,2006-01-20
98,2006-03-09
98,2006-04-25
98,2006-05-31
98,2006-06-14
98,2006-07-12
98,2006-08-01
98,2006-10-04
98,2006-10-19
98,2006-11-15
98,2006-12-20
98,2007-01-17
98,2007-03-14
98,2007-04-25
98,2007-05-24
98,2007-06-26
98,2007-07-31
98,2007-08-28
98,2007-10-16
98,2007-11-20
98,2007-12-18
99,2006-01-07
100,2006-01-07
101,2006-01-07
102,2006-01-07
102,2006-01-28
103,2006-01-07
103,2006-01-17
103,2006-01-24
103,2006-02-08
103,2006-03-07
103,2006-03-15
103,2006-03-22
103,2006-03-30
103,2007-04-19
104,2006-01-07
105,2006-01-07
106,2006-01-07
106,2006-04-07
106,2006-05-19
107,2006-01-08
108,2006-01-08
109,2006-01-08
109,2006-03-24
109,2006-06-22
110,2006-01-08
110,2006-01-24
111,2006-01-08
111,2006-08-18
112,2006-01-09
112,2006-01-22
112,2006-02-03
112,2006-02-17
112,2006-02-24
112,2006-03-10
113,2006-01-09
114,2006-01-09
115,2006-01-09
115,2006-01-17
116,2006-01-09
116,2006-03-08
116,2006-04-05
117,2006-01-09
117,2006-02-05
117,2006-03-26
117,2006-04-26
117,2006-07-26
117,2007-01-03
118,2006-01-10
118,2006-01-19
119,2006-01-10
120,2006-01-10
120,2006-01-20
120,2006-01-30
120,2006-02-10
120,2006-02-22
121,2006-01-10
122,2006-01-10
122,2006-01-27
122,2006-11-10
123,2006-01-10
124,2006-01-10
124,2006-01-20
124,2006-02-04
124,2006-02-15
124,2006-10-10
124,2007-03-27
124,2007-05-16
124,2007-08-21
125,2006-01-10
125,2006-01-17
126,2006-01-10
126,2006-11-08
127,2006-01-10
128,2006-01-10
129,2006-01-10
129,2006-08-30
130,2006-01-10
131,2006-01-10
131,2006-02-09
131,2006-04-20
131,2006-09-20
132,2006-01-10
133,2006-01-10
134,2006-01-10
135,2006-01-10
136,2006-01-10
137,2006-01-10
137,2006-01-26
137,2006-01-27
137,2006-02-09
137,2006-03-09
137,2006-03-30
137,2006-04-26
137,2006-05-18
137,2006-06-15
137,2006-06-21
137,2006-07-04
137,2006-07-18
137,2006-08-01
137,2006-08-23
137,2006-09-07
137,2006-09-26
137,2006-10-12
137,2006-10-28
137,2006-11-22
137,2006-12-05
137,2006-12-13
137,2007-01-12
137,2007-01-16
137,2007-02-03
137,2007-02-16
137,2007-03-03
137,2007-03-21
137,2007-04-11
137,2007-04-27
137,2007-05-11
137,2007-06-06
137,2007-06-08
137,2007-06-21
137,2007-07-04
137,2007-07-27
137,2007-08-15
137,2007-08-29
137,2007-09-05
137,2007-09-20
137,2007-10-12
137,2007-10-30
137,2007-11-30
137,2007-12-15
138,2006-01-10
139,2006-01-10
139,2006-02-15
139,2006-03-24
139,2006-05-17
139,2006-10-06
139,2007-01-16
139,2007-03-09
139,2007-04-19
139,2007-07-05
139,2007-07-06
139,2007-10-04
140,2006-01-10
140,2006-03-16
140,2006-05-24
140,2006-08-01
140,2006-10-18
140,2007-01-27
140,2007-02-28
141,2006-01-10
142,2006-01-10
142,2006-02-13
143,2006-01-10
144,2006-01-10
145,2006-01-11
145,2006-01-17
145,2006-01-26
145,2006-02-02
145,2006-02-09
145,2006-02-16
145,2006-02-23
145,2006-03-02
145,2006-03-09
145,2006-03-16
145,2006-03-23
145,2006-03-30
145,2006-04-06
145,2006-04-13
145,2006-04-20
145,2006-04-27
145,2006-05-04
145,2006-05-11
145,2006-05-18
145,2006-05-25
145,2006-06-01
145,2006-06-08
145,2006-06-15
145,2006-06-22
145,2006-06-29
145,2006-07-06
145,2006-07-13
145,2006-07-20
145,2006-07-27
145,2006-08-03
145,2006-08-10
145,2006-08-18
145,2006-08-24
145,2006-08-31
145,2006-09-02
145,2006-09-06
145,2006-09-14
145,2006-09-20
145,2006-09-28
145,2006-10-12
145,2006-10-19
145,2006-10-26
145,2006-11-03
145,2006-11-16
145,2006-11-23
145,2006-12-01
145,2006-12-07
145,2006-12-14
145,2006-12-21
145,2006-12-28
145,2007-01-04
145,2007-01-11
145,2007-01-17
145,2007-01-25
145,2007-01-31
145,2007-02-07
145,2007-02-14
145,2007-02-21
145,2007-02-28
145,2007-03-07
145,2007-03-14
145,2007-03-21
145,2007-03-29
145,2007-04-04
145,2007-04-11
145,2007-04-18
145,2007-04-25
145,2007-05-02
145,2007-05-09
145,2007-05-23
145,2007-05-30
145,2007-06-06
145,2007-06-13
145,2007-06-20
145,2007-06-27
145,2007-07-04
145,2007-07-11
145,2007-07-19
145,2007-07-25
145,2007-08-01
145,2007-08-08
145,2007-08-15
145,2007-08-23
145,2007-08-30
145,2007-09-05
145,2007-09-12
145,2007-09-20
145,2007-09-26
145,2007-10-03
145,2007-10-10
145,2007-10-18
145,2007-10-24
145,2007-10-31
145,2007-11-07
145,2007-11-14
145,2007-11-21
145,2007-11-29
145,2007-12-05
145,2007-12-12
145,2007-12-20
145,2007-12-26
146,2006-01-11
146,2006-02-14
146,2006-05-11
146,2006-06-22
146,2006-09-15
146,2007-03-26
147,2006-01-11
148,2006-01-11
149,2006-01-11
149,2006-01-12
149,2006-01-17
150,2006-01-11
151,2006-01-11
152,2006-01-11
153,2006-01-11
153,2006-01-25
153,2006-02-11
153,2006-03-01
153,2006-03-15
153,2006-04-05
153,2006-04-25
153,2006-05-27
153,2006-06-24
153,2006-08-17
154,2006-01-11
155,2006-01-11
155,2006-03-08
155,2006-04-01
155,2006-05-10
155,2006-09-08
155,2006-10-06
155,2006-10-24
155,2007-02-02
155,2007-06-02
156,2006-01-11
156,2006-01-24
156,2006-02-26
156,2006-03-27
156,2006-05-02
156,2006-06-29
156,2006-08-24
156,2006-10-01
156,2006-11-27
156,2007-01-22
156,2007-03-02
157,2006-01-11
158,2006-01-11
159,2006-01-11
160,2006-01-11
160,2006-03-14
161,2006-01-11
162,2006-01-11
162,2006-03-14
162,2006-05-27
162,2006-09-01
162,2006-11-23
162,2007-02-14
162,2007-06-06
162,2007-10-17
163,2006-01-11
163,2006-02-14
163,2006-03-03
163,2006-06-13
164,2006-01-11
164,2006-04-13
164,2006-05-04
165,2006-01-11
166,2006-01-11
166,2006-01-18
166,2006-02-09
167,2006-01-12
168,2006-01-12
168,2006-02-01
169,2006-01-12
169,2006-03-23
169,2006-05-11
169,2007-04-17
169,2007-06-27
169,2007-10-10
170,2006-01-12
170,2006-02-17
170,2006-03-14
171,2006-01-12
172,2006-01-12
173,2006-01-12
173,2006-01-25
174,2006-01-12
174,2006-01-18
174,2006-01-23
174,2006-02-07
174,2006-02-14
174,2006-02-21
175,2006-01-12
176,2006-01-12
176,2006-01-15
177,2006-01-12
177,2006-12-12
177,2006-12-14
178,2006-01-12
178,2006-02-10
178,2006-03-22
178,2006-05-16
178,2006-08-03
179,2006-01-12
179,2006-03-09
179,2006-05-27
179,2006-07-07
179,2006-09-15
179,2006-11-29
179,2007-02-21
179,2007-04-25
179,2007-07-05
179,2007-09-11
179,2007-12-16
180,2006-01-12
180,2006-01-20
180,2006-01-28
180,2006-02-08
180,2006-02-22
180,2006-03-04
180,2006-03-11
180,2006-03-22
180,2006-04-02
180,2006-04-12
180,2006-04-22
180,2006-05-05
180,2006-05-16
180,2006-05-27
180,2006-06-07
180,2006-06-20
180,2006-07-05
180,2006-07-23
180,2006-08-08
180,2006-08-19
180,2006-09-01
180,2006-09-13
180,2006-09-26
180,2006-10-10
180,2006-10-24
180,2006-11-07
180,2006-11-21
180,2006-12-05
180,2006-12-20
180,2007-01-04
180,2007-01-18
180,2007-02-01
180,2007-02-17
180,2007-03-06
180,2007-03-22
180,2007-04-04
180,2007-04-17
180,2007-05-03
180,2007-05-22
180,2007-06-05
180,2007-06-15
180,2007-07-06
180,2007-07-24
180,2007-08-07
180,2007-08-22
180,2007-09-07
180,2007-09-19
180,2007-10-09
180,2007-10-26
180,2007-11-13
180,2007-11-27
180,2007-12-12
180,2007-12-27
181,2006-01-12
182,2006-01-12
182,2007-06-06
182,2007-06-08
183,2006-01-12
183,2006-02-02
183,2006-03-09
183,2006-04-14
183,2006-05-25
183,2006-07-05
183,2006-08-08
183,2006-09-14
183,2006-10-12
183,2006-11-18
183,2006-12-22
183,2007-01-26
183,2007-03-02
183,2007-03-29
183,2007-04-25
183,2007-06-01
183,2007-07-10
183,2007-08-09
183,2007-10-04
183,2007-12-15
184,2006-01-12
184,2006-02-28
184,2006-08-10
184,2006-09-07
184,2006-10-12
184,2006-10-14
184,2006-12-09
184,2007-02-03
184,2007-03-14
184,2007-05-16
184,2007-06-22
184,2007-07-28
184,2007-09-20
184,2007-10-27
184,2007-11-17
184,2007-12-20
185,2006-01-12
186,2006-01-12
187,2006-01-12
187,2006-04-07
188,2006-01-12
189,2006-01-12
189,2006-02-03
189,2007-12-01
190,2006-01-12
190,2006-05-18
190,2006-07-05
190,2006-07-11
190,2006-08-17
191,2006-01-12
191,2006-01-26
192,2006-01-12
193,2006-01-12
193,2006-01-28
193,2006-02-16
193,2006-03-06
193,2006-03-08
193,2006-03-21
193,2006-04-06
193,2006-05-04
193,2006-07-10
193,2006-10-01
193,2006-11-04
193,2007-01-13
193,2007-02-17
193,2007-02-22
193,2007-03-29
193,2007-05-30
193,2007-07-05
193,2007-10-30
193,2007-12-05
194,2006-01-12
195,2006-01-12
195,2006-04-19
195,2006-09-29
195,2006-12-09
195,2007-02-24
195,2007-04-20
195,2007-06-15
195,2007-08-15
195,2007-10-26
196,2006-01-13
196,2006-02-15
196,2006-03-22
196,2006-05-07
196,2006-07-08
196,2006-07-12
196,2006-09-01
196,2006-11-08
196,2006-12-08
196,2007-02-02
196,2007-03-14
196,2007-04-27
196,2007-06-27
196,2007-08-07
196,2007-09-18
196,2007-11-07
197,2006-01-13
197,2006-01-27
197,2006-04-11
198,2006-01-13
198,2007-01-20
199,2006-01-13
200,2006-01-13
200,2006-01-25
201,2006-01-13
202,2006-01-13
202,2006-02-14
202,2006-03-04
202,2006-05-03
202,2006-05-24
202,2006-07-29
202,2006-08-01
202,2006-09-09
202,2006-09-12
202,2006-10-27
202,2006-11-30
202,2006-12-20
202,2007-01-10
202,2007-01-31
202,2007-04-07
202,2007-04-11
202,2007-04-17
202,2007-05-22
202,2007-07-07
202,2007-08-11
202,2007-09-06
202,2007-10-10
202,2007-11-13
203,2006-01-13
203,2006-01-20
203,2006-01-27
203,2006-02-01
203,2006-02-07
203,2006-03-02
203,2006-03-23
204,2006-01-13
204,2006-01-14
204,2007-10-04
204,2007-10-30
204,2007-11-22
204,2007-12-13
205,2006-01-13
206,2006-01-13
207,2006-01-13
208,2006-01-13
208,2007-06-30
208,2007-07-03
209,2006-01-13
209,2007-01-03
210,2006-01-13
210,2006-01-27
210,2006-02-11
210,2006-03-07
210,2006-03-25
210,2006-04-11
210,2006-04-25
210,2006-05-12
210,2006-05-27
210,2006-06-09
210,2006-06-23
210,2006-07-04
210,2006-07-14
210,2006-07-28
210,2006-08-10
210,2006-08-31
210,2006-09-14
210,2006-09-26
210,2006-10-07
210,2006-10-19
210,2006-10-31
210,2006-11-15
210,2006-11-28
210,2006-12-12
210,2006-12-23
210,2007-01-12
210,2007-01-24
210,2007-02-06
210,2007-02-08
210,2007-02-16
210,2007-03-03
210,2007-03-15
210,2007-03-27
210,2007-04-08
210,2007-04-24
210,2007-05-09
210,2007-05-22
210,2007-05-24
210,2007-06-03
210,2007-06-14
210,2007-06-28
210,2007-07-10
210,2007-07-21
210,2007-08-03
210,2007-08-15
210,2007-08-28
210,2007-09-06
210,2007-09-20
210,2007-10-03
210,2007-10-16
210,2007-10-27
210,2007-11-08
210,2007-11-23
210,2007-12-06
210,2007-12-08
210,2007-12-18
210,2007-12-27
211,2006-01-13
211,2006-02-14
211,2006-03-18
211,2006-04-22
211,2006-06-07
211,2006-07-05
211,2006-08-09
211,2006-09-12
211,2007-01-30
211,2007-02-24
211,2007-03-20
211,2007-04-20
211,2007-05-30
211,2007-08-23
211,2007-10-16
211,2007-11-29
212,2006-01-13
213,2006-01-13
214,2006-01-13
214,2006-02-10
214,2006-03-21
214,2006-04-25
214,2006-06-01
214,2006-07-14
214,2006-09-22
214,2006-11-03
214,2006-12-05
214,2007-01-09
214,2007-02-02
214,2007-04-03
214,2007-05-10
214,2007-06-05
214,2007-08-03
214,2007-09-14
214,2007-10-16
214,2007-11-16
214,2007-12-28
215,2006-01-13
216,2006-01-13
216,2006-01-23
216,2006-02-20
216,2006-03-13
216,2006-04-13
216,2006-05-12
216,2006-06-15
216,2006-08-16
216,2006-09-29
216,2006-11-29
216,2007-01-05
216,2007-02-21
216,2007-03-30
216,2007-05-18
216,2007-07-02
216,2007-09-17
216,2007-11-27
217,2006-01-13
218,2006-01-13
218,2006-02-02
218,2006-02-08
218,2006-02-19
218,2006-03-02
218,2006-03-16
218,2006-03-23
218,2006-03-30
218,2006-04-20
218,2006-04-27
218,2006-05-07
218,2006-05-18
218,2006-06-01
218,2006-06-08
218,2006-06-15
218,2006-06-24
218,2006-07-06
218,2006-07-16
218,2006-08-29
218,2006-09-06
218,2006-09-14
218,2006-10-04
218,2006-10-11
218,2006-10-18
218,2006-10-26
218,2006-11-16
218,2006-11-26
218,2006-12-11
218,2007-01-02
218,2007-01-09
218,2007-01-16
218,2007-01-24
218,2007-02-01
218,2007-02-07
218,2007-02-16
218,2007-02-22
218,2007-03-02
218,2007-03-08
218,2007-03-15
218,2007-03-21
218,2007-03-29
218,2007-04-17
218,2007-04-25
218,2007-05-03
218,2007-05-10
218,2007-05-17
218,2007-05-31
218,2007-06-07
218,2007-06-13
218,2007-06-21
218,2007-06-28
218,2007-07-05
218,2007-07-12
218,2007-08-16
218,2007-08-23
218,2007-08-31
218,2007-09-27
218,2007-09-29
218,2007-10-04
218,2007-10-11
218,2007-11-13
218,2007-11-21
218,2007-11-28
218,2007-12-14
218,2007-12-19
219,2006-01-13
219,2006-01-27
219,2006-02-03
219,2006-02-14
219,2006-03-03
219,2006-03-24
219,2006-04-24
219,2006-06-09
219,2007-06-27
220,2006-01-13
220,2006-03-07
220,2006-04-26
220,2006-06-22
220,2006-08-16
220,2006-10-04
220,2006-12-05
220,2007-02-01
220,2007-04-03
221,2006-01-13
221,2006-01-27
221,2006-04-07
221,2006-06-02
221,2006-08-12
221,2006-09-29
221,2007-01-26
221,2007-03-30
221,2007-10-30
222,2006-01-13
223,2006-01-13
223,2006-11-21
223,2007-10-19
223,2007-11-16
224,2006-01-13
225,2006-01-13
225,2006-11-03
226,2006-01-13
226,2006-01-20
226,2006-01-27
226,2006-02-17
227,2006-01-13
228,2006-01-13
229,2006-01-13
229,2006-01-20
229,2006-04-16
229,2006-05-26
229,2006-06-27
229,2006-10-06
229,2006-11-23
229,2006-12-07
229,2006-12-21
230,2006-01-14
230,2006-01-28
230,2006-03-23
230,2006-04-26
230,2006-05-24
231,2006-01-14
231,2006-02-25
231,2006-04-15
231,2006-09-05
231,2006-11-11
231,2006-12-16
231,2007-04-17
232,2006-01-14
232,2006-01-27
232,2006-02-08
232,2006-02-11
232,2006-02-17
232,2006-03-01
232,2006-03-11
232,2006-03-25
232,2006-04-08
232,2006-04-21
232,2006-05-09
232,2006-05-17
232,2006-06-02
232,2006-06-13
232,2006-06-30
232,2006-07-04
232,2006-07-14
232,2006-07-28
232,2006-08-23
232,2006-09-02
232,2006-09-19
232,2006-10-03
232,2006-10-14
232,2006-10-25
232,2006-11-28
232,2006-12-16
232,2007-01-10
232,2007-01-24
232,2007-02-07
232,2007-03-02
232,2007-03-22
232,2007-04-05
232,2007-04-25
232,2007-05-12
232,2007-05-31
232,2007-06-08
232,2007-06-20
232,2007-07-03
232,2007-07-13
232,2007-07-25
232,2007-08-21
232,2007-08-29
232,2007-09-11
232,2007-09-26
232,2007-10-12
232,2007-10-26
232,2007-11-06
232,2007-11-15
232,2007-11-24
232,2007-12-11
232,2007-12-14
233,2006-01-14
233,2006-01-26
233,2006-02-24
233,2006-03-23
233,2006-04-07
233,2006-04-28
233,2006-06-20
233,2006-07-26
233,2006-08-31
233,2006-10-26
233,2006-12-12
233,2007-02-01
233,2007-03-30
233,2007-05-04
233,2007-08-15
233,2007-09-29
234,2006-01-14
235,2006-01-14
235,2006-05-06
235,2006-06-30
235,2006-08-02
235,2006-09-29
235,2006-11-29
235,2007-01-26
235,2007-04-04
235,2007-04-06
235,2007-06-16
235,2007-08-22
235,2007-10-03
235,2007-11-23
236,2006-01-14
237,2006-01-14
237,2006-06-17
237,2006-11-08
237,2007-01-26
237,2007-05-25
237,2007-09-01
237,2007-10-28
237,2007-11-09
238,2006-01-14
238,2006-11-24
239,2006-01-14
239,2006-03-02
239,2006-05-09
239,2006-09-05
239,2006-11-14
239,2007-01-20
239,2007-03-15
239,2007-05-08
239,2007-06-23
239,2007-09-15
239,2007-11-20
240,2006-01-14
240,2006-03-26
241,2006-01-14
241,2006-01-23
241,2006-01-30
241,2006-02-06
241,2006-02-14
241,2006-02-22
241,2006-03-07
241,2006-03-20
241,2006-10-04
241,2006-10-17
242,2006-01-15
243,2006-01-15
244,2006-01-15
244,2006-02-03
244,2006-02-10
244,2006-03-28
245,2006-01-15
245,2006-03-24
245,2006-05-22
246,2006-01-15
247,2006-01-15
247,2006-03-09
247,2006-04-03
247,2006-05-04
247,2006-06-09
248,2006-01-15
249,2006-01-16
249,2006-02-18
249,2006-02-27
249,2006-03-10
249,2006-03-24
250,2006-01-16
250,2006-01-24
250,2006-02-12
250,2006-03-02
250,2006-03-16
250,2006-05-26
250,2006-06-06
251,2006-01-16
252,2006-01-16
252,2006-01-28
252,2006-05-04
252,2006-06-21
252,2006-12-23
253,2006-01-16
253,2006-01-24
253,2006-01-31
253,2006-02-14
254,2006-01-16
254,2006-01-24
255,2006-01-16
256,2006-01-16
256,2006-01-23
256,2006-02-15
257,2006-01-17
257,2006-01-18
257,2006-02-14
257,2006-02-26
257,2006-03-14
257,2006-04-13
257,2006-04-25
257,2006-05-16
257,2006-06-15
257,2006-07-19
257,2006-08-15
257,2006-08-25
257,2006-09-06
257,2006-09-15
257,2006-10-05
257,2006-10-12
257,2006-10-26
257,2006-11-09
257,2006-11-15
257,2006-11-16
257,2006-12-15
257,2007-01-18
257,2007-02-23
257,2007-03-30
257,2007-04-12
257,2007-05-15
257,2007-06-13
257,2007-07-12
257,2007-08-17
257,2007-09-13
257,2007-10-05
257,2007-10-19
257,2007-11-15
257,2007-12-14
258,2006-01-17
259,2006-01-17
260,2006-01-17
261,2006-01-17
262,2006-01-17
262,2007-10-18
262,2007-12-11
263,2006-01-17
264,2006-01-17
264,2006-01-19
264,2006-01-21
264,2006-02-03
264,2006-02-21
265,2006-01-17
265,2006-02-07
265,2006-02-14
265,2006-03-23
265,2006-04-04
265,2006-05-09
265,2006-05-24
265,2006-06-22
265,2006-08-17
265,2006-09-20
265,2006-10-22
265,2006-11-29
265,2006-12-16
265,2007-01-05
265,2007-01-16
265,2007-02-02
265,2007-03-06
265,2007-05-30
265,2007-06-19
265,2007-08-15
265,2007-10-07
265,2007-10-25
265,2007-11-13
266,2006-01-17
266,2006-01-19
266,2006-02-16
266,2006-03-21
266,2006-04-26
267,2006-01-17
268,2006-01-17
268,2006-02-02
268,2006-03-09
268,2006-03-24
269,2006-01-17
269,2006-01-29
269,2006-04-10
270,2006-01-17
271,2006-01-18
271,2006-03-22
271,2006-03-24
271,2006-10-05
271,2007-02-15
271,2007-10-23
271,2007-12-05
271,2007-12-08
272,2006-01-18
272,2006-01-31
272,2006-03-30
272,2006-03-31
272,2006-04-02
272,2006-04-12
272,2006-04-20
272,2006-04-23
272,2006-04-27
272,2006-05-03
272,2006-07-01
273,2006-01-18
273,2006-05-27
273,2006-09-12
273,2007-01-08
273,2007-04-16
273,2007-10-13
274,2006-01-18
274,2006-03-31
274,2006-04-12
275,2006-01-18
275,2006-03-10
275,2006-03-29
275,2006-04-21
275,2006-12-04
275,2007-04-27
275,2007-09-20
275,2007-11-06
275,2007-11-14
276,2006-01-18
277,2006-01-18
277,2006-01-31
277,2006-02-07
278,2006-01-18
278,2006-01-25
278,2006-02-07
278,2006-02-18
278,2006-03-04
278,2006-03-17
278,2006-04-04
278,2006-04-19
278,2006-04-29
278,2006-05-27
278,2006-06-21
278,2006-06-28
278,2006-07-09
278,2006-08-08
278,2006-08-23
278,2006-09-12
278,2006-10-04
278,2006-10-24
278,2006-11-21
278,2006-12-12
278,2007-01-06
278,2007-01-30
278,2007-02-16
278,2007-03-06
278,2007-04-17
278,2007-05-12
278,2007-06-09
278,2007-06-28
278,2007-08-22
278,2007-09-12
278,2007-10-03
278,2007-10-26
278,2007-11-15
278,2007-11-29
278,2007-12-19
279,2006-01-18
279,2006-01-21
279,2006-02-02
279,2006-03-02
279,2006-06-13
279,2006-09-06
279,2006-09-07
279,2006-12-20
279,2007-02-28
279,2007-03-08
279,2007-07-19
279,2007-10-30
280,2006-01-18
281,2006-01-18
282,2006-01-18
282,2007-02-01
283,2006-01-18
283,2006-01-26
283,2006-04-04
283,2006-09-08
283,2006-11-21
284,2006-01-18
285,2006-01-18
285,2006-02-08
285,2006-02-25
285,2006-03-17
285,2006-04-14
285,2006-05-04
285,2006-05-18
285,2006-06-21
285,2006-07-13
285,2006-08-11
285,2006-09-08
285,2006-09-27
285,2006-12-02
285,2007-01-23
285,2007-02-27
285,2007-04-12
285,2007-06-08
285,2007-07-19
285,2007-08-18
285,2007-09-18
286,2006-01-18
286,2006-02-15
286,2006-07-25
286,2006-09-04
286,2006-11-03
286,2007-01-16
286,2007-03-15
286,2007-05-17
286,2007-10-09
287,2006-01-18
287,2006-03-14
287,2007-01-18
287,2007-03-01
287,2007-05-23
287,2007-07-26
287,2007-10-25
287,2007-12-08
288,2006-01-18
288,2006-02-08
288,2006-02-21
288,2006-03-10
288,2006-03-30
288,2006-04-29
288,2006-06-14
288,2006-07-05
288,2006-08-02
288,2006-08-24
288,2006-09-07
288,2006-10-31
288,2007-01-09
288,2007-02-17
288,2007-04-17
289,2006-01-18
289,2006-04-02
290,2006-01-18
291,2006-01-18
292,2006-01-18
292,2006-02-17
292,2006-03-31
292,2006-05-16
292,2006-07-04
292,2006-10-21
292,2007-01-19
292,2007-03-24
292,2007-05-08
292,2007-07-18
292,2007-09-13
292,2007-11-09
293,2006-01-19
293,2007-09-02
293,2007-09-18
294,2006-01-19
295,2006-01-19
295,2006-02-08
295,2006-03-03
295,2006-03-29
295,2006-04-15
295,2006-05-11
295,2006-06-02
295,2006-07-04
295,2006-07-18
295,2006-08-10
295,2006-08-26
295,2006-09-17
295,2006-10-04
295,2006-10-19
295,2006-11-09
295,2006-12-06
295,2007-01-04
295,2007-01-25
295,2007-02-07
295,2007-03-13
295,2007-03-29
295,2007-04-21
295,2007-05-19
295,2007-06-13
295,2007-07-08
295,2007-07-28
295,2007-08-22
295,2007-09-21
295,2007-10-12
295,2007-11-07
295,2007-12-04
296,2006-01-19
296,2006-03-02
296,2006-04-20
296,2006-05-30
296,2006-07-06
296,2006-08-10
296,2006-09-16
296,2006-11-01
296,2006-12-16
296,2007-01-18
296,2007-03-06
296,2007-04-18
296,2007-05-27
296,2007-07-10
296,2007-08-17
296,2007-09-28
296,2007-09-30
296,2007-11-06
296,2007-12-04
297,2006-01-19
297,2006-01-28
297,2006-02-07
297,2006-03-22
297,2006-04-04
297,2006-07-07
297,2006-11-18
298,2006-01-19
298,2006-08-17
298,2007-03-13
298,2007-03-23
298,2007-04-03
298,2007-04-11
298,2007-05-09
298,2007-05-22
298,2007-06-27
298,2007-08-11
298,2007-08-24
298,2007-10-02
298,2007-10-18
298,2007-11-01
298,2007-11-22
298,2007-12-07
298,2007-12-18
298,2007-12-22
298,2007-12-27
299,2006-01-19
299,2006-03-08
299,2006-05-09
299,2006-08-09
299,2006-11-14
299,2006-12-28
299,2007-03-03
299,2007-05-06
299,2007-08-07
299,2007-11-03
300,2006-01-19
300,2006-02-02
300,2006-06-03
300,2006-07-11
300,2006-08-12
300,2006-09-08
300,2006-10-20
300,2006-11-14
300,2006-12-16
300,2007-03-20
300,2007-04-21
300,2007-05-11
300,2007-06-20
300,2007-10-03
300,2007-11-08
301,2006-01-19
301,2006-01-25
301,2006-03-03
301,2006-03-10
301,2006-03-16
301,2006-04-07
301,2006-04-20
301,2006-05-25
301,2006-06-07
301,2006-06-22
301,2006-07-11
301,2006-07-27
301,2006-08-02
301,2006-08-08
301,2006-08-22
301,2006-09-07
301,2006-10-03
301,2006-10-13
301,2006-11-08
301,2006-11-17
301,2006-12-03
301,2006-12-19
301,2007-01-18
301,2007-02-13
301,2007-03-13
301,2007-03-28
301,2007-04-26
301,2007-05-08
301,2007-05-20
301,2007-06-03
301,2007-06-15
302,2006-01-19
302,2006-02-01
302,2006-02-11
302,2006-02-24
302,2006-03-14
302,2006-04-05
302,2006-04-27
302,2006-05-11
302,2006-05-19
302,2006-06-08
302,2006-06-27
302,2006-07-18
302,2006-08-01
303,2006-01-19
303,2006-02-21
303,2006-03-23
303,2006-04-25
303,2006-05-23
303,2006-06-27
304,2006-01-19
304,2006-02-08
304,2006-03-04
304,2006-05-03
304,2006-06-17
304,2006-06-21
304,2006-08-23
304,2006-09-15
305,2006-01-19
305,2006-02-09
305,2006-03-22
305,2006-06-07
306,2006-01-19
307,2006-01-19
308,2006-01-19
308,2006-04-05
308,2006-08-09
308,2006-08-25
308,2007-04-13
308,2007-09-14
309,2006-01-19
310,2006-01-19
311,2006-01-19
311,2006-01-26
311,2006-01-29
311,2006-02-03
311,2006-02-09
311,2006-02-17
311,2006-02-24
311,2006-03-02
311,2006-03-10
311,2006-03-17
311,2006-03-23
311,2006-04-04
311,2006-04-17
312,2006-01-19
313,2006-01-19
313,2006-03-29
314,2006-01-19
315,2006-01-19
315,2006-02-08
315,2006-03-09
315,2006-04-19
316,2006-01-19
317,2006-01-19
317,2006-02-01
317,2006-04-04
317,2006-04-20
317,2006-05-02
317,2006-06-09
317,2006-06-16
317,2006-07-10
317,2006-07-22
317,2006-08-24
317,2006-09-07
317,2006-10-05
318,2006-01-19
318,2006-03-07
318,2006-07-28
319,2006-01-20
320,2006-01-20
320,2006-02-09
320,2006-05-04
320,2006-06-13
320,2006-06-27
320,2006-07-11
320,2006-08-24
320,2006-09-14
320,2006-10-01
320,2006-11-23
320,2007-04-29
321,2006-01-20
321,2006-02-02
321,2006-02-14
322,2006-01-20
322,2006-08-21
322,2006-09-06
322,2006-10-17
323,2006-01-20
323,2006-02-08
323,2006-02-22
323,2006-03-10
323,2006-03-22
323,2006-03-29
323,2006-04-07
323,2006-04-14
323,2006-04-21
323,2006-05-03
323,2006-05-17
324,2006-01-20
324,2006-01-24
324,2007-05-22
325,2006-01-20
325,2006-03-30
326,2006-01-20
326,2006-02-08
326,2006-03-07
326,2006-04-11
326,2006-06-01
326,2006-07-25
327,2006-01-20
327,2006-02-03
327,2006-03-02
327,2006-03-31
327,2006-04-27
327,2006-05-31
327,2006-06-29
327,2006-07-26
328,2006-01-20
328,2006-03-18
328,2006-05-11
328,2006-06-10
328,2006-07-20
328,2006-09-22
328,2006-10-11
328,2006-11-15
328,2006-12-21
328,2007-01-18
328,2007-02-07
328,2007-03-07
328,2007-03-29
328,2007-04-24
328,2007-05-15
328,2007-06-07
328,2007-07-04
328,2007-07-18
328,2007-08-24
328,2007-09-05
328,2007-11-13
329,2006-01-20
329,2006-02-16
329,2006-02-28
329,2006-03-16
329,2006-03-29
329,2006-04-10
329,2006-05-04
329,2006-05-19
329,2006-06-01
330,2006-01-20
330,2006-02-01
330,2006-02-26
331,2006-01-20
331,2006-02-09
332,2006-01-20
332,2006-04-15
332,2006-07-19
332,2006-08-24
333,2006-01-20
333,2007-09-20
334,2006-01-20
334,2006-01-24
334,2006-01-26
334,2006-01-27
334,2006-01-28
334,2006-01-31
334,2006-02-01
334,2006-02-04
334,2006-02-07
334,2006-02-08
334,2006-02-10
334,2006-02-14
334,2006-02-15
334,2006-02-18
334,2006-02-24
334,2006-03-04
334,2006-03-07
334,2006-03-08
334,2006-03-09
334,2006-03-11
334,2006-03-17
334,2006-03-24
334,2006-03-31
334,2006-04-07
334,2006-04-14
334,2006-04-21
334,2006-04-26
334,2006-05-05
334,2006-05-12
334,2006-05-19
334,2006-05-25
334,2006-06-02
334,2006-06-09
334,2006-06-17
334,2006-06-23
334,2006-06-30
334,2006-07-08
334,2006-07-14
334,2006-07-26
334,2006-07-28
334,2006-08-04
334,2006-08-12
334,2006-08-18
334,2006-08-25
334,2006-09-01
334,2006-09-08
334,2006-09-15
334,2006-09-22
334,2006-09-29
334,2006-10-06
334,2006-10-13
334,2006-10-20
334,2006-10-27
334,2006-11-03
334,2006-11-10
334,2006-11-17
334,2006-11-24
334,2006-12-01
334,2006-12-08
334,2006-12-15
334,2006-12-22
334,2006-12-29
334,2007-01-05
334,2007-01-12
334,2007-01-19
334,2007-01-26
334,2007-02-02
334,2007-02-09
334,2007-02-16
334,2007-02-27
334,2007-03-02
334,2007-03-09
334,2007-03-16
334,2007-03-20
334,2007-03-23
334,2007-03-30
334,2007-04-13
334,2007-04-20
334,2007-05-01
334,2007-05-04
334,2007-05-11
334,2007-05-22
334,2007-05-25
334,2007-06-01
334,2007-06-08
334,2007-06-15
334,2007-06-22
334,2007-06-29
334,2007-07-06
334,2007-07-13
334,2007-07-20
334,2007-08-03
334,2007-08-17
334,2007-08-24
334,2007-08-28
334,2007-08-31
334,2007-09-07
334,2007-09-14
334,2007-09-21
334,2007-09-28
334,2007-10-05
334,2007-10-12
334,2007-10-19
334,2007-10-27
334,2007-11-06
334,2007-11-09
334,2007-11-16
334,2007-11-23
334,2007-11-30
334,2007-12-07
334,2007-12-14
334,2007-12-28
335,2006-01-21
336,2006-01-21
337,2006-01-21
338,2006-01-21
338,2006-05-03
338,2006-08-08
338,2006-10-21
338,2007-02-16
338,2007-05-25
339,2006-01-21
339,2006-01-28
339,2006-02-04
339,2006-02-11
339,2006-02-18
339,2006-02-25
340,2006-01-21
340,2006-01-28
340,2006-02-04
340,2006-02-11
340,2006-02-18
340,2006-02-25
340,2006-03-11
340,2006-03-18
340,2006-03-25
340,2006-04-01
341,2006-01-21
341,2006-01-28
341,2006-02-18
341,2006-03-18
342,2006-01-21
342,2006-01-28
342,2006-11-04
343,2006-01-21
343,2006-02-23
343,2006-02-25
343,2006-03-28
343,2006-05-11
343,2006-06-21
343,2006-07-12
343,2006-07-25
343,2006-08-02
343,2006-08-12
343,2006-08-17
343,2006-09-15
343,2006-09-16
343,2006-10-24
343,2006-11-25
343,2007-01-10
343,2007-02-06
343,2007-03-16
343,2007-04-24
343,2007-04-26
343,2007-05-31
343,2007-07-05
343,2007-07-10
343,2007-08-21
343,2007-08-23
343,2007-09-28
343,2007-11-13
344,2006-01-21
344,2006-02-01
344,2006-02-16
344,2006-03-09
345,2006-01-21
346,2006-01-21
346,2006-01-31
346,2006-02-11
346,2006-03-08
346,2006-03-29
346,2006-04-14
346,2006-05-13
346,2006-06-07
346,2006-06-22
346,2006-07-05
346,2006-07-13
346,2006-07-25
346,2006-08-09
346,2006-08-17
346,2006-08-26
346,2006-09-05
346,2006-09-12
346,2006-09-19
346,2006-09-26
346,2006-10-07
346,2006-10-20
346,2006-10-25
346,2006-11-04
346,2006-11-16
346,2006-11-22
346,2006-12-02
346,2006-12-15
346,2006-12-21
346,2007-06-06
346,2007-06-20
346,2007-06-30
347,2006-01-21
348,2006-01-21
349,2006-01-21
350,2006-01-21
351,2006-01-21
351,2006-01-27
351,2006-02-03
351,2006-02-10
351,2006-02-23
351,2006-03-09
351,2006-03-16
351,2006-03-23
351,2006-03-30
351,2006-04-20
351,2006-04-27
351,2006-05-04
351,2006-05-11
351,2006-05-18
351,2006-05-25
352,2006-01-21
352,2007-03-23
352,2007-04-05
352,2007-06-21
353,2006-01-21
354,2006-01-21
354,2006-04-29
354,2006-12-09
355,2006-01-22
355,2006-02-07
355,2006-02-28
355,2006-03-22
355,2006-04-13
355,2006-05-03
355,2006-05-24
355,2006-06-16
355,2006-07-05
355,2006-07-19
355,2006-08-05
355,2006-08-25
355,2006-09-14
355,2006-09-30
355,2006-10-19
355,2006-11-04
355,2006-12-01
355,2006-12-19
355,2007-01-13
356,2006-01-22
357,2006-01-22
357,2006-02-03
357,2006-03-03
357,2006-04-07
357,2006-04-29
357,2006-06-03
357,2007-03-30
357,2007-06-02
358,2006-01-22
358,2006-03-11
359,2006-01-22
359,2006-01-27
359,2006-02-04
359,2006-05-10
359,2006-09-05
360,2006-01-22
361,2006-01-22
361,2006-02-21
361,2006-04-12
361,2006-06-08
361,2006-06-26
361,2006-07-26
361,2006-09-07
361,2006-10-15
361,2006-11-29
361,2007-01-24
361,2007-03-07
361,2007-07-11
361,2007-08-18
361,2007-10-01
361,2007-11-08
361,2007-12-12
362,2006-01-22
363,2006-01-23
363,2006-02-12
363,2006-08-28
363,2006-08-31
363,2007-05-02
363,2007-09-16
364,2006-01-23
364,2006-02-25
364,2006-04-04
364,2006-06-22
364,2006-09-07
364,2007-01-22
364,2007-06-09
365,2006-01-23
366,2006-01-23
366,2006-08-22
366,2007-05-31
367,2006-01-23
367,2006-01-31
367,2006-04-20
368,2006-01-23
368,2006-02-15
368,2006-04-08
368,2006-07-01
368,2006-09-13
368,2007-11-01
369,2006-01-23
369,2006-04-02
369,2006-04-06
369,2006-04-25
369,2006-09-15
370,2006-01-24
371,2006-01-24
372,2006-01-24
372,2006-01-26
372,2006-12-31
372,2007-01-16
372,2007-02-06
372,2007-03-05
372,2007-03-12
372,2007-03-20
373,2006-01-24
374,2006-01-24
374,2006-06-28
374,2006-10-11
374,2006-12-20
374,2007-03-24
374,2007-05-24
374,2007-08-28
374,2007-10-31
375,2006-01-24
375,2006-02-25
375,2006-03-25
375,2006-04-19
375,2006-04-22
375,2006-05-19
375,2006-06-21
375,2006-08-15
375,2006-09-19
375,2006-10-10
375,2006-11-11
375,2006-12-08
375,2007-01-20
375,2007-01-25
375,2007-02-17
375,2007-04-07
375,2007-05-03
375,2007-06-14
375,2007-07-11
375,2007-09-05
375,2007-10-11
375,2007-11-22
376,2006-01-24
376,2006-04-21
376,2006-04-23
376,2006-05-04
376,2006-05-28
376,2007-09-14
376,2007-12-12
377,2006-01-24
377,2006-03-26
377,2006-08-13
378,2006-01-24
378,2006-03-14
378,2006-04-25
378,2006-06-13
378,2006-08-01
378,2006-09-12
378,2006-10-24
378,2006-12-12
378,2007-01-17
378,2007-02-28
378,2007-04-11
378,2007-05-22
378,2007-07-03
378,2007-08-21
378,2007-10-09
378,2007-11-21
378,2007-12-18
379,2006-01-24
379,2006-03-01
379,2006-05-10
380,2006-01-24
380,2006-02-23
381,2006-01-24
381,2006-02-28
381,2006-06-13
381,2007-10-10
382,2006-01-24
383,2006-01-24
384,2006-01-24
385,2006-01-24
385,2006-01-31
385,2006-02-07
385,2006-02-15
385,2006-02-22
385,2006-03-04
385,2006-03-14
385,2006-03-25
385,2006-04-08
385,2006-04-20
385,2006-04-29
385,2006-05-10
385,2006-05-17
385,2006-05-30
385,2006-06-10
385,2006-06-24
385,2006-07-11
385,2006-07-21
385,2006-08-03
385,2006-08-12
385,2006-08-30
385,2006-09-13
385,2006-09-27
385,2006-10-13
385,2006-10-25
385,2006-11-09
385,2006-12-01
385,2006-12-16
385,2007-01-09
385,2007-01-23
385,2007-02-08
385,2007-03-06
385,2007-03-07
385,2007-03-22
385,2007-04-20
385,2007-05-09
385,2007-05-24
385,2007-06-06
385,2007-06-20
385,2007-07-24
385,2007-08-18
385,2007-08-31
385,2007-09-26
385,2007-10-13
385,2007-11-07
385,2007-12-11
386,2006-01-24
387,2006-01-24
388,2006-01-24
388,2006-05-18
389,2006-01-24
389,2006-02-01
389,2006-02-10
389,2006-03-05
389,2006-04-27
390,2006-01-24
391,2006-01-24
392,2006-01-24
393,2006-01-24
393,2006-03-22
394,2006-01-24
395,2006-01-24
395,2006-03-18
395,2006-04-14
395,2006-05-12
395,2006-12-24
395,2007-01-09
395,2007-10-30
395,2007-12-04
396,2006-01-24
396,2006-02-23
396,2006-04-08
396,2006-05-04
396,2006-05-27
396,2006-06-13
396,2006-06-29
396,2006-08-05
396,2006-08-30
396,2006-09-26
396,2006-11-07
396,2006-11-22
396,2007-01-30
396,2007-02-14
396,2007-02-23
396,2007-03-21
396,2007-03-24
396,2007-04-27
396,2007-05-25
396,2007-05-31
396,2007-06-05
396,2007-06-19
396,2007-07-14
396,2007-08-04
396,2007-08-29
396,2007-09-28
396,2007-10-25
396,2007-11-15
396,2007-12-15
397,2006-01-24
397,2006-02-02
397,2006-03-17
397,2006-03-31
397,2006-04-04
397,2006-05-31
398,2006-01-24
399,2006-01-24
399,2006-02-14
400,2006-01-24
400,2006-02-10
400,2006-03-18
400,2006-05-12
400,2006-10-11
400,2006-11-16
400,2006-12-12
400,2007-01-10
400,2007-01-25
400,2007-03-08
400,2007-04-26
400,2007-05-31
400,2007-09-06
400,2007-09-28
400,2007-10-11
400,2007-11-16
400,2007-12-13
401,2006-01-24
401,2006-03-02
401,2006-04-30
401,2006-06-26
401,2006-06-28
401,2006-08-05
401,2006-09-26
401,2006-11-21
401,2007-02-09
401,2007-05-13
401,2007-05-16
401,2007-08-17
401,2007-11-23
402,2006-01-25
402,2006-03-12
402,2006-04-22
402,2006-07-26
403,2006-01-25
403,2006-02-25
403,2006-04-11
403,2006-06-17
403,2006-07-29
403,2006-11-04
403,2006-12-23
403,2007-02-07
403,2007-03-29
403,2007-05-01
403,2007-06-12
403,2007-07-27
403,2007-09-01
403,2007-10-18
403,2007-12-05
404,2006-01-25
404,2006-02-09
404,2006-03-15
404,2006-04-26
404,2006-05-18
404,2006-06-01
404,2006-07-18
404,2006-08-04
404,2006-08-22
404,2006-10-10
404,2006-11-11
404,2007-01-16
404,2007-01-30
404,2007-02-13
404,2007-03-29
404,2007-06-14
404,2007-08-03
404,2007-08-14
404,2007-09-05
404,2007-10-11
405,2006-01-25
405,2006-04-14
405,2006-12-21
405,2007-01-12
405,2007-02-08
405,2007-03-08
405,2007-04-14
405,2007-06-08
405,2007-07-10
405,2007-12-19
406,2006-01-25
406,2006-02-01
407,2006-01-25
408,2006-01-25
409,2006-01-25
409,2006-11-21
409,2007-01-06
409,2007-01-31
410,2006-01-25
411,2006-01-25
412,2006-01-25
413,2006-01-25
413,2006-02-25
413,2006-03-23
413,2006-04-27
413,2006-05-18
413,2006-06-16
413,2006-06-29
413,2006-08-10
414,2006-01-25
414,2006-03-25
414,2006-04-04
414,2006-04-25
414,2006-06-22
414,2006-12-14
414,2007-02-10
414,2007-04-06
415,2006-01-25
415,2006-01-27
415,2006-05-11
415,2006-06-12
415,2006-06-28
416,2006-01-25
416,2006-03-19
416,2006-04-11
416,2006-06-13
416,2006-07-25
416,2006-10-07
416,2006-10-27
416,2006-12-12
416,2007-03-13
416,2007-05-25
416,2007-08-14
416,2007-10-16
416,2007-12-23
417,2006-01-25
418,2006-01-25
418,2006-02-09
418,2006-02-25
418,2006-03-06
418,2006-03-20
418,2006-04-02
418,2006-05-02
418,2006-05-19
418,2006-06-26
418,2006-09-05
418,2006-09-20
418,2006-10-11
418,2006-11-19
418,2006-12-10
418,2007-01-07
418,2007-02-09
418,2007-02-28
418,2007-03-20
418,2007-04-20
418,2007-05-07
418,2007-06-04
418,2007-07-08
418,2007-09-03
418,2007-09-16
418,2007-09-30
418,2007-10-22
418,2007-11-21
419,2006-01-25
419,2006-03-30
419,2006-05-05
419,2006-08-24
419,2006-09-16
419,2006-10-11
419,2006-10-15
419,2006-11-24
419,2006-12-19
419,2006-12-20
419,2007-02-02
419,2007-02-03
419,2007-03-09
419,2007-04-05
419,2007-04-13
419,2007-04-26
419,2007-05-30
419,2007-07-04
419,2007-09-25
419,2007-12-05
420,2006-01-25
420,2006-01-28
421,2006-01-26
421,2006-02-03
421,2006-02-12
421,2006-02-19
421,2006-02-26
421,2006-03-07
421,2006-03-12
421,2006-03-19
421,2006-03-26
421,2006-04-11
421,2006-04-15
421,2006-04-23
421,2006-04-30
421,2006-05-08
421,2006-05-16
421,2006-05-23
421,2006-05-31
421,2006-06-02
421,2006-06-11
421,2006-06-17
421,2006-10-07
421,2007-03-20
421,2007-08-22
421,2007-10-11
421,2007-11-07
422,2006-01-26
422,2006-02-21
422,2007-06-08
422,2007-06-14
423,2006-01-26
423,2006-03-07
423,2006-10-20
423,2006-12-03
424,2006-01-26
425,2006-01-26
426,2006-01-26
426,2006-02-16
426,2006-05-09
426,2006-08-15
426,2006-08-22
426,2006-12-12
426,2007-03-13
427,2006-01-26
427,2006-02-22
427,2006-04-12
427,2006-11-21
427,2007-01-19
427,2007-05-30
427,2007-06-01
428,2006-01-26
428,2006-03-17
428,2006-04-15
428,2006-07-04
428,2007-05-19
428,2007-10-27
429,2006-01-26
429,2006-02-25
429,2006-04-11
429,2006-05-31
429,2006-06-28
429,2006-09-09
429,2007-03-25
430,2006-01-26
430,2006-02-28
430,2006-08-04
430,2006-09-10
430,2007-09-22
431,2006-01-26
431,2006-01-28
431,2006-03-23
431,2006-04-13
432,2006-01-26
433,2006-01-26
433,2006-02-07
434,2006-01-26
434,2006-07-04
434,2006-11-16
434,2007-10-11
435,2006-01-26
435,2006-03-24
435,2006-06-14
436,2006-01-26
436,2006-02-16
437,2006-01-26
437,2006-02-05
438,2006-01-26
439,2006-01-26
440,2006-01-26
441,2006-01-26
441,2006-02-02
441,2006-02-13
441,2006-02-23
441,2006-03-14
441,2006-03-21
441,2006-03-28
441,2006-04-07
441,2006-04-28
441,2006-05-28
441,2006-06-09
441,2006-06-15
441,2006-06-22
442,2006-01-26
442,2006-02-02
442,2006-02-16
442,2006-03-02
443,2006-01-26
443,2006-02-02
443,2006-02-07
443,2006-02-14
443,2006-02-18
443,2006-02-23
443,2006-03-01
443,2006-07-01
443,2006-07-04
443,2006-08-02
443,2006-08-08
443,2006-08-09
443,2006-08-10
443,2006-08-12
443,2006-08-16
443,2006-08-18
443,2006-08-22
443,2006-08-23
443,2006-08-24
443,2006-08-25
443,2007-02-15
444,2006-01-26
444,2006-02-21
444,2006-02-28
444,2006-04-28
444,2006-08-30
445,2006-01-26
445,2006-03-09
445,2006-09-23
445,2006-10-10
445,2007-10-02
446,2006-01-27
446,2006-01-28
446,2007-11-30
446,2007-12-13
447,2006-01-27
447,2006-04-05
447,2006-08-21
448,2006-01-27
448,2006-02-17
448,2006-03-23
448,2006-04-21
448,2006-06-08
448,2006-07-06
448,2006-09-07
448,2006-09-26
448,2006-10-25
448,2006-12-08
448,2007-01-12
448,2007-02-16
448,2007-04-05
448,2007-05-24
448,2007-07-11
448,2007-08-23
449,2006-01-27
450,2006-01-27
450,2006-02-11
450,2006-02-25
450,2006-03-10
450,2006-03-17
450,2006-04-01
450,2006-04-21
450,2007-03-23
450,2007-07-07
450,2007-10-05
450,2007-10-19
450,2007-11-03
450,2007-11-16
450,2007-12-14
451,2006-01-27
452,2006-01-27
452,2006-02-17
452,2006-03-17
452,2006-06-15
452,2006-09-01
452,2006-10-14
452,2006-12-13
452,2007-01-16
452,2007-08-02
453,2006-01-27
453,2006-03-10
453,2006-05-19
453,2006-10-18
453,2007-05-27
454,2006-01-27
455,2006-01-27
455,2006-02-09
455,2006-02-22
455,2006-03-07
455,2006-03-17
455,2006-03-28
455,2006-04-05
455,2006-04-12
455,2006-04-21
455,2006-04-28
455,2006-05-05
455,2006-05-12
455,2006-05-20
455,2006-09-19
455,2006-09-21
455,2006-09-27
455,2006-10-04
455,2006-10-10
455,2006-10-18
455,2006-10-24
455,2006-11-01
455,2006-11-08
455,2006-11-15
455,2006-11-22
455,2006-11-30
455,2006-12-05
455,2006-12-13
455,2006-12-20
455,2006-12-28
455,2007-01-03
455,2007-01-09
455,2007-03-14
455,2007-03-22
455,2007-03-29
455,2007-04-04
455,2007-04-11
455,2007-04-18
455,2007-04-25
455,2007-05-01
455,2007-05-09
455,2007-05-16
455,2007-05-23
455,2007-05-30
455,2007-09-04
455,2007-09-08
455,2007-09-15
455,2007-09-22
455,2007-09-29
455,2007-10-06
455,2007-10-13
455,2007-10-19
455,2007-10-27
455,2007-11-03
455,2007-11-13
455,2007-11-20
455,2007-11-27
455,2007-12-01
455,2007-12-12
455,2007-12-19
455,2007-12-27
456,2006-01-27
456,2006-02-14
457,2006-01-27
458,2006-01-27
458,2006-01-28
458,2007-04-28
458,2007-05-16
458,2007-10-10
458,2007-11-05
459,2006-01-27
459,2006-02-15
460,2006-01-27
461,2006-01-27
461,2006-02-03
461,2006-02-16
461,2006-02-24
462,2006-01-27
463,2006-01-27
463,2006-03-24
463,2006-04-19
463,2006-06-20
464,2006-01-27
464,2006-02-16
464,2006-03-11
464,2006-05-11
464,2006-06-17
464,2006-08-29
464,2006-10-19
464,2007-01-16
464,2007-03-15
464,2007-06-19
465,2006-01-27
465,2006-03-04
465,2006-03-16
465,2006-04-12
465,2006-05-23
465,2006-05-30
465,2006-06-13
465,2006-07-26
465,2006-09-13
465,2007-01-18
466,2006-01-27
467,2006-01-27
468,2006-01-27
469,2006-01-27
470,2006-01-28
471,2006-01-28
471,2006-02-05
471,2007-03-06
471,2007-04-28
472,2006-01-28
472,2006-02-22
472,2006-05-03
472,2006-05-17
473,2006-01-28
473,2006-03-20
473,2006-05-08
473,2006-07-01
473,2006-08-16
473,2007-03-29
474,2006-01-28
474,2007-01-18
475,2006-01-28
476,2006-01-28
477,2006-01-28
477,2006-03-30
477,2006-05-28
477,2006-07-25
477,2006-09-24
477,2006-12-04
477,2007-01-22
477,2007-04-13
477,2007-10-29
478,2006-01-28
478,2006-03-04
478,2006-03-25
478,2006-04-14
478,2006-05-07
478,2006-05-26
478,2006-06-05
478,2006-06-17
479,2006-01-28
479,2006-02-11
479,2006-02-25
479,2006-03-11
480,2006-01-28
480,2006-02-11
480,2006-03-02
480,2006-03-18
480,2006-04-07
480,2006-05-05
480,2006-06-07
480,2006-07-05
480,2006-09-23
480,2006-11-08
480,2006-12-06
480,2007-01-12
480,2007-02-14
480,2007-06-28
480,2007-10-26
480,2007-12-04
481,2006-01-28
482,2006-01-28
482,2006-02-23
482,2006-04-05
482,2006-05-06
482,2006-06-15
482,2006-07-30
482,2006-11-07
482,2007-02-14
483,2006-01-28
483,2006-02-04
483,2006-02-17
483,2006-03-03
483,2006-03-17
483,2006-04-14
483,2006-05-12
483,2006-06-09
483,2006-07-15
483,2006-08-05
483,2006-09-01
483,2006-09-22
483,2006-12-08
483,2007-01-12
483,2007-02-03
484,2006-01-28
485,2006-01-28
485,2006-01-31
485,2006-03-03
485,2006-04-09
485,2006-05-25
485,2006-06-24
485,2006-08-05
485,2006-10-11
485,2006-11-21
485,2007-01-09
485,2007-05-23
485,2007-07-05
485,2007-09-13
486,2006-01-28
487,2006-01-28
488,2006-01-28
488,2006-11-25
488,2007-10-19
489,2006-01-28
489,2007-01-02
490,2006-01-28
490,2006-04-29
490,2006-06-30
490,2007-03-31
491,2006-01-28
491,2006-02-17
491,2006-03-15
491,2007-04-07
491,2007-09-28
492,2006-01-28
492,2006-02-04
492,2006-02-16
492,2006-02-23
492,2006-03-02
492,2006-03-23
492,2006-04-07
492,2006-04-13
492,2006-04-28
492,2006-05-05
492,2006-05-12
492,2006-05-19
493,2006-01-28
494,2006-01-28
494,2006-02-11
494,2006-03-01
494,2006-03-25
494,2007-05-22
494,2007-07-11
494,2007-09-18
494,2007-11-21
494,2007-12-20
495,2006-01-28
496,2006-01-28
496,2006-03-04
496,2006-03-23
496,2006-10-20
496,2006-11-29
496,2006-12-14
497,2006-01-28
498,2006-01-28
498,2006-02-09
498,2006-02-16
498,2006-10-04
498,2006-10-11
499,2006-01-29
500,2006-01-29
500,2006-02-21
500,2006-04-05
500,2006-05-19
500,2006-06-27
500,2006-12-06
500,2007-02-16
500,2007-04-27
501,2006-01-29
501,2006-06-27
501,2006-11-29
501,2007-02-09
501,2007-03-25
501,2007-06-08
502,2006-01-29
502,2006-07-11
503,2006-01-29
503,2006-04-15
504,2006-01-29
504,2006-02-23
504,2006-04-01
504,2006-10-12
504,2006-11-30
504,2006-12-12
504,2007-01-18
504,2007-03-08
504,2007-10-17
504,2007-12-01
505,2006-01-29
505,2006-03-05
505,2006-04-15
505,2006-06-11
505,2006-07-20
505,2006-10-29
505,2006-11-18
506,2006-01-29
507,2006-01-30
507,2006-04-21
507,2006-09-05
507,2006-12-22
507,2007-07-16
508,2006-01-30
509,2006-01-30
510,2006-01-30
511,2006-01-30
512,2006-01-30
512,2006-02-08
512,2006-02-09
512,2006-02-20
512,2006-02-27
512,2006-03-10
512,2006-03-16
513,2006-01-30
514,2006-01-30
514,2006-03-27
514,2006-05-11
514,2006-06-12
514,2006-07-04
514,2006-07-28
514,2006-09-06
514,2006-10-16
514,2006-11-15
514,2006-12-14
514,2007-01-23
514,2007-02-19
514,2007-03-15
514,2007-04-10
514,2007-05-14
514,2007-06-14
514,2007-07-12
514,2007-08-17
514,2007-09-17
514,2007-10-18
514,2007-11-20
514,2007-12-19
515,2006-01-31
515,2006-04-11
515,2006-06-28
515,2006-09-09
516,2006-01-31
517,2006-01-31
517,2006-03-04
517,2007-10-10
517,2007-11-28
517,2007-12-18
518,2006-01-31
518,2006-04-25
519,2006-01-31
519,2006-05-04
519,2006-08-31
519,2007-01-31
520,2006-01-31
520,2006-03-19
520,2006-04-06
520,2006-05-04
520,2006-06-02
520,2006-06-14
520,2006-07-09
521,2006-01-31
522,2006-01-31
522,2006-04-13
522,2006-06-07
522,2006-07-20
522,2006-09-05
522,2006-11-03
522,2006-12-19
522,2007-03-06
522,2007-04-24
522,2007-06-08
522,2007-09-25
522,2007-12-18
523,2006-01-31
523,2006-02-08
523,2006-03-09
523,2006-03-30
523,2006-04-06
523,2006-04-19
523,2006-05-10
523,2006-06-02
523,2006-07-05
523,2006-09-26
523,2006-10-31
523,2006-12-01
523,2007-01-20
523,2007-02-24
523,2007-04-03
523,2007-05-03
523,2007-06-16
523,2007-08-07
523,2007-09-05
523,2007-09-28
523,2007-10-16
523,2007-11-08
523,2007-11-17
523,2007-12-08
523,2007-12-21
524,2006-01-31
524,2006-03-29
524,2006-05-04
524,2006-06-28
524,2006-10-25
524,2007-02-02
524,2007-02-14
524,2007-02-22
524,2007-07-03
525,2006-01-31
525,2006-03-23
525,2006-09-07
525,2006-10-20
526,2006-01-31
527,2006-01-31
527,2006-05-15
527,2006-06-07
527,2006-10-15
527,2006-11-21
527,2007-03-19
527,2007-06-08
527,2007-07-29
527,2007-09-26
527,2007-12-14
528,2006-01-31
529,2006-01-31
530,2006-01-31
530,2006-02-15
530,2006-05-01
530,2006-08-21
530,2006-09-19
530,2007-04-16
531,2006-01-31
531,2006-03-01
531,2006-03-03
532,2006-01-31
533,2006-01-31
533,2006-04-25
534,2006-01-31
534,2006-02-14
534,2006-06-20
535,2006-01-31
535,2006-06-14
535,2006-06-17
535,2006-10-05
535,2006-11-03
535,2006-12-20
536,2006-01-31
536,2006-03-03
536,2006-04-05
536,2006-05-04
536,2006-06-08
536,2006-07-06
536,2006-08-08
536,2006-09-16
536,2006-10-28
536,2007-01-25
536,2007-03-10
536,2007-05-03
536,2007-06-12
536,2007-09-22
536,2007-12-15
537,2006-01-31
537,2006-03-03
537,2006-06-17
537,2006-08-26
537,2006-09-07
537,2006-11-22
537,2007-04-17
537,2007-07-11
537,2007-10-16
538,2006-01-31
538,2006-02-09
538,2006-02-17
538,2006-03-02
538,2006-04-05
538,2006-05-04
538,2006-05-18
538,2006-06-16
538,2006-10-08
539,2006-01-31
539,2006-02-28
540,2006-02-01
540,2006-06-21
540,2006-10-12
541,2006-02-01
541,2006-03-02
542,2006-02-01
542,2006-02-17
542,2006-03-03
542,2006-03-24
542,2006-05-06
542,2006-08-01
542,2006-08-03
543,2006-02-01
543,2006-04-05
544,2006-02-01
544,2006-03-04
544,2006-04-19
544,2006-09-27
544,2006-11-09
544,2006-12-28
544,2007-02-07
544,2007-03-13
544,2007-05-15
544,2007-11-07
544,2007-12-04
545,2006-02-01
545,2006-04-01
545,2006-05-20
545,2006-07-05
545,2006-08-01
545,2006-10-03
545,2006-11-19
545,2007-01-13
545,2007-02-20
545,2007-03-24
545,2007-05-12
545,2007-06-19
545,2007-06-26
545,2007-07-18
545,2007-08-29
545,2007-09-26
545,2007-11-07
546,2006-02-01
546,2006-03-03
546,2006-03-28
546,2006-04-28
546,2006-08-02
546,2006-08-15
546,2006-09-22
546,2006-10-15
547,2006-02-01
548,2006-02-01
548,2006-02-10
548,2006-02-14
548,2006-03-03
549,2006-02-01
549,2006-02-12
549,2006-03-31
549,2006-05-31
549,2006-08-31
549,2006-09-30
549,2006-10-21
549,2006-11-09
549,2006-12-20
549,2007-02-01
549,2007-04-04
549,2007-05-03
549,2007-12-06
550,2006-02-01
550,2006-04-05
550,2006-06-07
550,2006-09-26
550,2007-01-20
550,2007-05-09
551,2006-02-01
551,2006-02-17
551,2006-02-25
551,2006-03-10
551,2006-03-18
551,2006-03-25
551,2006-04-04
551,2006-04-15
551,2006-05-05
551,2006-05-17
551,2006-05-27
551,2006-06-04
551,2006-06-15
551,2006-06-27
551,2006-07-05
551,2006-07-14
551,2006-07-25
551,2006-08-01
551,2006-08-15
551,2006-08-22
551,2006-09-05
551,2006-09-26
551,2006-10-04
551,2006-10-17
551,2006-10-25
551,2006-10-31
551,2006-11-16
551,2006-12-01
551,2006-12-13
551,2006-12-20
551,2007-01-08
551,2007-01-16
551,2007-02-03
551,2007-02-13
551,2007-02-24
551,2007-03-06
551,2007-03-14
551,2007-03-17
551,2007-03-30
551,2007-04-03
551,2007-04-12
551,2007-04-20
551,2007-05-03
551,2007-05-16
551,2007-05-25
551,2007-05-30
551,2007-06-09
551,2007-06-23
551,2007-07-07
551,2007-07-12
551,2007-07-20
551,2007-07-26
551,2007-08-03
551,2007-08-18
551,2007-08-29
551,2007-09-06
551,2007-09-18
551,2007-09-29
551,2007-10-06
551,2007-10-11
551,2007-10-19
551,2007-10-24
551,2007-10-31
551,2007-11-13
551,2007-11-29
551,2007-12-05
552,2006-02-01
552,2006-02-10
552,2006-02-16
552,2006-03-07
552,2006-03-15
552,2006-03-31
552,2006-05-07
552,2006-05-29
552,2006-06-26
552,2006-07-31
553,2006-02-01
553,2006-02-07
553,2006-02-16
554,2006-02-01
555,2006-02-01
556,2006-02-01
556,2006-04-19
556,2006-06-01
556,2006-06-29
556,2006-07-20
556,2006-10-31
556,2006-11-25
556,2007-02-07
556,2007-04-28
556,2007-06-07
556,2007-07-17
557,2006-02-01
558,2006-02-01
559,2006-02-01
560,2006-02-01
560,2006-02-10
560,2006-02-15
560,2006-03-02
560,2006-03-10
560,2006-06-02
561,2006-02-01
562,2006-02-01
562,2006-02-08
562,2006-02-16
562,2006-03-23
562,2006-03-30
562,2006-04-04
562,2006-04-11
562,2006-04-19
562,2006-04-25
562,2006-05-05
562,2006-05-18
562,2006-05-30
562,2006-06-15
562,2006-06-23
562,2007-02-06
562,2007-02-23
562,2007-03-08
562,2007-03-16
563,2006-02-01
563,2007-04-07
564,2006-02-02
565,2006-02-02
565,2006-02-03
565,2006-02-18
565,2006-03-17
565,2006-04-11
565,2006-05-06
565,2006-06-02
565,2006-06-07
565,2006-06-20
565,2006-07-08
565,2006-07-25
565,2006-07-26
565,2006-09-05
565,2006-09-28
565,2006-10-24
565,2006-11-18
565,2006-12-19
565,2007-01-19
565,2007-02-16
565,2007-03-10
565,2007-03-31
565,2007-05-04
565,2007-06-12
565,2007-07-21
565,2007-08-08
565,2007-08-09
565,2007-09-11
565,2007-10-09
565,2007-11-21
565,2007-11-23
566,2006-02-02
566,2006-03-19
566,2006-05-24
566,2006-08-03
566,2006-09-07
566,2006-10-12
566,2006-12-07
566,2007-01-23
566,2007-03-13
566,2007-04-26
566,2007-06-06
566,2007-07-28
566,2007-09-11
566,2007-10-25
566,2007-12-12
567,2006-02-02
567,2006-03-17
567,2006-06-02
567,2006-08-18
567,2007-01-12
567,2007-06-21
568,2006-02-02
568,2007-05-25
569,2006-02-02
569,2006-02-21
569,2006-06-01
569,2006-09-06
569,2006-12-07
569,2007-01-25
569,2007-03-29
569,2007-06-14
569,2007-07-27
569,2007-08-23
569,2007-09-08
569,2007-09-18
569,2007-09-25
569,2007-11-08
569,2007-12-08
570,2006-02-02
570,2006-03-04
570,2006-03-21
570,2006-04-08
571,2006-02-02
572,2006-02-02
572,2006-02-26
572,2006-03-24
572,2006-04-19
572,2006-05-03
572,2006-05-31
572,2006-07-07
572,2006-08-15
572,2007-01-17
573,2006-02-02
573,2006-02-14
573,2006-04-07
573,2006-05-30
573,2006-07-01
573,2006-07-23
573,2006-08-28
573,2006-09-07
573,2006-11-02
573,2006-11-15
573,2006-12-12
573,2006-12-19
573,2006-12-27
573,2007-01-08
573,2007-01-21
573,2007-10-29
573,2007-12-20
574,2006-02-02
574,2006-07-06
574,2006-09-09
574,2006-09-20
574,2006-11-08
574,2007-01-18
574,2007-01-25
574,2007-03-20
575,2006-02-02
575,2006-02-17
576,2006-02-02
577,2006-02-02
577,2006-02-16
577,2006-02-27
577,2006-03-07
577,2006-03-25
577,2006-04-24
577,2006-06-20
577,2006-07-12
578,2006-02-02
579,2006-02-02
580,2006-02-02
580,2006-02-18
581,2006-02-03
581,2006-05-25
581,2007-09-04
581,2007-09-20
582,2006-02-03
582,2006-06-10
583,2006-02-03
583,2006-08-11
583,2006-11-25
583,2007-02-05
583,2007-03-17
583,2007-08-07
584,2006-02-03
585,2006-02-03
586,2006-02-03
586,2006-02-23
586,2006-05-02
586,2006-06-01
586,2006-06-18
586,2006-07-07
586,2006-07-25
586,2006-08-03
586,2006-08-19
586,2006-09-08
586,2006-09-15
586,2006-09-27
586,2006-10-21
586,2006-11-21
586,2007-01-03
586,2007-02-07
586,2007-03-08
586,2007-04-29
586,2007-06-26
586,2007-09-01
586,2007-10-19
587,2006-02-03
588,2006-02-03
588,2006-02-11
588,2006-02-18
588,2006-03-04
588,2006-04-14
589,2006-02-03
590,2006-02-03
591,2006-02-03
591,2007-12-14
591,2007-12-22
592,2006-02-03
593,2006-02-03
594,2006-02-03
594,2006-03-02
594,2006-04-15
594,2006-05-05
594,2006-06-22
594,2006-08-17
594,2006-09-21
594,2006-11-04
594,2006-11-17
594,2007-01-10
594,2007-01-20
594,2007-04-03
594,2007-04-05
594,2007-04-18
594,2007-05-12
594,2007-06-02
594,2007-06-27
594,2007-07-28
594,2007-08-30
594,2007-09-18
594,2007-09-19
594,2007-10-10
594,2007-10-31
594,2007-11-27
594,2007-12-20
595,2006-02-03
596,2006-02-03
597,2006-02-03
598,2006-02-03
599,2006-02-04
600,2006-02-04
601,2006-02-04
601,2006-02-07
601,2006-02-14
601,2006-03-07
601,2006-03-14
601,2006-03-21
601,2006-03-31
601,2006-04-06
601,2006-04-15
601,2006-04-25
601,2006-04-29
601,2006-05-10
601,2006-05-18
601,2007-05-23
601,2007-07-03
601,2007-07-10
601,2007-07-11
601,2007-07-17
601,2007-07-18
601,2007-07-20
601,2007-07-24
601,2007-07-26
601,2007-07-31
601,2007-08-03
601,2007-08-09
601,2007-08-11
601,2007-08-14
601,2007-08-21
601,2007-08-23
601,2007-08-24
601,2007-08-25
601,2007-08-29
601,2007-08-31
601,2007-09-05
601,2007-09-11
601,2007-09-13
601,2007-09-15
601,2007-09-25
601,2007-09-26
601,2007-10-04
601,2007-10-09
602,2006-02-04
602,2007-02-14
602,2007-05-25
603,2006-02-04
603,2006-11-24
603,2007-07-19
603,2007-08-24
603,2007-09-13
603,2007-10-12
603,2007-12-19
604,2006-02-04
605,2006-02-04
605,2006-02-17
605,2006-03-02
605,2006-03-16
605,2006-09-24
605,2006-10-25
606,2006-02-04
606,2006-02-11
607,2006-02-04
607,2006-02-16
607,2006-03-03
607,2006-03-16
607,2006-04-05
607,2006-04-19
607,2006-05-04
607,2006-06-06
607,2006-07-06
607,2006-07-19
607,2006-08-15
607,2006-09-05
607,2006-11-05
607,2006-12-05
607,2007-01-12
607,2007-03-07
607,2007-06-19
608,2006-02-04
608,2006-02-11
609,2006-02-04
610,2006-02-04
610,2006-03-14
610,2006-04-27
610,2006-05-03
610,2006-05-18
610,2006-05-25
610,2006-09-14
610,2006-10-10
610,2006-11-11
610,2006-12-08
610,2007-01-10
610,2007-01-23
610,2007-02-01
610,2007-02-24
610,2007-03-08
610,2007-04-05
610,2007-05-09
610,2007-05-23
610,2007-05-30
610,2007-07-10
610,2007-07-26
610,2007-09-04
610,2007-10-25
610,2007-11-09
610,2007-11-21
610,2007-11-23
610,2007-11-28
610,2007-12-04
611,2006-02-04
611,2006-02-28
611,2006-05-10
612,2006-02-04
613,2006-02-04
613,2006-04-26
613,2006-06-21
613,2006-08-08
613,2006-10-17
613,2007-01-18
613,2007-04-18
613,2007-07-18
613,2007-11-21
614,2006-02-04
614,2006-04-01
614,2006-04-21
614,2006-05-19
614,2006-09-06
614,2006-11-21
614,2007-06-28
614,2007-09-08
615,2006-02-04
615,2006-02-24
615,2006-04-07
615,2006-05-05
615,2006-06-02
615,2006-07-19
615,2006-07-25
615,2006-10-11
615,2006-11-17
615,2007-02-08
615,2007-04-18
615,2007-06-12
615,2007-12-21
616,2006-02-04
616,2006-04-25
616,2006-09-30
616,2006-12-20
616,2007-03-17
616,2007-06-05
616,2007-09-18
617,2006-02-04
617,2007-06-14
618,2006-02-04
618,2006-03-03
618,2006-03-31
618,2006-04-28
618,2006-07-28
618,2006-08-18
618,2006-09-20
618,2006-10-26
618,2006-11-11
618,2006-12-13
618,2007-01-17
618,2007-05-15
619,2006-02-04
620,2006-02-04
620,2006-03-01
621,2006-02-05
622,2006-02-05
622,2006-02-09
622,2006-02-15
622,2006-03-06
622,2006-03-13
622,2006-04-23
622,2006-05-21
622,2007-02-09
622,2007-05-07
623,2006-02-05
623,2006-03-07
623,2006-04-12
623,2006-05-11
623,2006-06-22
623,2006-09-21
624,2006-02-05
624,2006-03-05
624,2006-03-30
625,2006-02-05
625,2006-02-20
625,2006-02-27
626,2006-02-05
626,2006-03-27
626,2006-05-01
626,2006-05-07
626,2006-05-19
626,2006-05-26
626,2006-07-05
626,2006-07-24
626,2006-08-18
626,2006-10-11
627,2006-02-05
627,2006-03-15
627,2006-04-15
627,2006-05-13
627,2006-06-07
627,2006-09-14
627,2006-12-02
628,2006-02-06
628,2006-03-04
628,2006-03-11
628,2006-03-15
628,2006-03-29
628,2006-04-09
628,2006-04-17
628,2006-05-04
628,2006-05-15
628,2006-06-04
628,2006-06-21
628,2006-07-05
628,2006-11-16
628,2006-11-21
628,2006-11-30
628,2006-12-19
628,2007-01-24
628,2007-03-02
628,2007-03-14
629,2006-02-06
629,2007-09-04
630,2006-02-06
630,2006-02-20
630,2006-04-04
631,2006-02-06
631,2006-02-17
632,2006-02-06
632,2006-03-14
633,2006-02-06
634,2006-02-06
634,2006-04-06
634,2006-05-22
634,2006-07-23
634,2006-10-02
634,2007-03-20
634,2007-05-12
635,2006-02-06
636,2006-02-06
636,2006-03-15
636,2006-03-23
636,2006-04-01
636,2006-04-13
636,2006-04-26
636,2006-05-12
636,2006-05-30
636,2006-06-30
636,2006-07-25
636,2006-08-12
636,2006-09-07
636,2006-12-01
637,2006-02-07
638,2006-02-07
638,2006-02-16
638,2006-02-26
638,2006-03-12
638,2006-03-24
638,2006-04-04
638,2006-04-15
638,2006-04-26
638,2006-05-06
638,2006-05-21
638,2006-06-01
638,2006-06-14
638,2006-06-28
638,2006-07-04
638,2006-07-16
638,2006-07-25
638,2006-08-17
638,2006-09-05
638,2006-09-20
638,2006-10-06
638,2006-10-25
638,2006-11-14
638,2006-12-02
638,2006-12-20
638,2007-01-10
638,2007-02-06
638,2007-02-18
638,2007-03-08
638,2007-03-27
638,2007-04-17
638,2007-05-04
638,2007-05-23
638,2007-06-17
638,2007-07-04
638,2007-07-19
638,2007-08-02
638,2007-08-21
638,2007-09-05
638,2007-09-18
638,2007-10-02
638,2007-10-16
638,2007-11-07
638,2007-11-09
638,2007-11-23
638,2007-12-09
638,2007-12-12
638,2007-12-27
639,2006-02-07
639,2006-02-28
640,2006-02-07
641,2006-02-07
642,2006-02-07
642,2006-07-27
643,2006-02-07
643,2006-04-25
644,2006-02-07
644,2006-03-07
644,2006-05-03
644,2006-05-23
644,2006-06-21
644,2006-07-11
644,2006-08-01
644,2006-09-06
644,2006-10-25
644,2006-11-29
644,2007-01-13
644,2007-03-14
644,2007-05-08
644,2007-07-03
644,2007-08-17
644,2007-09-25
644,2007-10-30
644,2007-11-25
644,2007-12-18
645,2006-02-07
645,2006-03-17
645,2006-04-12
645,2006-05-10
645,2006-05-31
645,2006-09-05
645,2006-09-27
645,2006-10-06
645,2006-10-18
645,2006-11-03
645,2006-12-14
645,2007-01-11
645,2007-02-28
645,2007-11-01
646,2006-02-07
646,2006-02-24
646,2006-04-16
646,2006-05-31
646,2006-07-01
646,2006-09-12
646,2007-03-12
646,2007-04-22
646,2007-06-18
647,2006-02-07
647,2006-03-21
647,2006-07-13
647,2006-08-22
647,2006-11-13
648,2006-02-07
648,2007-01-18
648,2007-01-26
648,2007-02-02
648,2007-02-08
649,2006-02-07
649,2006-03-15
649,2006-05-12
649,2006-06-02
649,2006-06-14
649,2006-07-20
649,2006-09-22
649,2006-11-09
649,2006-12-15
649,2007-01-31
649,2007-03-16
649,2007-04-27
649,2007-05-17
649,2007-06-01
649,2007-07-17
649,2007-09-21
650,2006-02-07
650,2006-03-14
650,2006-04-19
650,2006-06-27
650,2007-01-23
651,2006-02-07
651,2006-02-23
651,2006-05-03
651,2006-06-21
651,2006-07-18
651,2006-08-29
651,2006-09-26
651,2006-11-28
651,2007-06-05
652,2006-02-07
653,2006-02-07
654,2006-02-07
654,2006-02-28
654,2006-03-23
654,2006-04-20
654,2006-05-10
654,2006-05-30
654,2006-08-25
654,2006-09-19
654,2006-10-19
654,2006-11-03
654,2006-11-23
654,2006-12-19
654,2007-01-09
654,2007-03-01
654,2007-03-29
654,2007-04-26
654,2007-05-30
654,2007-08-24
654,2007-09-19
654,2007-10-17
654,2007-11-13
654,2007-12-13
655,2006-02-07
655,2006-02-10
655,2006-04-15
656,2006-02-07
656,2006-02-18
656,2006-02-25
656,2006-03-14
656,2006-04-13
656,2006-05-03
656,2006-05-17
656,2006-06-01
656,2006-06-09
656,2006-07-01
656,2006-07-11
656,2006-07-18
656,2006-08-01
656,2006-08-12
656,2006-08-23
656,2006-09-06
656,2006-09-20
656,2006-10-12
656,2006-10-19
656,2006-10-31
656,2006-11-15
656,2006-11-29
656,2007-01-09
657,2006-02-07
658,2006-02-07
658,2006-02-08
658,2006-02-17
658,2006-02-24
658,2006-03-03
658,2006-03-13
658,2006-03-28
658,2006-04-04
658,2006-04-26
658,2006-05-24
658,2006-06-02
658,2006-06-09
658,2006-06-22
658,2006-07-11
658,2006-08-18
658,2006-08-23
658,2006-08-31
658,2006-09-14
658,2006-09-21
658,2006-10-04
658,2006-11-16
658,2007-01-11
658,2007-02-01
658,2007-07-11
659,2006-02-07
659,2006-03-30
659,2006-06-03
659,2007-09-22
659,2007-12-15
660,2006-02-07
660,2006-05-13
660,2006-07-20
660,2006-09-29
660,2006-12-02
660,2006-12-05
660,2007-03-21
660,2007-05-30
660,2007-08-08
660,2007-11-24
661,2006-02-07
662,2006-02-07
662,2006-03-17
662,2006-03-23
662,2006-03-31
662,2006-04-11
662,2006-04-28
662,2006-05-27
663,2006-02-07
664,2006-02-07
664,2006-03-23
664,2006-04-29
664,2006-06-01
664,2006-07-05
664,2006-08-03
664,2006-09-09
664,2006-10-05
664,2006-11-22
664,2006-12-19
664,2007-02-16
664,2007-04-15
664,2007-05-20
664,2007-07-17
664,2007-09-10
664,2007-10-21
664,2007-12-02
665,2006-02-07
665,2006-02-21
665,2006-03-21
665,2007-02-28
665,2007-03-14
665,2007-10-26
666,2006-02-07
666,2006-02-13
666,2006-02-20
666,2006-02-27
666,2006-03-06
666,2006-03-13
666,2006-03-21
666,2006-03-27
666,2006-04-03
666,2006-04-10
667,2006-02-07
667,2006-03-16
667,2006-04-11
667,2006-06-02
667,2006-06-07
667,2006-07-20
667,2006-08-25
667,2006-09-09
667,2006-10-19
667,2006-12-07
667,2007-02-16
667,2007-03-30
667,2007-10-26
668,2006-02-07
668,2006-02-21
668,2006-03-05
668,2006-11-22
668,2006-12-14
668,2007-01-16
668,2007-03-03
668,2007-03-23
668,2007-11-20
669,2006-02-07
669,2006-03-08
669,2006-05-24
669,2006-06-14
669,2006-07-05
670,2006-02-07
671,2006-02-08
672,2006-02-08
673,2006-02-08
673,2006-03-16
673,2006-03-22
673,2006-10-05
674,2006-02-08
674,2006-02-14
675,2006-02-08
675,2006-03-01
675,2006-03-29
675,2006-05-24
675,2006-11-08
675,2007-04-18
676,2006-02-08
676,2006-02-18
677,2006-02-08
678,2006-02-08
678,2006-02-15
678,2006-02-18
678,2006-02-28
678,2006-03-04
678,2006-03-09
678,2006-03-18
678,2006-03-25
678,2006-03-31
678,2006-04-19
678,2006-04-27
678,2006-05-05
678,2006-05-30
678,2006-06-03
678,2006-06-13
678,2006-06-14
678,2006-07-05
678,2006-08-01
678,2006-08-09
678,2006-08-22
678,2006-08-29
678,2006-09-05
678,2006-09-12
678,2006-09-16
678,2006-09-21
678,2006-10-06
678,2006-10-19
678,2006-11-07
678,2006-11-18
678,2006-12-05
678,2006-12-06
678,2006-12-20
678,2007-01-10
678,2007-01-26
678,2007-02-17
678,2007-02-20
678,2007-03-09
678,2007-04-26
678,2007-05-10
678,2007-05-30
678,2007-06-20
678,2007-08-01
679,2006-02-08
680,2006-02-08
680,2006-03-09
680,2006-03-29
680,2006-04-24
680,2006-05-30
680,2006-06-24
680,2006-10-22
680,2006-12-04
680,2007-01-10
680,2007-02-20
680,2007-03-21
680,2007-04-30
680,2007-05-31
680,2007-06-30
680,2007-09-28
681,2006-02-08
682,2006-02-08
682,2006-03-10
682,2006-04-22
682,2006-06-07
682,2006-08-19
682,2006-10-07
682,2006-11-24
682,2006-11-29
682,2007-01-06
682,2007-02-14
682,2007-03-23
682,2007-04-27
682,2007-06-15
682,2007-08-17
682,2007-09-12
682,2007-10-13
682,2007-11-21
683,2006-02-08
683,2006-02-15
683,2006-03-15
683,2006-03-22
683,2006-04-01
683,2006-04-28
683,2006-05-04
683,2006-05-05
683,2006-05-08
683,2006-05-18
683,2006-09-15
683,2006-09-20
683,2006-10-27
683,2006-11-25
683,2007-04-03
683,2007-04-06
683,2007-04-24
683,2007-05-22
683,2007-05-24
683,2007-06-22
683,2007-09-17
683,2007-09-29
683,2007-11-30
684,2006-02-08
685,2006-02-08
686,2006-02-08
687,2006-02-08
687,2006-04-13
687,2006-07-29
687,2006-10-25
687,2007-12-13
688,2006-02-08
689,2006-02-08
690,2006-02-09
691,2006-02-09
691,2006-02-23
691,2006-03-17
691,2006-04-26
691,2006-05-18
691,2006-06-28
691,2006-08-30
691,2006-09-22
691,2006-12-03
691,2007-04-25
691,2007-08-23
691,2007-10-01
692,2006-02-09
693,2006-02-09
694,2006-02-09
694,2006-02-25
694,2006-03-09
694,2006-03-29
694,2006-04-22
694,2006-05-20
694,2006-07-05
694,2006-10-03
694,2006-10-25
694,2006-11-30
694,2006-12-27
694,2007-02-01
694,2007-02-28
694,2007-03-29
694,2007-04-20
694,2007-08-01
694,2007-08-30
694,2007-11-02
695,2006-02-09
695,2006-02-24
695,2006-03-12
695,2006-04-03
695,2006-04-26
695,2006-05-18
695,2006-06-13
695,2006-09-03
695,2006-10-17
695,2006-11-25
695,2007-01-11
695,2007-01-29
695,2007-03-05
695,2007-08-07
695,2007-11-21
696,2006-02-09
696,2006-03-23
696,2007-04-23
696,2007-05-21
696,2007-06-11
697,2006-02-09
697,2006-02-16
697,2006-03-17
698,2006-02-09
699,2006-02-09
699,2006-02-17
699,2006-03-07
699,2007-01-27
699,2007-02-09
700,2006-02-09
700,2006-03-16
701,2006-02-09
702,2006-02-09
702,2006-03-17
702,2006-04-13
702,2006-06-16
702,2006-11-09
702,2007-03-22
703,2006-02-09
704,2006-02-09
704,2006-08-31
704,2007-06-08
705,2006-02-09
705,2006-02-18
705,2006-02-24
705,2006-03-02
705,2006-03-10
705,2006-03-17
705,2006-03-23
705,2006-03-30
705,2006-04-06
705,2006-04-14
705,2006-04-21
705,2006-04-27
705,2006-05-04
705,2006-05-11
705,2006-05-19
705,2006-05-26
705,2006-06-02
705,2006-06-09
705,2006-06-16
705,2006-06-23
705,2006-06-30
705,2006-07-06
705,2006-07-14
705,2006-07-21
705,2006-07-26
705,2006-08-18
705,2006-08-25
705,2006-09-01
705,2006-09-08
705,2006-09-15
705,2006-09-22
705,2006-09-28
705,2006-10-18
705,2006-11-03
705,2006-11-16
705,2006-11-23
705,2006-11-30
705,2006-12-07
705,2006-12-14
705,2006-12-26
705,2006-12-31
705,2007-01-06
705,2007-01-15
705,2007-01-30
705,2007-02-09
705,2007-02-15
705,2007-02-23
705,2007-03-02
705,2007-03-09
705,2007-03-15
705,2007-03-23
705,2007-03-29
705,2007-04-05
705,2007-04-13
705,2007-04-19
705,2007-04-28
705,2007-05-11
705,2007-05-16
705,2007-05-31
705,2007-06-08
705,2007-06-21
705,2007-06-27
705,2007-07-06
705,2007-07-15
705,2007-07-27
705,2007-08-03
705,2007-08-10
705,2007-08-16
705,2007-08-24
705,2007-08-30
705,2007-09-06
705,2007-09-12
705,2007-09-20
705,2007-09-27
705,2007-10-04
705,2007-10-11
705,2007-10-18
705,2007-10-25
705,2007-11-01
705,2007-11-09
705,2007-11-19
705,2007-11-28
705,2007-12-08
705,2007-12-13
705,2007-12-20
705,2007-12-28
706,2006-02-09
706,2006-02-24
706,2006-03-08
706,2006-03-17
706,2006-04-06
706,2006-04-18
706,2006-05-15
706,2006-05-26
706,2006-06-27
706,2006-07-13
706,2006-08-21
706,2006-09-02
706,2006-09-29
706,2006-10-26
706,2006-11-14
706,2006-12-12
706,2007-01-11
706,2007-01-24
706,2007-02-23
706,2007-05-03
706,2007-06-14
706,2007-07-20
706,2007-08-20
706,2007-09-12
706,2007-10-05
707,2006-02-09
708,2006-02-09
708,2006-03-21
708,2006-05-16
708,2006-06-20
708,2006-07-18
708,2006-08-26
708,2006-10-25
708,2006-11-30
708,2007-01-09
708,2007-02-16
708,2007-04-01
708,2007-05-30
708,2007-07-11
708,2007-08-30
708,2007-10-09
708,2007-11-18
708,2007-12-25
709,2006-02-09
709,2006-02-23
709,2006-03-18
709,2006-04-25
709,2006-05-23
709,2006-06-15
709,2006-07-18
710,2006-02-09
711,2006-02-09
711,2006-03-02
711,2006-03-23
711,2006-04-20
711,2006-05-30
711,2006-07-06
711,2006-08-10
711,2006-09-21
711,2006-10-28
711,2006-12-01
711,2007-01-17
711,2007-03-04
711,2007-04-14
711,2007-05-31
711,2007-07-08
711,2007-08-23
711,2007-10-04
711,2007-11-17
712,2006-02-09
712,2006-04-05
712,2006-07-29
712,2006-11-06
712,2007-03-16
712,2007-07-11
713,2006-02-09
713,2006-02-23
713,2006-03-11
714,2006-02-09
714,2006-02-11
714,2006-02-18
714,2006-03-07
714,2006-03-17
714,2006-03-22
714,2006-03-31
714,2006-04-05
714,2006-04-11
714,2006-04-15
714,2006-05-05
714,2006-05-09
714,2006-05-23
714,2007-02-20
714,2007-02-28
714,2007-03-15
714,2007-03-23
714,2007-04-06
714,2007-05-04
714,2007-05-16
714,2007-09-06
715,2006-02-09
715,2006-03-25
716,2006-02-09
716,2006-03-22
716,2006-05-11
716,2006-08-05
716,2006-10-19
716,2006-12-21
716,2007-02-16
716,2007-04-27
716,2007-06-21
716,2007-09-01
716,2007-11-16
717,2006-02-09
717,2006-02-25
717,2006-04-13
717,2006-04-24
717,2006-05-10
717,2006-05-18
717,2006-06-01
717,2006-06-09
717,2006-06-18
717,2006-09-10
717,2006-09-27
718,2006-02-10
719,2006-02-10
720,2006-02-10
721,2006-02-10
721,2006-03-17
721,2006-06-16
721,2007-06-22
722,2006-02-10
722,2006-03-31
723,2006-02-10
724,2006-02-10
724,2006-02-21
724,2006-03-10
724,2006-03-24
724,2006-04-07
725,2006-02-10
726,2006-02-10
726,2006-05-05
726,2006-06-23
726,2006-07-14
726,2006-08-11
726,2006-08-12
727,2006-02-10
727,2006-02-21
727,2006-03-09
727,2006-04-01
727,2006-04-15
727,2006-04-27
727,2006-05-23
727,2006-06-22
727,2006-07-22
727,2006-09-11
727,2006-10-12
727,2006-10-21
727,2006-10-25
727,2007-01-03
727,2007-01-11
727,2007-03-06
727,2007-03-27
728,2006-02-10
729,2006-02-10
730,2006-02-10
730,2006-03-10
730,2006-07-11
731,2006-02-10
731,2006-03-01
731,2006-03-17
731,2006-03-24
732,2006-02-10
733,2006-02-10
734,2006-02-10
734,2006-10-19
735,2006-02-10
735,2006-02-18
735,2006-02-25
735,2006-03-04
735,2006-03-18
735,2006-04-08
736,2006-02-10
736,2006-02-14
736,2006-05-11
736,2006-09-07
736,2006-11-28
736,2007-02-23
736,2007-04-27
736,2007-08-30
736,2007-12-06
737,2006-02-11
737,2006-02-16
737,2006-02-22
737,2006-03-03
737,2006-09-23
737,2006-10-11
737,2006-10-24
737,2006-11-03
737,2006-11-21
737,2006-11-28
738,2006-02-11
738,2006-02-18
739,2006-02-11
739,2006-02-18
739,2006-02-25
739,2006-03-04
739,2006-03-11
739,2006-03-18
739,2006-03-25
739,2006-04-01
739,2006-04-08
739,2006-04-15
739,2006-04-22
739,2006-04-29
739,2006-05-06
739,2006-05-13
739,2006-05-20
739,2006-05-27
739,2006-06-03
739,2006-06-10
739,2006-06-17
739,2006-06-24
739,2006-07-01
739,2006-07-08
740,2006-02-11
740,2006-02-24
740,2006-04-03
740,2006-04-15
740,2006-04-26
740,2006-05-06
740,2006-05-24
740,2007-01-26
740,2007-03-01
740,2007-03-23
741,2006-02-11
741,2006-02-25
742,2006-02-11
742,2006-02-19
742,2006-03-02
742,2006-03-17
742,2006-03-29
742,2006-10-10
743,2006-02-11
743,2006-02-28
743,2006-04-05
743,2006-07-04
743,2006-09-29
743,2007-04-11
743,2007-07-17
743,2007-11-07
744,2006-02-11
744,2006-02-18
744,2006-02-25
744,2006-03-04
744,2006-03-11
744,2006-03-18
744,2006-03-25
744,2006-04-01
744,2006-04-08
744,2006-04-15
745,2006-02-11
745,2006-07-15
745,2007-12-14
746,2006-02-11
746,2006-02-18
747,2006-02-11
748,2006-02-11
748,2006-03-03
748,2007-02-14
749,2006-02-11
750,2006-02-11
750,2006-02-26
750,2006-03-29
750,2006-05-17
750,2006-06-23
750,2006-08-01
750,2006-09-05
750,2006-09-29
750,2006-10-24
750,2006-12-11
750,2007-01-14
751,2006-02-12
751,2006-03-26
751,2006-05-03
751,2006-07-04
751,2006-09-28
751,2007-01-15
752,2006-02-12
753,2006-02-12
753,2006-03-21
753,2006-05-08
753,2007-02-05
754,2006-02-12
755,2006-02-13
756,2006-02-13
756,2006-03-20
757,2006-02-13
757,2006-03-14
757,2006-05-02
757,2006-05-24
757,2006-06-14
757,2006-08-18
757,2006-09-26
758,2006-02-13
759,2006-02-13
760,2006-02-13
760,2006-03-08
760,2006-04-14
760,2006-08-09
760,2006-12-29
760,2007-02-21
760,2007-05-30
760,2007-08-02
760,2007-12-29
761,2006-02-13
761,2006-02-22
761,2006-03-07
761,2006-03-14
761,2006-03-22
761,2006-03-29
761,2006-04-19
761,2006-05-03
761,2006-05-10
761,2006-05-17
761,2006-05-24
761,2006-05-31
761,2006-06-07
761,2006-06-21
761,2006-07-05
761,2006-07-21
761,2006-08-29
761,2006-09-06
761,2006-09-20
761,2006-10-04
761,2006-10-25
761,2006-11-08
761,2006-11-22
761,2006-12-13
761,2007-01-03
761,2007-01-04
761,2007-01-24
761,2007-01-31
761,2007-02-20
761,2007-03-06
761,2007-03-20
761,2007-03-27
761,2007-03-28
761,2007-04-17
761,2007-05-01
761,2007-05-15
761,2007-06-05
761,2007-06-12
761,2007-06-27
761,2007-08-22
761,2007-09-15
761,2007-10-12
761,2007-11-14
761,2007-11-15
761,2007-12-19
762,2006-02-13
762,2006-05-03
763,2006-02-14
763,2006-02-18
764,2006-02-14
764,2006-04-01
765,2006-02-14
766,2006-02-14
766,2006-02-25
766,2006-03-29
766,2006-04-26
766,2006-10-03
767,2006-02-14
768,2006-02-14
768,2006-02-25
769,2006-02-14
769,2006-09-25
769,2006-11-21
769,2007-02-26
769,2007-09-06
770,2006-02-14
771,2006-02-14
771,2006-03-15
771,2006-04-26
771,2006-05-30
771,2006-07-20
771,2006-09-05
771,2006-10-12
771,2006-11-14
771,2006-12-14
771,2007-01-23
771,2007-01-24
771,2007-03-01
771,2007-04-01
771,2007-04-04
771,2007-05-22
771,2007-07-19
771,2007-08-28
771,2007-10-26
771,2007-12-15
771,2007-12-19
771,2007-12-20
772,2006-02-14
772,2006-06-24
773,2006-02-14
773,2006-03-26
773,2006-04-25
773,2006-05-27
773,2006-06-24
773,2006-08-09
773,2006-09-10
773,2006-10-17
773,2006-11-14
773,2006-12-15
773,2007-01-17
773,2007-02-07
773,2007-02-24
773,2007-03-24
773,2007-04-25
773,2007-05-23
773,2007-06-26
773,2007-08-14
773,2007-09-04
773,2007-10-02
773,2007-10-23
773,2007-11-23
774,2006-02-14
775,2006-02-14
775,2006-02-19
775,2006-02-26
775,2006-03-09
775,2006-03-16
775,2006-03-23
775,2006-03-30
775,2006-04-07
775,2006-04-14
775,2006-04-21
775,2006-04-27
775,2006-05-06
775,2006-05-13
775,2006-05-21
775,2006-05-31
775,2006-06-10
775,2006-06-15
775,2006-06-23
775,2006-06-28
775,2006-07-04
775,2006-07-12
775,2006-07-18
775,2006-07-25
775,2006-08-02
775,2006-08-09
775,2006-08-15
775,2006-08-22
775,2006-08-30
775,2006-09-06
775,2006-09-12
775,2006-09-20
775,2006-09-29
775,2006-10-06
775,2006-10-13
775,2006-10-20
775,2006-10-29
775,2006-11-04
775,2006-11-14
775,2006-11-22
775,2006-12-14
775,2006-12-21
775,2006-12-28
775,2007-01-05
775,2007-01-13
775,2007-02-08
775,2007-02-15
775,2007-02-23
775,2007-03-03
775,2007-03-10
775,2007-03-17
775,2007-03-25
775,2007-04-03
775,2007-04-04
775,2007-04-08
775,2007-04-18
775,2007-04-24
775,2007-05-16
775,2007-05-31
775,2007-06-08
775,2007-06-16
775,2007-06-26
775,2007-07-04
775,2007-07-12
775,2007-07-20
775,2007-07-27
775,2007-08-07
775,2007-08-14
775,2007-08-19
775,2007-08-30
775,2007-09-09
775,2007-09-21
775,2007-10-06
775,2007-10-27
775,2007-11-07
775,2007-11-17
775,2007-12-14
775,2007-12-20
775,2007-12-29
776,2006-02-14
777,2006-02-14
777,2006-03-08
777,2006-04-12
777,2006-04-20
777,2006-05-11
777,2006-06-02
777,2006-07-04
777,2006-07-15
777,2006-07-25
777,2006-08-04
777,2006-08-23
777,2006-09-08
777,2006-09-28
777,2006-11-03
777,2006-11-21
777,2006-12-16
777,2007-01-10
777,2007-02-06
777,2007-03-01
777,2007-03-29
777,2007-04-26
777,2007-06-01
777,2007-06-20
777,2007-07-18
777,2007-08-17
777,2007-09-22
777,2007-10-18
778,2006-02-14
778,2006-09-22
778,2006-11-07
778,2007-02-08
778,2007-02-14
778,2007-03-31
778,2007-05-24
778,2007-11-10
779,2006-02-14
779,2006-03-15
780,2006-02-14
780,2006-04-21
780,2006-06-23
780,2006-07-19
780,2006-10-10
780,2006-11-24
780,2007-02-08
780,2007-04-17
780,2007-06-01
780,2007-08-01
780,2007-09-11
780,2007-10-31
780,2007-12-19
781,2006-02-14
781,2006-11-24
781,2006-12-15
781,2006-12-30
782,2006-02-14
783,2006-02-14
783,2006-03-07
783,2006-06-23
783,2006-09-19
783,2007-02-03
784,2006-02-14
784,2006-03-27
784,2006-04-12
784,2006-05-09
784,2006-06-05
784,2006-07-03
784,2006-08-01
784,2006-09-10
784,2006-10-03
784,2006-11-01
784,2006-12-02
784,2006-12-18
784,2007-02-02
784,2007-03-05
784,2007-03-30
784,2007-05-01
784,2007-06-08
784,2007-07-09
784,2007-08-16
784,2007-09-04
784,2007-12-15
785,2006-02-15
785,2006-09-01
786,2006-02-15
786,2006-02-21
786,2006-03-09
786,2006-03-10
786,2006-04-11
786,2006-04-26
786,2006-07-19
786,2006-07-26
786,2006-08-22
787,2006-02-15
788,2006-02-15
789,2006-02-15
789,2006-06-21
789,2006-07-25
789,2006-09-01
789,2006-11-23
789,2007-03-02
789,2007-06-01
789,2007-08-04
789,2007-11-07
790,2006-02-15
791,2006-02-15
792,2006-02-15
793,2006-02-15
793,2006-03-08
793,2006-03-31
793,2006-04-29
793,2006-05-30
793,2006-07-04
793,2006-08-17
793,2006-09-28
793,2006-10-31
793,2006-11-01
793,2006-12-22
793,2007-01-18
793,2007-02-07
793,2007-03-09
793,2007-03-30
794,2006-02-15
794,2006-07-19
794,2007-01-13
795,2006-02-15
795,2006-03-05
795,2006-03-28
795,2006-05-05
795,2006-06-02
795,2006-09-11
795,2006-11-12
795,2007-02-25
795,2007-09-15
795,2007-11-10
795,2007-12-12
796,2006-02-15
796,2006-04-26
796,2006-06-27
796,2006-09-07
796,2006-11-08
796,2007-01-10
796,2007-03-27
796,2007-05-22
796,2007-07-04
796,2007-09-02
796,2007-09-19
796,2007-10-12
796,2007-11-13
796,2007-12-27
797,2006-02-15
798,2006-02-15
798,2006-10-24
799,2006-02-15
800,2006-02-15
800,2006-02-21
800,2006-02-24
800,2006-03-05
800,2006-03-14
800,2006-03-29
800,2006-04-07
800,2006-04-15
800,2006-04-26
800,2006-05-09
800,2006-05-23
800,2006-06-01
800,2006-06-13
800,2006-06-28
800,2006-07-16
800,2006-07-30
800,2006-08-16
800,2006-09-27
800,2006-10-11
800,2006-10-26
800,2006-11-09
800,2006-11-22
800,2006-12-05
800,2006-12-27
800,2007-01-19
800,2007-02-13
800,2007-02-25
800,2007-03-22
800,2007-04-08
800,2007-04-24
800,2007-05-12
800,2007-06-12
800,2007-06-30
800,2007-07-22
800,2007-08-24
800,2007-09-18
800,2007-10-04
800,2007-11-04
800,2007-11-22
800,2007-12-09
800,2007-12-18
800,2007-12-21
801,2006-02-15
802,2006-02-15
803,2006-02-15
803,2006-03-03
804,2006-02-16
804,2006-06-07
804,2006-06-08
805,2006-02-16
806,2006-02-16
807,2006-02-16
807,2006-04-25
808,2006-02-16
809,2006-02-16
809,2006-05-12
809,2006-10-06
809,2006-12-18
810,2006-02-16
810,2006-03-01
810,2006-04-12
810,2006-05-17
810,2006-07-17
810,2006-11-07
810,2007-10-05
811,2006-02-16
811,2007-01-11
811,2007-03-01
811,2007-04-13
811,2007-08-15
811,2007-11-27
812,2006-02-16
812,2006-02-28
812,2006-03-07
812,2006-03-29
812,2006-04-20
812,2006-04-26
812,2006-05-06
812,2006-05-16
812,2006-06-07
812,2006-06-14
812,2006-06-27
812,2006-09-06
812,2006-09-19
812,2006-09-28
812,2006-10-03
812,2006-10-11
812,2006-10-17
812,2006-10-25
812,2006-11-07
812,2006-11-29
812,2006-12-12
812,2006-12-27
812,2007-01-04
812,2007-01-17
812,2007-01-24
812,2007-02-06
812,2007-02-20
812,2007-03-01
812,2007-03-16
812,2007-03-22
812,2007-04-11
812,2007-04-19
812,2007-05-04
812,2007-05-10
812,2007-05-22
812,2007-05-30
812,2007-06-06
812,2007-06-15
812,2007-06-24
812,2007-07-10
812,2007-07-18
812,2007-07-31
812,2007-08-14
812,2007-09-04
812,2007-10-13
812,2007-11-14
812,2007-12-27
813,2006-02-16
813,2006-03-11
813,2006-05-12
813,2006-06-01
813,2006-06-08
813,2006-06-16
813,2006-07-04
813,2006-07-18
813,2006-09-12
813,2006-09-15
813,2006-12-01
813,2006-12-20
813,2007-01-17
813,2007-02-09
813,2007-03-23
813,2007-05-15
813,2007-06-14
813,2007-07-17
813,2007-09-06
813,2007-10-10
813,2007-12-06
814,2006-02-16
814,2006-03-17
814,2006-04-20
814,2006-05-23
814,2006-06-29
814,2006-07-27
814,2006-09-15
814,2006-10-20
814,2006-11-25
814,2006-12-29
814,2007-02-03
814,2007-03-07
814,2007-04-17
814,2007-04-20
814,2007-05-25
814,2007-06-23
814,2007-07-28
814,2007-09-18
814,2007-10-26
814,2007-11-22
814,2007-12-28
815,2006-02-16
816,2006-02-16
817,2006-02-16
818,2006-02-16
818,2006-04-06
818,2006-06-20
818,2006-07-28
818,2006-10-19
818,2007-03-10
818,2007-09-07
819,2006-02-16
820,2006-02-16
820,2006-04-23
820,2006-05-19
821,2006-02-16
821,2006-02-28
821,2006-03-03
821,2006-03-10
821,2006-03-16
821,2006-03-24
821,2006-03-31
821,2006-04-07
821,2006-04-14
821,2006-04-21
821,2006-04-28
821,2006-05-04
821,2006-05-11
821,2006-05-16
821,2006-05-23
821,2006-06-01
821,2006-06-09
821,2006-06-16
821,2006-06-23
821,2006-07-05
821,2006-07-10
821,2006-07-19
821,2006-07-28
821,2006-08-04
821,2006-09-05
821,2006-09-14
821,2006-09-20
822,2006-02-16
822,2006-02-28
822,2006-03-14
823,2006-02-16
823,2006-03-18
823,2006-05-19
823,2006-10-17
824,2006-02-16
824,2006-09-02
824,2007-12-19
825,2006-02-16
825,2006-03-16
825,2006-03-30
825,2006-12-14
826,2006-02-16
826,2006-02-23
826,2006-03-15
826,2006-04-13
826,2006-05-19
826,2006-06-16
826,2006-07-25
826,2006-09-12
826,2006-10-03
826,2006-11-04
826,2006-12-05
826,2007-01-09
826,2007-01-23
826,2007-02-06
826,2007-03-02
826,2007-03-30
826,2007-05-05
826,2007-05-30
826,2007-06-20
826,2007-07-11
826,2007-08-22
826,2007-09-05
826,2007-09-18
826,2007-12-19
827,2006-02-17
827,2006-03-14
827,2006-03-29
827,2006-04-21
827,2006-05-23
827,2006-06-28
827,2006-08-03
827,2006-09-13
827,2006-10-10
827,2006-10-31
827,2006-12-05
827,2007-01-25
827,2007-02-02
827,2007-03-07
827,2007-04-20
827,2007-04-24
827,2007-05-31
827,2007-06-26
827,2007-08-10
827,2007-09-12
827,2007-10-17
827,2007-11-14
827,2007-12-13
828,2006-02-17
829,2006-02-17
829,2006-03-30
829,2006-04-07
829,2006-04-25
829,2006-05-25
829,2006-06-28
829,2006-07-14
829,2006-08-26
829,2006-10-14
829,2006-11-25
829,2006-12-27
829,2007-02-01
829,2007-03-09
829,2007-04-07
829,2007-05-15
829,2007-06-29
829,2007-08-25
829,2007-09-29
829,2007-10-24
829,2007-11-17
829,2007-12-15
830,2006-02-17
831,2006-02-17
831,2006-02-25
831,2006-07-07
832,2006-02-17
832,2006-09-03
832,2006-09-26
832,2007-03-14
832,2007-05-05
832,2007-11-14
832,2007-11-15
833,2006-02-17
833,2006-03-14
833,2006-03-30
833,2006-04-27
833,2006-05-24
833,2006-06-28
833,2006-08-11
833,2006-08-31
833,2006-09-12
833,2006-10-05
833,2006-10-19
833,2006-10-31
833,2006-11-30
833,2006-12-21
833,2007-01-20
833,2007-02-14
833,2007-03-21
833,2007-04-06
833,2007-05-10
833,2007-06-02
833,2007-07-03
833,2007-07-17
833,2007-08-02
833,2007-08-30
833,2007-09-15
833,2007-09-27
833,2007-10-17
833,2007-10-30
833,2007-12-04
833,2007-12-18
834,2006-02-17
834,2006-05-31
834,2006-07-30
834,2006-09-17
834,2006-11-30
834,2007-02-09
835,2006-02-17
835,2006-04-14
835,2006-05-23
835,2006-10-24
835,2007-03-05
835,2007-06-04
835,2007-10-27
835,2007-10-30
836,2006-02-17
837,2006-02-17
837,2006-03-17
837,2006-03-31
837,2006-04-15
837,2006-04-29
837,2006-05-12
837,2006-06-02
837,2006-08-04
837,2006-08-15
837,2006-08-30
837,2006-09-13
837,2006-09-15
837,2006-10-11
837,2006-11-14
837,2006-11-15
837,2006-12-12
837,2007-01-09
837,2007-02-07
837,2007-03-20
837,2007-05-01
837,2007-06-05
837,2007-07-06
837,2007-08-14
837,2007-09-21
837,2007-10-21
837,2007-11-27
837,2007-11-30
838,2006-02-17
838,2006-06-28
838,2006-08-01
838,2006-08-30
838,2006-10-04
838,2006-11-15
838,2007-01-05
838,2007-02-23
838,2007-03-30
838,2007-03-31
838,2007-05-13
838,2007-07-15
838,2007-08-31
838,2007-10-26
838,2007-11-08
838,2007-12-05
839,2006-02-17
840,2006-02-17
840,2006-03-07
840,2006-03-24
840,2006-04-19
840,2006-04-28
840,2006-05-09
840,2006-05-27
840,2006-06-13
840,2006-06-27
840,2006-08-29
840,2006-09-16
840,2006-10-03
840,2006-11-04
840,2006-12-07
840,2007-01-16
840,2007-02-14
840,2007-04-12
840,2007-05-08
840,2007-06-08
840,2007-08-27
841,2006-02-17
842,2006-02-17
843,2006-02-17
843,2006-03-11
843,2006-04-13
843,2006-05-04
843,2006-06-21
843,2006-08-08
843,2006-08-18
843,2006-09-08
843,2006-10-06
843,2006-11-05
843,2006-12-06
843,2007-01-11
843,2007-03-08
843,2007-07-11
843,2007-08-04
844,2006-02-17
844,2006-03-17
844,2007-11-23
844,2007-11-29
845,2006-02-17
845,2006-03-17
846,2006-02-17
847,2006-02-17
847,2006-03-24
847,2006-04-29
847,2006-06-07
847,2006-06-29
847,2006-07-28
847,2006-08-26
847,2006-09-29
847,2006-10-21
847,2006-11-14
847,2007-03-06
847,2007-04-07
848,2006-02-17
848,2006-03-01
848,2006-03-10
848,2006-04-04
848,2006-04-21
848,2006-05-04
848,2007-03-01
848,2007-06-30
848,2007-09-18
849,2006-02-17
849,2006-04-08
849,2006-05-17
849,2006-06-29
849,2006-08-11
849,2006-10-11
849,2006-12-01
849,2006-12-23
849,2007-02-01
849,2007-03-23
849,2007-06-16
849,2007-10-03
850,2006-02-17
851,2006-02-17
851,2006-03-22
852,2006-02-17
852,2006-05-15
853,2006-02-17
853,2006-02-24
854,2006-02-17
854,2006-03-03
854,2006-03-30
855,2006-02-18
855,2006-04-08
855,2006-05-27
855,2006-08-08
855,2006-09-16
855,2006-10-07
855,2006-11-11
855,2006-12-28
855,2007-06-23
855,2007-08-25
855,2007-11-17
856,2006-02-18
857,2006-02-18
858,2006-02-18
858,2006-03-04
858,2006-03-17
858,2006-03-25
858,2006-04-07
858,2006-04-21
858,2006-05-05
858,2006-06-02
858,2006-06-16
858,2006-07-01
858,2006-07-15
858,2006-07-28
858,2006-08-11
858,2006-08-26
858,2006-11-12
858,2006-11-22
858,2006-12-01
858,2006-12-16
858,2007-01-25
859,2006-02-18
859,2006-03-23
859,2006-03-29
859,2006-04-15
859,2006-05-10
859,2006-06-09
859,2006-06-27
859,2006-07-20
859,2006-08-10
859,2006-09-07
859,2006-09-16
859,2006-10-06
859,2006-11-08
859,2006-12-12
859,2007-01-24
859,2007-02-20
859,2007-04-04
859,2007-04-28
859,2007-06-02
859,2007-07-14
859,2007-09-05
859,2007-09-27
859,2007-10-26
859,2007-12-14
860,2006-02-18
860,2006-02-25
860,2006-03-02
860,2006-03-08
860,2006-03-15
860,2006-03-16
860,2006-03-31
860,2006-04-07
860,2006-04-13
860,2006-04-20
860,2006-04-27
860,2006-05-04
860,2006-05-11
860,2006-05-17
860,2006-05-24
860,2006-05-31
860,2006-06-07
860,2006-06-13
860,2006-06-17
860,2006-06-27
860,2006-07-04
860,2006-07-11
860,2006-07-18
860,2006-07-25
860,2006-08-01
860,2006-08-08
860,2006-08-15
860,2006-09-12
860,2006-09-22
860,2006-09-28
860,2006-10-05
860,2006-10-12
860,2006-10-19
860,2006-10-26
860,2006-11-01
860,2006-11-09
860,2006-11-16
860,2006-11-23
860,2006-11-30
860,2006-12-07
860,2006-12-14
860,2006-12-21
860,2006-12-31
860,2007-01-17
860,2007-01-30
860,2007-02-10
860,2007-02-24
860,2007-03-13
860,2007-03-25
861,2006-02-18
861,2006-02-22
861,2006-02-25
861,2006-03-01
861,2006-03-08
861,2006-03-11
861,2006-03-18
861,2006-03-25
861,2006-04-01
861,2006-04-08
861,2006-04-12
861,2006-04-15
861,2006-04-22
861,2006-04-26
861,2006-04-29
861,2006-05-03
861,2006-05-10
861,2006-05-17
861,2006-05-24
861,2006-06-24
861,2006-07-04
861,2006-07-09
861,2006-07-18
861,2006-07-29
861,2006-08-22
861,2006-08-30
861,2006-09-29
861,2006-10-05
861,2006-10-20
861,2006-11-01
861,2006-12-02
861,2006-12-15
861,2007-01-24
861,2007-01-31
861,2007-02-08
861,2007-02-15
861,2007-03-06
861,2007-03-16
861,2007-04-06
861,2007-07-20
861,2007-10-11
862,2006-02-18
863,2006-02-18
863,2006-05-13
863,2006-07-06
863,2006-09-12
863,2006-10-11
863,2006-11-21
864,2006-02-18
865,2006-02-18
865,2006-02-24
865,2006-03-03
865,2006-03-09
865,2006-03-23
865,2006-03-30
865,2006-04-13
865,2006-04-29
865,2006-05-05
865,2006-05-11
865,2006-05-18
865,2006-05-24
865,2006-06-02
865,2006-06-08
865,2006-06-14
865,2006-06-21
865,2006-06-30
865,2006-07-06
865,2006-07-14
865,2006-07-19
865,2006-07-27
865,2006-08-03
865,2006-08-09
865,2006-08-17
865,2006-08-25
865,2006-08-30
865,2006-09-07
865,2006-09-14
865,2006-09-15
865,2006-09-21
865,2006-09-28
865,2006-10-05
865,2006-10-11
865,2006-10-18
865,2006-10-27
865,2006-11-03
865,2006-11-09
865,2006-11-16
865,2006-11-23
865,2006-11-30
865,2006-12-07
865,2006-12-14
865,2006-12-21
865,2006-12-28
865,2007-01-04
865,2007-01-12
865,2007-01-18
865,2007-01-26
865,2007-02-01
865,2007-02-08
865,2007-02-15
865,2007-02-22
865,2007-03-01
865,2007-03-08
865,2007-03-15
865,2007-03-22
865,2007-03-30
865,2007-04-05
865,2007-04-13
865,2007-04-19
865,2007-04-26
865,2007-05-10
865,2007-05-15
865,2007-05-24
865,2007-05-31
865,2007-06-06
865,2007-06-13
865,2007-06-27
865,2007-07-06
865,2007-07-11
865,2007-07-18
865,2007-07-25
865,2007-08-02
865,2007-08-09
865,2007-08-15
865,2007-08-18
865,2007-08-23
865,2007-08-29
865,2007-09-06
865,2007-09-13
865,2007-09-20
865,2007-09-28
865,2007-11-01
865,2007-11-16
865,2007-11-30
865,2007-12-14
865,2007-12-20
866,2006-02-18
866,2006-02-25
866,2006-03-14
866,2006-03-24
866,2006-04-14
866,2006-05-04
866,2006-05-31
866,2006-06-14
867,2006-02-18
867,2006-03-11
867,2006-03-25
867,2006-04-01
867,2006-04-08
867,2006-04-15
867,2006-04-22
867,2006-05-06
867,2006-05-20
867,2006-06-03
867,2006-06-17
867,2006-07-01
867,2006-07-15
867,2006-07-29
867,2006-08-12
867,2006-08-19
867,2006-08-26
867,2006-09-02
868,2006-02-18
868,2006-02-25
868,2006-03-04
868,2006-03-11
868,2006-03-18
869,2006-02-18
869,2006-02-25
869,2006-03-04
869,2006-03-11
869,2006-03-25
869,2006-04-01
869,2006-04-15
869,2006-04-22
869,2006-04-29
870,2006-02-18
871,2006-02-18
871,2006-02-21
871,2006-02-24
871,2006-02-25
871,2006-07-31
871,2006-08-08
871,2006-08-09
871,2006-08-19
871,2006-12-28
871,2006-12-29
871,2007-01-11
871,2007-01-19
871,2007-01-27
871,2007-02-16
871,2007-03-02
871,2007-03-06
871,2007-04-04
871,2007-04-14
871,2007-09-14
871,2007-09-26
871,2007-09-28
872,2006-02-18
872,2006-03-25
872,2006-09-12
872,2007-01-26
872,2007-02-18
872,2007-02-21
872,2007-03-02
872,2007-03-22
872,2007-06-08
872,2007-06-22
872,2007-09-24
873,2006-02-18
873,2006-03-20
873,2006-04-09
873,2006-06-02
873,2006-08-03
873,2007-02-25
873,2007-06-04
873,2007-10-25
874,2006-02-19
874,2006-07-11
875,2006-02-19
876,2006-02-19
876,2006-03-21
876,2006-04-25
877,2006-02-19
877,2006-03-02
878,2006-02-19
879,2006-02-19
879,2006-04-25
879,2006-10-06
879,2006-10-07
879,2007-01-18
879,2007-04-18
879,2007-04-20
879,2007-08-23
879,2007-08-24
880,2006-02-19
880,2006-03-02
881,2006-02-19
882,2006-02-19
882,2006-05-05
882,2006-07-07
882,2006-08-30
882,2006-10-03
882,2006-12-07
882,2007-01-26
882,2007-03-27
882,2007-05-08
882,2007-06-15
882,2007-08-24
882,2007-11-30
883,2006-02-19
883,2006-03-01
883,2006-03-07
883,2006-03-15
883,2006-04-11
883,2006-05-09
883,2006-06-27
883,2006-07-11
883,2006-07-19
883,2006-08-01
883,2006-08-02
883,2006-08-15
883,2006-08-18
883,2006-08-30
883,2006-09-01
883,2006-09-14
883,2006-09-22
883,2006-10-03
883,2006-10-17
883,2006-10-25
883,2006-11-03
883,2006-11-08
883,2006-11-18
883,2006-11-28
883,2006-12-05
883,2006-12-12
883,2006-12-19
883,2007-01-03
883,2007-01-05
883,2007-01-18
883,2007-01-26
883,2007-02-07
883,2007-02-20
883,2007-03-08
883,2007-03-27
883,2007-04-11
883,2007-06-08
883,2007-06-26
883,2007-08-02
883,2007-08-21
883,2007-08-31
883,2007-09-19
883,2007-10-31
883,2007-11-01
883,2007-11-09
883,2007-12-12
884,2006-02-20
885,2006-02-20
886,2006-02-20
886,2006-03-20
886,2006-04-11
886,2006-05-13
886,2006-07-18
886,2006-08-04
886,2006-10-27
886,2006-11-20
886,2007-04-06
886,2007-05-30
886,2007-07-06
886,2007-11-09
886,2007-12-10
887,2006-02-20
888,2006-02-20
889,2006-02-20
890,2006-02-20
891,2006-02-20
892,2006-02-20
892,2006-02-25
892,2006-03-28
893,2006-02-21
893,2006-03-22
894,2006-02-21
894,2006-03-16
894,2006-04-11
894,2006-06-01
894,2006-07-19
894,2006-07-20
894,2006-08-18
894,2006-09-09
894,2006-10-11
894,2006-11-14
894,2006-12-19
894,2007-01-17
894,2007-01-28
894,2007-02-14
894,2007-03-16
894,2007-04-18
894,2007-05-30
894,2007-07-03
894,2007-07-13
894,2007-07-14
894,2007-08-14
894,2007-12-21
895,2006-02-21
895,2006-03-03
895,2006-04-08
895,2006-05-20
895,2006-07-12
895,2006-08-05
895,2006-09-09
895,2006-10-07
895,2006-11-09
895,2006-12-15
895,2007-01-06
895,2007-03-25
895,2007-04-22
895,2007-06-27
895,2007-07-31
895,2007-08-15
895,2007-10-17
895,2007-10-30
895,2007-11-27
896,2006-02-21
896,2007-01-13
896,2007-03-16
896,2007-06-15
896,2007-08-21
896,2007-11-20
897,2006-02-21
898,2006-02-21
899,2006-02-21
899,2006-03-15
899,2006-03-16
899,2006-04-01
899,2006-04-07
899,2006-04-25
899,2006-04-27
899,2006-05-23
899,2006-05-24
899,2006-06-15
899,2006-07-07
899,2006-07-19
899,2006-08-18
899,2006-09-19
899,2006-10-17
899,2006-11-28
899,2006-12-12
899,2007-01-11
899,2007-02-07
899,2007-03-09
899,2007-04-05
899,2007-04-27
899,2007-05-17
899,2007-07-10
899,2007-07-31
899,2007-08-21
899,2007-09-18
899,2007-10-02
899,2007-10-18
899,2007-11-07
899,2007-11-29
899,2007-12-27
900,2006-02-21
900,2006-03-22
900,2006-04-26
900,2006-06-30
900,2006-07-28
900,2006-08-25
900,2006-09-28
900,2006-11-01
900,2006-11-22
900,2006-12-19
900,2007-02-03
900,2007-03-07
900,2007-04-18
900,2007-05-24
900,2007-06-16
900,2007-06-20
900,2007-07-12
900,2007-08-14
900,2007-09-20
900,2007-09-22
900,2007-10-20
900,2007-11-27
900,2007-11-29
901,2006-02-21
901,2006-11-30
902,2006-02-21
902,2006-04-01
903,2006-02-21
904,2006-02-21
905,2006-02-21
906,2006-02-21
906,2006-04-09
906,2006-05-23
906,2006-08-14
906,2006-09-08
906,2006-10-24
906,2006-11-30
906,2007-02-20
906,2007-03-08
906,2007-04-16
906,2007-05-18
906,2007-08-04
906,2007-10-01
906,2007-10-23
907,2006-02-21
907,2006-03-04
907,2006-03-29
907,2006-05-12
907,2006-09-09
907,2006-10-13
907,2007-06-28
908,2006-02-21
909,2006-02-21
909,2006-03-17
910,2006-02-21
911,2006-02-21
911,2006-05-07
911,2006-07-08
911,2007-05-30
911,2007-08-07
911,2007-10-02
911,2007-10-24
911,2007-11-22
911,2007-12-18
912,2006-02-21
912,2006-03-02
912,2006-03-08
912,2006-03-15
912,2006-03-23
913,2006-02-22
914,2006-02-22
914,2006-05-10
914,2006-08-17
914,2007-03-28
914,2007-07-04
914,2007-10-02
914,2007-12-11
915,2006-02-22
916,2006-02-22
917,2006-02-22
917,2006-02-27
918,2006-02-22
918,2006-08-22
918,2006-12-07
918,2007-01-09
918,2007-01-16
918,2007-02-10
918,2007-03-13
918,2007-04-19
918,2007-05-26
919,2006-02-22
919,2006-03-18
919,2006-04-14
919,2006-05-23
919,2006-07-06
919,2006-10-17
919,2006-12-12
919,2007-02-03
919,2007-04-04
919,2007-06-12
919,2007-07-26
919,2007-08-21
919,2007-11-06
920,2006-02-22
921,2006-02-22
922,2006-02-22
923,2006-02-22
923,2006-03-09
924,2006-02-22
924,2007-01-25
924,2007-02-22
925,2006-02-22
926,2006-02-22
926,2006-07-26
927,2006-02-22
928,2006-02-22
928,2006-03-28
928,2006-04-18
928,2006-05-04
928,2006-05-16
928,2006-07-03
929,2006-02-22
930,2006-02-22
930,2006-02-26
930,2006-03-08
930,2006-03-20
930,2006-04-20
930,2006-07-05
931,2006-02-22
932,2006-02-23
932,2006-03-30
933,2006-02-23
934,2006-02-23
934,2006-04-05
935,2006-02-23
935,2006-05-09
936,2006-02-23
937,2006-02-23
937,2007-06-19
938,2006-02-23
938,2006-04-21
938,2006-05-25
938,2006-06-27
938,2006-07-21
938,2006-08-26
938,2006-11-10
938,2007-01-16
938,2007-03-24
938,2007-06-21
938,2007-08-14
938,2007-11-18
939,2006-02-23
939,2006-03-07
939,2006-03-21
939,2006-04-04
939,2006-04-26
939,2006-05-04
939,2006-05-11
939,2006-05-23
939,2006-06-07
939,2006-06-15
939,2006-10-24
939,2006-11-07
939,2006-11-16
939,2006-11-28
939,2006-12-05
939,2006-12-13
939,2006-12-20
939,2006-12-22
939,2007-01-03
939,2007-01-16
939,2007-01-27
939,2007-02-07
939,2007-02-13
939,2007-02-20
939,2007-02-27
939,2007-03-08
939,2007-03-13
939,2007-03-21
939,2007-04-17
939,2007-04-24
939,2007-05-08
939,2007-05-22
939,2007-06-06
939,2007-06-14
939,2007-07-17
939,2007-08-28
939,2007-09-07
939,2007-09-22
939,2007-10-04
939,2007-10-23
939,2007-11-03
939,2007-11-15
939,2007-11-28
939,2007-12-11
939,2007-12-18
940,2006-02-23
940,2006-03-18
940,2006-04-27
940,2006-06-29
940,2006-07-16
940,2006-07-31
940,2006-08-11
940,2006-08-26
940,2006-09-06
940,2006-09-24
940,2006-10-08
940,2006-11-10
940,2006-11-29
940,2007-02-05
940,2007-04-10
940,2007-07-10
940,2007-10-28
941,2006-02-23
941,2006-03-05
941,2006-03-31
941,2006-04-14
941,2006-04-21
941,2006-05-15
941,2006-05-23
941,2006-06-01
941,2007-07-27
941,2007-08-02
941,2007-08-09
942,2006-02-23
942,2006-03-22
942,2006-04-25
942,2006-05-31
942,2006-06-16
942,2006-07-04
942,2006-08-08
942,2006-08-25
942,2006-09-26
942,2006-10-19
942,2006-11-18
943,2006-02-23
943,2006-03-11
943,2006-03-28
943,2006-04-14
943,2006-04-19
943,2006-04-28
943,2006-05-11
943,2006-05-26
943,2006-05-27
943,2006-06-16
943,2006-06-30
943,2006-07-15
943,2006-08-08
943,2006-08-17
943,2006-08-30
943,2006-09-05
943,2006-09-09
943,2006-09-29
943,2006-10-19
943,2006-10-31
943,2006-11-18
943,2006-12-01
943,2006-12-13
943,2007-01-09
943,2007-01-25
943,2007-02-06
943,2007-02-21
943,2007-02-23
943,2007-03-30
943,2007-04-26
943,2007-05-10
943,2007-05-16
943,2007-06-02
943,2007-06-05
943,2007-06-20
944,2006-02-23
945,2006-02-23
946,2006-02-23
946,2006-03-16
946,2006-04-24
947,2006-02-23
948,2006-02-23
949,2006-02-23
949,2006-03-28
949,2006-05-25
949,2006-06-24
949,2006-10-25
949,2007-01-25
949,2007-03-30
949,2007-06-06
949,2007-07-20
949,2007-09-25
949,2007-10-26
950,2006-02-24
951,2006-02-24
951,2006-04-21
951,2006-06-20
951,2006-09-08
951,2006-11-24
951,2007-03-02
951,2007-05-22
951,2007-08-18
951,2007-10-26
951,2007-12-14
952,2006-02-24
952,2006-03-10
952,2006-03-11
952,2006-03-21
952,2006-03-29
952,2006-04-08
952,2006-04-21
952,2006-05-03
952,2006-05-13
952,2006-05-27
952,2006-06-08
952,2006-06-22
952,2006-07-11
952,2006-08-03
952,2006-08-31
952,2006-10-04
952,2006-11-03
952,2006-12-05
952,2006-12-07
952,2007-01-03
952,2007-02-02
952,2007-03-30
952,2007-05-04
952,2007-06-02
952,2007-07-03
952,2007-08-03
952,2007-09-07
952,2007-10-04
952,2007-11-03
952,2007-11-16
952,2007-12-05
953,2006-02-24
953,2006-03-04
953,2006-03-18
953,2006-05-24
954,2006-02-24
955,2006-02-24
955,2006-03-03
955,2006-08-26
956,2006-02-24
957,2006-02-24
958,2006-02-24
959,2006-02-24
959,2006-03-03
959,2006-03-10
960,2006-02-24
961,2006-02-24
961,2006-02-27
961,2006-03-07
961,2006-03-17
961,2006-03-30
961,2006-04-10
961,2006-04-20
961,2006-05-30
961,2006-06-29
961,2006-07-20
961,2006-09-27
961,2006-10-13
961,2007-02-22
962,2006-02-24
962,2006-03-31
962,2006-05-18
962,2006-06-16
962,2006-09-01
962,2006-10-06
962,2006-12-08
962,2007-02-16
962,2007-05-04
963,2006-02-24
963,2006-03-25
963,2006-06-24
963,2006-06-28
963,2006-06-29
963,2006-07-05
963,2006-07-13
963,2006-07-21
963,2006-08-03
963,2006-08-08
963,2006-08-18
963,2006-09-05
963,2006-09-21
963,2006-10-03
963,2006-10-17
963,2006-10-31
963,2006-11-18
963,2006-11-29
963,2006-12-14
963,2007-01-09
963,2007-01-26
963,2007-02-01
963,2007-02-17
963,2007-03-31
963,2007-04-13
963,2007-05-03
963,2007-06-06
963,2007-06-27
963,2007-07-07
963,2007-07-25
964,2006-02-24
965,2006-02-24
965,2006-03-29
966,2006-02-25
966,2006-04-27
966,2006-06-07
967,2006-02-25
967,2006-03-11
967,2006-03-25
967,2006-04-08
967,2006-04-15
967,2006-04-22
967,2006-04-29
967,2006-05-06
968,2006-02-25
968,2006-05-08
968,2006-05-10
968,2006-05-31
968,2006-07-20
969,2006-02-25
970,2006-02-25
970,2006-07-05
971,2006-02-25
971,2006-03-11
971,2006-03-18
971,2006-03-25
971,2006-04-01
971,2006-04-08
971,2006-04-15
971,2006-04-22
971,2006-04-29
971,2006-05-06
971,2006-05-13
971,2006-05-20
971,2006-05-27
971,2006-06-03
972,2006-02-25
973,2006-02-25
973,2006-03-25
973,2006-06-01
973,2006-12-05
973,2006-12-28
973,2007-01-24
973,2007-02-11
973,2007-03-02
973,2007-03-31
973,2007-05-11
973,2007-11-30
973,2007-12-18
974,2006-02-25
974,2006-03-04
974,2006-03-11
974,2006-03-18
974,2006-03-25
974,2006-04-01
974,2006-04-08
974,2006-04-15
974,2006-04-22
974,2006-04-29
974,2006-05-06
974,2006-05-13
974,2006-05-20
974,2006-05-27
974,2006-06-03
974,2006-06-10
974,2006-06-17
974,2006-06-24
974,2006-07-01
974,2006-07-08
974,2006-07-15
974,2006-07-21
974,2006-07-29
974,2006-08-05
974,2006-08-12
974,2006-08-19
974,2006-08-26
974,2006-09-02
974,2006-09-09
974,2006-09-16
974,2006-09-23
974,2006-09-30
974,2006-10-07
975,2006-02-25
975,2006-04-20
975,2006-05-06
975,2006-05-19
975,2006-06-08
975,2006-06-27
975,2006-07-22
975,2006-09-22
975,2006-10-20
975,2007-06-23
976,2006-02-25
977,2006-02-25
977,2006-03-24
977,2006-06-07
977,2006-07-12
977,2006-09-14
978,2006-02-25
979,2006-02-25
979,2006-03-18
979,2006-04-29
979,2007-04-21
979,2007-06-01
980,2006-02-25
981,2006-02-25
981,2006-05-11
981,2006-12-08
981,2007-05-22
982,2006-02-25
983,2006-02-25
984,2006-02-25
985,2006-02-25
985,2006-07-05
985,2006-07-28
985,2006-08-16
985,2006-08-25
985,2006-09-07
985,2006-10-12
985,2006-10-31
985,2006-11-14
985,2006-11-25
985,2006-12-06
985,2006-12-22
985,2007-02-23
985,2007-03-19
985,2007-05-03
985,2007-05-04
986,2006-02-25
986,2006-03-07
986,2006-03-28
986,2006-04-26
986,2006-05-30
986,2006-11-03
986,2006-12-29
986,2007-03-02
986,2007-03-12
986,2007-04-04
986,2007-05-09
986,2007-06-27
987,2006-02-25
987,2006-11-29
987,2007-01-10
987,2007-02-14
987,2007-03-14
987,2007-03-27
987,2007-04-28
987,2007-06-01
987,2007-08-07
987,2007-10-06
987,2007-11-09
988,2006-02-26
988,2006-04-20
988,2006-06-15
988,2006-07-29
988,2006-09-20
988,2006-10-12
988,2006-12-20
988,2007-02-09
988,2007-04-13
988,2007-05-25
988,2007-06-01
988,2007-07-04
988,2007-08-29
988,2007-10-10
988,2007-10-11
988,2007-11-20
988,2007-12-19
989,2006-02-26
989,2006-03-08
989,2006-03-21
989,2006-04-01
989,2006-04-12
989,2006-04-25
989,2006-05-07
989,2006-05-25
989,2006-06-09
989,2006-06-11
989,2006-06-24
989,2006-07-14
989,2006-07-29
989,2006-08-19
989,2006-09-12
989,2006-10-04
989,2006-10-25
989,2006-11-10
990,2006-02-26
991,2006-02-26
991,2006-04-11
991,2007-03-13
992,2006-02-26
992,2006-03-11
992,2006-03-28
992,2007-11-28
992,2007-12-27
993,2006-02-26
993,2006-03-22
993,2006-06-13
994,2006-02-26
994,2006-04-08
995,2006-02-26
996,2006-02-26
996,2006-09-19
996,2006-10-12
996,2006-11-23
997,2006-02-27
998,2006-02-27
998,2006-05-02
998,2006-09-05
998,2006-10-19
998,2007-03-06
998,2007-05-03
998,2007-05-28
998,2007-08-26
999,2006-02-27
1000,2006-02-27
1000,2006-03-15
1001,2006-02-27
1001,2006-03-13
1002,2006-02-28
1002,2006-03-10
1002,2006-03-28
1002,2006-04-15
1002,2006-04-26
1002,2006-05-12
1002,2006-05-30
1002,2006-06-14
1003,2006-02-28
1003,2006-03-01
1003,2006-05-10
1003,2006-07-19
1003,2006-12-12
1003,2007-05-15
1003,2007-10-11
1004,2006-02-28
1004,2006-04-07
1004,2006-05-31
1004,2006-07-19
1004,2006-11-07
1004,2007-01-17
1005,2006-02-28
1005,2006-03-10
1005,2006-03-18
1005,2006-03-28
1005,2006-03-31
1005,2006-04-07
1005,2006-04-13
1005,2006-05-03
1005,2006-05-24
1005,2006-06-08
1005,2006-06-20
1005,2006-06-21
1005,2006-06-24
1005,2006-06-30
1005,2006-07-08
1005,2006-07-18
1005,2006-07-26
1005,2006-08-04
1005,2006-08-12
1005,2006-08-18
1005,2006-08-26
1005,2006-09-01
1005,2006-09-07
1005,2006-09-12
1005,2006-09-20
1005,2006-09-26
1005,2006-10-10
1005,2006-10-20
1005,2006-10-31
1005,2006-11-07
1005,2006-11-21
1005,2006-11-29
1005,2006-12-07
1005,2006-12-15
1005,2006-12-23
1005,2007-01-09
1005,2007-01-19
1005,2007-02-03
1005,2007-02-11
1005,2007-02-22
1005,2007-03-01
1005,2007-03-13
1005,2007-03-20
1005,2007-03-28
1005,2007-04-05
1005,2007-04-11
1005,2007-04-13
1005,2007-04-19
1005,2007-04-25
1005,2007-04-28
1005,2007-05-04
1005,2007-05-12
1005,2007-05-23
1005,2007-06-01
1005,2007-06-08
1005,2007-06-19
1005,2007-06-30
1005,2007-07-17
1005,2007-07-28
1005,2007-08-07
1005,2007-08-21
1005,2007-09-04
1005,2007-09-21
1005,2007-10-03
1005,2007-10-13
1005,2007-10-26
1005,2007-11-03
1005,2007-11-11
1005,2007-11-21
1005,2007-12-06
1006,2006-02-28
1006,2006-04-14
1006,2006-05-25
1006,2006-06-09
1006,2006-09-12
1006,2006-09-13
1006,2006-12-12
1006,2007-02-01
1006,2007-04-18
1006,2007-07-11
1006,2007-08-03
1006,2007-09-09
1007,2006-02-28
1007,2006-03-10
1007,2006-03-28
1007,2006-04-21
1007,2006-05-09
1007,2006-05-10
1007,2006-07-08
1007,2006-07-25
1007,2006-07-26
1007,2006-09-19
1007,2006-09-21
1007,2006-09-30
1007,2006-10-03
1007,2006-10-19
1007,2006-11-03
1007,2006-11-17
1007,2006-12-06
1007,2007-01-16
1007,2007-01-17
1007,2007-02-10
1007,2007-03-06
1008,2006-02-28
1008,2006-04-12
1008,2006-05-09
1008,2006-06-09
1008,2006-07-04
1008,2006-07-19
1008,2006-08-09
1008,2006-08-30
1008,2006-09-20
1008,2006-11-14
1008,2006-12-13
1008,2007-01-05
1008,2007-01-20
1008,2007-02-16
1008,2007-03-16
1008,2007-04-21
1008,2007-05-11
1008,2007-06-07
1008,2007-07-06
1008,2007-07-24
1008,2007-08-18
1008,2007-09-06
1008,2007-09-18
1008,2007-09-20
1008,2007-10-10
1008,2007-10-24
1008,2007-10-30
1008,2007-10-31
1008,2007-11-14
1008,2007-11-28
1008,2007-12-11
1009,2006-02-28
1009,2006-03-07
1009,2006-03-23
1009,2006-04-13
1009,2006-04-28
1009,2007-01-05
1009,2007-10-23
1010,2006-02-28
1010,2006-06-07
1010,2006-07-11
1010,2006-08-04
1010,2006-09-07
1010,2006-11-04
1010,2006-11-29
1010,2006-12-20
1010,2007-01-23
1010,2007-02-14
1010,2007-03-14
1010,2007-06-07
1011,2006-02-28
1012,2006-02-28
1012,2006-04-01
1012,2006-09-15
1012,2006-10-11
1012,2006-11-28
1012,2007-01-12
1012,2007-02-27
1012,2007-03-29
1012,2007-04-25
1012,2007-05-17
1012,2007-06-20
1012,2007-07-28
1012,2007-09-05
1012,2007-10-05
1012,2007-11-28
1013,2006-02-28
1013,2006-04-04
1013,2006-05-05
1013,2006-06-07
1013,2006-07-11
1013,2006-09-12
1013,2006-10-31
1013,2006-12-13
1013,2007-01-17
1013,2007-04-19
1013,2007-06-02
1013,2007-07-13
1013,2007-09-05
1013,2007-09-12
1013,2007-10-17
1013,2007-10-24
1013,2007-11-30
1014,2006-02-28
1014,2006-10-06
1014,2007-03-17
1014,2007-05-17
1015,2006-02-28
1015,2006-05-19
1015,2006-06-30
1016,2006-02-28
1017,2006-02-28
1018,2006-02-28
1019,2006-02-28
1019,2006-04-04
1019,2006-05-11
1020,2006-02-28
1020,2006-03-17
1020,2006-03-31
1020,2006-04-09
1020,2006-04-22
1020,2006-04-25
1020,2006-05-08
1020,2006-05-19
1020,2006-06-02
1020,2006-06-15
1020,2006-06-23
1020,2006-07-07
1020,2006-07-25
1020,2006-08-05
1020,2006-08-09
1020,2006-08-17
1020,2006-08-26
1020,2006-09-08
1020,2006-09-17
1020,2006-10-18
1020,2006-10-31
1020,2006-11-17
1020,2006-12-15
1020,2006-12-24
1020,2007-01-03
1020,2007-01-21
1020,2007-02-03
1020,2007-02-18
1020,2007-03-02
1020,2007-03-03
1020,2007-03-20
1020,2007-04-01
1020,2007-04-18
1020,2007-05-01
1020,2007-05-15
1020,2007-05-31
1020,2007-06-20
1020,2007-07-17
1020,2007-08-17
1020,2007-08-31
1020,2007-09-13
1020,2007-09-26
1020,2007-10-10
1020,2007-10-19
1020,2007-11-07
1020,2007-11-22
1020,2007-11-23
1020,2007-12-09
1020,2007-12-20
1020,2007-12-29
1021,2006-02-28
1021,2006-03-19
1021,2006-03-30
1021,2006-04-15
1021,2006-05-05
1021,2006-06-02
1021,2006-07-14
1021,2006-07-20
1021,2006-08-11
1021,2006-09-13
1021,2006-09-14
1021,2006-10-17
1021,2006-10-26
1021,2006-11-09
1021,2006-12-03
1021,2006-12-15
1021,2006-12-19
1021,2007-02-22
1021,2007-04-03
1021,2007-05-25
1021,2007-06-07
1021,2007-06-26
1021,2007-08-02
1021,2007-10-26
1021,2007-10-30
1022,2006-02-28
1022,2006-03-21
1022,2006-04-04
1022,2006-04-19
1022,2006-05-17
1023,2006-02-28
1023,2006-03-17
1023,2006-04-20
1023,2006-09-12
1024,2006-03-01
1024,2006-03-08
1024,2006-03-16
1024,2006-03-24
1024,2006-04-01
1024,2006-04-08
1024,2006-04-15
1024,2006-04-21
1024,2006-05-06
1024,2006-05-21
1024,2006-05-31
1025,2006-03-01
1026,2006-03-01
1027,2006-03-01
1028,2006-03-01
1028,2006-04-26
1028,2006-05-20
1028,2006-06-09
1028,2006-06-24
1028,2006-07-13
1028,2006-08-10
1028,2006-09-07
1028,2006-10-06
1028,2006-10-21
1028,2006-11-15
1028,2006-12-07
1028,2006-12-21
1028,2007-01-19
1028,2007-02-01
1028,2007-02-09
1028,2007-03-21
1028,2007-04-21
1028,2007-05-11
1028,2007-05-24
1028,2007-06-20
1028,2007-08-04
1028,2007-08-30
1028,2007-10-26
1028,2007-11-16
1028,2007-12-18
1029,2006-03-01
1030,2006-03-01
1030,2006-03-29
1030,2006-04-28
1030,2006-06-02
1030,2006-07-06
1031,2006-03-01
1031,2007-02-08
1032,2006-03-01
1032,2006-03-28
1032,2006-05-31
1032,2006-06-14
1032,2006-07-06
1033,2006-03-01
1033,2006-07-13
1034,2006-03-01
1035,2006-03-01
1035,2006-03-08
1035,2006-03-14
1035,2006-03-23
1035,2006-04-18
1035,2006-05-02
1035,2006-05-09
1035,2006-05-27
1035,2006-12-05
1036,2006-03-01
1036,2006-05-18
1036,2006-08-12
1036,2006-08-26
1036,2006-11-11
1036,2007-01-26
1036,2007-03-29
1036,2007-05-15
1036,2007-07-26
1037,2006-03-01
1038,2006-03-01
1038,2006-03-03
1038,2006-04-05
1038,2006-07-14
1038,2006-08-26
1039,2006-03-01
1039,2006-04-29
1039,2006-06-10
1039,2006-09-09
1039,2006-09-27
1039,2006-10-04
1039,2006-10-26
1039,2007-01-24
1039,2007-02-14
1039,2007-04-12
1039,2007-05-12
1039,2007-08-04
1039,2007-10-02
1039,2007-10-05
1039,2007-11-23
1040,2006-03-01
1040,2006-05-26
1040,2007-04-03
1041,2006-03-01
1042,2006-03-01
1043,2006-03-01
1043,2006-03-03
1043,2006-03-09
1043,2006-03-15
1043,2006-03-18
1043,2006-03-24
1043,2006-04-03
1043,2006-04-07
1043,2006-05-25
1043,2006-09-07
1043,2007-02-14
1044,2006-03-01
1044,2006-03-08
1044,2006-03-22
1044,2006-04-01
1044,2006-04-10
1044,2006-04-24
1044,2006-05-06
1044,2006-05-22
1044,2006-06-08
1044,2006-06-21
1044,2006-09-12
1044,2007-03-14
1044,2007-10-25
1044,2007-11-23
1044,2007-12-04
1044,2007-12-17
1045,2006-03-01
1045,2006-03-17
1046,2006-03-01
1047,2006-03-01
1047,2006-03-25
1047,2006-04-25
1048,2006-03-01
1048,2006-03-31
1048,2006-05-16
1048,2006-07-11
1048,2006-10-11
1048,2007-01-09
1048,2007-03-14
1048,2007-05-09
1048,2007-07-04
1048,2007-07-06
1048,2007-10-12
1049,2006-03-01
1050,2006-03-01
1051,2006-03-02
1052,2006-03-02
1053,2006-03-02
1054,2006-03-02
1055,2006-03-02
1056,2006-03-02
1056,2006-07-08
1057,2006-03-02
1058,2006-03-02
1058,2006-03-11
1058,2006-06-09
1058,2006-06-10
1058,2006-11-17
1058,2006-11-21
1059,2006-03-02
1060,2006-03-02
1060,2006-03-09
1061,2006-03-02
1061,2006-03-31
1061,2006-05-16
1061,2006-05-27
1061,2006-06-09
1061,2006-06-15
1061,2006-06-28
1061,2006-07-11
1061,2006-07-21
1061,2006-07-27
1061,2006-08-08
1061,2006-08-15
1061,2006-08-24
1061,2006-09-01
1061,2006-09-13
1061,2006-09-30
1061,2006-10-14
1061,2006-10-27
1061,2006-11-09
1061,2006-11-21
1061,2006-12-07
1061,2006-12-23
1061,2007-01-04
1061,2007-01-13
1061,2007-01-25
1061,2007-02-09
1061,2007-02-28
1061,2007-03-16
1061,2007-03-29
1061,2007-04-05
1061,2007-04-18
1061,2007-05-01
1061,2007-05-19
1061,2007-06-03
1061,2007-06-17
1061,2007-06-28
1061,2007-07-19
1061,2007-08-02
1061,2007-08-14
1061,2007-08-28
1061,2007-09-12
1061,2007-09-18
1061,2007-10-02
1061,2007-10-16
1061,2007-10-27
1061,2007-11-10
1061,2007-11-24
1061,2007-12-01
1061,2007-12-14
1061,2007-12-30
1062,2006-03-02
1063,2006-03-02
1064,2006-03-02
1064,2006-03-15
1064,2006-04-01
1064,2006-04-25
1064,2006-05-18
1064,2006-06-20
1064,2006-08-05
1064,2006-10-04
1064,2006-11-07
1064,2007-02-24
1064,2007-07-03
1065,2006-03-02
1065,2006-03-08
1065,2006-03-11
1065,2006-03-16
1065,2006-03-21
1065,2006-03-23
1065,2006-03-30
1065,2006-04-01
1065,2006-04-11
1065,2006-05-06
1065,2006-05-13
1065,2006-05-16
1066,2006-03-02
1067,2006-03-03
1068,2006-03-03
1069,2006-03-03
1069,2006-03-04
1069,2006-03-29
1069,2006-04-20
1069,2006-04-28
1069,2006-05-16
1069,2006-05-30
1069,2006-06-14
1069,2006-06-29
1069,2006-07-14
1069,2006-07-27
1069,2006-08-18
1069,2006-08-31
1069,2006-10-07
1069,2007-09-11
1070,2006-03-03
1070,2006-03-18
1071,2006-03-03
1071,2006-04-14
1071,2006-05-16
1071,2006-06-15
1071,2006-07-18
1071,2006-08-15
1071,2006-09-26
1071,2006-11-07
1071,2006-12-17
1071,2007-01-24
1071,2007-02-27
1071,2007-04-28
1071,2007-06-17
1071,2007-08-05
1071,2007-09-25
1071,2007-11-06
1072,2006-03-03
1072,2006-06-13
1072,2007-02-20
1072,2007-04-03
1072,2007-09-19
1073,2006-03-03
1073,2007-02-08
1074,2006-03-03
1074,2006-03-24
1074,2006-04-01
1074,2006-05-25
1074,2006-08-09
1074,2006-08-25
1075,2006-03-03
1076,2006-03-03
1076,2006-04-21
1076,2006-08-01
1076,2006-10-26
1076,2006-12-09
1076,2007-02-13
1076,2007-03-21
1076,2007-05-04
1076,2007-07-27
1076,2007-09-21
1076,2007-11-14
1077,2006-03-03
1077,2006-03-09
1077,2006-03-16
1077,2006-03-23
1077,2006-03-30
1077,2006-04-07
1077,2006-04-12
1077,2006-04-21
1077,2006-04-26
1077,2006-05-06
1077,2006-05-12
1077,2006-05-17
1077,2006-05-26
1077,2006-05-31
1077,2006-06-09
1077,2006-06-13
1077,2006-06-20
1077,2006-06-28
1077,2006-07-04
1077,2006-07-06
1077,2006-07-19
1077,2006-07-24
1077,2006-08-11
1077,2006-08-17
1077,2006-08-22
1077,2006-08-28
1077,2006-09-05
1077,2006-10-29
1077,2006-11-14
1077,2006-11-24
1077,2006-11-29
1077,2006-12-05
1077,2006-12-19
1077,2006-12-27
1077,2007-01-03
1077,2007-01-11
1077,2007-01-16
1077,2007-01-23
1077,2007-01-27
1077,2007-02-04
1077,2007-02-13
1077,2007-02-21
1077,2007-05-04
1077,2007-05-08
1077,2007-05-16
1077,2007-05-30
1077,2007-06-08
1077,2007-06-12
1077,2007-06-13
1077,2007-06-22
1077,2007-06-29
1077,2007-08-11
1077,2007-08-17
1077,2007-08-18
1077,2007-08-26
1077,2007-09-06
1077,2007-09-14
1078,2006-03-03
1079,2006-03-03
1079,2007-01-25
1079,2007-04-13
1080,2006-03-03
1081,2006-03-03
1081,2006-04-01
1082,2006-03-03
1082,2006-03-29
1082,2006-04-20
1082,2006-05-22
1082,2006-06-13
1082,2006-07-04
1082,2006-07-28
1082,2006-09-26
1082,2006-11-07
1082,2006-11-16
1082,2006-12-10
1082,2006-12-28
1082,2007-02-22
1082,2007-03-22
1082,2007-04-09
1082,2007-05-23
1082,2007-07-10
1082,2007-08-24
1082,2007-10-08
1082,2007-11-24
1083,2006-03-03
1083,2006-06-30
1084,2006-03-03
1085,2006-03-03
1086,2006-03-04
1086,2006-03-17
1086,2006-04-28
1086,2006-05-25
1086,2006-06-30
1086,2006-07-21
1086,2006-08-18
1086,2006-09-22
1086,2006-10-27
1086,2006-11-24
1086,2006-12-21
1086,2007-02-09
1086,2007-03-02
1086,2007-04-06
1086,2007-05-11
1086,2007-07-13
1086,2007-12-14
1087,2006-03-04
1088,2006-03-04
1088,2006-03-10
1088,2006-03-21
1088,2006-03-31
1088,2006-04-11
1089,2006-03-04
1089,2006-04-01
1089,2006-05-06
1089,2006-05-20
1089,2006-05-27
1089,2006-07-15
1089,2006-08-05
1089,2006-10-28
1090,2006-03-04
1090,2006-03-11
1090,2006-03-18
1090,2006-03-25
1090,2006-04-01
1090,2006-04-08
1090,2006-04-15
1090,2006-04-22
1091,2006-03-04
1092,2006-03-04
1093,2006-03-04
1094,2006-03-04
1094,2006-03-24
1094,2006-04-05
1094,2006-05-03
1094,2006-05-06
1094,2006-05-16
1094,2006-06-02
1094,2006-06-22
1094,2006-07-25
1094,2006-08-23
1095,2006-03-04
1095,2006-04-08
1095,2006-05-23
1095,2006-06-29
1095,2006-08-29
1095,2006-10-13
1095,2006-11-21
1095,2007-01-09
1095,2007-03-02
1095,2007-05-04
1095,2007-07-03
1095,2007-09-04
1095,2007-10-16
1095,2007-12-07
1096,2006-03-04
1096,2006-05-11
1096,2006-06-29
1096,2006-08-05
1096,2006-11-01
1097,2006-03-04
1098,2006-03-04
1099,2006-03-04
1100,2006-03-04
1101,2006-03-04
1102,2006-03-04
1103,2006-03-04
1103,2006-06-13
1103,2006-10-18
1103,2006-12-01
1103,2007-03-09
1103,2007-04-20
1103,2007-06-02
1103,2007-07-13
1103,2007-08-07
1103,2007-09-11
1103,2007-10-24
1103,2007-11-16
1103,2007-12-20
1104,2006-03-04
1104,2006-04-12
1104,2006-04-29
1104,2006-06-02
1104,2006-06-27
1104,2006-08-02
1104,2006-08-23
1104,2006-09-19
1104,2006-10-26
1104,2006-11-17
1104,2007-01-05
1104,2007-02-06
1104,2007-02-15
1104,2007-03-17
1104,2007-04-27
1104,2007-05-09
1104,2007-06-07
1104,2007-07-03
1104,2007-08-08
1104,2007-08-24
1104,2007-09-20
1104,2007-10-12
1104,2007-11-30
1105,2006-03-04
1105,2006-04-05
1105,2006-05-09
1105,2006-06-13
1105,2006-07-13
1105,2006-08-30
1105,2006-11-09
1105,2006-12-21
1106,2006-03-04
1106,2006-05-11
1106,2007-02-08
1107,2006-03-04
1107,2007-04-12
1108,2006-03-04
1108,2006-05-18
1108,2006-07-05
1108,2006-08-30
1108,2006-10-24
1108,2007-09-26
1108,2007-11-11
1109,2006-03-04
1109,2006-04-07
1109,2006-06-02
1109,2006-07-25
1109,2006-10-11
1109,2007-01-24
1109,2007-04-24
1109,2007-10-25
1110,2006-03-04
1110,2006-03-16
1110,2006-03-31
1110,2006-04-13
1110,2006-04-28
1110,2006-05-13
1110,2006-06-02
1110,2006-06-17
1111,2006-03-05
1111,2006-04-09
1111,2006-06-18
1111,2006-07-30
1111,2006-10-28
1111,2007-08-05
1112,2006-03-05
1112,2006-09-06
1113,2006-03-05
1113,2006-03-13
1113,2006-03-20
1113,2006-03-27
1113,2006-04-03
1113,2006-04-10
1114,2006-03-05
1115,2006-03-06
1115,2006-04-02
1115,2006-04-28
1115,2006-06-06
1115,2006-07-26
1115,2006-09-27
1115,2006-11-08
1115,2006-12-06
1115,2006-12-29
1115,2007-01-15
1115,2007-02-07
1115,2007-03-28
1115,2007-04-11
1115,2007-05-01
1115,2007-05-31
1115,2007-06-14
1115,2007-06-29
1115,2007-08-01
1115,2007-09-14
1115,2007-12-17
1116,2006-03-06
1116,2006-04-18
1117,2006-03-06
1118,2006-03-06
1118,2006-03-28
1118,2006-04-26
1118,2006-05-23
1118,2006-08-11
1118,2006-10-06
1118,2006-11-18
1118,2007-01-20
1118,2007-04-18
1118,2007-06-14
1118,2007-10-17
1119,2006-03-06
1119,2006-06-10
1119,2006-08-16
1119,2007-04-16
1120,2006-03-06
1121,2006-03-07
1121,2006-07-18
1121,2006-11-21
1122,2006-03-07
1123,2006-03-07
1123,2006-05-16
1123,2006-05-23
1124,2006-03-07
1124,2006-04-09
1124,2006-04-23
1124,2006-06-28
1124,2006-08-09
1124,2006-10-04
1124,2006-12-28
1124,2007-03-08
1124,2007-05-02
1124,2007-06-27
1124,2007-09-04
1124,2007-11-24
1125,2006-03-07
1125,2006-03-15
1125,2006-03-22
1125,2006-04-05
1126,2006-03-07
1127,2006-03-07
1127,2006-03-27
1127,2006-04-11
1127,2006-05-04
1127,2007-01-29
1127,2007-02-13
1127,2007-02-26
1127,2007-03-14
1127,2007-04-20
1127,2007-05-07
1127,2007-05-21
1127,2007-06-12
1127,2007-06-26
1127,2007-09-10
1127,2007-10-15
1127,2007-10-30
1127,2007-11-21
1127,2007-12-18
1128,2006-03-07
1128,2006-03-13
1128,2006-03-20
1128,2006-03-28
1128,2006-04-22
1128,2006-05-03
1128,2006-05-09
1128,2006-05-16
1128,2006-06-12
1128,2006-06-20
1128,2006-06-27
1128,2006-08-29
1128,2006-09-12
1128,2007-07-24
1129,2006-03-07
1129,2006-03-28
1129,2006-04-12
1129,2006-05-05
1129,2006-05-16
1129,2006-06-06
1129,2006-07-14
1129,2006-09-08
1130,2006-03-07
1131,2006-03-07
1132,2006-03-07
1132,2006-03-31
1132,2006-08-01
1132,2006-09-22
1132,2006-10-21
1132,2006-11-17
1132,2006-12-19
1132,2007-01-12
1132,2007-02-09
1132,2007-03-07
1132,2007-06-29
1132,2007-09-16
1132,2007-12-14
1133,2006-03-07
1133,2006-03-15
1133,2007-01-17
1133,2007-07-28
1133,2007-11-08
1133,2007-11-10
1134,2006-03-07
1134,2006-03-16
1135,2006-03-07
1135,2006-03-28
1136,2006-03-07
1137,2006-03-07
1137,2006-04-11
1137,2006-05-23
1137,2006-06-27
1137,2006-08-30
1137,2006-10-11
1137,2006-11-21
1137,2007-01-03
1137,2007-02-28
1137,2007-04-04
1138,2006-03-07
1139,2006-03-07
1139,2006-03-15
1139,2006-03-23
1139,2006-04-04
1140,2006-03-07
1140,2006-06-25
1140,2006-07-20
1140,2006-08-26
1140,2006-10-12
1140,2006-12-22
1140,2006-12-24
1140,2007-02-09
1140,2007-06-23
1140,2007-07-20
1140,2007-08-22
1140,2007-09-29
1140,2007-12-05
1141,2006-03-07
1141,2006-03-21
1141,2006-03-27
1141,2006-04-03
1141,2006-04-11
1141,2006-04-27
1141,2006-05-16
1141,2006-05-30
1141,2006-06-08
1141,2006-06-13
1141,2006-06-20
1141,2006-06-28
1141,2006-07-03
1141,2006-07-20
1141,2006-07-24
1141,2006-08-10
1141,2006-08-22
1141,2006-09-06
1141,2006-09-14
1141,2006-09-18
1141,2006-09-22
1141,2006-09-27
1141,2006-09-30
1141,2006-10-08
1141,2006-10-13
1141,2006-10-20
1141,2006-10-30
1141,2006-11-08
1141,2006-11-27
1141,2006-12-08
1141,2006-12-11
1141,2006-12-20
1141,2006-12-30
1141,2007-01-09
1141,2007-01-13
1141,2007-01-23
1141,2007-02-02
1141,2007-03-06
1141,2007-03-19
1141,2007-04-24
1141,2007-05-02
1141,2007-05-09
1141,2007-05-21
1141,2007-06-06
1141,2007-06-18
1141,2007-06-27
1141,2007-07-04
1141,2007-07-22
1141,2007-07-30
1141,2007-08-08
1142,2006-03-08
1142,2006-03-15
1142,2006-03-30
1142,2006-05-10
1143,2006-03-08
1144,2006-03-08
1145,2006-03-08
1146,2006-03-08
1146,2006-03-15
1146,2006-03-24
1146,2006-03-25
1146,2006-03-30
1146,2006-04-08
1146,2006-04-13
1146,2006-04-20
1146,2006-04-27
1146,2006-05-04
1146,2006-05-11
1146,2006-05-19
1146,2006-05-25
1146,2006-05-31
1146,2006-06-08
1146,2006-06-15
1146,2006-06-22
1146,2006-06-30
1146,2006-07-07
1146,2006-07-14
1146,2006-07-21
1146,2006-07-28
1146,2006-08-04
1146,2006-08-06
1146,2006-08-10
1146,2006-08-18
1146,2006-08-25
1146,2006-09-01
1146,2006-09-08
1146,2006-09-15
1146,2006-09-22
1146,2006-09-30
1146,2006-10-06
1146,2006-10-13
1146,2006-10-20
1146,2006-10-27
1146,2006-11-03
1146,2006-11-10
1146,2006-11-17
1146,2006-11-24
1146,2006-12-01
1146,2006-12-08
1146,2006-12-15
1146,2006-12-22
1146,2006-12-24
1146,2006-12-29
1146,2007-01-06
1146,2007-01-12
1146,2007-01-19
1146,2007-01-26
1146,2007-02-02
1146,2007-06-13
1146,2007-06-23
1146,2007-06-29
1146,2007-07-06
1146,2007-07-13
1146,2007-07-20
1146,2007-07-28
1146,2007-08-04
1146,2007-08-10
1146,2007-08-17
1146,2007-08-25
1146,2007-09-01
1146,2007-09-07
1146,2007-09-11
1146,2007-09-14
1146,2007-09-21
1146,2007-09-28
1146,2007-10-05
1146,2007-10-12
1146,2007-10-19
1146,2007-10-27
1146,2007-10-30
1146,2007-11-03
1146,2007-11-10
1146,2007-11-17
1146,2007-11-30
1146,2007-12-07
1146,2007-12-14
1146,2007-12-21
1146,2007-12-28
1147,2006-03-08
1148,2006-03-08
1148,2006-09-27
1148,2007-01-06
1149,2006-03-08
1149,2006-04-14
1149,2006-06-08
1149,2006-07-26
1149,2006-09-08
1149,2006-10-13
1149,2006-11-24
1149,2007-01-23
1149,2007-03-02
1149,2007-03-06
1149,2007-03-31
1149,2007-05-26
1149,2007-07-31
1149,2007-10-04
1149,2007-11-17
1150,2006-03-08
1150,2006-04-20
1150,2006-07-12
1150,2006-08-25
1150,2006-10-03
1150,2006-10-19
1150,2006-11-10
1150,2006-12-05
1150,2007-01-11
1150,2007-02-14
1150,2007-04-12
1150,2007-05-11
1150,2007-07-18
1150,2007-08-21
1150,2007-09-22
1151,2006-03-08
1151,2006-05-03
1151,2006-07-13
1151,2006-08-25
1151,2006-10-18
1151,2006-12-20
1151,2007-01-16
1151,2007-03-08
1151,2007-04-04
1151,2007-05-15
1151,2007-06-09
1151,2007-07-11
1151,2007-08-25
1151,2007-09-26
1151,2007-10-16
1151,2007-11-07
1151,2007-11-21
1151,2007-12-18
1152,2006-03-08
1153,2006-03-08
1154,2006-03-08
1154,2006-03-29
1155,2006-03-08
1156,2006-03-08
1156,2006-03-10
1157,2006-03-08
1158,2006-03-08
1159,2006-03-08
1159,2006-03-15
1159,2006-04-25
1159,2007-08-27
1159,2007-09-11
1160,2006-03-08
1161,2006-03-08
1162,2006-03-09
1162,2006-03-31
1162,2006-04-14
1162,2006-05-04
1162,2006-05-20
1162,2006-06-22
1162,2006-08-17
1163,2006-03-09
1163,2006-06-27
1163,2006-07-19
1163,2006-09-29
1163,2006-11-29
1163,2007-01-23
1163,2007-02-07
1163,2007-04-03
1163,2007-07-04
1163,2007-08-30
1164,2006-03-09
1164,2006-04-13
1164,2006-05-05
1164,2006-06-02
1164,2006-06-30
1164,2006-08-04
1164,2006-09-29
1164,2006-10-27
1164,2006-12-01
1164,2007-01-19
1164,2007-03-08
1164,2007-04-20
1164,2007-06-08
1164,2007-10-12
1164,2007-12-07
1165,2006-03-09
1165,2006-05-10
1165,2006-06-21
1165,2006-07-14
1165,2006-07-25
1165,2006-08-24
1165,2007-06-26
1165,2007-10-18
1166,2006-03-09
1167,2006-03-09
1167,2006-05-06
1167,2006-08-04
1167,2007-03-07
1167,2007-04-13
1167,2007-07-26
1167,2007-09-17
1167,2007-10-02
1167,2007-10-29
1167,2007-12-07
1168,2006-03-09
1168,2006-04-06
1168,2007-04-15
1169,2006-03-09
1169,2006-10-10
1170,2006-03-09
1171,2006-03-09
1172,2006-03-09
1172,2006-03-18
1172,2006-03-31
1172,2006-04-13
1172,2006-04-27
1172,2006-05-19
1173,2006-03-09
1174,2006-03-09
1175,2006-03-09
1176,2006-03-09
1177,2006-03-09
1178,2006-03-09
1178,2006-08-29
1178,2006-10-23
1178,2007-02-07
1178,2007-08-28
1178,2007-11-05
1179,2006-03-09
1179,2006-06-09
1179,2006-10-06
1179,2007-12-05
1180,2006-03-09
1180,2006-03-23
1181,2006-03-09
1181,2006-05-24
1182,2006-03-09
1183,2006-03-09
1183,2006-04-13
1183,2006-05-23
1183,2006-06-07
1183,2006-06-19
1183,2006-10-18
1183,2006-10-27
1183,2006-11-03
1184,2006-03-09
1184,2006-04-20
1185,2006-03-10
1186,2006-03-10
1186,2006-04-21
1186,2006-06-15
1186,2006-07-13
1186,2006-09-15
1186,2006-11-23
1186,2007-01-12
1186,2007-02-23
1186,2007-02-27
1186,2007-04-03
1186,2007-05-05
1186,2007-07-25
1186,2007-09-07
1186,2007-11-09
1186,2007-12-04
1187,2006-03-10
1187,2006-03-22
1187,2006-05-10
1187,2006-09-26
1187,2006-10-29
1187,2007-03-10
1188,2006-03-10
1189,2006-03-10
1189,2007-01-26
1189,2007-04-18
1189,2007-12-18
1190,2006-03-10
1190,2006-04-29
1190,2006-09-30
1191,2006-03-10
1191,2006-03-17
1191,2006-03-25
1191,2006-04-03
1191,2006-04-25
1192,2006-03-10
1193,2006-03-10
1194,2006-03-10
1195,2006-03-10
1195,2006-03-18
1196,2006-03-10
1197,2006-03-10
1198,2006-03-10
1198,2006-04-26
1199,2006-03-10
1199,2006-03-24
1199,2006-05-10
1199,2006-10-13
1199,2007-01-17
1199,2007-02-04
1199,2007-02-27
1199,2007-04-18
1199,2007-05-08
1199,2007-05-10
1199,2007-06-20
1199,2007-09-05
1199,2007-09-20
1199,2007-10-30
1200,2006-03-10
1200,2006-06-17
1201,2006-03-10
1202,2006-03-10
1202,2006-06-14
1202,2006-06-22
1203,2006-03-11
1203,2006-04-08
1203,2006-05-13
1203,2006-07-01
1203,2006-08-26
1203,2006-09-02
1203,2006-09-09
1203,2006-09-16
1203,2006-09-23
1203,2006-10-07
1203,2006-10-14
1204,2006-03-11
1204,2006-03-28
1204,2006-04-19
1204,2006-05-05
1204,2006-07-07
1204,2006-08-01
1204,2006-10-17
1204,2006-11-14
1204,2006-11-28
1204,2006-12-20
1204,2007-02-24
1205,2006-03-11
1205,2006-04-05
1205,2006-05-12
1205,2006-06-09
1205,2006-07-13
1205,2006-07-14
1205,2006-08-25
1205,2006-09-29
1205,2006-10-31
1205,2006-12-14
1205,2007-01-19
1205,2007-02-14
1205,2007-03-06
1205,2007-04-04
1205,2007-05-04
1205,2007-05-25
1205,2007-06-01
1205,2007-06-21
1205,2007-06-27
1205,2007-07-07
1205,2007-07-26
1205,2007-08-04
1205,2007-08-07
1205,2007-08-22
1205,2007-09-28
1205,2007-10-02
1205,2007-10-16
1205,2007-11-01
1205,2007-11-06
1205,2007-12-05
1205,2007-12-06
1206,2006-03-11
1207,2006-03-11
1207,2006-05-01
1207,2006-06-13
1207,2006-07-17
1207,2006-08-23
1207,2006-10-03
1207,2006-11-20
1207,2006-12-28
1207,2007-01-24
1207,2007-03-11
1207,2007-04-10
1207,2007-05-23
1207,2007-06-25
1207,2007-07-30
1207,2007-08-22
1207,2007-09-24
1207,2007-10-24
1207,2007-12-17
1208,2006-03-11
1208,2006-03-24
1208,2006-04-11
1208,2006-05-10
1208,2006-07-01
1208,2006-11-28
1208,2006-12-21
1208,2007-01-11
1208,2007-01-23
1208,2007-02-20
1208,2007-06-02
1209,2006-03-11
1210,2006-03-11
1210,2006-03-15
1211,2006-03-11
1211,2006-03-28
1211,2006-07-07
1212,2006-03-11
1212,2006-03-27
1212,2006-04-18
1212,2006-05-01
1212,2006-05-17
1213,2006-03-11
1213,2006-06-15
1213,2006-08-01
1213,2006-09-26
1213,2006-12-12
1213,2007-02-06
1213,2007-04-03
1213,2007-05-24
1213,2007-08-02
1213,2007-10-11
1213,2007-12-27
1214,2006-03-11
1214,2006-03-18
1214,2006-03-25
1214,2006-04-05
1214,2006-04-11
1214,2006-04-16
1214,2006-04-28
1214,2006-05-06
1214,2006-05-17
1214,2006-05-30
1214,2006-06-03
1214,2006-06-13
1214,2006-07-05
1214,2006-07-12
1214,2006-07-21
1214,2006-07-29
1214,2006-08-10
1215,2006-03-11
1216,2006-03-12
1217,2006-03-12
1217,2006-03-30
1217,2006-07-05
1217,2006-08-31
1217,2006-09-06
1217,2006-11-08
1217,2006-11-20
1217,2006-11-25
1218,2006-03-12
1218,2006-04-25
1218,2006-05-21
1218,2006-06-12
1218,2006-08-21
1218,2006-09-22
1218,2006-10-20
1218,2006-12-29
1218,2007-01-26
1218,2007-04-03
1218,2007-04-23
1218,2007-05-16
1218,2007-07-09
1218,2007-10-17
1219,2006-03-12
1219,2006-03-28
1219,2006-05-09
1220,2006-03-12
1220,2006-10-26
1221,2006-03-12
1221,2006-04-02
1222,2006-03-12
1223,2006-03-12
1224,2006-03-12
1224,2006-04-18
1224,2006-05-07
1224,2006-06-05
1224,2006-09-08
1225,2006-03-13
1226,2006-03-13
1227,2006-03-13
1227,2006-04-26
1227,2006-07-13
1227,2006-09-18
1227,2006-12-16
1228,2006-03-13
1228,2006-03-20
1228,2006-03-23
1228,2006-03-29
1228,2006-04-04
1228,2006-04-14
1228,2006-05-01
1228,2006-05-15
1228,2006-05-29
1228,2006-06-13
1229,2006-03-13
1229,2006-04-10
1229,2007-01-29
1230,2006-03-13
1230,2007-03-04
1231,2006-03-13
1231,2006-03-21
1231,2006-03-29
1231,2006-04-27
1231,2006-05-09
1231,2006-05-19
1231,2006-06-01
1231,2006-07-05
1231,2006-07-14
1231,2006-09-28
1231,2006-12-20
1231,2007-01-09
1231,2007-03-06
1231,2007-03-19
1231,2007-04-04
1231,2007-04-19
1231,2007-05-30
1232,2006-03-13
1233,2006-03-13
1234,2006-03-13
1235,2006-03-13
1236,2006-03-13
1237,2006-03-13
1237,2006-04-04
1237,2006-08-07
1237,2006-09-07
1238,2006-03-14
1238,2006-05-19
1239,2006-03-14
1240,2006-03-14
1240,2006-06-09
1240,2007-03-02
1241,2006-03-14
1241,2006-03-17
1241,2006-04-30
1241,2007-03-03
1242,2006-03-14
1242,2006-05-31
1242,2006-06-01
1242,2006-09-07
1242,2006-11-11
1242,2007-02-08
1242,2007-04-21
1242,2007-08-01
1242,2007-10-16
1243,2006-03-14
1243,2006-03-28
1243,2006-06-15
1244,2006-03-14
1245,2006-03-14
1246,2006-03-14
1247,2006-03-14
1248,2006-03-14
1249,2006-03-14
1250,2006-03-14
1250,2006-10-19
1250,2007-05-15
1251,2006-03-14
1251,2006-03-22
1251,2006-04-04
1251,2006-06-27
1251,2006-09-13
1251,2006-10-04
1251,2006-10-27
1251,2006-11-07
1251,2006-11-29
1251,2007-01-03
1251,2007-01-16
1251,2007-02-13
1251,2007-03-07
1251,2007-09-20
1251,2007-10-10
1252,2006-03-15
1252,2006-04-06
1253,2006-03-15
1253,2006-03-21
1254,2006-03-15
1254,2006-03-31
1255,2006-03-15
1256,2006-03-15
1256,2006-03-30
1256,2006-04-16
1256,2006-05-13
1256,2006-06-02
1256,2006-06-16
1256,2006-09-17
1256,2007-01-09
1256,2007-02-08
1257,2006-03-15
1257,2006-05-11
1258,2006-03-15
1258,2006-03-21
1258,2006-03-28
1258,2006-04-12
1258,2006-04-22
1258,2006-05-05
1258,2006-05-13
1258,2006-06-08
1258,2006-06-16
1258,2006-07-12
1258,2006-07-19
1258,2006-08-15
1258,2006-08-25
1258,2006-09-06
1258,2006-09-15
1258,2006-10-13
1258,2006-11-14
1258,2007-02-16
1258,2007-02-23
1258,2007-04-14
1258,2007-05-15
1258,2007-08-15
1259,2006-03-15
1259,2006-03-28
1259,2006-04-12
1259,2006-04-26
1259,2006-05-05
1259,2006-05-17
1259,2006-05-24
1259,2006-06-07
1259,2006-06-16
1259,2006-06-23
1259,2006-07-05
1259,2006-07-13
1259,2006-07-25
1259,2006-08-03
1259,2006-08-10
1259,2006-08-17
1259,2006-08-30
1259,2006-09-07
1259,2006-09-27
1259,2006-10-11
1259,2006-10-26
1259,2006-11-21
1259,2006-12-05
1259,2006-12-19
1259,2007-01-03
1259,2007-01-16
1259,2007-01-30
1259,2007-02-13
1259,2007-02-27
1259,2007-03-13
1259,2007-03-27
1259,2007-04-17
1259,2007-05-08
1259,2007-05-22
1259,2007-06-13
1259,2007-06-28
1259,2007-07-11
1259,2007-07-24
1259,2007-08-08
1259,2007-08-22
1259,2007-09-05
1259,2007-09-19
1259,2007-10-10
1259,2007-10-24
1259,2007-11-07
1259,2007-11-28
1259,2007-12-12
1260,2006-03-15
1260,2006-11-15
1260,2007-04-25
1260,2007-11-14
1261,2006-03-15
1261,2006-04-05
1261,2006-08-01
1261,2007-08-12
1261,2007-09-15
1262,2006-03-15
1262,2007-03-21
1262,2007-06-21
1262,2007-07-25
1262,2007-10-03
1263,2006-03-15
1263,2006-06-11
1264,2006-03-15
1265,2006-03-15
1265,2006-09-12
1265,2006-10-06
1265,2006-10-19
1265,2006-11-15
1265,2006-11-30
1265,2006-12-21
1265,2007-01-19
1265,2007-02-09
1265,2007-02-27
1265,2007-03-21
1265,2007-04-06
1265,2007-05-09
1265,2007-06-01
1265,2007-06-20
1265,2007-07-28
1265,2007-08-22
1265,2007-09-11
1265,2007-10-05
1265,2007-11-01
1265,2007-11-21
1265,2007-12-15
1266,2006-03-15
1266,2006-09-13
1266,2007-03-13
1266,2007-05-05
1266,2007-05-21
1267,2006-03-15
1267,2006-04-06
1267,2006-04-26
1267,2006-05-13
1267,2006-06-07
1267,2006-07-04
1267,2006-07-30
1267,2006-08-29
1267,2006-10-20
1267,2006-11-08
1267,2007-01-12
1267,2007-02-23
1267,2007-05-04
1267,2007-05-08
1267,2007-07-10
1267,2007-10-12
1267,2007-10-23
1268,2006-03-15
1268,2006-04-05
1268,2006-05-03
1268,2006-05-23
1268,2006-06-14
1268,2006-07-11
1268,2006-08-30
1268,2006-09-22
1268,2006-10-24
1268,2006-11-29
1268,2006-12-22
1268,2007-01-26
1268,2007-02-16
1268,2007-03-16
1268,2007-04-04
1268,2007-05-08
1268,2007-06-01
1268,2007-07-04
1268,2007-08-28
1268,2007-09-21
1268,2007-11-13
1268,2007-12-11
1269,2006-03-15
1269,2007-04-13
1269,2007-06-19
1269,2007-08-20
1269,2007-08-28
1269,2007-10-16
1269,2007-12-13
1270,2006-03-15
1270,2006-04-27
1271,2006-03-15
1272,2006-03-15
1272,2006-06-13
1272,2006-09-06
1272,2006-11-16
1272,2007-02-06
1272,2007-04-10
1272,2007-06-05
1272,2007-07-24
1273,2006-03-15
1274,2006-03-15
1274,2006-03-24
1275,2006-03-15
1275,2006-03-30
1275,2006-04-14
1275,2006-04-27
1275,2006-05-12
1275,2006-05-26
1275,2006-06-09
1275,2006-07-27
1275,2006-08-25
1276,2006-03-16
1277,2006-03-16
1277,2006-03-22
1278,2006-03-16
1278,2006-04-04
1278,2006-05-18
1278,2006-07-11
1279,2006-03-16
1280,2006-03-16
1281,2006-03-16
1281,2007-01-09
1282,2006-03-16
1282,2006-03-24
1283,2006-03-16
1283,2006-03-31
1283,2006-04-26
1283,2006-05-31
1283,2006-07-12
1283,2006-09-02
1283,2006-09-27
1283,2006-11-08
1283,2006-12-13
1283,2007-01-24
1283,2007-02-15
1283,2007-03-22
1283,2007-04-24
1283,2007-05-31
1283,2007-07-07
1283,2007-08-30
1283,2007-09-25
1283,2007-10-19
1283,2007-11-28
1284,2006-03-16
1285,2006-03-16
1286,2006-03-16
1287,2006-03-16
1288,2006-03-16
1288,2006-05-03
1288,2006-07-18
1288,2006-11-09
1288,2007-02-09
1288,2007-04-11
1288,2007-06-08
1288,2007-08-07
1288,2007-11-25
1289,2006-03-16
1289,2006-04-24
1290,2006-03-16
1290,2006-03-18
1290,2006-03-19
1290,2006-03-28
1290,2006-08-08
1290,2006-09-22
1290,2006-11-01
1290,2007-02-26
1291,2006-03-16
1291,2006-09-14
1292,2006-03-16
1293,2006-03-16
1293,2006-03-23
1294,2006-03-16
1295,2006-03-16
1295,2006-09-11
1295,2007-01-02
1296,2006-03-16
1296,2006-03-23
1296,2006-03-30
1296,2006-04-21
1296,2006-04-27
1296,2006-05-04
1296,2006-05-11
1296,2006-05-18
1296,2006-06-01
1296,2006-06-08
1296,2006-06-15
1296,2006-06-22
1296,2006-07-13
1296,2006-07-18
1296,2006-08-01
1296,2006-08-27
1296,2006-09-06
1296,2006-09-14
1296,2006-09-20
1296,2006-10-20
1296,2006-11-07
1296,2006-11-18
1296,2006-11-30
1296,2006-12-08
1296,2007-02-01
1296,2007-03-29
1296,2007-08-05
1296,2007-10-02
1297,2006-03-17
1298,2006-03-17
1298,2006-04-05
1298,2006-04-20
1298,2006-05-10
1299,2006-03-17
1299,2006-04-26
1299,2006-07-13
1299,2006-11-23
1299,2007-05-10
1300,2006-03-17
1300,2006-04-03
1301,2006-03-17
1301,2006-05-23
1301,2006-10-10
1301,2007-05-08
1302,2006-03-17
1303,2006-03-17
1303,2006-03-23
1303,2006-03-31
1303,2006-04-27
1303,2006-05-11
1303,2006-05-20
1303,2006-05-27
1303,2006-11-14
1303,2006-11-24
1303,2006-12-02
1303,2007-01-31
1303,2007-09-18
1303,2007-09-28
1303,2007-10-03
1303,2007-10-11
1304,2006-03-17
1304,2006-06-08
1305,2006-03-17
1306,2006-03-17
1306,2006-04-04
1306,2006-05-21
1306,2006-07-12
1306,2006-07-21
1306,2006-08-07
1306,2006-08-25
1306,2006-09-03
1306,2006-09-10
1306,2006-09-23
1306,2006-10-07
1306,2006-10-28
1306,2006-12-01
1306,2006-12-14
1306,2006-12-29
1306,2007-01-13
1306,2007-01-27
1306,2007-02-10
1306,2007-02-24
1306,2007-03-10
1306,2007-03-24
1306,2007-04-14
1306,2007-04-29
1306,2007-06-08
1306,2007-07-07
1306,2007-07-25
1306,2007-08-03
1306,2007-08-11
1306,2007-08-30
1306,2007-09-28
1306,2007-10-19
1306,2007-11-09
1306,2007-11-24
1306,2007-12-15
1307,2006-03-17
1308,2006-03-17
1309,2006-03-17
1310,2006-03-17
1311,2006-03-17
1311,2006-03-25
1311,2006-04-12
1311,2006-04-29
1311,2006-05-10
1311,2006-05-16
1311,2006-05-31
1311,2006-06-13
1311,2006-06-27
1311,2006-07-07
1311,2006-07-13
1311,2006-09-08
1311,2006-09-14
1311,2006-09-20
1311,2006-09-26
1311,2006-10-13
1311,2006-10-27
1311,2006-11-10
1311,2006-11-22
1311,2006-11-25
1311,2006-12-05
1311,2006-12-29
1311,2007-01-05
1311,2007-01-16
1311,2007-01-27
1311,2007-02-06
1311,2007-04-07
1311,2007-04-21
1311,2007-05-12
1311,2007-09-22
1311,2007-09-25
1311,2007-10-23
1311,2007-11-16
1311,2007-11-17
1311,2007-12-05
1311,2007-12-07
1312,2006-03-17
1313,2006-03-17
1313,2006-04-19
1314,2006-03-17
1315,2006-03-17
1315,2006-07-22
1315,2006-08-01
1315,2006-09-02
1315,2006-09-22
1315,2006-10-18
1315,2006-11-15
1315,2006-12-07
1315,2006-12-30
1315,2007-02-03
1315,2007-02-27
1315,2007-03-24
1315,2007-03-28
1315,2007-05-02
1315,2007-05-22
1315,2007-06-19
1315,2007-06-29
1315,2007-07-26
1315,2007-08-31
1315,2007-10-04
1315,2007-10-31
1315,2007-11-27
1316,2006-03-17
1316,2006-07-07
1316,2006-09-19
1316,2006-10-28
1316,2006-12-13
1316,2007-02-06
1316,2007-04-27
1316,2007-06-22
1316,2007-09-04
1316,2007-10-30
1316,2007-12-19
1317,2006-03-17
1318,2006-03-17
1318,2006-03-30
1318,2006-04-19
1318,2006-05-05
1318,2006-05-27
1318,2006-06-21
1318,2006-07-29
1318,2006-08-18
1318,2006-09-15
1318,2006-10-21
1318,2006-11-24
1318,2007-05-12
1318,2007-06-15
1319,2006-03-18
1319,2006-03-29
1319,2006-05-02
1319,2006-06-21
1319,2006-07-10
1319,2006-08-22
1319,2006-08-29
1319,2006-09-07
1319,2006-09-18
1319,2006-09-27
1319,2006-10-23
1319,2006-11-29
1319,2006-12-26
1319,2007-01-09
1319,2007-01-18
1319,2007-02-05
1319,2007-02-26
1319,2007-03-14
1319,2007-04-23
1319,2007-05-03
1319,2007-05-10
1319,2007-05-29
1319,2007-06-14
1319,2007-06-26
1319,2007-07-17
1319,2007-08-17
1319,2007-09-06
1319,2007-10-08
1319,2007-10-17
1319,2007-11-12
1319,2007-12-03
1320,2006-03-18
1320,2006-05-06
1320,2006-07-13
1320,2006-09-05
1320,2006-11-07
1320,2007-01-04
1320,2007-02-28
1320,2007-04-11
1320,2007-06-07
1320,2007-08-01
1320,2007-10-02
1320,2007-12-04
1321,2006-03-18
1322,2006-03-18
1322,2006-03-28
1323,2006-03-18
1323,2006-04-22
1323,2006-04-29
1323,2006-05-06
1323,2006-05-13
1323,2006-06-03
1323,2006-06-10
1323,2006-06-17
1323,2006-07-08
1323,2006-07-21
1323,2006-09-09
1323,2006-10-07
1323,2006-10-14
1323,2006-10-21
1323,2006-10-28
1323,2006-11-25
1323,2006-12-16
1323,2006-12-23
1323,2006-12-30
1323,2007-01-06
1323,2007-01-13
1323,2007-02-03
1323,2007-02-10
1323,2007-03-03
1323,2007-03-10
1323,2007-04-07
1323,2007-04-28
1324,2006-03-18
1324,2006-05-06
1324,2006-05-13
1324,2006-06-03
1324,2006-07-01
1324,2006-07-08
1324,2006-08-05
1324,2006-08-12
1324,2006-08-26
1324,2006-09-02
1324,2006-09-09
1324,2006-09-16
1324,2006-09-23
1324,2006-09-30
1324,2006-10-07
1324,2006-10-14
1324,2006-10-21
1324,2006-10-28
1324,2006-11-04
1324,2006-11-11
1325,2006-03-18
1325,2006-04-01
1325,2006-04-08
1325,2006-04-15
1325,2006-04-22
1325,2006-04-29
1325,2006-05-06
1325,2006-05-27
1325,2006-06-17
1325,2006-07-01
1325,2006-07-08
1325,2006-07-15
1326,2006-03-18
1326,2006-03-31
1326,2006-04-28
1326,2006-05-24
1326,2006-07-05
1326,2006-08-18
1326,2006-10-10
1326,2006-11-29
1326,2007-01-04
1326,2007-02-27
1326,2007-03-01
1326,2007-04-03
1326,2007-05-04
1326,2007-05-30
1326,2007-07-05
1326,2007-08-01
1326,2007-09-04
1326,2007-10-12
1326,2007-11-06
1326,2007-12-04
1327,2006-03-18
1327,2006-03-24
1328,2006-03-18
1328,2006-03-30
1328,2006-04-08
1328,2006-05-18
1328,2006-05-27
1328,2006-06-03
1328,2006-06-14
1329,2006-03-18
1329,2006-04-04
1329,2006-04-28
1329,2006-06-13
1329,2006-07-22
1329,2006-10-03
1329,2007-01-10
1330,2006-03-18
1331,2006-03-18
1331,2006-05-17
1331,2006-05-18
1331,2006-05-24
1331,2006-06-13
1331,2006-09-05
1331,2006-10-05
1331,2006-10-28
1331,2006-12-05
1331,2007-01-10
1331,2007-01-30
1331,2007-03-06
1331,2007-03-27
1331,2007-10-09
1331,2007-11-22
1332,2006-03-18
1332,2006-04-01
1332,2006-04-22
1333,2006-03-18
1333,2006-10-06
1333,2007-08-09
1334,2006-03-18
1335,2006-03-18
1335,2007-02-09
1335,2007-02-27
1336,2006-03-19
1336,2006-12-22
1336,2007-01-05
1337,2006-03-19
1337,2006-04-23
1337,2006-06-08
1337,2006-08-14
1337,2006-09-21
1337,2006-10-26
1337,2006-11-23
1337,2006-12-22
1337,2007-01-31
1337,2007-03-04
1337,2007-06-05
1337,2007-07-12
1337,2007-09-02
1337,2007-10-20
1337,2007-12-20
1338,2006-03-19
1338,2006-05-31
1338,2006-09-30
1338,2007-01-24
1338,2007-04-17
1338,2007-06-29
1339,2006-03-19
1340,2006-03-20
1341,2006-03-20
1342,2006-03-20
1343,2006-03-20
1343,2006-12-28
1343,2007-08-13
1343,2007-11-17
1344,2006-03-20
1345,2006-03-21
1345,2006-12-19
1346,2006-03-21
1346,2006-04-23
1346,2006-05-20
1346,2006-06-28
1346,2006-08-09
1346,2006-09-26
1346,2006-11-19
1346,2007-01-03
1346,2007-02-27
1346,2007-04-25
1346,2007-07-04
1346,2007-07-17
1346,2007-09-06
1346,2007-11-08
1347,2006-03-21
1347,2006-04-07
1348,2006-03-21
1348,2006-04-25
1348,2006-05-27
1348,2006-07-11
1348,2006-09-02
1348,2006-09-15
1348,2006-10-27
1348,2006-12-14
1348,2007-01-26
1348,2007-03-09
1348,2007-04-27
1348,2007-06-27
1348,2007-08-21
1348,2007-10-17
1348,2007-11-29
1349,2006-03-21
1349,2006-03-22
1349,2006-04-05
1349,2006-04-13
1349,2006-05-13
1349,2006-08-02
1349,2006-09-26
1349,2006-11-04
1349,2006-12-13
1349,2007-11-20
1350,2006-03-21
1350,2006-04-11
1350,2006-05-06
1350,2006-06-16
1350,2006-07-12
1350,2006-07-25
1350,2006-08-23
1350,2006-09-06
1350,2006-09-12
1350,2006-09-16
1350,2006-10-03
1350,2006-10-11
1350,2006-10-27
1351,2006-03-21
1352,2006-03-21
1353,2006-03-21
1353,2006-09-23
1353,2007-03-31
1353,2007-04-03
1353,2007-09-14
1354,2006-03-21
1355,2006-03-21
1355,2006-05-18
1355,2006-10-18
1355,2007-01-17
1355,2007-08-22
1355,2007-11-18
1356,2006-03-21
1356,2006-03-28
1356,2006-04-12
1356,2006-05-01
1356,2006-05-30
1356,2006-06-20
1356,2006-07-08
1356,2006-08-07
1356,2006-08-31
1356,2006-09-27
1356,2006-10-30
1356,2006-11-23
1356,2006-12-17
1356,2007-01-16
1356,2007-02-10
1356,2007-03-06
1356,2007-03-08
1356,2007-03-21
1356,2007-04-12
1356,2007-05-05
1356,2007-06-05
1356,2007-07-12
1356,2007-08-07
1356,2007-09-11
1356,2007-10-09
1356,2007-11-14
1356,2007-12-26
1357,2006-03-21
1357,2006-11-08
1357,2007-02-13
1357,2007-03-09
1358,2006-03-21
1359,2006-03-21
1359,2006-05-11
1359,2006-06-02
1359,2006-07-02
1359,2007-02-03
1360,2006-03-21
1361,2006-03-21
1361,2006-04-06
1361,2006-04-22
1361,2006-05-18
1361,2006-06-16
1361,2006-07-13
1361,2006-08-10
1361,2006-09-02
1361,2006-10-04
1361,2006-10-29
1361,2006-11-26
1361,2006-12-21
1362,2006-03-21
1362,2006-04-04
1362,2006-04-06
1362,2006-04-11
1362,2006-04-19
1362,2006-04-25
1362,2006-04-28
1362,2006-05-05
1362,2006-05-10
1362,2006-05-13
1362,2006-05-25
1362,2006-06-09
1362,2006-06-14
1362,2006-06-18
1362,2006-06-27
1362,2006-07-04
1362,2006-07-06
1362,2006-07-21
1362,2006-08-09
1362,2006-08-24
1362,2006-09-21
1362,2006-10-20
1362,2006-11-03
1362,2006-11-21
1362,2006-12-09
1362,2006-12-27
1362,2007-01-18
1363,2006-03-21
1363,2006-04-16
1363,2006-06-02
1363,2006-07-01
1363,2006-07-29
1363,2006-09-07
1363,2006-10-17
1363,2006-11-08
1363,2006-12-11
1363,2007-02-02
1364,2006-03-21
1365,2006-03-21
1366,2006-03-21
1366,2006-04-06
1366,2006-07-07
1366,2006-08-04
1366,2006-08-18
1366,2006-08-28
1366,2006-09-14
1366,2006-09-16
1367,2006-03-21
1367,2006-04-05
1367,2006-04-07
1367,2006-04-25
1367,2006-05-19
1367,2006-06-14
1367,2006-06-30
1367,2006-07-13
1368,2006-03-21
1368,2006-09-14
1368,2006-09-24
1368,2006-10-13
1368,2006-11-01
1368,2006-11-25
1369,2006-03-21
1369,2006-11-21
1369,2007-09-21
1370,2006-03-21
1370,2006-04-12
1370,2006-06-01
1370,2006-07-11
1370,2006-09-14
1370,2006-10-21
1370,2007-01-18
1370,2007-03-11
1370,2007-05-17
1370,2007-06-28
1370,2007-08-14
1370,2007-10-13
1371,2006-03-21
1372,2006-03-21
1372,2006-03-29
1373,2006-03-22
1373,2006-04-11
1373,2006-05-03
1373,2006-06-13
1373,2006-08-08
1373,2007-11-30
1374,2006-03-22
1375,2006-03-22
1375,2006-04-20
1375,2006-05-21
1375,2006-06-18
1375,2006-07-16
1375,2006-07-28
1375,2006-09-27
1375,2006-10-29
1375,2006-12-03
1375,2007-01-14
1375,2007-02-17
1375,2007-03-18
1375,2007-04-27
1375,2007-05-25
1375,2007-06-28
1375,2007-07-28
1375,2007-09-12
1375,2007-10-12
1375,2007-12-09
1376,2006-03-22
1376,2006-04-26
1376,2006-06-15
1376,2006-06-16
1376,2006-07-28
1376,2006-09-13
1376,2006-10-26
1376,2006-12-06
1376,2007-01-10
1376,2007-02-06
1376,2007-03-20
1376,2007-04-18
1376,2007-05-17
1376,2007-07-04
1376,2007-08-28
1376,2007-09-26
1376,2007-10-24
1376,2007-11-23
1377,2006-03-22
1377,2006-03-28
1377,2006-03-31
1377,2006-05-25
1377,2006-06-03
1377,2006-06-29
1378,2006-03-22
1378,2006-05-06
1378,2006-06-13
1378,2006-10-21
1379,2006-03-22
1380,2006-03-22
1381,2006-03-22
1382,2006-03-22
1382,2006-04-26
1382,2006-05-19
1382,2006-08-02
1382,2006-09-27
1382,2006-10-27
1382,2006-12-07
1383,2006-03-22
1383,2006-04-07
1383,2006-04-27
1384,2006-03-22
1385,2006-03-22
1385,2006-04-14
1386,2006-03-22
1387,2006-03-22
1387,2006-04-12
1388,2006-03-22
1388,2006-04-20
1388,2006-05-03
1388,2006-05-25
1388,2006-07-01
1388,2006-08-29
1389,2006-03-23
1389,2006-04-05
1389,2006-04-19
1389,2006-05-03
1389,2006-05-17
1389,2006-05-31
1389,2006-06-20
1389,2006-07-11
1389,2006-07-26
1389,2006-08-17
1389,2006-09-06
1389,2006-09-27
1389,2006-10-21
1389,2006-11-07
1389,2006-12-05
1389,2006-12-30
1389,2007-01-11
1389,2007-01-24
1389,2007-02-06
1389,2007-02-28
1389,2007-03-20
1389,2007-04-11
1389,2007-05-01
1389,2007-05-16
1389,2007-06-05
1389,2007-06-26
1389,2007-07-10
1389,2007-07-31
1389,2007-08-15
1389,2007-09-05
1389,2007-09-26
1389,2007-10-18
1389,2007-11-09
1389,2007-11-27
1389,2007-12-11
1389,2007-12-22
1390,2006-03-23
1391,2006-03-23
1391,2006-03-30
1391,2006-04-08
1391,2006-04-12
1391,2007-09-21
1392,2006-03-23
1393,2006-03-23
1393,2006-04-25
1393,2006-05-24
1393,2006-07-05
1393,2006-08-10
1393,2006-08-26
1393,2006-10-10
1393,2006-11-15
1393,2006-12-13
1393,2007-01-13
1393,2007-03-06
1393,2007-04-18
1393,2007-06-06
1393,2007-07-25
1393,2007-10-04
1393,2007-11-13
1394,2006-03-23
1394,2006-07-26
1394,2006-11-30
1395,2006-03-23
1395,2006-03-27
1395,2006-03-31
1395,2006-04-07
1395,2006-04-14
1395,2006-04-21
1395,2006-04-28
1395,2006-05-05
1395,2006-05-12
1395,2006-05-19
1395,2006-05-24
1395,2006-06-02
1395,2006-06-09
1395,2006-06-14
1395,2006-06-21
1395,2006-06-28
1395,2006-07-05
1395,2006-07-12
1395,2006-07-18
1395,2006-07-26
1395,2006-08-02
1395,2006-08-09
1395,2006-08-17
1395,2006-08-23
1395,2006-08-30
1395,2006-09-06
1395,2006-09-13
1395,2006-09-21
1395,2006-09-27
1395,2006-10-04
1395,2006-10-11
1395,2006-10-18
1395,2006-10-25
1395,2006-11-01
1395,2006-11-08
1395,2006-11-15
1395,2006-11-22
1395,2006-11-29
1395,2006-12-06
1395,2006-12-14
1395,2006-12-20
1395,2006-12-27
1395,2007-01-03
1395,2007-01-10
1395,2007-01-24
1395,2007-01-30
1395,2007-02-08
1395,2007-02-14
1395,2007-02-22
1395,2007-03-06
1395,2007-03-15
1395,2007-03-27
1395,2007-04-04
1395,2007-04-12
1395,2007-04-18
1395,2007-05-03
1395,2007-05-10
1395,2007-05-16
1395,2007-05-24
1395,2007-05-31
1395,2007-06-06
1395,2007-06-23
1395,2007-07-04
1395,2007-07-11
1395,2007-07-18
1395,2007-07-25
1395,2007-08-02
1395,2007-08-08
1395,2007-08-21
1395,2007-08-28
1395,2007-09-04
1395,2007-09-12
1395,2007-09-19
1395,2007-09-26
1395,2007-10-05
1395,2007-10-12
1395,2007-10-17
1395,2007-10-19
1395,2007-10-26
1395,2007-11-03
1395,2007-11-14
1395,2007-11-21
1395,2007-12-08
1395,2007-12-15
1395,2007-12-19
1395,2007-12-24
1396,2006-03-23
1396,2006-03-28
1396,2006-04-12
1397,2006-03-23
1397,2006-05-10
1397,2006-07-17
1397,2006-09-20
1397,2006-11-16
1397,2006-11-21
1397,2007-01-05
1397,2007-02-09
1398,2006-03-23
1398,2006-04-29
1399,2006-03-23
1400,2006-03-23
1400,2006-03-28
1401,2006-03-23
1402,2006-03-24
1402,2006-03-30
1402,2006-04-05
1402,2006-04-13
1402,2006-04-22
1402,2006-05-04
1402,2006-05-16
1402,2006-06-20
1402,2006-06-29
1402,2006-07-14
1402,2006-07-20
1402,2006-07-27
1402,2006-08-15
1402,2006-09-07
1402,2006-09-21
1402,2006-10-20
1402,2007-01-18
1402,2007-02-01
1402,2007-02-22
1402,2007-03-23
1402,2007-05-01
1402,2007-10-17
1403,2006-03-24
1403,2006-05-06
1404,2006-03-24
1405,2006-03-24
1405,2006-04-12
1405,2006-04-22
1406,2006-03-24
1407,2006-03-24
1407,2006-05-03
1407,2006-05-27
1407,2006-06-11
1407,2006-07-12
1407,2006-07-29
1407,2006-08-24
1407,2006-09-15
1407,2006-10-11
1407,2006-11-03
1407,2006-11-29
1407,2006-12-22
1407,2007-01-30
1407,2007-03-03
1407,2007-03-23
1407,2007-04-13
1407,2007-05-15
1407,2007-06-08
1407,2007-06-24
1407,2007-07-17
1407,2007-08-03
1407,2007-08-24
1407,2007-09-09
1407,2007-09-26
1407,2007-10-13
1407,2007-11-01
1407,2007-11-13
1407,2007-11-25
1407,2007-12-08
1407,2007-12-21
1408,2006-03-24
1408,2006-04-30
1408,2006-10-28
1408,2006-11-14
1408,2006-12-02
1408,2007-01-04
1408,2007-01-25
1408,2007-02-09
1408,2007-03-04
1408,2007-03-30
1408,2007-05-03
1408,2007-06-03
1408,2007-07-12
1408,2007-08-15
1408,2007-10-05
1408,2007-11-29
1409,2006-03-24
1409,2006-04-05
1409,2006-06-24
1409,2006-06-25
1409,2006-07-14
1409,2006-07-29
1409,2006-07-30
1409,2006-08-05
1409,2006-08-19
1409,2006-09-02
1409,2006-10-07
1409,2006-11-10
1409,2006-11-25
1409,2006-12-03
1409,2006-12-13
1409,2007-01-13
1409,2007-02-02
1409,2007-02-23
1409,2007-04-01
1409,2007-04-29
1409,2007-05-25
1409,2007-06-08
1409,2007-06-28
1409,2007-07-17
1409,2007-08-03
1409,2007-08-31
1409,2007-10-05
1409,2007-10-27
1409,2007-11-15
1409,2007-12-01
1409,2007-12-28
1410,2006-03-24
1411,2006-03-24
1411,2006-05-30
1411,2006-07-25
1411,2006-09-30
1411,2006-12-01
1411,2007-02-07
1411,2007-03-07
1411,2007-04-21
1411,2007-06-22
1411,2007-08-17
1411,2007-10-19
1411,2007-12-08
1412,2006-03-24
1413,2006-03-24
1413,2006-04-13
1414,2006-03-24
1414,2006-04-01
1414,2006-04-07
1414,2006-04-14
1414,2006-04-28
1414,2006-05-08
1414,2006-05-16
1414,2006-05-31
1415,2006-03-24
1415,2006-04-13
1416,2006-03-24
1416,2006-03-31
1417,2006-03-24
1418,2006-03-24
1418,2006-10-11
1419,2006-03-24
1420,2006-03-24
1420,2006-03-27
1420,2006-04-10
1421,2006-03-24
1421,2006-05-04
1421,2006-06-17
1421,2006-07-13
1421,2006-09-27
1421,2006-10-10
1421,2006-12-07
1421,2007-02-07
1421,2007-02-18
1421,2007-03-21
1421,2007-06-06
1422,2006-03-24
1422,2006-04-03
1422,2006-04-09
1422,2006-05-09
1422,2006-06-01
1422,2006-06-16
1422,2006-07-26
1422,2006-09-16
1422,2006-11-24
1422,2007-02-02
1422,2007-03-14
1422,2007-03-21
1422,2007-04-12
1422,2007-05-22
1422,2007-06-26
1422,2007-08-16
1422,2007-10-04
1422,2007-12-17
1423,2006-03-25
1423,2006-04-08
1423,2006-04-15
1423,2006-04-22
1423,2006-04-29
1423,2006-05-06
1423,2006-05-13
1423,2006-05-20
1423,2006-05-27
1423,2006-06-03
1423,2006-06-10
1423,2006-06-17
1423,2006-07-01
1423,2006-07-08
1423,2006-07-15
1423,2006-07-21
1423,2006-07-29
1423,2006-08-12
1423,2007-05-05
1424,2006-03-25
1424,2006-04-13
1424,2006-06-02
1424,2006-11-30
1424,2007-04-19
1424,2007-07-10
1424,2007-09-26
1425,2006-03-25
1426,2006-03-25
1426,2006-03-31
1427,2006-03-25
1428,2006-03-25
1428,2006-04-07
1428,2006-04-09
1428,2006-05-21
1428,2006-07-20
1428,2006-08-18
1428,2006-09-07
1428,2006-09-21
1428,2006-10-04
1428,2006-10-29
1428,2006-11-23
1428,2006-12-20
1428,2007-01-18
1428,2007-02-23
1428,2007-03-15
1428,2007-03-29
1428,2007-04-12
1428,2007-05-10
1428,2007-06-05
1428,2007-06-20
1428,2007-07-12
1428,2007-07-27
1428,2007-08-21
1429,2006-03-25
1429,2006-03-29
1430,2006-03-25
1431,2006-03-25
1431,2006-03-29
1431,2007-09-15
1432,2006-03-25
1432,2006-04-17
1432,2006-07-03
1433,2006-03-25
1433,2006-04-04
1433,2007-04-26
1433,2007-09-23
1433,2007-10-21
1433,2007-11-25
1433,2007-12-30
1434,2006-03-25
1435,2006-03-25
1435,2006-08-25
1435,2006-09-08
1436,2006-03-25
1436,2006-07-29
1436,2006-08-05
1436,2006-08-12
1436,2006-08-19
1436,2006-08-26
1436,2006-09-02
1437,2006-03-25
1437,2006-04-01
1438,2006-03-25
1438,2006-07-21
1438,2006-07-29
1438,2006-08-05
1438,2006-08-19
1438,2006-08-26
1439,2006-03-25
1439,2006-04-01
1439,2006-04-08
1439,2006-04-15
1439,2006-04-22
1439,2006-05-06
1439,2006-05-13
1439,2006-05-20
1439,2006-05-27
1439,2006-06-03
1440,2006-03-25
1441,2006-03-25
1441,2006-07-21
1441,2006-07-29
1441,2006-08-05
1441,2006-08-12
1441,2006-08-19
1441,2006-08-26
1441,2006-09-02
1441,2006-09-09
1442,2006-03-25
1442,2006-04-01
1442,2006-04-15
1443,2006-03-25
1443,2006-08-30
1443,2006-10-04
1443,2006-11-07
1443,2006-11-25
1443,2007-01-03
1443,2007-02-21
1443,2007-03-13
1443,2007-04-07
1443,2007-04-11
1443,2007-04-27
1443,2007-05-23
1443,2007-06-09
1443,2007-06-28
1443,2007-07-28
1443,2007-09-04
1443,2007-09-20
1443,2007-09-27
1443,2007-10-18
1443,2007-11-13
1443,2007-12-05
1444,2006-03-25
1444,2006-07-27
1445,2006-03-25
1445,2006-06-14
1445,2006-07-19
1445,2006-09-14
1445,2006-11-20
1445,2007-02-14
1445,2007-04-27
1446,2006-03-25
1447,2006-03-25
1447,2006-09-16
1448,2006-03-25
1448,2006-05-04
1449,2006-03-25
1450,2006-03-25
1451,2006-03-25
1452,2006-03-25
1453,2006-03-26
1453,2006-05-11
1454,2006-03-26
1454,2006-04-26
1454,2006-05-25
1454,2006-06-24
1454,2006-09-06
1454,2006-11-04
1454,2006-12-08
1454,2007-01-05
1454,2007-02-02
1454,2007-03-01
1454,2007-03-08
1454,2007-04-06
1454,2007-04-13
1454,2007-05-25
1454,2007-06-29
1454,2007-09-06
1454,2007-11-15
1455,2006-03-26
1455,2006-04-19
1455,2006-05-05
1455,2006-05-19
1455,2006-05-26
1455,2006-07-07
1456,2006-03-26
1457,2006-03-26
1458,2006-03-27
1459,2006-03-27
1460,2006-03-27
1461,2006-03-27
1462,2006-03-27
1463,2006-03-27
1463,2006-04-11
1463,2006-04-14
1464,2006-03-28
1465,2006-03-28
1466,2006-03-28
1467,2006-03-28
1467,2006-05-08
1467,2006-10-17
1467,2007-11-08
1468,2006-03-28
1468,2007-04-19
1469,2006-03-28
1469,2007-09-11
1469,2007-09-18
1469,2007-09-25
1469,2007-10-02
1469,2007-10-05
1469,2007-10-09
1469,2007-10-17
1469,2007-10-23
1469,2007-10-25
1469,2007-11-01
1469,2007-11-06
1469,2007-12-04
1470,2006-03-28
1470,2006-04-14
1471,2006-03-28
1471,2006-05-10
1471,2006-06-15
1471,2006-08-01
1471,2006-09-25
1471,2006-11-11
1471,2006-12-23
1471,2007-02-01
1471,2007-03-14
1471,2007-04-18
1471,2007-05-23
1471,2007-06-20
1471,2007-08-09
1471,2007-09-19
1471,2007-11-02
1471,2007-12-11
1472,2006-03-28
1473,2006-03-28
1473,2006-05-18
1473,2006-07-07
1473,2006-08-30
1474,2006-03-28
1474,2006-04-21
1474,2006-09-16
1474,2006-09-30
1474,2006-10-10
1474,2006-10-24
1474,2006-11-17
1474,2006-11-30
1474,2006-12-11
1474,2007-01-13
1474,2007-02-02
1474,2007-02-13
1474,2007-02-21
1474,2007-03-14
1474,2007-04-17
1474,2007-05-18
1474,2007-06-21
1474,2007-07-12
1475,2006-03-28
1476,2006-03-28
1476,2006-05-25
1476,2006-08-06
1476,2006-09-21
1476,2006-11-01
1476,2006-11-25
1476,2007-03-06
1476,2007-08-18
1477,2006-03-28
1477,2006-04-01
1477,2006-05-06
1477,2006-11-11
1477,2007-01-09
1477,2007-05-23
1478,2006-03-28
1478,2006-04-11
1479,2006-03-28
1479,2006-04-04
1479,2006-04-27
1479,2006-05-17
1479,2006-06-02
1479,2006-06-22
1479,2006-07-06
1479,2006-07-20
1479,2006-08-04
1479,2006-08-17
1479,2006-08-31
1479,2006-09-20
1479,2006-10-12
1479,2006-10-26
1479,2006-11-14
1479,2006-12-07
1479,2006-12-27
1479,2007-01-11
1479,2007-01-23
1479,2007-02-06
1479,2007-02-20
1479,2007-03-06
1479,2007-03-20
1479,2007-04-17
1479,2007-05-03
1479,2007-05-30
1479,2007-06-17
1479,2007-07-10
1479,2007-07-19
1479,2007-08-14
1479,2007-09-04
1479,2007-09-26
1479,2007-10-23
1479,2007-11-20
1479,2007-12-11
1480,2006-03-28
1480,2006-05-04
1480,2006-09-05
1481,2006-03-28
1481,2006-03-29
1481,2007-04-26
1482,2006-03-28
1483,2006-03-28
1484,2006-03-28
1485,2006-03-28
1486,2006-03-28
1486,2006-04-07
1487,2006-03-28
1488,2006-03-28
1489,2006-03-28
1490,2006-03-28
1491,2006-03-28
1491,2006-06-15
1491,2006-11-10
1491,2007-02-16
1491,2007-02-21
1491,2007-08-07
1492,2006-03-29
1493,2006-03-29
1494,2006-03-29
1495,2006-03-29
1495,2006-04-07
1495,2006-04-08
1495,2006-04-14
1495,2006-04-20
1495,2006-04-21
1495,2006-04-26
1495,2006-04-29
1495,2006-05-06
1495,2006-05-13
1495,2006-05-23
1495,2006-05-30
1495,2006-06-08
1495,2006-06-14
1495,2006-06-22
1495,2006-06-29
1495,2006-07-05
1495,2006-07-12
1495,2006-07-25
1495,2006-08-03
1495,2006-08-04
1495,2006-08-19
1495,2006-08-26
1495,2006-09-02
1495,2006-09-12
1495,2007-04-26
1495,2007-05-04
1495,2007-05-11
1495,2007-05-22
1495,2007-05-31
1495,2007-06-13
1495,2007-06-23
1495,2007-07-05
1495,2007-07-26
1495,2007-08-09
1495,2007-08-21
1495,2007-08-23
1495,2007-08-31
1495,2007-09-11
1495,2007-09-19
1495,2007-10-02
1495,2007-10-13
1495,2007-10-24
1495,2007-11-07
1495,2007-11-20
1495,2007-11-29
1496,2006-03-29
1496,2006-06-29
1496,2006-10-10
1496,2006-12-06
1496,2007-01-19
1496,2007-03-08
1496,2007-05-06
1496,2007-06-27
1496,2007-08-10
1496,2007-09-28
1496,2007-11-07
1497,2006-03-29
1497,2006-04-13
1497,2006-05-23
1497,2006-06-16
1497,2006-08-31
1497,2006-10-07
1497,2006-11-08
1497,2007-01-24
1497,2007-02-23
1497,2007-04-19
1497,2007-06-08
1497,2007-07-11
1497,2007-09-06
1497,2007-11-13
1497,2007-11-15
1498,2006-03-29
1498,2006-08-29
1499,2006-03-29
1500,2006-03-29
1500,2006-04-22
1501,2006-03-29
1501,2006-08-12
1501,2006-12-13
1501,2007-02-01
1502,2006-03-29
1502,2006-04-06
1502,2006-04-13
1502,2006-04-20
1503,2006-03-29
1503,2006-06-16
1503,2006-07-19
1503,2006-08-18
1504,2006-03-29
1505,2006-03-30
1505,2006-06-14
1505,2006-06-15
1505,2006-06-20
1505,2006-08-31
1505,2006-10-12
1505,2007-02-27
1506,2006-03-30
1506,2006-04-06
1506,2006-04-13
1506,2006-04-20
1506,2006-05-04
1506,2006-05-12
1506,2006-05-18
1506,2006-05-25
1506,2006-06-01
1506,2006-06-09
1506,2006-06-16
1506,2006-06-23
1506,2006-06-30
1506,2006-07-07
1506,2006-07-13
1506,2006-07-23
1506,2006-08-03
1506,2006-08-10
1506,2006-08-17
1506,2006-08-24
1506,2006-09-07
1506,2006-09-14
1506,2006-09-21
1506,2006-09-28
1506,2006-10-05
1506,2006-10-12
1506,2006-10-19
1506,2006-10-26
1506,2006-11-03
1506,2006-11-09
1506,2006-11-16
1506,2006-11-23
1506,2006-11-30
1506,2006-12-07
1506,2006-12-14
1506,2006-12-21
1506,2006-12-28
1506,2007-01-04
1506,2007-01-11
1506,2007-01-18
1506,2007-02-10
1506,2007-02-15
1506,2007-02-22
1506,2007-03-01
1506,2007-03-08
1506,2007-03-15
1506,2007-03-22
1506,2007-03-29
1506,2007-04-05
1506,2007-04-12
1506,2007-04-19
1506,2007-04-26
1506,2007-05-04
1506,2007-05-10
1506,2007-05-17
1506,2007-05-24
1506,2007-05-31
1506,2007-06-14
1506,2007-06-21
1506,2007-06-28
1506,2007-07-19
1506,2007-08-02
1506,2007-08-14
1506,2007-08-30
1506,2007-09-13
1506,2007-09-20
1506,2007-09-27
1506,2007-10-04
1506,2007-10-11
1506,2007-10-18
1506,2007-10-25
1506,2007-11-01
1506,2007-11-08
1506,2007-11-15
1506,2007-11-22
1506,2007-11-29
1506,2007-12-06
1506,2007-12-13
1506,2007-12-20
1507,2006-03-30
1507,2006-04-07
1507,2006-04-15
1507,2006-05-18
1507,2006-05-25
1507,2006-09-29
1507,2006-12-01
1507,2007-02-09
1507,2007-03-15
1507,2007-04-20
1507,2007-06-07
1507,2007-07-18
1507,2007-08-18
1507,2007-09-30
1507,2007-11-21
1508,2006-03-30
1508,2006-04-13
1508,2006-05-03
1508,2006-06-21
1508,2006-07-05
1508,2006-07-25
1508,2006-08-19
1508,2006-09-06
1508,2006-10-04
1508,2006-11-07
1508,2006-12-05
1508,2007-01-10
1508,2007-02-09
1508,2007-03-06
1508,2007-04-11
1508,2007-05-05
1508,2007-06-06
1508,2007-07-10
1508,2007-08-07
1508,2007-10-09
1508,2007-11-06
1508,2007-12-08
1509,2006-03-30
1510,2006-03-30
1510,2006-04-08
1510,2006-04-20
1510,2006-04-25
1510,2006-05-10
1510,2006-05-23
1510,2006-08-08
1510,2006-09-12
1510,2006-10-11
1510,2006-10-19
1510,2006-10-28
1510,2006-11-07
1510,2006-11-16
1510,2006-11-28
1510,2006-12-12
1511,2006-03-30
1512,2006-03-30
1513,2006-03-30
1514,2006-03-30
1515,2006-03-30
1515,2006-05-03
1515,2006-06-02
1515,2006-07-06
1515,2006-08-04
1516,2006-03-30
1516,2006-04-06
1516,2006-04-13
1516,2006-04-26
1516,2006-05-06
1516,2006-05-18
1516,2006-06-09
1516,2006-06-22
1516,2006-07-11
1516,2006-08-01
1516,2006-08-29
1516,2006-09-16
1516,2006-10-15
1516,2006-11-07
1516,2006-12-01
1516,2006-12-20
1516,2006-12-21
1516,2007-01-31
1516,2007-03-01
1516,2007-03-31
1516,2007-05-04
1516,2007-06-28
1516,2007-09-21
1517,2006-03-30
1518,2006-03-30
1519,2006-03-30
1519,2006-04-14
1519,2006-04-29
1519,2006-05-13
1519,2006-05-27
1519,2006-06-16
1519,2006-07-08
1519,2006-07-20
1519,2006-08-04
1519,2006-08-25
1519,2006-10-06
1519,2006-10-20
1519,2006-11-30
1519,2007-04-19
1520,2006-03-30
1521,2006-03-30
1521,2006-05-05
1521,2006-10-09
1522,2006-03-30
1522,2006-04-26
1523,2006-03-30
1523,2006-10-06
1524,2006-03-30
1524,2006-04-14
1525,2006-03-30
1525,2006-04-15
1525,2006-04-25
1525,2006-05-31
1525,2006-06-17
1525,2006-08-19
1525,2006-09-02
1525,2007-01-21
1525,2007-03-04
