dataset,seed,tag,cond,metric,value
Simulated,0,BTYD_raw,all,CRPS,0.3823085034013606
Simulated,0,BTYD_raw,all,pit_ks,0.022800319682421077
Simulated,0,BTYD_raw,all,cov95,0.9866666666666667
Simulated,0,BTYD_raw,all,cov50,0.9022222222222223
Simulated,0,BTYD_raw,all,nMAE,0.5966981132075472
Simulated,0,BTYD_raw,all,sharpness_std,0.8681894755725141
Simulated,0,BTYD_raw,x>0,CRPS,0.7062757310716494
Simulated,0,BTYD_raw,x>0,pit_ks,0.050801198157551464
Simulated,0,BTYD_raw,x>0,cov95,0.9913419913419913
Simulated,0,BTYD_raw,x>0,cov50,0.8311688311688312
Simulated,0,BTYD_raw,x>0,nMAE,0.5879518072289157
Simulated,0,BTYD_raw,x>0,sharpness_std,1.4860933128626688
Simulated,0,BTYD_recal,all,CRPS,0.3844272266666667
Simulated,0,BTYD_recal,all,pit_ks,0.028421454275365465
Simulated,0,BTYD_recal,all,cov95,0.9888888888888889
Simulated,0,BTYD_recal,all,cov50,0.92
Simulated,0,BTYD_recal,all,nMAE,0.589622641509434
Simulated,0,BTYD_recal,all,sharpness_std,0.9166850948242629
Simulated,0,BTYD_recal,x>0,CRPS,0.7100841385281386
Simulated,0,BTYD_recal,x>0,pit_ks,0.06464216663006617
Simulated,0,BTYD_recal,x>0,cov95,0.9913419913419913
Simulated,0,BTYD_recal,x>0,cov50,0.8658008658008658
Simulated,0,BTYD_recal,x>0,nMAE,0.5807228915662651
Simulated,0,BTYD_recal,x>0,sharpness_std,1.555534149077901
Simulated,0,PoissonGBM_raw,all,CRPS,0.4821399999999999
Simulated,0,PoissonGBM_raw,all,pit_ks,0.05809093975920565
Simulated,0,PoissonGBM_raw,all,cov95,0.9266666666666666
Simulated,0,PoissonGBM_raw,all,cov50,0.8533333333333334
Simulated,0,PoissonGBM_raw,all,nMAE,0.6155660377358491
Simulated,0,PoissonGBM_raw,all,sharpness_std,0.4349471041637351
Simulated,0,PoissonGBM_raw,x>0,CRPS,0.8996916937229438
Simulated,0,PoissonGBM_raw,x>0,pit_ks,0.08182151392680603
Simulated,0,PoissonGBM_raw,x>0,cov95,0.8787878787878788
Simulated,0,PoissonGBM_raw,x>0,cov50,0.7359307359307359
Simulated,0,PoissonGBM_raw,x>0,nMAE,0.6072289156626506
Simulated,0,PoissonGBM_raw,x>0,sharpness_std,0.7475071329617562
Simulated,0,PoissonGBM_recal,all,CRPS,0.47214303999999996
Simulated,0,PoissonGBM_recal,all,pit_ks,0.03717491868965481
Simulated,0,PoissonGBM_recal,all,cov95,0.9622222222222222
Simulated,0,PoissonGBM_recal,all,cov50,0.8644444444444445
Simulated,0,PoissonGBM_recal,all,nMAE,0.6379716981132076
Simulated,0,PoissonGBM_recal,all,sharpness_std,0.649406944054069
Simulated,0,PoissonGBM_recal,x>0,CRPS,0.8768970735930736
Simulated,0,PoissonGBM_recal,x>0,pit_ks,0.04785219886256534
Simulated,0,PoissonGBM_recal,x>0,cov95,0.9393939393939394
Simulated,0,PoissonGBM_recal,x>0,cov50,0.7575757575757576
Simulated,0,PoissonGBM_recal,x>0,nMAE,0.6301204819277109
Simulated,0,PoissonGBM_recal,x>0,sharpness_std,1.0469115625285008
Simulated,0,QuantileGBM_raw,all,CRPS,0.5518972083333333
Simulated,0,QuantileGBM_raw,all,pit_ks,0.07208150983043632
Simulated,0,QuantileGBM_raw,all,cov95,0.9777777777777777
Simulated,0,QuantileGBM_raw,all,cov50,0.8844444444444445
Simulated,0,QuantileGBM_raw,all,nMAE,0.9858490566037736
Simulated,0,QuantileGBM_raw,all,sharpness_std,0.7462921265696214
Simulated,0,QuantileGBM_raw,x>0,CRPS,1.0363069264069265
Simulated,0,QuantileGBM_raw,x>0,pit_ks,0.12899883141659207
Simulated,0,QuantileGBM_raw,x>0,cov95,0.9783549783549783
Simulated,0,QuantileGBM_raw,x>0,cov50,0.7965367965367965
Simulated,0,QuantileGBM_raw,x>0,nMAE,0.9855421686746989
Simulated,0,QuantileGBM_raw,x>0,sharpness_std,1.4142893363339926
Simulated,0,QuantileGBM_recal,all,CRPS,0.531659848888889
Simulated,0,QuantileGBM_recal,all,pit_ks,0.06509247328446988
Simulated,0,QuantileGBM_recal,all,cov95,0.9777777777777777
Simulated,0,QuantileGBM_recal,all,cov50,0.9133333333333333
Simulated,0,QuantileGBM_recal,all,nMAE,0.9587264150943396
Simulated,0,QuantileGBM_recal,all,sharpness_std,0.8234085486166461
Simulated,0,QuantileGBM_recal,x>0,CRPS,0.9967507532467534
Simulated,0,QuantileGBM_recal,x>0,pit_ks,0.10997467894122698
Simulated,0,QuantileGBM_recal,x>0,cov95,0.9783549783549783
Simulated,0,QuantileGBM_recal,x>0,cov50,0.8528138528138528
Simulated,0,QuantileGBM_recal,x>0,nMAE,0.9578313253012049
Simulated,0,QuantileGBM_recal,x>0,sharpness_std,1.5434281320539578
Simulated,1,BTYD_raw,all,CRPS,0.3750858276643991
Simulated,1,BTYD_raw,all,pit_ks,0.03307292948290663
Simulated,1,BTYD_raw,all,cov95,0.98
Simulated,1,BTYD_raw,all,cov50,0.9066666666666666
Simulated,1,BTYD_raw,all,nMAE,0.6596638655462185
Simulated,1,BTYD_raw,all,sharpness_std,0.8489180545272064
Simulated,1,BTYD_raw,x>0,CRPS,0.7277868480725624
Simulated,1,BTYD_raw,x>0,pit_ks,0.029954022280070935
Simulated,1,BTYD_raw,x>0,cov95,0.9777777777777777
Simulated,1,BTYD_raw,x>0,cov50,0.8355555555555556
Simulated,1,BTYD_raw,x>0,nMAE,0.6548295454545454
Simulated,1,BTYD_raw,x>0,sharpness_std,1.4841554219241213
Simulated,1,BTYD_recal,all,CRPS,0.37910338666666665
Simulated,1,BTYD_recal,all,pit_ks,0.043305151045447854
Simulated,1,BTYD_recal,all,cov95,0.9755555555555555
Simulated,1,BTYD_recal,all,cov50,0.9066666666666666
Simulated,1,BTYD_recal,all,nMAE,0.6638655462184874
Simulated,1,BTYD_recal,all,sharpness_std,0.7851516516275412
Simulated,1,BTYD_recal,x>0,CRPS,0.7361108977777778
Simulated,1,BTYD_recal,x>0,pit_ks,0.038754656773756224
Simulated,1,BTYD_recal,x>0,cov95,0.9733333333333334
Simulated,1,BTYD_recal,x>0,cov50,0.8355555555555556
Simulated,1,BTYD_recal,x>0,nMAE,0.6590909090909091
Simulated,1,BTYD_recal,x>0,sharpness_std,1.3751701015361424
Simulated,1,PoissonGBM_raw,all,CRPS,0.5624086111111111
Simulated,1,PoissonGBM_raw,all,pit_ks,0.06893209259481847
Simulated,1,PoissonGBM_raw,all,cov95,0.9222222222222223
Simulated,1,PoissonGBM_raw,all,cov50,0.8444444444444444
Simulated,1,PoissonGBM_raw,all,nMAE,0.8865546218487396
Simulated,1,PoissonGBM_raw,all,sharpness_std,0.44846367308930624
Simulated,1,PoissonGBM_raw,x>0,CRPS,1.0898283333333334
Simulated,1,PoissonGBM_raw,x>0,pit_ks,0.10847382727433041
Simulated,1,PoissonGBM_raw,x>0,cov95,0.8533333333333334
Simulated,1,PoissonGBM_raw,x>0,cov50,0.7155555555555555
Simulated,1,PoissonGBM_raw,x>0,nMAE,0.8735795454545454
Simulated,1,PoissonGBM_raw,x>0,sharpness_std,0.713978579320974
Simulated,1,PoissonGBM_recal,all,CRPS,0.5566339555555555
Simulated,1,PoissonGBM_recal,all,pit_ks,0.049070601422739224
Simulated,1,PoissonGBM_recal,all,cov95,0.9444444444444444
Simulated,1,PoissonGBM_recal,all,cov50,0.8466666666666667
Simulated,1,PoissonGBM_recal,all,nMAE,0.8907563025210083
Simulated,1,PoissonGBM_recal,all,sharpness_std,0.6081280752186242
Simulated,1,PoissonGBM_recal,x>0,CRPS,1.0748415111111111
Simulated,1,PoissonGBM_recal,x>0,pit_ks,0.07788387329054158
Simulated,1,PoissonGBM_recal,x>0,cov95,0.8888888888888888
Simulated,1,PoissonGBM_recal,x>0,cov50,0.72
Simulated,1,PoissonGBM_recal,x>0,nMAE,0.8778409090909091
Simulated,1,PoissonGBM_recal,x>0,sharpness_std,0.910781503200118
Simulated,1,QuantileGBM_raw,all,CRPS,0.5112247777777778
Simulated,1,QuantileGBM_raw,all,pit_ks,0.0643197301686359
Simulated,1,QuantileGBM_raw,all,cov95,0.98
Simulated,1,QuantileGBM_raw,all,cov50,0.8955555555555555
Simulated,1,QuantileGBM_raw,all,nMAE,0.9929971988795518
Simulated,1,QuantileGBM_raw,all,sharpness_std,0.8903172337096195
Simulated,1,QuantileGBM_raw,x>0,CRPS,1.000212
Simulated,1,QuantileGBM_raw,x>0,pit_ks,0.10650498227941435
Simulated,1,QuantileGBM_raw,x>0,cov95,0.9644444444444444
Simulated,1,QuantileGBM_raw,x>0,cov50,0.8133333333333334
Simulated,1,QuantileGBM_raw,x>0,nMAE,0.9928977272727272
Simulated,1,QuantileGBM_raw,x>0,sharpness_std,1.6218071610343956
Simulated,1,QuantileGBM_recal,all,CRPS,0.5022711288888889
Simulated,1,QuantileGBM_recal,all,pit_ks,0.05109981501821348
Simulated,1,QuantileGBM_recal,all,cov95,0.9822222222222222
Simulated,1,QuantileGBM_recal,all,cov50,0.8977777777777778
Simulated,1,QuantileGBM_recal,all,nMAE,0.9719887955182073
Simulated,1,QuantileGBM_recal,all,sharpness_std,0.9192191906228726
Simulated,1,QuantileGBM_recal,x>0,CRPS,0.98210416
Simulated,1,QuantileGBM_recal,x>0,pit_ks,0.08759189975740994
Simulated,1,QuantileGBM_recal,x>0,cov95,0.9688888888888889
Simulated,1,QuantileGBM_recal,x>0,cov50,0.8177777777777778
Simulated,1,QuantileGBM_recal,x>0,nMAE,0.9715909090909091
Simulated,1,QuantileGBM_recal,x>0,sharpness_std,1.6678842158531046
Simulated,2,BTYD_raw,all,CRPS,0.4157832199546485
Simulated,2,BTYD_raw,all,pit_ks,0.02302035048622672
Simulated,2,BTYD_raw,all,cov95,0.9777777777777777
Simulated,2,BTYD_raw,all,cov50,0.8977777777777778
Simulated,2,BTYD_raw,all,nMAE,0.5297741273100617
Simulated,2,BTYD_raw,all,sharpness_std,0.9309026931506548
Simulated,2,BTYD_raw,x>0,CRPS,0.7255589149239942
Simulated,2,BTYD_raw,x>0,pit_ks,0.05914608534515986
Simulated,2,BTYD_raw,x>0,cov95,0.9753086419753086
Simulated,2,BTYD_raw,x>0,cov50,0.8353909465020576
Simulated,2,BTYD_raw,x>0,nMAE,0.51890756302521
Simulated,2,BTYD_raw,x>0,sharpness_std,1.5510966783797375
Simulated,2,BTYD_recal,all,CRPS,0.4181730844444445
Simulated,2,BTYD_recal,all,pit_ks,0.020972162320145288
Simulated,2,BTYD_recal,all,cov95,0.9733333333333334
Simulated,2,BTYD_recal,all,cov50,0.8911111111111111
Simulated,2,BTYD_recal,all,nMAE,0.5338809034907597
Simulated,2,BTYD_recal,all,sharpness_std,0.8599707675460999
Simulated,2,BTYD_recal,x>0,CRPS,0.7299337119341565
Simulated,2,BTYD_recal,x>0,pit_ks,0.052059650294344784
Simulated,2,BTYD_recal,x>0,cov95,0.9670781893004116
Simulated,2,BTYD_recal,x>0,cov50,0.823045267489712
Simulated,2,BTYD_recal,x>0,nMAE,0.523109243697479
Simulated,2,BTYD_recal,x>0,sharpness_std,1.451185756342757
Simulated,2,PoissonGBM_raw,all,CRPS,0.5026992777777777
Simulated,2,PoissonGBM_raw,all,pit_ks,0.0484453906335528
Simulated,2,PoissonGBM_raw,all,cov95,0.9422222222222222
Simulated,2,PoissonGBM_raw,all,cov50,0.8622222222222222
Simulated,2,PoissonGBM_raw,all,nMAE,0.582135523613963
Simulated,2,PoissonGBM_raw,all,sharpness_std,0.4970330289329729
Simulated,2,PoissonGBM_raw,x>0,CRPS,0.8783741255144031
Simulated,2,PoissonGBM_raw,x>0,pit_ks,0.08055659709289686
Simulated,2,PoissonGBM_raw,x>0,cov95,0.9094650205761317
Simulated,2,PoissonGBM_raw,x>0,cov50,0.7695473251028807
Simulated,2,PoissonGBM_raw,x>0,nMAE,0.5682773109243697
Simulated,2,PoissonGBM_raw,x>0,sharpness_std,0.7582724719997401
Simulated,2,PoissonGBM_recal,all,CRPS,0.49486090666666666
Simulated,2,PoissonGBM_recal,all,pit_ks,0.04009834691807353
Simulated,2,PoissonGBM_recal,all,cov95,0.9555555555555556
Simulated,2,PoissonGBM_recal,all,cov50,0.8711111111111111
Simulated,2,PoissonGBM_recal,all,nMAE,0.5831622176591376
Simulated,2,PoissonGBM_recal,all,sharpness_std,0.6266059293567479
Simulated,2,PoissonGBM_recal,x>0,CRPS,0.8632315061728396
Simulated,2,PoissonGBM_recal,x>0,pit_ks,0.05754687867026209
Simulated,2,PoissonGBM_recal,x>0,cov95,0.9300411522633745
Simulated,2,PoissonGBM_recal,x>0,cov50,0.7860082304526749
Simulated,2,PoissonGBM_recal,x>0,nMAE,0.569327731092437
Simulated,2,PoissonGBM_recal,x>0,sharpness_std,0.9313532489727612
Simulated,2,QuantileGBM_raw,all,CRPS,0.7121149027777779
Simulated,2,QuantileGBM_raw,all,pit_ks,0.08915843763387599
Simulated,2,QuantileGBM_raw,all,cov95,0.9733333333333334
Simulated,2,QuantileGBM_raw,all,cov50,0.8644444444444445
Simulated,2,QuantileGBM_raw,all,nMAE,1.0
Simulated,2,QuantileGBM_raw,all,sharpness_std,1.1084870417567494
Simulated,2,QuantileGBM_raw,x>0,CRPS,1.2715199588477366
Simulated,2,QuantileGBM_raw,x>0,pit_ks,0.13440892241482671
Simulated,2,QuantileGBM_raw,x>0,cov95,0.9711934156378601
Simulated,2,QuantileGBM_raw,x>0,cov50,0.7736625514403292
Simulated,2,QuantileGBM_raw,x>0,nMAE,1.0
Simulated,2,QuantileGBM_raw,x>0,sharpness_std,1.9182624921030056
Simulated,2,QuantileGBM_recal,all,CRPS,0.667012
Simulated,2,QuantileGBM_recal,all,pit_ks,0.07982621290485592
Simulated,2,QuantileGBM_recal,all,cov95,0.9733333333333334
Simulated,2,QuantileGBM_recal,all,cov50,0.8888888888888888
Simulated,2,QuantileGBM_recal,all,nMAE,1.0
Simulated,2,QuantileGBM_recal,all,sharpness_std,1.0902153856739156
Simulated,2,QuantileGBM_recal,x>0,CRPS,1.1887130864197533
Simulated,2,QuantileGBM_recal,x>0,pit_ks,0.08966630626340488
Simulated,2,QuantileGBM_recal,x>0,cov95,0.9711934156378601
Simulated,2,QuantileGBM_recal,x>0,cov50,0.8189300411522634
Simulated,2,QuantileGBM_recal,x>0,nMAE,1.0
Simulated,2,QuantileGBM_recal,x>0,sharpness_std,1.8777554245210022
Simulated,3,BTYD_raw,all,CRPS,0.3763175736961451
Simulated,3,BTYD_raw,all,pit_ks,0.07039406049058183
Simulated,3,BTYD_raw,all,cov95,0.9777777777777777
Simulated,3,BTYD_raw,all,cov50,0.8822222222222222
Simulated,3,BTYD_raw,all,nMAE,0.6542857142857142
Simulated,3,BTYD_raw,all,sharpness_std,0.8497786956752996
Simulated,3,BTYD_raw,x>0,CRPS,0.7064674011197399
Simulated,3,BTYD_raw,x>0,pit_ks,0.06027367047890225
Simulated,3,BTYD_raw,x>0,cov95,0.9778761061946902
Simulated,3,BTYD_raw,x>0,cov50,0.8053097345132744
Simulated,3,BTYD_raw,x>0,nMAE,0.6441176470588236
Simulated,3,BTYD_raw,x>0,sharpness_std,1.4484479546876792
Simulated,3,BTYD_recal,all,CRPS,0.37590286222222224
Simulated,3,BTYD_recal,all,pit_ks,0.08880888350541749
Simulated,3,BTYD_recal,all,cov95,0.9666666666666667
Simulated,3,BTYD_recal,all,cov50,0.8866666666666667
Simulated,3,BTYD_recal,all,nMAE,0.6542857142857142
Simulated,3,BTYD_recal,all,sharpness_std,0.7267333805184691
Simulated,3,BTYD_recal,x>0,CRPS,0.7053677168141594
Simulated,3,BTYD_recal,x>0,pit_ks,0.07382416144939741
Simulated,3,BTYD_recal,x>0,cov95,0.9601769911504425
Simulated,3,BTYD_recal,x>0,cov50,0.8141592920353983
Simulated,3,BTYD_recal,x>0,nMAE,0.6441176470588236
Simulated,3,BTYD_recal,x>0,sharpness_std,1.273602026715512
Simulated,3,PoissonGBM_raw,all,CRPS,0.46102240277777784
Simulated,3,PoissonGBM_raw,all,pit_ks,0.08944465230527365
Simulated,3,PoissonGBM_raw,all,cov95,0.9222222222222223
Simulated,3,PoissonGBM_raw,all,cov50,0.8533333333333334
Simulated,3,PoissonGBM_raw,all,nMAE,0.7571428571428571
Simulated,3,PoissonGBM_raw,all,sharpness_std,0.4555871349586678
Simulated,3,PoissonGBM_raw,x>0,CRPS,0.8683929480088496
Simulated,3,PoissonGBM_raw,x>0,pit_ks,0.1113079324047791
Simulated,3,PoissonGBM_raw,x>0,cov95,0.8849557522123894
Simulated,3,PoissonGBM_raw,x>0,cov50,0.7477876106194691
Simulated,3,PoissonGBM_raw,x>0,nMAE,0.7470588235294118
Simulated,3,PoissonGBM_raw,x>0,sharpness_std,0.7341334659962955
Simulated,3,PoissonGBM_recal,all,CRPS,0.45034661333333337
Simulated,3,PoissonGBM_recal,all,pit_ks,0.07598672997334865
Simulated,3,PoissonGBM_recal,all,cov95,0.9511111111111111
Simulated,3,PoissonGBM_recal,all,cov50,0.8555555555555555
Simulated,3,PoissonGBM_recal,all,nMAE,0.7357142857142857
Simulated,3,PoissonGBM_recal,all,sharpness_std,0.5459128164755868
Simulated,3,PoissonGBM_recal,x>0,CRPS,0.848276336283186
Simulated,3,PoissonGBM_recal,x>0,pit_ks,0.10335077703884588
Simulated,3,PoissonGBM_recal,x>0,cov95,0.915929203539823
Simulated,3,PoissonGBM_recal,x>0,cov50,0.7522123893805309
Simulated,3,PoissonGBM_recal,x>0,nMAE,0.7279411764705883
Simulated,3,PoissonGBM_recal,x>0,sharpness_std,0.8560955632327232
Simulated,3,QuantileGBM_raw,all,CRPS,0.5258501666666666
Simulated,3,QuantileGBM_raw,all,pit_ks,0.1014843538475233
Simulated,3,QuantileGBM_raw,all,cov95,0.9511111111111111
Simulated,3,QuantileGBM_raw,all,cov50,0.8822222222222222
Simulated,3,QuantileGBM_raw,all,nMAE,0.9514285714285714
Simulated,3,QuantileGBM_raw,all,sharpness_std,0.7493964954699498
Simulated,3,QuantileGBM_raw,x>0,CRPS,0.9986375829646018
Simulated,3,QuantileGBM_raw,x>0,pit_ks,0.14783955861234527
Simulated,3,QuantileGBM_raw,x>0,cov95,0.9424778761061947
Simulated,3,QuantileGBM_raw,x>0,cov50,0.8053097345132744
Simulated,3,QuantileGBM_raw,x>0,nMAE,0.95
Simulated,3,QuantileGBM_raw,x>0,sharpness_std,1.37628391988758
Simulated,3,QuantileGBM_recal,all,CRPS,0.5183444177777777
Simulated,3,QuantileGBM_recal,all,pit_ks,0.08961787947902089
Simulated,3,QuantileGBM_recal,all,cov95,0.9533333333333334
Simulated,3,QuantileGBM_recal,all,cov50,0.8866666666666667
Simulated,3,QuantileGBM_recal,all,nMAE,0.9485714285714285
Simulated,3,QuantileGBM_recal,all,sharpness_std,0.7418385130522996
Simulated,3,QuantileGBM_recal,x>0,CRPS,0.984200796460177
Simulated,3,QuantileGBM_recal,x>0,pit_ks,0.13062477392675542
Simulated,3,QuantileGBM_recal,x>0,cov95,0.9469026548672567
Simulated,3,QuantileGBM_recal,x>0,cov50,0.8141592920353983
Simulated,3,QuantileGBM_recal,x>0,nMAE,0.9470588235294118
Simulated,3,QuantileGBM_recal,x>0,sharpness_std,1.358068021151614
Simulated,4,BTYD_raw,all,CRPS,0.4419151927437642
Simulated,4,BTYD_raw,all,pit_ks,0.022737656509428605
Simulated,4,BTYD_raw,all,cov95,0.9733333333333334
Simulated,4,BTYD_raw,all,cov50,0.8888888888888888
Simulated,4,BTYD_raw,all,nMAE,0.6497641509433962
Simulated,4,BTYD_raw,all,sharpness_std,0.9331594298847495
Simulated,4,BTYD_raw,x>0,CRPS,0.753577933165298
Simulated,4,BTYD_raw,x>0,pit_ks,0.054970514299221784
Simulated,4,BTYD_raw,x>0,cov95,0.9800796812749004
Simulated,4,BTYD_raw,x>0,cov50,0.8366533864541833
Simulated,4,BTYD_raw,x>0,nMAE,0.6413043478260869
Simulated,4,BTYD_raw,x>0,sharpness_std,1.493278138883606
Simulated,4,BTYD_recal,all,CRPS,0.4440181777777778
Simulated,4,BTYD_recal,all,pit_ks,0.02666058163938312
Simulated,4,BTYD_recal,all,cov95,0.9733333333333334
Simulated,4,BTYD_recal,all,cov50,0.8755555555555555
Simulated,4,BTYD_recal,all,nMAE,0.6462264150943396
Simulated,4,BTYD_recal,all,sharpness_std,0.7790497728563723
Simulated,4,BTYD_recal,x>0,CRPS,0.7570213386454183
Simulated,4,BTYD_recal,x>0,pit_ks,0.054967434720415986
Simulated,4,BTYD_recal,x>0,cov95,0.9800796812749004
Simulated,4,BTYD_recal,x>0,cov50,0.8127490039840638
Simulated,4,BTYD_recal,x>0,nMAE,0.6376811594202898
Simulated,4,BTYD_recal,x>0,sharpness_std,1.2794408861354774
Simulated,4,PoissonGBM_raw,all,CRPS,0.6595649722222222
Simulated,4,PoissonGBM_raw,all,pit_ks,0.06781953613586877
Simulated,4,PoissonGBM_raw,all,cov95,0.9155555555555556
Simulated,4,PoissonGBM_raw,all,cov50,0.8311111111111111
Simulated,4,PoissonGBM_raw,all,nMAE,0.866745283018868
Simulated,4,PoissonGBM_raw,all,sharpness_std,0.4847658783538806
Simulated,4,PoissonGBM_raw,x>0,CRPS,1.1410651892430277
Simulated,4,PoissonGBM_raw,x>0,pit_ks,0.0942715769382294
Simulated,4,PoissonGBM_raw,x>0,cov95,0.8844621513944223
Simulated,4,PoissonGBM_raw,x>0,cov50,0.7330677290836654
Simulated,4,PoissonGBM_raw,x>0,nMAE,0.8635265700483091
Simulated,4,PoissonGBM_raw,x>0,sharpness_std,0.7782891669870515
Simulated,4,PoissonGBM_recal,all,CRPS,0.6539129688888888
Simulated,4,PoissonGBM_recal,all,pit_ks,0.05968278721559439
Simulated,4,PoissonGBM_recal,all,cov95,0.9488888888888889
Simulated,4,PoissonGBM_recal,all,cov50,0.8311111111111111
Simulated,4,PoissonGBM_recal,all,nMAE,0.8808962264150944
Simulated,4,PoissonGBM_recal,all,sharpness_std,0.6057616037377864
Simulated,4,PoissonGBM_recal,x>0,CRPS,1.1314801593625499
Simulated,4,PoissonGBM_recal,x>0,pit_ks,0.09937841366630834
Simulated,4,PoissonGBM_recal,x>0,cov95,0.9203187250996016
Simulated,4,PoissonGBM_recal,x>0,cov50,0.7330677290836654
Simulated,4,PoissonGBM_recal,x>0,nMAE,0.8780193236714976
Simulated,4,PoissonGBM_recal,x>0,sharpness_std,0.9321066622351123
Simulated,4,QuantileGBM_raw,all,CRPS,0.6176706944444443
Simulated,4,QuantileGBM_raw,all,pit_ks,0.08006743163878283
Simulated,4,QuantileGBM_raw,all,cov95,0.9466666666666667
Simulated,4,QuantileGBM_raw,all,cov50,0.9088888888888889
Simulated,4,QuantileGBM_raw,all,nMAE,1.0
Simulated,4,QuantileGBM_raw,all,sharpness_std,0.8737610932553511
Simulated,4,QuantileGBM_raw,x>0,CRPS,1.0671505727091632
Simulated,4,QuantileGBM_raw,x>0,pit_ks,0.1109614113652494
Simulated,4,QuantileGBM_raw,x>0,cov95,0.9402390438247012
Simulated,4,QuantileGBM_raw,x>0,cov50,0.8725099601593626
Simulated,4,QuantileGBM_raw,x>0,nMAE,1.0
Simulated,4,QuantileGBM_raw,x>0,sharpness_std,1.5273768023721999
Simulated,4,QuantileGBM_recal,all,CRPS,0.5980510133333334
Simulated,4,QuantileGBM_recal,all,pit_ks,0.06282125051593618
Simulated,4,QuantileGBM_recal,all,cov95,0.9533333333333334
Simulated,4,QuantileGBM_recal,all,cov50,0.9111111111111111
Simulated,4,QuantileGBM_recal,all,nMAE,0.9740566037735849
Simulated,4,QuantileGBM_recal,all,sharpness_std,0.8516315612027195
Simulated,4,QuantileGBM_recal,x>0,CRPS,1.0321186454183267
Simulated,4,QuantileGBM_recal,x>0,pit_ks,0.07708201987231872
Simulated,4,QuantileGBM_recal,x>0,cov95,0.952191235059761
Simulated,4,QuantileGBM_recal,x>0,cov50,0.8764940239043825
Simulated,4,QuantileGBM_recal,x>0,nMAE,0.9734299516908211
Simulated,4,QuantileGBM_recal,x>0,sharpness_std,1.4889003375860421
Simulated,5,BTYD_raw,all,CRPS,0.38198820861677996
Simulated,5,BTYD_raw,all,pit_ks,0.018931184339971263
Simulated,5,BTYD_raw,all,cov95,0.9777777777777777
Simulated,5,BTYD_raw,all,cov50,0.8933333333333333
Simulated,5,BTYD_raw,all,nMAE,0.7076023391812866
Simulated,5,BTYD_raw,all,sharpness_std,0.8616280145462236
Simulated,5,BTYD_raw,x>0,CRPS,0.7406195335276967
Simulated,5,BTYD_raw,x>0,pit_ks,0.041312673978565695
Simulated,5,BTYD_raw,x>0,cov95,0.9732142857142857
Simulated,5,BTYD_raw,x>0,cov50,0.8125
Simulated,5,BTYD_raw,x>0,nMAE,0.7023809523809524
Simulated,5,BTYD_raw,x>0,sharpness_std,1.4984821464954174
Simulated,5,BTYD_recal,all,CRPS,0.3843012622222222
Simulated,5,BTYD_recal,all,pit_ks,0.017922185699786708
Simulated,5,BTYD_recal,all,cov95,0.9777777777777777
Simulated,5,BTYD_recal,all,cov50,0.8977777777777778
Simulated,5,BTYD_recal,all,nMAE,0.719298245614035
Simulated,5,BTYD_recal,all,sharpness_std,0.8394883750974753
Simulated,5,BTYD_recal,x>0,CRPS,0.7454777678571428
Simulated,5,BTYD_recal,x>0,pit_ks,0.047209981902759685
Simulated,5,BTYD_recal,x>0,cov95,0.9732142857142857
Simulated,5,BTYD_recal,x>0,cov50,0.8214285714285714
Simulated,5,BTYD_recal,x>0,nMAE,0.7142857142857143
Simulated,5,BTYD_recal,x>0,sharpness_std,1.4591406139511645
Simulated,5,PoissonGBM_raw,all,CRPS,0.49441987499999995
Simulated,5,PoissonGBM_raw,all,pit_ks,0.04888497252634827
Simulated,5,PoissonGBM_raw,all,cov95,0.9266666666666666
Simulated,5,PoissonGBM_raw,all,cov50,0.8377777777777777
Simulated,5,PoissonGBM_raw,all,nMAE,0.8406432748538011
Simulated,5,PoissonGBM_raw,all,sharpness_std,0.46746837064513436
Simulated,5,PoissonGBM_raw,x>0,CRPS,0.9627462332589286
Simulated,5,PoissonGBM_raw,x>0,pit_ks,0.09623803314307577
Simulated,5,PoissonGBM_raw,x>0,cov95,0.8794642857142857
Simulated,5,PoissonGBM_raw,x>0,cov50,0.7008928571428571
Simulated,5,PoissonGBM_raw,x>0,nMAE,0.8318452380952381
Simulated,5,PoissonGBM_raw,x>0,sharpness_std,0.8323331251962188
Simulated,5,PoissonGBM_recal,all,CRPS,0.4832460622222222
Simulated,5,PoissonGBM_recal,all,pit_ks,0.04498772107919072
Simulated,5,PoissonGBM_recal,all,cov95,0.96
Simulated,5,PoissonGBM_recal,all,cov50,0.84
Simulated,5,PoissonGBM_recal,all,nMAE,0.847953216374269
Simulated,5,PoissonGBM_recal,all,sharpness_std,0.6823726093647552
Simulated,5,PoissonGBM_recal,x>0,CRPS,0.9384397321428573
Simulated,5,PoissonGBM_recal,x>0,pit_ks,0.09824801283225054
Simulated,5,PoissonGBM_recal,x>0,cov95,0.9241071428571429
Simulated,5,PoissonGBM_recal,x>0,cov50,0.7053571428571429
Simulated,5,PoissonGBM_recal,x>0,nMAE,0.8392857142857143
Simulated,5,PoissonGBM_recal,x>0,sharpness_std,1.138124470858115
Simulated,5,QuantileGBM_raw,all,CRPS,0.4956162222222223
Simulated,5,QuantileGBM_raw,all,pit_ks,0.07112524638085549
Simulated,5,QuantileGBM_raw,all,cov95,0.9644444444444444
Simulated,5,QuantileGBM_raw,all,cov50,0.8844444444444445
Simulated,5,QuantileGBM_raw,all,nMAE,0.9590643274853802
Simulated,5,QuantileGBM_raw,all,sharpness_std,0.8653011106742744
Simulated,5,QuantileGBM_raw,x>0,CRPS,0.9690083426339285
Simulated,5,QuantileGBM_raw,x>0,pit_ks,0.08746577204019318
Simulated,5,QuantileGBM_raw,x>0,cov95,0.9464285714285714
Simulated,5,QuantileGBM_raw,x>0,cov50,0.7946428571428571
Simulated,5,QuantileGBM_raw,x>0,nMAE,0.9583333333333334
Simulated,5,QuantileGBM_raw,x>0,sharpness_std,1.6636593010489586
Simulated,5,QuantileGBM_recal,all,CRPS,0.4696507022222222
Simulated,5,QuantileGBM_recal,all,pit_ks,0.03581890395496268
Simulated,5,QuantileGBM_recal,all,cov95,0.9666666666666667
Simulated,5,QuantileGBM_recal,all,cov50,0.9044444444444445
Simulated,5,QuantileGBM_recal,all,nMAE,0.9210526315789473
Simulated,5,QuantileGBM_recal,all,sharpness_std,0.9466314660330022
Simulated,5,QuantileGBM_recal,x>0,CRPS,0.9162548392857143
Simulated,5,QuantileGBM_recal,x>0,pit_ks,0.057069512943706935
Simulated,5,QuantileGBM_recal,x>0,cov95,0.9508928571428571
Simulated,5,QuantileGBM_recal,x>0,cov50,0.8348214285714286
Simulated,5,QuantileGBM_recal,x>0,nMAE,0.9196428571428572
Simulated,5,QuantileGBM_recal,x>0,sharpness_std,1.8130434000357634
Simulated,6,BTYD_raw,all,CRPS,0.4522433106575963
Simulated,6,BTYD_raw,all,pit_ks,0.02211576470121024
Simulated,6,BTYD_raw,all,cov95,0.9888888888888889
Simulated,6,BTYD_raw,all,cov50,0.8844444444444445
Simulated,6,BTYD_raw,all,nMAE,0.6496674057649667
Simulated,6,BTYD_raw,all,sharpness_std,0.9371672450874408
Simulated,6,BTYD_raw,x>0,CRPS,0.8157465986394558
Simulated,6,BTYD_raw,x>0,pit_ks,0.04105966613632117
Simulated,6,BTYD_raw,x>0,cov95,0.9875
Simulated,6,BTYD_raw,x>0,cov50,0.8125
Simulated,6,BTYD_raw,x>0,nMAE,0.6433408577878104
Simulated,6,BTYD_raw,x>0,sharpness_std,1.5442990852811387
Simulated,6,BTYD_recal,all,CRPS,0.45234210666666663
Simulated,6,BTYD_recal,all,pit_ks,0.027400344659249343
Simulated,6,BTYD_recal,all,cov95,0.9755555555555555
Simulated,6,BTYD_recal,all,cov50,0.88
Simulated,6,BTYD_recal,all,nMAE,0.6385809312638582
Simulated,6,BTYD_recal,all,sharpness_std,0.8654508686292104
Simulated,6,BTYD_recal,x>0,CRPS,0.8156408666666667
Simulated,6,BTYD_recal,x>0,pit_ks,0.04570133468444437
Simulated,6,BTYD_recal,x>0,cov95,0.975
Simulated,6,BTYD_recal,x>0,cov50,0.8041666666666667
Simulated,6,BTYD_recal,x>0,nMAE,0.6320541760722348
Simulated,6,BTYD_recal,x>0,sharpness_std,1.461376736464048
Simulated,6,PoissonGBM_raw,all,CRPS,0.5591397083333333
Simulated,6,PoissonGBM_raw,all,pit_ks,0.06710512435550398
Simulated,6,PoissonGBM_raw,all,cov95,0.9177777777777778
Simulated,6,PoissonGBM_raw,all,cov50,0.8355555555555556
Simulated,6,PoissonGBM_raw,all,nMAE,0.7184035476718404
Simulated,6,PoissonGBM_raw,all,sharpness_std,0.5181983059760952
Simulated,6,PoissonGBM_raw,x>0,CRPS,1.01507078125
Simulated,6,PoissonGBM_raw,x>0,pit_ks,0.08576923026167971
Simulated,6,PoissonGBM_raw,x>0,cov95,0.8666666666666667
Simulated,6,PoissonGBM_raw,x>0,cov50,0.7208333333333333
Simulated,6,PoissonGBM_raw,x>0,nMAE,0.7133182844243792
Simulated,6,PoissonGBM_raw,x>0,sharpness_std,0.8831430642904878
Simulated,6,PoissonGBM_recal,all,CRPS,0.5396257511111111
Simulated,6,PoissonGBM_recal,all,pit_ks,0.0447077027173452
Simulated,6,PoissonGBM_recal,all,cov95,0.9555555555555556
Simulated,6,PoissonGBM_recal,all,cov50,0.8466666666666667
Simulated,6,PoissonGBM_recal,all,nMAE,0.7028824833702882
Simulated,6,PoissonGBM_recal,all,sharpness_std,0.6689921636142322
Simulated,6,PoissonGBM_recal,x>0,CRPS,0.9786613500000001
Simulated,6,PoissonGBM_recal,x>0,pit_ks,0.07035554864175814
Simulated,6,PoissonGBM_recal,x>0,cov95,0.9291666666666667
Simulated,6,PoissonGBM_recal,x>0,cov50,0.7416666666666667
Simulated,6,PoissonGBM_recal,x>0,nMAE,0.6975169300225734
Simulated,6,PoissonGBM_recal,x>0,sharpness_std,1.108247447030601
Simulated,6,QuantileGBM_raw,all,CRPS,0.5622742638888888
Simulated,6,QuantileGBM_raw,all,pit_ks,0.058305266516248566
Simulated,6,QuantileGBM_raw,all,cov95,0.9688888888888889
Simulated,6,QuantileGBM_raw,all,cov50,0.9088888888888889
Simulated,6,QuantileGBM_raw,all,nMAE,0.8226164079822617
Simulated,6,QuantileGBM_raw,all,sharpness_std,1.015729941090097
Simulated,6,QuantileGBM_raw,x>0,CRPS,1.0214258854166667
Simulated,6,QuantileGBM_raw,x>0,pit_ks,0.10437143711783536
Simulated,6,QuantileGBM_raw,x>0,cov95,0.9625
Simulated,6,QuantileGBM_raw,x>0,cov50,0.8583333333333333
Simulated,6,QuantileGBM_raw,x>0,nMAE,0.81941309255079
Simulated,6,QuantileGBM_raw,x>0,sharpness_std,1.8278316256556673
Simulated,6,QuantileGBM_recal,all,CRPS,0.5525438933333334
Simulated,6,QuantileGBM_recal,all,pit_ks,0.04408097505389963
Simulated,6,QuantileGBM_recal,all,cov95,0.9777777777777777
Simulated,6,QuantileGBM_recal,all,cov50,0.9066666666666666
Simulated,6,QuantileGBM_recal,all,nMAE,0.8048780487804879
Simulated,6,QuantileGBM_recal,all,sharpness_std,1.03941821317251
Simulated,6,QuantileGBM_recal,x>0,CRPS,1.0030061000000001
Simulated,6,QuantileGBM_recal,x>0,pit_ks,0.08998036852048391
Simulated,6,QuantileGBM_recal,x>0,cov95,0.9791666666666666
Simulated,6,QuantileGBM_recal,x>0,cov50,0.8541666666666666
Simulated,6,QuantileGBM_recal,x>0,nMAE,0.801354401805869
Simulated,6,QuantileGBM_recal,x>0,sharpness_std,1.8629174464408402
Simulated,7,BTYD_raw,all,CRPS,0.4114684807256236
Simulated,7,BTYD_raw,all,pit_ks,0.019180556571114227
Simulated,7,BTYD_raw,all,cov95,0.9755555555555555
Simulated,7,BTYD_raw,all,cov50,0.8866666666666667
Simulated,7,BTYD_raw,all,nMAE,0.5892448512585812
Simulated,7,BTYD_raw,all,sharpness_std,0.8744106928460816
Simulated,7,BTYD_raw,x>0,CRPS,0.7034205944282473
Simulated,7,BTYD_raw,x>0,pit_ks,0.06270382350502302
Simulated,7,BTYD_raw,x>0,cov95,0.9761904761904762
Simulated,7,BTYD_raw,x>0,cov50,0.8214285714285714
Simulated,7,BTYD_raw,x>0,nMAE,0.5815850815850816
Simulated,7,BTYD_raw,x>0,sharpness_std,1.3776985897582599
Simulated,7,BTYD_recal,all,CRPS,0.41307879999999997
Simulated,7,BTYD_recal,all,pit_ks,0.022462043684429
Simulated,7,BTYD_recal,all,cov95,0.9822222222222222
Simulated,7,BTYD_recal,all,cov50,0.8888888888888888
Simulated,7,BTYD_recal,all,nMAE,0.6018306636155606
Simulated,7,BTYD_recal,all,sharpness_std,0.8592295130407617
Simulated,7,BTYD_recal,x>0,CRPS,0.7061867777777778
Simulated,7,BTYD_recal,x>0,pit_ks,0.07741550235557881
Simulated,7,BTYD_recal,x>0,cov95,0.9801587301587301
Simulated,7,BTYD_recal,x>0,cov50,0.8253968253968254
Simulated,7,BTYD_recal,x>0,nMAE,0.5944055944055944
Simulated,7,BTYD_recal,x>0,sharpness_std,1.3724553626715112
Simulated,7,PoissonGBM_raw,all,CRPS,0.5583119166666667
Simulated,7,PoissonGBM_raw,all,pit_ks,0.04870507312321626
Simulated,7,PoissonGBM_raw,all,cov95,0.9288888888888889
Simulated,7,PoissonGBM_raw,all,cov50,0.8422222222222222
Simulated,7,PoissonGBM_raw,all,nMAE,0.72883295194508
Simulated,7,PoissonGBM_raw,all,sharpness_std,0.5014887402732447
Simulated,7,PoissonGBM_raw,x>0,CRPS,0.9654566964285715
Simulated,7,PoissonGBM_raw,x>0,pit_ks,0.07526969932585706
Simulated,7,PoissonGBM_raw,x>0,cov95,0.8888888888888888
Simulated,7,PoissonGBM_raw,x>0,cov50,0.7420634920634921
Simulated,7,PoissonGBM_raw,x>0,nMAE,0.7237762237762239
Simulated,7,PoissonGBM_raw,x>0,sharpness_std,0.805187374272866
Simulated,7,PoissonGBM_recal,all,CRPS,0.5445719022222223
Simulated,7,PoissonGBM_recal,all,pit_ks,0.03698838068820088
Simulated,7,PoissonGBM_recal,all,cov95,0.9511111111111111
Simulated,7,PoissonGBM_recal,all,cov50,0.8466666666666667
Simulated,7,PoissonGBM_recal,all,nMAE,0.7299771167048055
Simulated,7,PoissonGBM_recal,all,sharpness_std,0.7437595217841003
Simulated,7,PoissonGBM_recal,x>0,CRPS,0.9392333174603176
Simulated,7,PoissonGBM_recal,x>0,pit_ks,0.0833935083284345
Simulated,7,PoissonGBM_recal,x>0,cov95,0.9166666666666666
Simulated,7,PoissonGBM_recal,x>0,cov50,0.75
Simulated,7,PoissonGBM_recal,x>0,nMAE,0.724941724941725
Simulated,7,PoissonGBM_recal,x>0,sharpness_std,1.126224211145708
Simulated,7,QuantileGBM_raw,all,CRPS,0.58900225
Simulated,7,QuantileGBM_raw,all,pit_ks,0.07731447412338233
Simulated,7,QuantileGBM_raw,all,cov95,0.9644444444444444
Simulated,7,QuantileGBM_raw,all,cov50,0.8911111111111111
Simulated,7,QuantileGBM_raw,all,nMAE,1.0
Simulated,7,QuantileGBM_raw,all,sharpness_std,0.9458808805875303
Simulated,7,QuantileGBM_raw,x>0,CRPS,1.020472941468254
Simulated,7,QuantileGBM_raw,x>0,pit_ks,0.09266040095802586
Simulated,7,QuantileGBM_raw,x>0,cov95,0.9563492063492064
Simulated,7,QuantileGBM_raw,x>0,cov50,0.8293650793650794
Simulated,7,QuantileGBM_raw,x>0,nMAE,1.0
Simulated,7,QuantileGBM_raw,x>0,sharpness_std,1.677450828588256
Simulated,7,QuantileGBM_recal,all,CRPS,0.5500293866666667
Simulated,7,QuantileGBM_recal,all,pit_ks,0.05928672343015551
Simulated,7,QuantileGBM_recal,all,cov95,0.9666666666666667
Simulated,7,QuantileGBM_recal,all,cov50,0.9155555555555556
Simulated,7,QuantileGBM_recal,all,nMAE,0.9633867276887872
Simulated,7,QuantileGBM_recal,all,sharpness_std,1.0881766256625771
Simulated,7,QuantileGBM_recal,x>0,CRPS,0.9508718412698414
Simulated,7,QuantileGBM_recal,x>0,pit_ks,0.06308567556681416
Simulated,7,QuantileGBM_recal,x>0,cov95,0.9603174603174603
Simulated,7,QuantileGBM_recal,x>0,cov50,0.873015873015873
Simulated,7,QuantileGBM_recal,x>0,nMAE,0.9627039627039627
Simulated,7,QuantileGBM_recal,x>0,sharpness_std,1.928807086870313
CDNow,0,BTYD_raw,all,CRPS,0.3959757382443784
CDNow,0,BTYD_raw,all,pit_ks,0.0576909716202747
CDNow,0,BTYD_raw,all,cov95,0.9688826025459689
CDNow,0,BTYD_raw,all,cov50,0.8288543140028288
CDNow,0,BTYD_raw,all,nMAE,0.8202764976958524
CDNow,0,BTYD_raw,all,sharpness_std,0.7660562393899818
CDNow,0,BTYD_raw,x>0,CRPS,0.7808677024816895
CDNow,0,BTYD_raw,x>0,pit_ks,0.10231778632693789
CDNow,0,BTYD_raw,x>0,cov95,0.9581881533101045
CDNow,0,BTYD_raw,x>0,cov50,0.7317073170731707
CDNow,0,BTYD_raw,x>0,nMAE,0.7914438502673797
CDNow,0,BTYD_raw,x>0,sharpness_std,1.3268051599757058
CDNow,0,BTYD_recal,all,CRPS,0.39331316548797735
CDNow,0,BTYD_recal,all,pit_ks,0.034954229687763516
CDNow,0,BTYD_recal,all,cov95,0.9745403111739745
CDNow,0,BTYD_recal,all,cov50,0.8401697312588402
CDNow,0,BTYD_recal,all,nMAE,0.804147465437788
CDNow,0,BTYD_recal,all,sharpness_std,0.8253197550414264
CDNow,0,BTYD_recal,x>0,CRPS,0.7756950662020906
CDNow,0,BTYD_recal,x>0,pit_ks,0.07689867726778638
CDNow,0,BTYD_recal,x>0,cov95,0.9651567944250871
CDNow,0,BTYD_recal,x>0,cov50,0.759581881533101
CDNow,0,BTYD_recal,x>0,nMAE,0.7727272727272727
CDNow,0,BTYD_recal,x>0,sharpness_std,1.4284196699297331
CDNow,0,PoissonGBM_raw,all,CRPS,0.4377132425742574
CDNow,0,PoissonGBM_raw,all,pit_ks,0.05146858123718068
CDNow,0,PoissonGBM_raw,all,cov95,0.9335219236209336
CDNow,0,PoissonGBM_raw,all,cov50,0.8316831683168316
CDNow,0,PoissonGBM_raw,all,nMAE,0.8744239631336407
CDNow,0,PoissonGBM_raw,all,sharpness_std,0.593141045931196
CDNow,0,PoissonGBM_raw,x>0,CRPS,0.8437197735191637
CDNow,0,PoissonGBM_raw,x>0,pit_ks,0.10622586334187945
CDNow,0,PoissonGBM_raw,x>0,cov95,0.8815331010452961
CDNow,0,PoissonGBM_raw,x>0,cov50,0.7212543554006968
CDNow,0,PoissonGBM_raw,x>0,nMAE,0.8288770053475936
CDNow,0,PoissonGBM_raw,x>0,sharpness_std,0.850589464252303
CDNow,0,PoissonGBM_recal,all,CRPS,0.4299163055162659
CDNow,0,PoissonGBM_recal,all,pit_ks,0.03135334724267558
CDNow,0,PoissonGBM_recal,all,cov95,0.9603960396039604
CDNow,0,PoissonGBM_recal,all,cov50,0.8288543140028288
CDNow,0,PoissonGBM_recal,all,nMAE,0.870967741935484
CDNow,0,PoissonGBM_recal,all,sharpness_std,0.756056650084582
CDNow,0,PoissonGBM_recal,x>0,CRPS,0.8310113588850175
CDNow,0,PoissonGBM_recal,x>0,pit_ks,0.06816434110243175
CDNow,0,PoissonGBM_recal,x>0,cov95,0.926829268292683
CDNow,0,PoissonGBM_recal,x>0,cov50,0.7247386759581882
CDNow,0,PoissonGBM_recal,x>0,nMAE,0.8368983957219251
CDNow,0,PoissonGBM_recal,x>0,sharpness_std,1.05031728199751
CDNow,0,QuantileGBM_raw,all,CRPS,0.42893039250353604
CDNow,0,QuantileGBM_raw,all,pit_ks,0.04667609618104662
CDNow,0,QuantileGBM_raw,all,cov95,0.9448373408769448
CDNow,0,QuantileGBM_raw,all,cov50,0.8557284299858557
CDNow,0,QuantileGBM_raw,all,nMAE,0.8721198156682027
CDNow,0,QuantileGBM_raw,all,sharpness_std,0.7365969168661386
CDNow,0,QuantileGBM_raw,x>0,CRPS,0.8460071428571427
CDNow,0,QuantileGBM_raw,x>0,pit_ks,0.0953858702212132
CDNow,0,QuantileGBM_raw,x>0,cov95,0.8989547038327527
CDNow,0,QuantileGBM_raw,x>0,cov50,0.7874564459930313
CDNow,0,QuantileGBM_raw,x>0,nMAE,0.8516042780748664
CDNow,0,QuantileGBM_raw,x>0,sharpness_std,1.1572003942319442
CDNow,0,QuantileGBM_recal,all,CRPS,0.4283992927864215
CDNow,0,QuantileGBM_recal,all,pit_ks,0.04667609618104662
CDNow,0,QuantileGBM_recal,all,cov95,0.9519094766619519
CDNow,0,QuantileGBM_recal,all,cov50,0.8500707213578501
CDNow,0,QuantileGBM_recal,all,nMAE,0.8698156682027649
CDNow,0,QuantileGBM_recal,all,sharpness_std,0.8383453608763892
CDNow,0,QuantileGBM_recal,x>0,CRPS,0.8426433031358885
CDNow,0,QuantileGBM_recal,x>0,pit_ks,0.10277968101519624
CDNow,0,QuantileGBM_recal,x>0,cov95,0.9094076655052264
CDNow,0,QuantileGBM_recal,x>0,cov50,0.7770034843205574
CDNow,0,QuantileGBM_recal,x>0,nMAE,0.8489304812834224
CDNow,0,QuantileGBM_recal,x>0,sharpness_std,1.2758622580105077
CDNow,1,BTYD_raw,all,CRPS,0.37121864445919805
CDNow,1,BTYD_raw,all,pit_ks,0.057813517787450364
CDNow,1,BTYD_raw,all,cov95,0.9717114568599717
CDNow,1,BTYD_raw,all,cov50,0.842998585572843
CDNow,1,BTYD_raw,all,nMAE,0.8238213399503722
CDNow,1,BTYD_raw,all,sharpness_std,0.7847812649041107
CDNow,1,BTYD_raw,x>0,CRPS,0.6823181972789115
CDNow,1,BTYD_raw,x>0,pit_ks,0.07490143779357761
CDNow,1,BTYD_raw,x>0,cov95,0.97
CDNow,1,BTYD_raw,x>0,cov50,0.7866666666666666
CDNow,1,BTYD_raw,x>0,nMAE,0.7911764705882353
CDNow,1,BTYD_raw,x>0,sharpness_std,1.3205762248208972
CDNow,1,BTYD_recal,all,CRPS,0.3731472984441302
CDNow,1,BTYD_recal,all,pit_ks,0.035254405122591204
CDNow,1,BTYD_recal,all,cov95,0.9858557284299858
CDNow,1,BTYD_recal,all,cov50,0.8500707213578501
CDNow,1,BTYD_recal,all,nMAE,0.858560794044665
CDNow,1,BTYD_recal,all,sharpness_std,0.9367440742461133
CDNow,1,BTYD_recal,x>0,CRPS,0.69013148
CDNow,1,BTYD_recal,x>0,pit_ks,0.02453896850359194
CDNow,1,BTYD_recal,x>0,cov95,0.9833333333333333
CDNow,1,BTYD_recal,x>0,cov50,0.8033333333333333
CDNow,1,BTYD_recal,x>0,nMAE,0.8323529411764706
CDNow,1,BTYD_recal,x>0,sharpness_std,1.5282323315247384
CDNow,1,PoissonGBM_raw,all,CRPS,0.48339465169731255
CDNow,1,PoissonGBM_raw,all,pit_ks,0.07460935643666655
CDNow,1,PoissonGBM_raw,all,cov95,0.9391796322489392
CDNow,1,PoissonGBM_raw,all,cov50,0.8005657708628006
CDNow,1,PoissonGBM_raw,all,nMAE,1.0545905707196028
CDNow,1,PoissonGBM_raw,all,sharpness_std,0.6105854147756851
CDNow,1,PoissonGBM_raw,x>0,CRPS,0.9247683124999999
CDNow,1,PoissonGBM_raw,x>0,pit_ks,0.1033710906433641
CDNow,1,PoissonGBM_raw,x>0,cov95,0.8966666666666666
CDNow,1,PoissonGBM_raw,x>0,cov50,0.6666666666666666
CDNow,1,PoissonGBM_raw,x>0,nMAE,1.0647058823529414
CDNow,1,PoissonGBM_raw,x>0,sharpness_std,0.9125628866986684
CDNow,1,PoissonGBM_recal,all,CRPS,0.4800634794908063
CDNow,1,PoissonGBM_recal,all,pit_ks,0.08472545307509388
CDNow,1,PoissonGBM_recal,all,cov95,0.9561527581329562
CDNow,1,PoissonGBM_recal,all,cov50,0.8062234794908062
CDNow,1,PoissonGBM_recal,all,nMAE,1.0409429280397022
CDNow,1,PoissonGBM_recal,all,sharpness_std,0.7706848461313829
CDNow,1,PoissonGBM_recal,x>0,CRPS,0.9142053866666667
CDNow,1,PoissonGBM_recal,x>0,pit_ks,0.10468301647906568
CDNow,1,PoissonGBM_recal,x>0,cov95,0.9266666666666666
CDNow,1,PoissonGBM_recal,x>0,cov50,0.6766666666666666
CDNow,1,PoissonGBM_recal,x>0,nMAE,1.048529411764706
CDNow,1,PoissonGBM_recal,x>0,sharpness_std,1.1166398239508193
CDNow,1,QuantileGBM_raw,all,CRPS,0.4139752386845827
CDNow,1,QuantileGBM_raw,all,pit_ks,0.04178316017880046
CDNow,1,QuantileGBM_raw,all,cov95,0.9561527581329562
CDNow,1,QuantileGBM_raw,all,cov50,0.8613861386138614
CDNow,1,QuantileGBM_raw,all,nMAE,0.900744416873449
CDNow,1,QuantileGBM_raw,all,sharpness_std,0.853850367916518
CDNow,1,QuantileGBM_raw,x>0,CRPS,0.7749124583333332
CDNow,1,QuantileGBM_raw,x>0,pit_ks,0.08867997177030407
CDNow,1,QuantileGBM_raw,x>0,cov95,0.9333333333333333
CDNow,1,QuantileGBM_raw,x>0,cov50,0.8266666666666667
CDNow,1,QuantileGBM_raw,x>0,nMAE,0.8823529411764706
CDNow,1,QuantileGBM_raw,x>0,sharpness_std,1.4636292774691768
CDNow,1,QuantileGBM_recal,all,CRPS,0.41612652899575675
CDNow,1,QuantileGBM_recal,all,pit_ks,0.04022271036342617
CDNow,1,QuantileGBM_recal,all,cov95,0.958981612446959
CDNow,1,QuantileGBM_recal,all,cov50,0.867043847241867
CDNow,1,QuantileGBM_recal,all,nMAE,0.9230769230769229
CDNow,1,QuantileGBM_recal,all,sharpness_std,0.9050165393452431
CDNow,1,QuantileGBM_recal,x>0,CRPS,0.7787518266666666
CDNow,1,QuantileGBM_recal,x>0,pit_ks,0.06796959715077755
CDNow,1,QuantileGBM_recal,x>0,cov95,0.9366666666666666
CDNow,1,QuantileGBM_recal,x>0,cov50,0.8366666666666667
CDNow,1,QuantileGBM_recal,x>0,nMAE,0.9088235294117648
CDNow,1,QuantileGBM_recal,x>0,sharpness_std,1.5243047020123173
CDNow,2,BTYD_raw,all,CRPS,0.41974655774615366
CDNow,2,BTYD_raw,all,pit_ks,0.05363798896685912
CDNow,2,BTYD_raw,all,cov95,0.9575671852899575
CDNow,2,BTYD_raw,all,cov50,0.8288543140028288
CDNow,2,BTYD_raw,all,nMAE,0.8107822410147992
CDNow,2,BTYD_raw,all,sharpness_std,0.7961415607841794
CDNow,2,BTYD_raw,x>0,CRPS,0.7810951227948807
CDNow,2,BTYD_raw,x>0,pit_ks,0.08407815163883647
CDNow,2,BTYD_raw,x>0,cov95,0.9525423728813559
CDNow,2,BTYD_raw,x>0,cov50,0.7491525423728813
CDNow,2,BTYD_raw,x>0,nMAE,0.777363184079602
CDNow,2,BTYD_raw,x>0,sharpness_std,1.3569797776734285
CDNow,2,BTYD_recal,all,CRPS,0.41699662800565773
CDNow,2,BTYD_recal,all,pit_ks,0.03628988546972045
CDNow,2,BTYD_recal,all,cov95,0.9844413012729845
CDNow,2,BTYD_recal,all,cov50,0.8302687411598303
CDNow,2,BTYD_recal,all,nMAE,0.8118393234672304
CDNow,2,BTYD_recal,all,sharpness_std,0.9827572193613437
CDNow,2,BTYD_recal,x>0,CRPS,0.776981206779661
CDNow,2,BTYD_recal,x>0,pit_ks,0.06550209130767404
CDNow,2,BTYD_recal,x>0,cov95,0.9830508474576272
CDNow,2,BTYD_recal,x>0,cov50,0.752542372881356
CDNow,2,BTYD_recal,x>0,nMAE,0.7786069651741293
CDNow,2,BTYD_recal,x>0,sharpness_std,1.5939133130666636
CDNow,2,PoissonGBM_raw,all,CRPS,0.49832857142857145
CDNow,2,PoissonGBM_raw,all,pit_ks,0.07155413229521868
CDNow,2,PoissonGBM_raw,all,cov95,0.917963224893918
CDNow,2,PoissonGBM_raw,all,cov50,0.8062234794908062
CDNow,2,PoissonGBM_raw,all,nMAE,0.96723044397463
CDNow,2,PoissonGBM_raw,all,sharpness_std,0.6006235540201889
CDNow,2,PoissonGBM_raw,x>0,CRPS,0.9469384533898305
CDNow,2,PoissonGBM_raw,x>0,pit_ks,0.1340103667487026
CDNow,2,PoissonGBM_raw,x>0,cov95,0.864406779661017
CDNow,2,PoissonGBM_raw,x>0,cov50,0.6745762711864407
CDNow,2,PoissonGBM_raw,x>0,nMAE,0.9266169154228855
CDNow,2,PoissonGBM_raw,x>0,sharpness_std,0.90161545843514
CDNow,2,PoissonGBM_recal,all,CRPS,0.48335549080622353
CDNow,2,PoissonGBM_recal,all,pit_ks,0.056201972062117064
CDNow,2,PoissonGBM_recal,all,cov95,0.9646393210749646
CDNow,2,PoissonGBM_recal,all,cov50,0.8076379066478077
CDNow,2,PoissonGBM_recal,all,nMAE,0.9196617336152221
CDNow,2,PoissonGBM_recal,all,sharpness_std,0.7730538305128457
CDNow,2,PoissonGBM_recal,x>0,CRPS,0.9210237016949153
CDNow,2,PoissonGBM_recal,x>0,pit_ks,0.11808634837339371
CDNow,2,PoissonGBM_recal,x>0,cov95,0.9322033898305084
CDNow,2,PoissonGBM_recal,x>0,cov50,0.6847457627118644
CDNow,2,PoissonGBM_recal,x>0,nMAE,0.9029850746268656
CDNow,2,PoissonGBM_recal,x>0,sharpness_std,1.1284510067951536
CDNow,2,QuantileGBM_raw,all,CRPS,0.46909225601131543
CDNow,2,QuantileGBM_raw,all,pit_ks,0.05901529960034413
CDNow,2,QuantileGBM_raw,all,cov95,0.942008486562942
CDNow,2,QuantileGBM_raw,all,cov50,0.8316831683168316
CDNow,2,QuantileGBM_raw,all,nMAE,0.9090909090909091
CDNow,2,QuantileGBM_raw,all,sharpness_std,0.7147496069052902
CDNow,2,QuantileGBM_raw,x>0,CRPS,0.8946768644067796
CDNow,2,QuantileGBM_raw,x>0,pit_ks,0.08886277565111644
CDNow,2,QuantileGBM_raw,x>0,cov95,0.9220338983050848
CDNow,2,QuantileGBM_raw,x>0,cov50,0.7491525423728813
CDNow,2,QuantileGBM_raw,x>0,nMAE,0.8930348258706466
CDNow,2,QuantileGBM_raw,x>0,sharpness_std,1.1830702519537823
CDNow,2,QuantileGBM_recal,all,CRPS,0.47053015558698735
CDNow,2,QuantileGBM_recal,all,pit_ks,0.052333804809052364
CDNow,2,QuantileGBM_recal,all,cov95,0.9462517680339463
CDNow,2,QuantileGBM_recal,all,cov50,0.8246110325318247
CDNow,2,QuantileGBM_recal,all,nMAE,0.9133192389006343
CDNow,2,QuantileGBM_recal,all,sharpness_std,0.7605920830482511
CDNow,2,QuantileGBM_recal,x>0,CRPS,0.8988877559322035
CDNow,2,QuantileGBM_recal,x>0,pit_ks,0.09663525639607107
CDNow,2,QuantileGBM_recal,x>0,cov95,0.9254237288135593
CDNow,2,QuantileGBM_recal,x>0,cov50,0.7389830508474576
CDNow,2,QuantileGBM_recal,x>0,nMAE,0.8980099502487562
CDNow,2,QuantileGBM_recal,x>0,sharpness_std,1.234169980266115
CDNow,3,BTYD_raw,all,CRPS,0.36901610715007355
CDNow,3,BTYD_raw,all,pit_ks,0.056431236727858436
CDNow,3,BTYD_raw,all,cov95,0.9688826025459689
CDNow,3,BTYD_raw,all,cov50,0.8345120226308345
CDNow,3,BTYD_raw,all,nMAE,0.7580275229357798
CDNow,3,BTYD_raw,all,sharpness_std,0.7804522478142676
CDNow,3,BTYD_raw,x>0,CRPS,0.6855015535626015
CDNow,3,BTYD_raw,x>0,pit_ks,0.08223702562257629
CDNow,3,BTYD_raw,x>0,cov95,0.9688581314878892
CDNow,3,BTYD_raw,x>0,cov50,0.754325259515571
CDNow,3,BTYD_raw,x>0,nMAE,0.7140921409214092
CDNow,3,BTYD_raw,x>0,sharpness_std,1.3570151857567285
CDNow,3,BTYD_recal,all,CRPS,0.3665673041018388
CDNow,3,BTYD_recal,all,pit_ks,0.029391698054336945
CDNow,3,BTYD_recal,all,cov95,0.9773691654879774
CDNow,3,BTYD_recal,all,cov50,0.8401697312588402
CDNow,3,BTYD_recal,all,nMAE,0.7568807339449541
CDNow,3,BTYD_recal,all,sharpness_std,0.8744717495183717
CDNow,3,BTYD_recal,x>0,CRPS,0.6819200415224914
CDNow,3,BTYD_recal,x>0,pit_ks,0.06926696511825656
CDNow,3,BTYD_recal,x>0,cov95,0.9826989619377162
CDNow,3,BTYD_recal,x>0,cov50,0.7681660899653979
CDNow,3,BTYD_recal,x>0,nMAE,0.7127371273712737
CDNow,3,BTYD_recal,x>0,sharpness_std,1.4938009544576893
CDNow,3,PoissonGBM_raw,all,CRPS,0.4268089992927865
CDNow,3,PoissonGBM_raw,all,pit_ks,0.06974938168490508
CDNow,3,PoissonGBM_raw,all,cov95,0.9434229137199435
CDNow,3,PoissonGBM_raw,all,cov50,0.8345120226308345
CDNow,3,PoissonGBM_raw,all,nMAE,0.8876146788990826
CDNow,3,PoissonGBM_raw,all,sharpness_std,0.6190707886612385
CDNow,3,PoissonGBM_raw,x>0,CRPS,0.8051006271626296
CDNow,3,PoissonGBM_raw,x>0,pit_ks,0.08867346001763377
CDNow,3,PoissonGBM_raw,x>0,cov95,0.8996539792387543
CDNow,3,PoissonGBM_raw,x>0,cov50,0.7197231833910035
CDNow,3,PoissonGBM_raw,x>0,nMAE,0.8401084010840109
CDNow,3,PoissonGBM_raw,x>0,sharpness_std,0.9354741014516416
CDNow,3,PoissonGBM_recal,all,CRPS,0.4167004243281471
CDNow,3,PoissonGBM_recal,all,pit_ks,0.05671247855720257
CDNow,3,PoissonGBM_recal,all,cov95,0.9688826025459689
CDNow,3,PoissonGBM_recal,all,cov50,0.8274398868458275
CDNow,3,PoissonGBM_recal,all,nMAE,0.8761467889908258
CDNow,3,PoissonGBM_recal,all,sharpness_std,0.7606345261712169
CDNow,3,PoissonGBM_recal,x>0,CRPS,0.7864728858131488
CDNow,3,PoissonGBM_recal,x>0,pit_ks,0.06582174694102738
CDNow,3,PoissonGBM_recal,x>0,cov95,0.9377162629757786
CDNow,3,PoissonGBM_recal,x>0,cov50,0.7231833910034602
CDNow,3,PoissonGBM_recal,x>0,nMAE,0.8319783197831979
CDNow,3,PoissonGBM_recal,x>0,sharpness_std,1.1150863853101105
CDNow,3,QuantileGBM_raw,all,CRPS,0.4179938030410184
CDNow,3,QuantileGBM_raw,all,pit_ks,0.03476304477690251
CDNow,3,QuantileGBM_raw,all,cov95,0.9632248939179632
CDNow,3,QuantileGBM_raw,all,cov50,0.8528995756718529
CDNow,3,QuantileGBM_raw,all,nMAE,0.9793577981651376
CDNow,3,QuantileGBM_raw,all,sharpness_std,0.7150559469608964
CDNow,3,QuantileGBM_raw,x>0,CRPS,0.8025910683391003
CDNow,3,QuantileGBM_raw,x>0,pit_ks,0.0853614265996212
CDNow,3,QuantileGBM_raw,x>0,cov95,0.9515570934256056
CDNow,3,QuantileGBM_raw,x>0,cov50,0.7958477508650519
CDNow,3,QuantileGBM_raw,x>0,nMAE,0.975609756097561
CDNow,3,QuantileGBM_raw,x>0,sharpness_std,1.2489539067609021
CDNow,3,QuantileGBM_recal,all,CRPS,0.4143711230551626
CDNow,3,QuantileGBM_recal,all,pit_ks,0.02855232502573435
CDNow,3,QuantileGBM_recal,all,cov95,0.9717114568599717
CDNow,3,QuantileGBM_recal,all,cov50,0.8472418670438473
CDNow,3,QuantileGBM_recal,all,nMAE,0.9254587155963303
CDNow,3,QuantileGBM_recal,all,sharpness_std,0.7906026730689117
CDNow,3,QuantileGBM_recal,x>0,CRPS,0.7947810103806229
CDNow,3,QuantileGBM_recal,x>0,pit_ks,0.07812315230573247
CDNow,3,QuantileGBM_recal,x>0,cov95,0.9584775086505191
CDNow,3,QuantileGBM_recal,x>0,cov50,0.7854671280276817
CDNow,3,QuantileGBM_recal,x>0,nMAE,0.9119241192411923
CDNow,3,QuantileGBM_recal,x>0,sharpness_std,1.3400858164885932
CDNow,4,BTYD_raw,all,CRPS,0.33153162255001006
CDNow,4,BTYD_raw,all,pit_ks,0.044170795576756405
CDNow,4,BTYD_raw,all,cov95,0.9731258840169731
CDNow,4,BTYD_raw,all,cov50,0.8557284299858557
CDNow,4,BTYD_raw,all,nMAE,0.8380281690140845
CDNow,4,BTYD_raw,all,sharpness_std,0.746440428343055
CDNow,4,BTYD_raw,x>0,CRPS,0.58725
CDNow,4,BTYD_raw,x>0,pit_ks,0.050217913390765645
CDNow,4,BTYD_raw,x>0,cov95,0.9821428571428571
CDNow,4,BTYD_raw,x>0,cov50,0.7928571428571428
CDNow,4,BTYD_raw,x>0,nMAE,0.7953736654804271
CDNow,4,BTYD_raw,x>0,sharpness_std,1.2853703856265095
CDNow,4,BTYD_recal,all,CRPS,0.33301685431400285
CDNow,4,BTYD_recal,all,pit_ks,0.022487584860522797
CDNow,4,BTYD_recal,all,cov95,0.9816124469589816
CDNow,4,BTYD_recal,all,cov50,0.8613861386138614
CDNow,4,BTYD_recal,all,nMAE,0.8690140845070423
CDNow,4,BTYD_recal,all,sharpness_std,0.8854703143022573
CDNow,4,BTYD_recal,x>0,CRPS,0.5925870571428571
CDNow,4,BTYD_recal,x>0,pit_ks,0.05406784547361354
CDNow,4,BTYD_recal,x>0,cov95,0.9892857142857143
CDNow,4,BTYD_recal,x>0,cov50,0.8071428571428572
CDNow,4,BTYD_recal,x>0,nMAE,0.8345195729537367
CDNow,4,BTYD_recal,x>0,sharpness_std,1.4667568165843354
CDNow,4,PoissonGBM_raw,all,CRPS,0.4030209070014144
CDNow,4,PoissonGBM_raw,all,pit_ks,0.06335680981498626
CDNow,4,PoissonGBM_raw,all,cov95,0.942008486562942
CDNow,4,PoissonGBM_raw,all,cov50,0.8444130127298444
CDNow,4,PoissonGBM_raw,all,nMAE,0.9985915492957748
CDNow,4,PoissonGBM_raw,all,sharpness_std,0.5878594088266195
CDNow,4,PoissonGBM_raw,x>0,CRPS,0.7541723214285714
CDNow,4,PoissonGBM_raw,x>0,pit_ks,0.10897144881583198
CDNow,4,PoissonGBM_raw,x>0,cov95,0.9142857142857143
CDNow,4,PoissonGBM_raw,x>0,cov50,0.7464285714285714
CDNow,4,PoissonGBM_raw,x>0,nMAE,0.9982206405693951
CDNow,4,PoissonGBM_raw,x>0,sharpness_std,0.9261394277039272
CDNow,4,PoissonGBM_recal,all,CRPS,0.3965591004243282
CDNow,4,PoissonGBM_recal,all,pit_ks,0.05810696457525588
CDNow,4,PoissonGBM_recal,all,cov95,0.9731258840169731
CDNow,4,PoissonGBM_recal,all,cov50,0.8401697312588402
CDNow,4,PoissonGBM_recal,all,nMAE,1.004225352112676
CDNow,4,PoissonGBM_recal,all,sharpness_std,0.7447100170759335
CDNow,4,PoissonGBM_recal,x>0,CRPS,0.7407614142857144
CDNow,4,PoissonGBM_recal,x>0,pit_ks,0.10035293457511435
CDNow,4,PoissonGBM_recal,x>0,cov95,0.9571428571428572
CDNow,4,PoissonGBM_recal,x>0,cov50,0.7428571428571429
CDNow,4,PoissonGBM_recal,x>0,nMAE,1.0053380782918149
CDNow,4,PoissonGBM_recal,x>0,sharpness_std,1.1281079847386435
CDNow,4,QuantileGBM_raw,all,CRPS,0.3608465700141443
CDNow,4,QuantileGBM_raw,all,pit_ks,0.031245087828879248
CDNow,4,QuantileGBM_raw,all,cov95,0.9632248939179632
CDNow,4,QuantileGBM_raw,all,cov50,0.8755304101838756
CDNow,4,QuantileGBM_raw,all,nMAE,0.9154929577464789
CDNow,4,QuantileGBM_raw,all,sharpness_std,0.7210663697028236
CDNow,4,QuantileGBM_raw,x>0,CRPS,0.6553501116071428
CDNow,4,QuantileGBM_raw,x>0,pit_ks,0.0492056329644085
CDNow,4,QuantileGBM_raw,x>0,cov95,0.9607142857142857
CDNow,4,QuantileGBM_raw,x>0,cov50,0.8392857142857143
CDNow,4,QuantileGBM_raw,x>0,nMAE,0.8932384341637011
CDNow,4,QuantileGBM_raw,x>0,sharpness_std,1.2526257728311139
CDNow,4,QuantileGBM_recal,all,CRPS,0.36127754455445543
CDNow,4,QuantileGBM_recal,all,pit_ks,0.03435361033630946
CDNow,4,QuantileGBM_recal,all,cov95,0.9688826025459689
CDNow,4,QuantileGBM_recal,all,cov50,0.8741159830268741
CDNow,4,QuantileGBM_recal,all,nMAE,0.9394366197183098
CDNow,4,QuantileGBM_recal,all,sharpness_std,0.7982224906763776
CDNow,4,QuantileGBM_recal,x>0,CRPS,0.6565461714285714
CDNow,4,QuantileGBM_recal,x>0,pit_ks,0.06374538433511756
CDNow,4,QuantileGBM_recal,x>0,cov95,0.9714285714285714
CDNow,4,QuantileGBM_recal,x>0,cov50,0.8357142857142857
CDNow,4,QuantileGBM_recal,x>0,nMAE,0.9234875444839858
CDNow,4,QuantileGBM_recal,x>0,sharpness_std,1.3410374379605745
CDNow,5,BTYD_raw,all,CRPS,0.3998973097018157
CDNow,5,BTYD_raw,all,pit_ks,0.04269303111560263
CDNow,5,BTYD_raw,all,cov95,0.9646393210749646
CDNow,5,BTYD_raw,all,cov50,0.8373408769448374
CDNow,5,BTYD_raw,all,nMAE,0.8049645390070922
CDNow,5,BTYD_raw,all,sharpness_std,0.7369912319851468
CDNow,5,BTYD_raw,x>0,CRPS,0.7502024416909622
CDNow,5,BTYD_raw,x>0,pit_ks,0.07997843838401208
CDNow,5,BTYD_raw,x>0,cov95,0.9607142857142857
CDNow,5,BTYD_raw,x>0,cov50,0.7464285714285714
CDNow,5,BTYD_raw,x>0,nMAE,0.7615606936416185
CDNow,5,BTYD_raw,x>0,sharpness_std,1.2871187791606644
CDNow,5,BTYD_recal,all,CRPS,0.3997782743988684
CDNow,5,BTYD_recal,all,pit_ks,0.022184769980367447
CDNow,5,BTYD_recal,all,cov95,0.9801980198019802
CDNow,5,BTYD_recal,all,cov50,0.8514851485148515
CDNow,5,BTYD_recal,all,nMAE,0.8392434988179669
CDNow,5,BTYD_recal,all,sharpness_std,0.8677652841305079
CDNow,5,BTYD_recal,x>0,CRPS,0.7522698142857142
CDNow,5,BTYD_recal,x>0,pit_ks,0.03586075132851552
CDNow,5,BTYD_recal,x>0,cov95,0.9785714285714285
CDNow,5,BTYD_recal,x>0,cov50,0.7821428571428571
CDNow,5,BTYD_recal,x>0,nMAE,0.8034682080924855
CDNow,5,BTYD_recal,x>0,sharpness_std,1.4704017879008502
CDNow,5,PoissonGBM_raw,all,CRPS,0.47285786775106076
CDNow,5,PoissonGBM_raw,all,pit_ks,0.07508058266065265
CDNow,5,PoissonGBM_raw,all,cov95,0.9349363507779349
CDNow,5,PoissonGBM_raw,all,cov50,0.8147100424328148
CDNow,5,PoissonGBM_raw,all,nMAE,0.9728132387706855
CDNow,5,PoissonGBM_raw,all,sharpness_std,0.6016097839891504
CDNow,5,PoissonGBM_raw,x>0,CRPS,0.9019708258928572
CDNow,5,PoissonGBM_raw,x>0,pit_ks,0.11663338908241777
CDNow,5,PoissonGBM_raw,x>0,cov95,0.8892857142857142
CDNow,5,PoissonGBM_raw,x>0,cov50,0.6714285714285714
CDNow,5,PoissonGBM_raw,x>0,nMAE,0.9552023121387283
CDNow,5,PoissonGBM_raw,x>0,sharpness_std,0.9210314390418247
CDNow,5,PoissonGBM_recal,all,CRPS,0.4635200113154173
CDNow,5,PoissonGBM_recal,all,pit_ks,0.06879329232756964
CDNow,5,PoissonGBM_recal,all,cov95,0.9618104667609618
CDNow,5,PoissonGBM_recal,all,cov50,0.8161244695898161
CDNow,5,PoissonGBM_recal,all,nMAE,0.9598108747044917
CDNow,5,PoissonGBM_recal,all,sharpness_std,0.7918549974584667
CDNow,5,PoissonGBM_recal,x>0,CRPS,0.8819615142857143
CDNow,5,PoissonGBM_recal,x>0,pit_ks,0.1074981489659943
CDNow,5,PoissonGBM_recal,x>0,cov95,0.9392857142857143
CDNow,5,PoissonGBM_recal,x>0,cov50,0.675
CDNow,5,PoissonGBM_recal,x>0,nMAE,0.9479768786127167
CDNow,5,PoissonGBM_recal,x>0,sharpness_std,1.166721565865326
CDNow,5,QuantileGBM_raw,all,CRPS,0.4258548974540311
CDNow,5,QuantileGBM_raw,all,pit_ks,0.058614773729886105
CDNow,5,QuantileGBM_raw,all,cov95,0.9547383309759547
CDNow,5,QuantileGBM_raw,all,cov50,0.8712871287128713
CDNow,5,QuantileGBM_raw,all,nMAE,0.9267139479905439
CDNow,5,QuantileGBM_raw,all,sharpness_std,0.7556120568202486
CDNow,5,QuantileGBM_raw,x>0,CRPS,0.8031872767857142
CDNow,5,QuantileGBM_raw,x>0,pit_ks,0.06507155149737903
CDNow,5,QuantileGBM_raw,x>0,cov95,0.9321428571428572
CDNow,5,QuantileGBM_raw,x>0,cov50,0.8214285714285714
CDNow,5,QuantileGBM_raw,x>0,nMAE,0.9104046242774566
CDNow,5,QuantileGBM_raw,x>0,sharpness_std,1.247279095381852
CDNow,5,QuantileGBM_recal,all,CRPS,0.4226140141442716
CDNow,5,QuantileGBM_recal,all,pit_ks,0.04720006705887381
CDNow,5,QuantileGBM_recal,all,cov95,0.9618104667609618
CDNow,5,QuantileGBM_recal,all,cov50,0.867043847241867
CDNow,5,QuantileGBM_recal,all,nMAE,0.905437352245863
CDNow,5,QuantileGBM_recal,all,sharpness_std,0.8048450152266178
CDNow,5,QuantileGBM_recal,x>0,CRPS,0.7984333
CDNow,5,QuantileGBM_recal,x>0,pit_ks,0.0535714285714286
CDNow,5,QuantileGBM_recal,x>0,cov95,0.9428571428571428
CDNow,5,QuantileGBM_recal,x>0,cov50,0.8142857142857143
CDNow,5,QuantileGBM_recal,x>0,nMAE,0.8843930635838149
CDNow,5,QuantileGBM_recal,x>0,sharpness_std,1.2848632196529448
CDNow,6,BTYD_raw,all,CRPS,0.3806048119389199
CDNow,6,BTYD_raw,all,pit_ks,0.07141865593556362
CDNow,6,BTYD_raw,all,cov95,0.9547383309759547
CDNow,6,BTYD_raw,all,cov50,0.8330975954738331
CDNow,6,BTYD_raw,all,nMAE,0.8308823529411764
CDNow,6,BTYD_raw,all,sharpness_std,0.6915030256198315
CDNow,6,BTYD_raw,x>0,CRPS,0.7720241916991515
CDNow,6,BTYD_raw,x>0,pit_ks,0.13621418176979283
CDNow,6,BTYD_raw,x>0,cov95,0.947565543071161
CDNow,6,BTYD_raw,x>0,cov50,0.7303370786516854
CDNow,6,BTYD_raw,x>0,nMAE,0.7976539589442816
CDNow,6,BTYD_raw,x>0,sharpness_std,1.2407548904795622
CDNow,6,BTYD_recal,all,CRPS,0.37325387270155586
CDNow,6,BTYD_recal,all,pit_ks,0.03208976592696061
CDNow,6,BTYD_recal,all,cov95,0.9702970297029703
CDNow,6,BTYD_recal,all,cov50,0.8514851485148515
CDNow,6,BTYD_recal,all,nMAE,0.818627450980392
CDNow,6,BTYD_recal,all,sharpness_std,0.862510750973382
CDNow,6,BTYD_recal,x>0,CRPS,0.7551645393258428
CDNow,6,BTYD_recal,x>0,pit_ks,0.08108669975989435
CDNow,6,BTYD_recal,x>0,cov95,0.9588014981273408
CDNow,6,BTYD_recal,x>0,cov50,0.7790262172284644
CDNow,6,BTYD_recal,x>0,nMAE,0.782991202346041
CDNow,6,BTYD_recal,x>0,sharpness_std,1.484565726211954
CDNow,6,PoissonGBM_raw,all,CRPS,0.4181293051626591
CDNow,6,PoissonGBM_raw,all,pit_ks,0.06032650855706012
CDNow,6,PoissonGBM_raw,all,cov95,0.942008486562942
CDNow,6,PoissonGBM_raw,all,cov50,0.8217821782178217
CDNow,6,PoissonGBM_raw,all,nMAE,0.8872549019607843
CDNow,6,PoissonGBM_raw,all,sharpness_std,0.5374655987409448
CDNow,6,PoissonGBM_raw,x>0,CRPS,0.8423914559925093
CDNow,6,PoissonGBM_raw,x>0,pit_ks,0.15010563865433957
CDNow,6,PoissonGBM_raw,x>0,cov95,0.8876404494382022
CDNow,6,PoissonGBM_raw,x>0,cov50,0.6891385767790262
CDNow,6,PoissonGBM_raw,x>0,nMAE,0.8357771260997067
CDNow,6,PoissonGBM_raw,x>0,sharpness_std,0.7985671460265088
CDNow,6,PoissonGBM_recal,all,CRPS,0.4103553041018388
CDNow,6,PoissonGBM_recal,all,pit_ks,0.054629617818101606
CDNow,6,PoissonGBM_recal,all,cov95,0.9717114568599717
CDNow,6,PoissonGBM_recal,all,cov50,0.8345120226308345
CDNow,6,PoissonGBM_recal,all,nMAE,0.892156862745098
CDNow,6,PoissonGBM_recal,all,sharpness_std,0.7398029385431727
CDNow,6,PoissonGBM_recal,x>0,CRPS,0.816448254681648
CDNow,6,PoissonGBM_recal,x>0,pit_ks,0.09667088737933927
CDNow,6,PoissonGBM_recal,x>0,cov95,0.951310861423221
CDNow,6,PoissonGBM_recal,x>0,cov50,0.7191011235955056
CDNow,6,PoissonGBM_recal,x>0,nMAE,0.8445747800586509
CDNow,6,PoissonGBM_recal,x>0,sharpness_std,1.0596289170054547
CDNow,6,QuantileGBM_raw,all,CRPS,0.4108624734794908
CDNow,6,QuantileGBM_raw,all,pit_ks,0.04874090450195723
CDNow,6,QuantileGBM_raw,all,cov95,0.9462517680339463
CDNow,6,QuantileGBM_raw,all,cov50,0.8472418670438473
CDNow,6,QuantileGBM_raw,all,nMAE,0.8909313725490196
CDNow,6,QuantileGBM_raw,all,sharpness_std,0.6753185656395423
CDNow,6,QuantileGBM_raw,x>0,CRPS,0.8437749765917604
CDNow,6,QuantileGBM_raw,x>0,pit_ks,0.08931654225848829
CDNow,6,QuantileGBM_raw,x>0,cov95,0.9026217228464419
CDNow,6,QuantileGBM_raw,x>0,cov50,0.7640449438202247
CDNow,6,QuantileGBM_raw,x>0,nMAE,0.8695014662756597
CDNow,6,QuantileGBM_raw,x>0,sharpness_std,1.2068400802077834
CDNow,6,QuantileGBM_recal,all,CRPS,0.40917445544554454
CDNow,6,QuantileGBM_recal,all,pit_ks,0.04664363805330296
CDNow,6,QuantileGBM_recal,all,cov95,0.9547383309759547
CDNow,6,QuantileGBM_recal,all,cov50,0.8528995756718529
CDNow,6,QuantileGBM_recal,all,nMAE,0.892156862745098
CDNow,6,QuantileGBM_recal,all,sharpness_std,0.812565934440826
CDNow,6,QuantileGBM_recal,x>0,CRPS,0.8351393857677902
CDNow,6,QuantileGBM_recal,x>0,pit_ks,0.0786516853932584
CDNow,6,QuantileGBM_recal,x>0,cov95,0.9176029962546817
CDNow,6,QuantileGBM_recal,x>0,cov50,0.7790262172284644
CDNow,6,QuantileGBM_recal,x>0,nMAE,0.8709677419354839
CDNow,6,QuantileGBM_recal,x>0,sharpness_std,1.4116469222715828
CDNow,7,BTYD_raw,all,CRPS,0.38585110989233035
CDNow,7,BTYD_raw,all,pit_ks,0.0675179809574783
CDNow,7,BTYD_raw,all,cov95,0.9632248939179632
CDNow,7,BTYD_raw,all,cov50,0.8231966053748232
CDNow,7,BTYD_raw,all,nMAE,0.8329268292682926
CDNow,7,BTYD_raw,all,sharpness_std,0.749473816904458
CDNow,7,BTYD_raw,x>0,CRPS,0.6693790485477467
CDNow,7,BTYD_raw,x>0,pit_ks,0.08372185951666367
CDNow,7,BTYD_raw,x>0,cov95,0.9692832764505119
CDNow,7,BTYD_raw,x>0,cov50,0.757679180887372
CDNow,7,BTYD_raw,x>0,nMAE,0.7911585365853658
CDNow,7,BTYD_raw,x>0,sharpness_std,1.2751573527623405
CDNow,7,BTYD_recal,all,CRPS,0.3836376916548798
CDNow,7,BTYD_recal,all,pit_ks,0.027035631713606068
CDNow,7,BTYD_recal,all,cov95,0.9745403111739745
CDNow,7,BTYD_recal,all,cov50,0.8345120226308345
CDNow,7,BTYD_recal,all,nMAE,0.8536585365853658
CDNow,7,BTYD_recal,all,sharpness_std,0.925013931902118
CDNow,7,BTYD_recal,x>0,CRPS,0.6690075358361774
CDNow,7,BTYD_recal,x>0,pit_ks,0.039223164123550064
CDNow,7,BTYD_recal,x>0,cov95,0.9795221843003413
CDNow,7,BTYD_recal,x>0,cov50,0.7849829351535836
CDNow,7,BTYD_recal,x>0,nMAE,0.8170731707317073
CDNow,7,BTYD_recal,x>0,sharpness_std,1.5185426615513884
CDNow,7,PoissonGBM_raw,all,CRPS,0.43435202439886844
CDNow,7,PoissonGBM_raw,all,pit_ks,0.07843379849309595
CDNow,7,PoissonGBM_raw,all,cov95,0.9377652050919377
CDNow,7,PoissonGBM_raw,all,cov50,0.8189533239038189
CDNow,7,PoissonGBM_raw,all,nMAE,0.9219512195121952
CDNow,7,PoissonGBM_raw,all,sharpness_std,0.5681458623182499
CDNow,7,PoissonGBM_raw,x>0,CRPS,0.7599367960750854
CDNow,7,PoissonGBM_raw,x>0,pit_ks,0.0980423614064958
CDNow,7,PoissonGBM_raw,x>0,cov95,0.9010238907849829
CDNow,7,PoissonGBM_raw,x>0,cov50,0.7337883959044369
CDNow,7,PoissonGBM_raw,x>0,nMAE,0.875
CDNow,7,PoissonGBM_raw,x>0,sharpness_std,0.8528878980922109
CDNow,7,PoissonGBM_recal,all,CRPS,0.42899814427157
CDNow,7,PoissonGBM_recal,all,pit_ks,0.04791283242613642
CDNow,7,PoissonGBM_recal,all,cov95,0.9731258840169731
CDNow,7,PoissonGBM_recal,all,cov50,0.8217821782178217
CDNow,7,PoissonGBM_recal,all,nMAE,0.9219512195121952
CDNow,7,PoissonGBM_recal,all,sharpness_std,0.8104881133282189
CDNow,7,PoissonGBM_recal,x>0,CRPS,0.7468012423208191
CDNow,7,PoissonGBM_recal,x>0,pit_ks,0.08124716204263205
CDNow,7,PoissonGBM_recal,x>0,cov95,0.9590443686006825
CDNow,7,PoissonGBM_recal,x>0,cov50,0.7372013651877133
CDNow,7,PoissonGBM_recal,x>0,nMAE,0.875
CDNow,7,PoissonGBM_recal,x>0,sharpness_std,1.1615372440722975
CDNow,7,QuantileGBM_raw,all,CRPS,0.41864867397454025
CDNow,7,QuantileGBM_raw,all,pit_ks,0.05919814309511051
CDNow,7,QuantileGBM_raw,all,cov95,0.942008486562942
CDNow,7,QuantileGBM_raw,all,cov50,0.8302687411598303
CDNow,7,QuantileGBM_raw,all,nMAE,0.9
CDNow,7,QuantileGBM_raw,all,sharpness_std,0.6735622872232165
CDNow,7,QuantileGBM_raw,x>0,CRPS,0.7429999360068259
CDNow,7,QuantileGBM_raw,x>0,pit_ks,0.07335228938625249
CDNow,7,QuantileGBM_raw,x>0,cov95,0.9215017064846417
CDNow,7,QuantileGBM_raw,x>0,cov50,0.7747440273037542
CDNow,7,QuantileGBM_raw,x>0,nMAE,0.875
CDNow,7,QuantileGBM_raw,x>0,sharpness_std,1.1016494459315362
CDNow,7,QuantileGBM_recal,all,CRPS,0.41610510891089114
CDNow,7,QuantileGBM_recal,all,pit_ks,0.04950495049504955
CDNow,7,QuantileGBM_recal,all,cov95,0.9490806223479491
CDNow,7,QuantileGBM_recal,all,cov50,0.8387553041018387
CDNow,7,QuantileGBM_recal,all,nMAE,0.8878048780487805
CDNow,7,QuantileGBM_recal,all,sharpness_std,0.7768497915494875
CDNow,7,QuantileGBM_recal,x>0,CRPS,0.7348055972696246
CDNow,7,QuantileGBM_recal,x>0,pit_ks,0.0664990697995439
CDNow,7,QuantileGBM_recal,x>0,cov95,0.931740614334471
CDNow,7,QuantileGBM_recal,x>0,cov50,0.7952218430034129
CDNow,7,QuantileGBM_recal,x>0,nMAE,0.8597560975609756
CDNow,7,QuantileGBM_recal,x>0,sharpness_std,1.2128739731872658
OnlineRetailII,0,BTYD_raw,all,CRPS,0.774838574774172
OnlineRetailII,0,BTYD_raw,all,pit_ks,0.20601521861082495
OnlineRetailII,0,BTYD_raw,all,cov95,0.9867291178766588
OnlineRetailII,0,BTYD_raw,all,cov50,0.8017174082747853
OnlineRetailII,0,BTYD_raw,all,nMAE,0.8352375225496091
OnlineRetailII,0,BTYD_raw,all,sharpness_std,1.7992407082095043
OnlineRetailII,0,BTYD_raw,x>0,CRPS,1.003467608712227
OnlineRetailII,0,BTYD_raw,x>0,pit_ks,0.22267523524394484
OnlineRetailII,0,BTYD_raw,x>0,cov95,0.9813200498132005
OnlineRetailII,0,BTYD_raw,x>0,cov50,0.7048567870485679
OnlineRetailII,0,BTYD_raw,x>0,nMAE,0.7668221185876083
OnlineRetailII,0,BTYD_raw,x>0,sharpness_std,2.032239574664678
OnlineRetailII,0,BTYD_recal,all,CRPS,0.6473395222482436
OnlineRetailII,0,BTYD_recal,all,pit_ks,0.02805831795830105
OnlineRetailII,0,BTYD_recal,all,cov95,0.9804839968774395
OnlineRetailII,0,BTYD_recal,all,cov50,0.7775175644028103
OnlineRetailII,0,BTYD_recal,all,nMAE,0.6782922429344558
OnlineRetailII,0,BTYD_recal,all,sharpness_std,1.3218085578868457
OnlineRetailII,0,BTYD_recal,x>0,CRPS,0.8638131207970113
OnlineRetailII,0,BTYD_recal,x>0,pit_ks,0.03523341686508352
OnlineRetailII,0,BTYD_recal,x>0,cov95,0.9738480697384807
OnlineRetailII,0,BTYD_recal,x>0,cov50,0.7409713574097135
OnlineRetailII,0,BTYD_recal,x>0,nMAE,0.6415722851432378
OnlineRetailII,0,BTYD_recal,x>0,sharpness_std,1.5593875012637533
OnlineRetailII,0,PoissonGBM_raw,all,CRPS,0.7334943110850898
OnlineRetailII,0,PoissonGBM_raw,all,pit_ks,0.06405595705526995
OnlineRetailII,0,PoissonGBM_raw,all,cov95,0.942232630757221
OnlineRetailII,0,PoissonGBM_raw,all,cov50,0.7439500390320063
OnlineRetailII,0,PoissonGBM_raw,all,nMAE,0.7621767889356583
OnlineRetailII,0,PoissonGBM_raw,all,sharpness_std,0.9850049207573978
OnlineRetailII,0,PoissonGBM_raw,x>0,CRPS,0.9723041796388542
OnlineRetailII,0,PoissonGBM_raw,x>0,pit_ks,0.06373161492104173
OnlineRetailII,0,PoissonGBM_raw,x>0,cov95,0.9240348692403487
OnlineRetailII,0,PoissonGBM_raw,x>0,cov50,0.6824408468244084
OnlineRetailII,0,PoissonGBM_raw,x>0,nMAE,0.7038640906062625
OnlineRetailII,0,PoissonGBM_raw,x>0,sharpness_std,1.2068954378375052
OnlineRetailII,0,PoissonGBM_recal,all,CRPS,0.7161078095238096
OnlineRetailII,0,PoissonGBM_recal,all,pit_ks,0.03335816040196987
OnlineRetailII,0,PoissonGBM_recal,all,cov95,0.9656518345042935
OnlineRetailII,0,PoissonGBM_recal,all,cov50,0.7642466822794691
OnlineRetailII,0,PoissonGBM_recal,all,nMAE,0.7486470234515934
OnlineRetailII,0,PoissonGBM_recal,all,sharpness_std,1.1949526278018052
OnlineRetailII,0,PoissonGBM_recal,x>0,CRPS,0.952324288916563
OnlineRetailII,0,PoissonGBM_recal,x>0,pit_ks,0.0415656431079946
OnlineRetailII,0,PoissonGBM_recal,x>0,cov95,0.9526774595267746
OnlineRetailII,0,PoissonGBM_recal,x>0,cov50,0.7235367372353674
OnlineRetailII,0,PoissonGBM_recal,x>0,nMAE,0.6915389740173219
OnlineRetailII,0,PoissonGBM_recal,x>0,sharpness_std,1.457022761010017
OnlineRetailII,0,QuantileGBM_raw,all,CRPS,0.6663550009758
OnlineRetailII,0,QuantileGBM_raw,all,pit_ks,0.03483457972107473
OnlineRetailII,0,QuantileGBM_raw,all,cov95,0.9617486338797814
OnlineRetailII,0,QuantileGBM_raw,all,cov50,0.819672131147541
OnlineRetailII,0,QuantileGBM_raw,all,nMAE,0.6882140709561033
OnlineRetailII,0,QuantileGBM_raw,all,sharpness_std,1.2592340129086157
OnlineRetailII,0,QuantileGBM_raw,x>0,CRPS,0.8931611067870485
OnlineRetailII,0,QuantileGBM_raw,x>0,pit_ks,0.05526502742396422
OnlineRetailII,0,QuantileGBM_raw,x>0,cov95,0.9476961394769614
OnlineRetailII,0,QuantileGBM_raw,x>0,cov50,0.7995018679950187
OnlineRetailII,0,QuantileGBM_raw,x>0,nMAE,0.6545636242504997
OnlineRetailII,0,QuantileGBM_raw,x>0,sharpness_std,1.5745531852084278
OnlineRetailII,0,QuantileGBM_recal,all,CRPS,0.6683376174863388
OnlineRetailII,0,QuantileGBM_recal,all,pit_ks,0.03434816549570652
OnlineRetailII,0,QuantileGBM_recal,all,cov95,0.9648711943793911
OnlineRetailII,0,QuantileGBM_recal,all,cov50,0.8024980483996877
OnlineRetailII,0,QuantileGBM_recal,all,nMAE,0.6891160553217077
OnlineRetailII,0,QuantileGBM_recal,all,sharpness_std,1.3140995844421557
OnlineRetailII,0,QuantileGBM_recal,x>0,CRPS,0.8957275317559154
OnlineRetailII,0,QuantileGBM_recal,x>0,pit_ks,0.0627653015833824
OnlineRetailII,0,QuantileGBM_recal,x>0,cov95,0.9526774595267746
OnlineRetailII,0,QuantileGBM_recal,x>0,cov50,0.7895392278953923
OnlineRetailII,0,QuantileGBM_recal,x>0,nMAE,0.6555629580279814
OnlineRetailII,0,QuantileGBM_recal,x>0,sharpness_std,1.6309389523156215
OnlineRetailII,1,BTYD_raw,all,CRPS,0.7604907677356657
OnlineRetailII,1,BTYD_raw,all,pit_ks,0.21505792376698896
OnlineRetailII,1,BTYD_raw,all,cov95,0.990632318501171
OnlineRetailII,1,BTYD_raw,all,cov50,0.8157689305230289
OnlineRetailII,1,BTYD_raw,all,nMAE,0.8329297820823245
OnlineRetailII,1,BTYD_raw,all,sharpness_std,1.8051877507598821
OnlineRetailII,1,BTYD_raw,x>0,CRPS,0.9608269249728877
OnlineRetailII,1,BTYD_raw,x>0,pit_ks,0.21217118650704303
OnlineRetailII,1,BTYD_raw,x>0,cov95,0.9855072463768116
OnlineRetailII,1,BTYD_raw,x>0,cov50,0.7379227053140096
OnlineRetailII,1,BTYD_raw,x>0,nMAE,0.7578281145902731
OnlineRetailII,1,BTYD_raw,x>0,sharpness_std,1.9960614444934692
OnlineRetailII,1,BTYD_recal,all,CRPS,0.6327251928181109
OnlineRetailII,1,BTYD_recal,all,pit_ks,0.03928609948585304
OnlineRetailII,1,BTYD_recal,all,cov95,0.9773614363778298
OnlineRetailII,1,BTYD_recal,all,cov50,0.8110850897736144
OnlineRetailII,1,BTYD_recal,all,nMAE,0.6707021791767553
OnlineRetailII,1,BTYD_recal,all,sharpness_std,1.2814652251855743
OnlineRetailII,1,BTYD_recal,x>0,CRPS,0.8260855893719807
OnlineRetailII,1,BTYD_recal,x>0,pit_ks,0.037867398128775084
OnlineRetailII,1,BTYD_recal,x>0,cov95,0.9710144927536232
OnlineRetailII,1,BTYD_recal,x>0,cov50,0.7789855072463768
OnlineRetailII,1,BTYD_recal,x>0,nMAE,0.63690872751499
OnlineRetailII,1,BTYD_recal,x>0,sharpness_std,1.497069842958822
OnlineRetailII,1,PoissonGBM_raw,all,CRPS,0.6832264393052302
OnlineRetailII,1,PoissonGBM_raw,all,pit_ks,0.062186766347397615
OnlineRetailII,1,PoissonGBM_raw,all,cov95,0.9492583918813428
OnlineRetailII,1,PoissonGBM_raw,all,cov50,0.7712724434035909
OnlineRetailII,1,PoissonGBM_raw,all,nMAE,0.7006658595641646
OnlineRetailII,1,PoissonGBM_raw,all,sharpness_std,0.9890680504646693
OnlineRetailII,1,PoissonGBM_raw,x>0,CRPS,0.8963446180555555
OnlineRetailII,1,PoissonGBM_raw,x>0,pit_ks,0.07294891736828327
OnlineRetailII,1,PoissonGBM_raw,x>0,cov95,0.9396135265700483
OnlineRetailII,1,PoissonGBM_raw,x>0,cov50,0.717391304347826
OnlineRetailII,1,PoissonGBM_raw,x>0,nMAE,0.6638907395069953
OnlineRetailII,1,PoissonGBM_raw,x>0,sharpness_std,1.2078015392826658
OnlineRetailII,1,PoissonGBM_recal,all,CRPS,0.6713029008587041
OnlineRetailII,1,PoissonGBM_recal,all,pit_ks,0.025273646572086
OnlineRetailII,1,PoissonGBM_recal,all,cov95,0.9648711943793911
OnlineRetailII,1,PoissonGBM_recal,all,cov50,0.7939110070257611
OnlineRetailII,1,PoissonGBM_recal,all,nMAE,0.695823244552058
OnlineRetailII,1,PoissonGBM_recal,all,sharpness_std,1.1476629471293696
OnlineRetailII,1,PoissonGBM_recal,x>0,CRPS,0.8807412077294686
OnlineRetailII,1,PoissonGBM_recal,x>0,pit_ks,0.04265938545049999
OnlineRetailII,1,PoissonGBM_recal,x>0,cov95,0.9601449275362319
OnlineRetailII,1,PoissonGBM_recal,x>0,cov50,0.751207729468599
OnlineRetailII,1,PoissonGBM_recal,x>0,nMAE,0.6658894070619586
OnlineRetailII,1,PoissonGBM_recal,x>0,sharpness_std,1.4005997098458245
OnlineRetailII,1,QuantileGBM_raw,all,CRPS,0.6581164129586261
OnlineRetailII,1,QuantileGBM_raw,all,pit_ks,0.02935392317780572
OnlineRetailII,1,QuantileGBM_raw,all,cov95,0.9664324746291959
OnlineRetailII,1,QuantileGBM_raw,all,cov50,0.825136612021858
OnlineRetailII,1,QuantileGBM_raw,all,nMAE,0.6809927360774818
OnlineRetailII,1,QuantileGBM_raw,all,sharpness_std,1.204460756581979
OnlineRetailII,1,QuantileGBM_raw,x>0,CRPS,0.8629206219806762
OnlineRetailII,1,QuantileGBM_raw,x>0,pit_ks,0.04331595675753547
OnlineRetailII,1,QuantileGBM_raw,x>0,cov95,0.9577294685990339
OnlineRetailII,1,QuantileGBM_raw,x>0,cov50,0.8164251207729468
OnlineRetailII,1,QuantileGBM_raw,x>0,nMAE,0.6489007328447701
OnlineRetailII,1,QuantileGBM_raw,x>0,sharpness_std,1.4932587806436843
OnlineRetailII,1,QuantileGBM_recal,all,CRPS,0.6618174488680719
OnlineRetailII,1,QuantileGBM_recal,all,pit_ks,0.02900811566283734
OnlineRetailII,1,QuantileGBM_recal,all,cov95,0.9687743950039032
OnlineRetailII,1,QuantileGBM_recal,all,cov50,0.8407494145199064
OnlineRetailII,1,QuantileGBM_recal,all,nMAE,0.6849273607748183
OnlineRetailII,1,QuantileGBM_recal,all,sharpness_std,1.277694545152455
OnlineRetailII,1,QuantileGBM_recal,x>0,CRPS,0.8682906859903382
OnlineRetailII,1,QuantileGBM_recal,x>0,pit_ks,0.0569151029296561
OnlineRetailII,1,QuantileGBM_recal,x>0,cov95,0.9601449275362319
OnlineRetailII,1,QuantileGBM_recal,x>0,cov50,0.8260869565217391
OnlineRetailII,1,QuantileGBM_recal,x>0,nMAE,0.6532311792138574
OnlineRetailII,1,QuantileGBM_recal,x>0,sharpness_std,1.5813438965816398
OnlineRetailII,2,BTYD_raw,all,CRPS,0.8098004588252162
OnlineRetailII,2,BTYD_raw,all,pit_ks,0.2158730664637103
OnlineRetailII,2,BTYD_raw,all,cov95,0.9859484777517564
OnlineRetailII,2,BTYD_raw,all,cov50,0.8040593286494926
OnlineRetailII,2,BTYD_raw,all,nMAE,0.8856968215158924
OnlineRetailII,2,BTYD_raw,all,sharpness_std,1.7960231781957325
OnlineRetailII,2,BTYD_raw,x>0,CRPS,1.041845553036029
OnlineRetailII,2,BTYD_raw,x>0,pit_ks,0.22909470384867142
OnlineRetailII,2,BTYD_raw,x>0,cov95,0.9790123456790123
OnlineRetailII,2,BTYD_raw,x>0,cov50,0.7111111111111111
OnlineRetailII,2,BTYD_raw,x>0,nMAE,0.8076402974983097
OnlineRetailII,2,BTYD_raw,x>0,sharpness_std,1.9926382204501085
OnlineRetailII,2,BTYD_recal,all,CRPS,0.6721710039032007
OnlineRetailII,2,BTYD_recal,all,pit_ks,0.044237919493284705
OnlineRetailII,2,BTYD_recal,all,cov95,0.975800156128025
OnlineRetailII,2,BTYD_recal,all,cov50,0.7978142076502732
OnlineRetailII,2,BTYD_recal,all,nMAE,0.7090464547677261
OnlineRetailII,2,BTYD_recal,all,sharpness_std,1.378795826858844
OnlineRetailII,2,BTYD_recal,x>0,CRPS,0.8955763160493828
OnlineRetailII,2,BTYD_recal,x>0,pit_ks,0.05475452258347689
OnlineRetailII,2,BTYD_recal,x>0,cov95,0.9641975308641976
OnlineRetailII,2,BTYD_recal,x>0,cov50,0.7617283950617284
OnlineRetailII,2,BTYD_recal,x>0,nMAE,0.6747802569303584
OnlineRetailII,2,BTYD_recal,x>0,sharpness_std,1.5816134961020905
OnlineRetailII,2,PoissonGBM_raw,all,CRPS,0.7384754098360656
OnlineRetailII,2,PoissonGBM_raw,all,pit_ks,0.07810149053576199
OnlineRetailII,2,PoissonGBM_raw,all,cov95,0.9359875097580016
OnlineRetailII,2,PoissonGBM_raw,all,cov50,0.7525370804059328
OnlineRetailII,2,PoissonGBM_raw,all,nMAE,0.7820904645476772
OnlineRetailII,2,PoissonGBM_raw,all,sharpness_std,0.9788239414323622
OnlineRetailII,2,PoissonGBM_raw,x>0,CRPS,0.9858172839506172
OnlineRetailII,2,PoissonGBM_raw,x>0,pit_ks,0.08287044610251201
OnlineRetailII,2,PoissonGBM_raw,x>0,cov95,0.9197530864197531
OnlineRetailII,2,PoissonGBM_raw,x>0,cov50,0.682716049382716
OnlineRetailII,2,PoissonGBM_raw,x>0,nMAE,0.7231237322515213
OnlineRetailII,2,PoissonGBM_raw,x>0,sharpness_std,1.1895234625385214
OnlineRetailII,2,PoissonGBM_recal,all,CRPS,0.7187107322404372
OnlineRetailII,2,PoissonGBM_recal,all,pit_ks,0.0499407438184829
OnlineRetailII,2,PoissonGBM_recal,all,cov95,0.9781420765027322
OnlineRetailII,2,PoissonGBM_recal,all,cov50,0.7736143637782982
OnlineRetailII,2,PoissonGBM_recal,all,nMAE,0.7561124694376528
OnlineRetailII,2,PoissonGBM_recal,all,sharpness_std,1.2230829299605563
OnlineRetailII,2,PoissonGBM_recal,x>0,CRPS,0.9604469925925927
OnlineRetailII,2,PoissonGBM_recal,x>0,pit_ks,0.041905419047025216
OnlineRetailII,2,PoissonGBM_recal,x>0,cov95,0.9679012345679012
OnlineRetailII,2,PoissonGBM_recal,x>0,cov50,0.7185185185185186
OnlineRetailII,2,PoissonGBM_recal,x>0,nMAE,0.7119675456389453
OnlineRetailII,2,PoissonGBM_recal,x>0,sharpness_std,1.478905465473129
OnlineRetailII,2,QuantileGBM_raw,all,CRPS,0.6945533860265417
OnlineRetailII,2,QuantileGBM_raw,all,pit_ks,0.04371584699453557
OnlineRetailII,2,QuantileGBM_raw,all,cov95,0.9516003122560499
OnlineRetailII,2,QuantileGBM_raw,all,cov50,0.8173302107728337
OnlineRetailII,2,QuantileGBM_raw,all,nMAE,0.7252444987775061
OnlineRetailII,2,QuantileGBM_raw,all,sharpness_std,1.1239537429904296
OnlineRetailII,2,QuantileGBM_raw,x>0,CRPS,0.9291253163580246
OnlineRetailII,2,QuantileGBM_raw,x>0,pit_ks,0.0561086537784643
OnlineRetailII,2,QuantileGBM_raw,x>0,cov95,0.9419753086419753
OnlineRetailII,2,QuantileGBM_raw,x>0,cov50,0.7790123456790123
OnlineRetailII,2,QuantileGBM_raw,x>0,nMAE,0.6950642325895875
OnlineRetailII,2,QuantileGBM_raw,x>0,sharpness_std,1.4129278107836534
OnlineRetailII,2,QuantileGBM_recal,all,CRPS,0.6934417298985168
OnlineRetailII,2,QuantileGBM_recal,all,pit_ks,0.04371584699453557
OnlineRetailII,2,QuantileGBM_recal,all,cov95,0.955503512880562
OnlineRetailII,2,QuantileGBM_recal,all,cov50,0.8212334113973458
OnlineRetailII,2,QuantileGBM_recal,all,nMAE,0.7218826405867971
OnlineRetailII,2,QuantileGBM_recal,all,sharpness_std,1.207483346417252
OnlineRetailII,2,QuantileGBM_recal,x>0,CRPS,0.9277558814814816
OnlineRetailII,2,QuantileGBM_recal,x>0,pit_ks,0.05308641975308637
OnlineRetailII,2,QuantileGBM_recal,x>0,cov95,0.945679012345679
OnlineRetailII,2,QuantileGBM_recal,x>0,cov50,0.7851851851851852
OnlineRetailII,2,QuantileGBM_recal,x>0,nMAE,0.691683569979716
OnlineRetailII,2,QuantileGBM_recal,x>0,sharpness_std,1.5148995543892771
OnlineRetailII,3,BTYD_raw,all,CRPS,0.8104216651531807
OnlineRetailII,3,BTYD_raw,all,pit_ks,0.1956836655421198
OnlineRetailII,3,BTYD_raw,all,cov95,0.9890710382513661
OnlineRetailII,3,BTYD_raw,all,cov50,0.7861046057767369
OnlineRetailII,3,BTYD_raw,all,nMAE,0.8354249857387337
OnlineRetailII,3,BTYD_raw,all,sharpness_std,1.8127665543128513
OnlineRetailII,3,BTYD_raw,x>0,CRPS,1.0255557234742236
OnlineRetailII,3,BTYD_raw,x>0,pit_ks,0.20422348379516975
OnlineRetailII,3,BTYD_raw,x>0,cov95,0.9845971563981043
OnlineRetailII,3,BTYD_raw,x>0,cov50,0.6990521327014217
OnlineRetailII,3,BTYD_raw,x>0,nMAE,0.768894440974391
OnlineRetailII,3,BTYD_raw,x>0,sharpness_std,2.0238409149818604
OnlineRetailII,3,BTYD_recal,all,CRPS,0.6932111319281811
OnlineRetailII,3,BTYD_recal,all,pit_ks,0.04591963073938049
OnlineRetailII,3,BTYD_recal,all,cov95,0.9633099141295862
OnlineRetailII,3,BTYD_recal,all,cov50,0.741608118657299
OnlineRetailII,3,BTYD_recal,all,nMAE,0.6942384483742156
OnlineRetailII,3,BTYD_recal,all,sharpness_std,1.2070560734122544
OnlineRetailII,3,BTYD_recal,x>0,CRPS,0.8999466872037915
OnlineRetailII,3,BTYD_recal,x>0,pit_ks,0.07729876193354521
OnlineRetailII,3,BTYD_recal,x>0,cov95,0.9537914691943128
OnlineRetailII,3,BTYD_recal,x>0,cov50,0.6883886255924171
OnlineRetailII,3,BTYD_recal,x>0,nMAE,0.6620861961274204
OnlineRetailII,3,BTYD_recal,x>0,sharpness_std,1.4091171593196112
OnlineRetailII,3,PoissonGBM_raw,all,CRPS,0.7438872023809524
OnlineRetailII,3,PoissonGBM_raw,all,pit_ks,0.06545327134661261
OnlineRetailII,3,PoissonGBM_raw,all,cov95,0.9453551912568307
OnlineRetailII,3,PoissonGBM_raw,all,cov50,0.7447306791569087
OnlineRetailII,3,PoissonGBM_raw,all,nMAE,0.7475755847119224
OnlineRetailII,3,PoissonGBM_raw,all,sharpness_std,1.0060741592946465
OnlineRetailII,3,PoissonGBM_raw,x>0,CRPS,0.9673347822867298
OnlineRetailII,3,PoissonGBM_raw,x>0,pit_ks,0.09026530979442116
OnlineRetailII,3,PoissonGBM_raw,x>0,cov95,0.9300947867298578
OnlineRetailII,3,PoissonGBM_raw,x>0,cov50,0.683649289099526
OnlineRetailII,3,PoissonGBM_raw,x>0,nMAE,0.7095565271705183
OnlineRetailII,3,PoissonGBM_raw,x>0,sharpness_std,1.2215098289573116
OnlineRetailII,3,PoissonGBM_recal,all,CRPS,0.7364592318501171
OnlineRetailII,3,PoissonGBM_recal,all,pit_ks,0.05124012059893135
OnlineRetailII,3,PoissonGBM_recal,all,cov95,0.9562841530054644
OnlineRetailII,3,PoissonGBM_recal,all,cov50,0.7486338797814208
OnlineRetailII,3,PoissonGBM_recal,all,nMAE,0.7290359383913292
OnlineRetailII,3,PoissonGBM_recal,all,sharpness_std,1.1091210308816877
OnlineRetailII,3,PoissonGBM_recal,x>0,CRPS,0.959426952606635
OnlineRetailII,3,PoissonGBM_recal,x>0,pit_ks,0.07443067120398211
OnlineRetailII,3,PoissonGBM_recal,x>0,cov95,0.9454976303317536
OnlineRetailII,3,PoissonGBM_recal,x>0,cov50,0.6919431279620853
OnlineRetailII,3,PoissonGBM_recal,x>0,nMAE,0.693316677076827
OnlineRetailII,3,PoissonGBM_recal,x>0,sharpness_std,1.3387142787899684
OnlineRetailII,3,QuantileGBM_raw,all,CRPS,0.7223640320062451
OnlineRetailII,3,QuantileGBM_raw,all,pit_ks,0.03680840439067934
OnlineRetailII,3,QuantileGBM_raw,all,cov95,0.9586260733801717
OnlineRetailII,3,QuantileGBM_raw,all,cov50,0.8220140515222483
OnlineRetailII,3,QuantileGBM_raw,all,nMAE,0.7187678265830005
OnlineRetailII,3,QuantileGBM_raw,all,sharpness_std,1.237399519555079
OnlineRetailII,3,QuantileGBM_raw,x>0,CRPS,0.9473088936611374
OnlineRetailII,3,QuantileGBM_raw,x>0,pit_ks,0.04361501966635606
OnlineRetailII,3,QuantileGBM_raw,x>0,cov95,0.9502369668246445
OnlineRetailII,3,QuantileGBM_raw,x>0,cov50,0.8021327014218009
OnlineRetailII,3,QuantileGBM_raw,x>0,nMAE,0.6920674578388506
OnlineRetailII,3,QuantileGBM_raw,x>0,sharpness_std,1.5336276724381885
OnlineRetailII,3,QuantileGBM_recal,all,CRPS,0.7193100046838408
OnlineRetailII,3,QuantileGBM_recal,all,pit_ks,0.03215213362395741
OnlineRetailII,3,QuantileGBM_recal,all,cov95,0.9578454332552693
OnlineRetailII,3,QuantileGBM_recal,all,cov50,0.8071818891491023
OnlineRetailII,3,QuantileGBM_recal,all,nMAE,0.7173416999429549
OnlineRetailII,3,QuantileGBM_recal,all,sharpness_std,1.2158439387037274
OnlineRetailII,3,QuantileGBM_recal,x>0,CRPS,0.9424132796208531
OnlineRetailII,3,QuantileGBM_recal,x>0,pit_ks,0.03997782369812952
OnlineRetailII,3,QuantileGBM_recal,x>0,cov95,0.9490521327014217
OnlineRetailII,3,QuantileGBM_recal,x>0,cov50,0.7819905213270142
OnlineRetailII,3,QuantileGBM_recal,x>0,nMAE,0.6905059337913804
OnlineRetailII,3,QuantileGBM_recal,x>0,sharpness_std,1.4944176233889408
OnlineRetailII,4,BTYD_raw,all,CRPS,0.8034042282018192
OnlineRetailII,4,BTYD_raw,all,pit_ks,0.2084702165911419
OnlineRetailII,4,BTYD_raw,all,cov95,0.9820452771272443
OnlineRetailII,4,BTYD_raw,all,cov50,0.7978142076502732
OnlineRetailII,4,BTYD_raw,all,nMAE,0.8400702987697715
OnlineRetailII,4,BTYD_raw,all,sharpness_std,1.782945313641039
OnlineRetailII,4,BTYD_raw,x>0,CRPS,1.021841378541708
OnlineRetailII,4,BTYD_raw,x>0,pit_ks,0.2118043555198288
OnlineRetailII,4,BTYD_raw,x>0,cov95,0.9745145631067961
OnlineRetailII,4,BTYD_raw,x>0,cov50,0.7087378640776699
OnlineRetailII,4,BTYD_raw,x>0,nMAE,0.7702265372168284
OnlineRetailII,4,BTYD_raw,x>0,sharpness_std,1.9930482121055901
OnlineRetailII,4,BTYD_recal,all,CRPS,0.6882242654176425
OnlineRetailII,4,BTYD_recal,all,pit_ks,0.05911547541477691
OnlineRetailII,4,BTYD_recal,all,cov95,0.9578454332552693
OnlineRetailII,4,BTYD_recal,all,cov50,0.7728337236533958
OnlineRetailII,4,BTYD_recal,all,nMAE,0.6865846514352666
OnlineRetailII,4,BTYD_recal,all,sharpness_std,1.1820147679702875
OnlineRetailII,4,BTYD_recal,x>0,CRPS,0.9000326553398059
OnlineRetailII,4,BTYD_recal,x>0,pit_ks,0.07355101872188105
OnlineRetailII,4,BTYD_recal,x>0,cov95,0.9490291262135923
OnlineRetailII,4,BTYD_recal,x>0,cov50,0.7220873786407767
OnlineRetailII,4,BTYD_recal,x>0,nMAE,0.6478964401294499
OnlineRetailII,4,BTYD_recal,x>0,sharpness_std,1.3911361333939567
OnlineRetailII,4,PoissonGBM_raw,all,CRPS,0.7254052107728337
OnlineRetailII,4,PoissonGBM_raw,all,pit_ks,0.06476382247686546
OnlineRetailII,4,PoissonGBM_raw,all,cov95,0.9469164715066355
OnlineRetailII,4,PoissonGBM_raw,all,cov50,0.7634660421545667
OnlineRetailII,4,PoissonGBM_raw,all,nMAE,0.7451669595782074
OnlineRetailII,4,PoissonGBM_raw,all,sharpness_std,0.9817107360691244
OnlineRetailII,4,PoissonGBM_raw,x>0,CRPS,0.942250948118932
OnlineRetailII,4,PoissonGBM_raw,x>0,pit_ks,0.055212373398885906
OnlineRetailII,4,PoissonGBM_raw,x>0,cov95,0.9344660194174758
OnlineRetailII,4,PoissonGBM_raw,x>0,cov50,0.7196601941747572
OnlineRetailII,4,PoissonGBM_raw,x>0,nMAE,0.6870550161812298
OnlineRetailII,4,PoissonGBM_raw,x>0,sharpness_std,1.185553228482073
OnlineRetailII,4,PoissonGBM_recal,all,CRPS,0.7208018235753318
OnlineRetailII,4,PoissonGBM_recal,all,pit_ks,0.05743996701526133
OnlineRetailII,4,PoissonGBM_recal,all,cov95,0.9531615925058547
OnlineRetailII,4,PoissonGBM_recal,all,cov50,0.7868852459016393
OnlineRetailII,4,PoissonGBM_recal,all,nMAE,0.7299355594610428
OnlineRetailII,4,PoissonGBM_recal,all,sharpness_std,1.1308311089774354
OnlineRetailII,4,PoissonGBM_recal,x>0,CRPS,0.9358538883495146
OnlineRetailII,4,PoissonGBM_recal,x>0,pit_ks,0.04612136938495126
OnlineRetailII,4,PoissonGBM_recal,x>0,cov95,0.9393203883495146
OnlineRetailII,4,PoissonGBM_recal,x>0,cov50,0.7390776699029126
OnlineRetailII,4,PoissonGBM_recal,x>0,nMAE,0.6809061488673139
OnlineRetailII,4,PoissonGBM_recal,x>0,sharpness_std,1.3553100676918868
OnlineRetailII,4,QuantileGBM_raw,all,CRPS,0.6957405884074942
OnlineRetailII,4,QuantileGBM_raw,all,pit_ks,0.04075132677362847
OnlineRetailII,4,QuantileGBM_raw,all,cov95,0.9539422326307572
OnlineRetailII,4,QuantileGBM_raw,all,cov50,0.8212334113973458
OnlineRetailII,4,QuantileGBM_raw,all,nMAE,0.692149970708846
OnlineRetailII,4,QuantileGBM_raw,all,sharpness_std,1.1853257173668887
OnlineRetailII,4,QuantileGBM_raw,x>0,CRPS,0.9152077518203883
OnlineRetailII,4,QuantileGBM_raw,x>0,pit_ks,0.054816669985002786
OnlineRetailII,4,QuantileGBM_raw,x>0,cov95,0.9453883495145631
OnlineRetailII,4,QuantileGBM_raw,x>0,cov50,0.8058252427184466
OnlineRetailII,4,QuantileGBM_raw,x>0,nMAE,0.6598705501618123
OnlineRetailII,4,QuantileGBM_raw,x>0,sharpness_std,1.4727148299290351
OnlineRetailII,4,QuantileGBM_recal,all,CRPS,0.691811319281811
OnlineRetailII,4,QuantileGBM_recal,all,pit_ks,0.03903200624512104
OnlineRetailII,4,QuantileGBM_recal,all,cov95,0.9570647931303669
OnlineRetailII,4,QuantileGBM_recal,all,cov50,0.834504293520687
OnlineRetailII,4,QuantileGBM_recal,all,nMAE,0.6895137668424136
OnlineRetailII,4,QuantileGBM_recal,all,sharpness_std,1.24545358704209
OnlineRetailII,4,QuantileGBM_recal,x>0,CRPS,0.9070328495145632
OnlineRetailII,4,QuantileGBM_recal,x>0,pit_ks,0.04725702175790314
OnlineRetailII,4,QuantileGBM_recal,x>0,cov95,0.9490291262135923
OnlineRetailII,4,QuantileGBM_recal,x>0,cov50,0.8070388349514563
OnlineRetailII,4,QuantileGBM_recal,x>0,nMAE,0.656957928802589
OnlineRetailII,4,QuantileGBM_recal,x>0,sharpness_std,1.5303724766997029
OnlineRetailII,5,BTYD_raw,all,CRPS,0.7968500772674408
OnlineRetailII,5,BTYD_raw,all,pit_ks,0.2243644991709718
OnlineRetailII,5,BTYD_raw,all,cov95,0.9836065573770492
OnlineRetailII,5,BTYD_raw,all,cov50,0.8001561280249805
OnlineRetailII,5,BTYD_raw,all,nMAE,0.8731971153846153
OnlineRetailII,5,BTYD_raw,all,sharpness_std,1.7982741884466094
OnlineRetailII,5,BTYD_raw,x>0,CRPS,1.0075942621946739
OnlineRetailII,5,BTYD_raw,x>0,pit_ks,0.23863727999442647
OnlineRetailII,5,BTYD_raw,x>0,cov95,0.9771908763505402
OnlineRetailII,5,BTYD_raw,x>0,cov50,0.7142857142857143
OnlineRetailII,5,BTYD_raw,x>0,nMAE,0.8012607830126077
OnlineRetailII,5,BTYD_raw,x>0,sharpness_std,2.00379272211571
OnlineRetailII,5,BTYD_recal,all,CRPS,0.6663331584699455
OnlineRetailII,5,BTYD_recal,all,pit_ks,0.05043637080597174
OnlineRetailII,5,BTYD_recal,all,cov95,0.9687743950039032
OnlineRetailII,5,BTYD_recal,all,cov50,0.7845433255269321
OnlineRetailII,5,BTYD_recal,all,nMAE,0.6802884615384615
OnlineRetailII,5,BTYD_recal,all,sharpness_std,1.207652489804903
OnlineRetailII,5,BTYD_recal,x>0,CRPS,0.8632656182472989
OnlineRetailII,5,BTYD_recal,x>0,pit_ks,0.05261435239889556
OnlineRetailII,5,BTYD_recal,x>0,cov95,0.9591836734693877
OnlineRetailII,5,BTYD_recal,x>0,cov50,0.7478991596638656
OnlineRetailII,5,BTYD_recal,x>0,nMAE,0.6463171864631719
OnlineRetailII,5,BTYD_recal,x>0,sharpness_std,1.4343155442170665
OnlineRetailII,5,PoissonGBM_raw,all,CRPS,0.717286231459797
OnlineRetailII,5,PoissonGBM_raw,all,pit_ks,0.0681674251103892
OnlineRetailII,5,PoissonGBM_raw,all,cov95,0.9437939110070258
OnlineRetailII,5,PoissonGBM_raw,all,cov50,0.7595628415300546
OnlineRetailII,5,PoissonGBM_raw,all,nMAE,0.7478966346153846
OnlineRetailII,5,PoissonGBM_raw,all,sharpness_std,0.982092839982558
OnlineRetailII,5,PoissonGBM_raw,x>0,CRPS,0.9301768982593037
OnlineRetailII,5,PoissonGBM_raw,x>0,pit_ks,0.059369974019060134
OnlineRetailII,5,PoissonGBM_raw,x>0,cov95,0.9327731092436975
OnlineRetailII,5,PoissonGBM_raw,x>0,cov50,0.7070828331332533
OnlineRetailII,5,PoissonGBM_raw,x>0,nMAE,0.7060384870603847
OnlineRetailII,5,PoissonGBM_raw,x>0,sharpness_std,1.1996526515021122
OnlineRetailII,5,PoissonGBM_recal,all,CRPS,0.7034272474629196
OnlineRetailII,5,PoissonGBM_recal,all,pit_ks,0.04108377230093174
OnlineRetailII,5,PoissonGBM_recal,all,cov95,0.9617486338797814
OnlineRetailII,5,PoissonGBM_recal,all,cov50,0.7829820452771272
OnlineRetailII,5,PoissonGBM_recal,all,nMAE,0.7217548076923077
OnlineRetailII,5,PoissonGBM_recal,all,sharpness_std,1.1683960771325357
OnlineRetailII,5,PoissonGBM_recal,x>0,CRPS,0.9119946794717887
OnlineRetailII,5,PoissonGBM_recal,x>0,pit_ks,0.03103910384794764
OnlineRetailII,5,PoissonGBM_recal,x>0,cov95,0.9519807923169268
OnlineRetailII,5,PoissonGBM_recal,x>0,cov50,0.7382953181272509
OnlineRetailII,5,PoissonGBM_recal,x>0,nMAE,0.6854678168546781
OnlineRetailII,5,PoissonGBM_recal,x>0,sharpness_std,1.4255129652368443
OnlineRetailII,5,QuantileGBM_raw,all,CRPS,0.679307050156128
OnlineRetailII,5,QuantileGBM_raw,all,pit_ks,0.03595798050829524
OnlineRetailII,5,QuantileGBM_raw,all,cov95,0.9586260733801717
OnlineRetailII,5,QuantileGBM_raw,all,cov50,0.7993754879000781
OnlineRetailII,5,QuantileGBM_raw,all,nMAE,0.6905048076923076
OnlineRetailII,5,QuantileGBM_raw,all,sharpness_std,1.2073995963463224
OnlineRetailII,5,QuantileGBM_raw,x>0,CRPS,0.882545993397359
OnlineRetailII,5,QuantileGBM_raw,x>0,pit_ks,0.044784984745146694
OnlineRetailII,5,QuantileGBM_raw,x>0,cov95,0.9483793517406963
OnlineRetailII,5,QuantileGBM_raw,x>0,cov50,0.7743097238895558
OnlineRetailII,5,QuantileGBM_raw,x>0,nMAE,0.6582614465826144
OnlineRetailII,5,QuantileGBM_raw,x>0,sharpness_std,1.5169245858923077
OnlineRetailII,5,QuantileGBM_recal,all,CRPS,0.6813103200624512
OnlineRetailII,5,QuantileGBM_recal,all,pit_ks,0.03512880562060894
OnlineRetailII,5,QuantileGBM_recal,all,cov95,0.9633099141295862
OnlineRetailII,5,QuantileGBM_recal,all,cov50,0.7962529274004684
OnlineRetailII,5,QuantileGBM_recal,all,nMAE,0.6902043269230769
OnlineRetailII,5,QuantileGBM_recal,all,sharpness_std,1.3053471323305303
OnlineRetailII,5,QuantileGBM_recal,x>0,CRPS,0.8849443505402163
OnlineRetailII,5,QuantileGBM_recal,x>0,pit_ks,0.044212261278821496
OnlineRetailII,5,QuantileGBM_recal,x>0,cov95,0.9543817527010804
OnlineRetailII,5,QuantileGBM_recal,x>0,cov50,0.7743097238895558
OnlineRetailII,5,QuantileGBM_recal,x>0,nMAE,0.6579296615792966
OnlineRetailII,5,QuantileGBM_recal,x>0,sharpness_std,1.6208236061628265
OnlineRetailII,6,BTYD_raw,all,CRPS,0.7827783221016743
OnlineRetailII,6,BTYD_raw,all,pit_ks,0.22908453824272418
OnlineRetailII,6,BTYD_raw,all,cov95,0.985167837626854
OnlineRetailII,6,BTYD_raw,all,cov50,0.8056206088992974
OnlineRetailII,6,BTYD_raw,all,nMAE,0.8252906976744186
OnlineRetailII,6,BTYD_raw,all,sharpness_std,1.8215062293859239
OnlineRetailII,6,BTYD_raw,x>0,CRPS,1.0022062311607451
OnlineRetailII,6,BTYD_raw,x>0,pit_ks,0.2479576819936669
OnlineRetailII,6,BTYD_raw,x>0,cov95,0.9769975786924939
OnlineRetailII,6,BTYD_raw,x>0,cov50,0.7142857142857143
OnlineRetailII,6,BTYD_raw,x>0,nMAE,0.7566793893129771
OnlineRetailII,6,BTYD_raw,x>0,sharpness_std,2.0317451252959735
OnlineRetailII,6,BTYD_recal,all,CRPS,0.6489445339578455
OnlineRetailII,6,BTYD_recal,all,pit_ks,0.07391813481599718
OnlineRetailII,6,BTYD_recal,all,cov95,0.975800156128025
OnlineRetailII,6,BTYD_recal,all,cov50,0.7876658860265418
OnlineRetailII,6,BTYD_recal,all,nMAE,0.65
OnlineRetailII,6,BTYD_recal,all,sharpness_std,1.2785676191722155
OnlineRetailII,6,BTYD_recal,x>0,CRPS,0.8554753220338984
OnlineRetailII,6,BTYD_recal,x>0,pit_ks,0.08039394365814123
OnlineRetailII,6,BTYD_recal,x>0,cov95,0.9673123486682809
OnlineRetailII,6,BTYD_recal,x>0,cov50,0.7433414043583535
OnlineRetailII,6,BTYD_recal,x>0,nMAE,0.6145038167938931
OnlineRetailII,6,BTYD_recal,x>0,sharpness_std,1.5026726894613882
OnlineRetailII,6,PoissonGBM_raw,all,CRPS,0.7368204869242779
OnlineRetailII,6,PoissonGBM_raw,all,pit_ks,0.05921704518045967
OnlineRetailII,6,PoissonGBM_raw,all,cov95,0.936768149882904
OnlineRetailII,6,PoissonGBM_raw,all,cov50,0.7548790007806401
OnlineRetailII,6,PoissonGBM_raw,all,nMAE,0.7316860465116279
OnlineRetailII,6,PoissonGBM_raw,all,sharpness_std,0.9623714399891318
OnlineRetailII,6,PoissonGBM_raw,x>0,CRPS,0.9874650121065375
OnlineRetailII,6,PoissonGBM_raw,x>0,pit_ks,0.07375098062165819
OnlineRetailII,6,PoissonGBM_raw,x>0,cov95,0.9152542372881356
OnlineRetailII,6,PoissonGBM_raw,x>0,cov50,0.7009685230024213
OnlineRetailII,6,PoissonGBM_raw,x>0,nMAE,0.7000636132315521
OnlineRetailII,6,PoissonGBM_raw,x>0,sharpness_std,1.1722380946182966
OnlineRetailII,6,PoissonGBM_recal,all,CRPS,0.7292340390320062
OnlineRetailII,6,PoissonGBM_recal,all,pit_ks,0.06634664452022304
OnlineRetailII,6,PoissonGBM_recal,all,cov95,0.9679937548790007
OnlineRetailII,6,PoissonGBM_recal,all,cov50,0.790007806401249
OnlineRetailII,6,PoissonGBM_recal,all,nMAE,0.7305232558139535
OnlineRetailII,6,PoissonGBM_recal,all,sharpness_std,1.2124558255345301
OnlineRetailII,6,PoissonGBM_recal,x>0,CRPS,0.9728469055690073
OnlineRetailII,6,PoissonGBM_recal,x>0,pit_ks,0.049174042489020964
OnlineRetailII,6,PoissonGBM_recal,x>0,cov95,0.9552058111380145
OnlineRetailII,6,PoissonGBM_recal,x>0,cov50,0.7276029055690073
OnlineRetailII,6,PoissonGBM_recal,x>0,nMAE,0.6981552162849872
OnlineRetailII,6,PoissonGBM_recal,x>0,sharpness_std,1.4611618118542369
OnlineRetailII,6,QuantileGBM_raw,all,CRPS,0.6953007220921155
OnlineRetailII,6,QuantileGBM_raw,all,pit_ks,0.03934847163040234
OnlineRetailII,6,QuantileGBM_raw,all,cov95,0.9547228727556596
OnlineRetailII,6,QuantileGBM_raw,all,cov50,0.8157689305230289
OnlineRetailII,6,QuantileGBM_raw,all,nMAE,0.6933139534883721
OnlineRetailII,6,QuantileGBM_raw,all,sharpness_std,1.1875408124122644
OnlineRetailII,6,QuantileGBM_raw,x>0,CRPS,0.9311146489104116
OnlineRetailII,6,QuantileGBM_raw,x>0,pit_ks,0.05666878740589809
OnlineRetailII,6,QuantileGBM_raw,x>0,cov95,0.937046004842615
OnlineRetailII,6,QuantileGBM_raw,x>0,cov50,0.8026634382566586
OnlineRetailII,6,QuantileGBM_raw,x>0,nMAE,0.6638040712468193
OnlineRetailII,6,QuantileGBM_raw,x>0,sharpness_std,1.5003352793287563
OnlineRetailII,6,QuantileGBM_recal,all,CRPS,0.6915261639344262
OnlineRetailII,6,QuantileGBM_recal,all,pit_ks,0.04939700761144655
OnlineRetailII,6,QuantileGBM_recal,all,cov95,0.9640905542544886
OnlineRetailII,6,QuantileGBM_recal,all,cov50,0.834504293520687
OnlineRetailII,6,QuantileGBM_recal,all,nMAE,0.7005813953488372
OnlineRetailII,6,QuantileGBM_recal,all,sharpness_std,1.3339207864611715
OnlineRetailII,6,QuantileGBM_recal,x>0,CRPS,0.9219533753026635
OnlineRetailII,6,QuantileGBM_recal,x>0,pit_ks,0.05413584127114712
OnlineRetailII,6,QuantileGBM_recal,x>0,cov95,0.9479418886198547
OnlineRetailII,6,QuantileGBM_recal,x>0,cov50,0.8087167070217918
OnlineRetailII,6,QuantileGBM_recal,x>0,nMAE,0.671119592875318
OnlineRetailII,6,QuantileGBM_recal,x>0,sharpness_std,1.6566934200413963
OnlineRetailII,7,BTYD_raw,all,CRPS,0.7822855629371186
OnlineRetailII,7,BTYD_raw,all,pit_ks,0.21603634063272587
OnlineRetailII,7,BTYD_raw,all,cov95,0.9890710382513661
OnlineRetailII,7,BTYD_raw,all,cov50,0.7978142076502732
OnlineRetailII,7,BTYD_raw,all,nMAE,0.867403314917127
OnlineRetailII,7,BTYD_raw,all,sharpness_std,1.8052700272802396
OnlineRetailII,7,BTYD_raw,x>0,CRPS,0.9820716729805694
OnlineRetailII,7,BTYD_raw,x>0,pit_ks,0.2148548851542248
OnlineRetailII,7,BTYD_raw,x>0,cov95,0.9832335329341317
OnlineRetailII,7,BTYD_raw,x>0,cov50,0.7089820359281437
OnlineRetailII,7,BTYD_raw,x>0,nMAE,0.801225323349217
OnlineRetailII,7,BTYD_raw,x>0,sharpness_std,1.9867859581427711
OnlineRetailII,7,BTYD_recal,all,CRPS,0.6568423263075722
OnlineRetailII,7,BTYD_recal,all,pit_ks,0.06876640224503494
OnlineRetailII,7,BTYD_recal,all,cov95,0.9726775956284153
OnlineRetailII,7,BTYD_recal,all,cov50,0.7892271662763466
OnlineRetailII,7,BTYD_recal,all,nMAE,0.7007366482504603
OnlineRetailII,7,BTYD_recal,all,sharpness_std,1.3144664301378761
OnlineRetailII,7,BTYD_recal,x>0,CRPS,0.8463243449101797
OnlineRetailII,7,BTYD_recal,x>0,pit_ks,0.07781417120339207
OnlineRetailII,7,BTYD_recal,x>0,cov95,0.9652694610778443
OnlineRetailII,7,BTYD_recal,x>0,cov50,0.7425149700598802
OnlineRetailII,7,BTYD_recal,x>0,nMAE,0.6657590197413207
OnlineRetailII,7,BTYD_recal,x>0,sharpness_std,1.5113720537340405
OnlineRetailII,7,PoissonGBM_raw,all,CRPS,0.6966673594847774
OnlineRetailII,7,PoissonGBM_raw,all,pit_ks,0.04860191937239189
OnlineRetailII,7,PoissonGBM_raw,all,cov95,0.9484777517564403
OnlineRetailII,7,PoissonGBM_raw,all,cov50,0.7548790007806401
OnlineRetailII,7,PoissonGBM_raw,all,nMAE,0.7458563535911602
OnlineRetailII,7,PoissonGBM_raw,all,sharpness_std,0.9611535809872813
OnlineRetailII,7,PoissonGBM_raw,x>0,CRPS,0.9039574401197604
OnlineRetailII,7,PoissonGBM_raw,x>0,pit_ks,0.06098828046735702
OnlineRetailII,7,PoissonGBM_raw,x>0,cov95,0.9341317365269461
OnlineRetailII,7,PoissonGBM_raw,x>0,cov50,0.7077844311377246
OnlineRetailII,7,PoissonGBM_raw,x>0,nMAE,0.7089857045609258
OnlineRetailII,7,PoissonGBM_raw,x>0,sharpness_std,1.1702839623706758
OnlineRetailII,7,PoissonGBM_recal,all,CRPS,0.6924811990632319
OnlineRetailII,7,PoissonGBM_recal,all,pit_ks,0.06146149309525273
OnlineRetailII,7,PoissonGBM_recal,all,cov95,0.9718969555035128
OnlineRetailII,7,PoissonGBM_recal,all,cov50,0.7853239656518345
OnlineRetailII,7,PoissonGBM_recal,all,nMAE,0.7421731123388582
OnlineRetailII,7,PoissonGBM_recal,all,sharpness_std,1.2167575052445587
OnlineRetailII,7,PoissonGBM_recal,x>0,CRPS,0.8961157556886228
OnlineRetailII,7,PoissonGBM_recal,x>0,pit_ks,0.05121181113185165
OnlineRetailII,7,PoissonGBM_recal,x>0,cov95,0.9652694610778443
OnlineRetailII,7,PoissonGBM_recal,x>0,cov50,0.7437125748502994
OnlineRetailII,7,PoissonGBM_recal,x>0,nMAE,0.7052416609938733
OnlineRetailII,7,PoissonGBM_recal,x>0,sharpness_std,1.467390503094145
OnlineRetailII,7,QuantileGBM_raw,all,CRPS,0.6532485850897736
OnlineRetailII,7,QuantileGBM_raw,all,pit_ks,0.035637006849557507
OnlineRetailII,7,QuantileGBM_raw,all,cov95,0.9594067135050741
OnlineRetailII,7,QuantileGBM_raw,all,cov50,0.8134270101483216
OnlineRetailII,7,QuantileGBM_raw,all,nMAE,0.7025782688766113
OnlineRetailII,7,QuantileGBM_raw,all,sharpness_std,1.146575973572236
OnlineRetailII,7,QuantileGBM_raw,x>0,CRPS,0.8473175748502995
OnlineRetailII,7,QuantileGBM_raw,x>0,pit_ks,0.048823836237424145
OnlineRetailII,7,QuantileGBM_raw,x>0,cov95,0.9473053892215569
OnlineRetailII,7,QuantileGBM_raw,x>0,cov50,0.7820359281437126
OnlineRetailII,7,QuantileGBM_raw,x>0,nMAE,0.6701837985023825
OnlineRetailII,7,QuantileGBM_raw,x>0,sharpness_std,1.3900348010226746
OnlineRetailII,7,QuantileGBM_recal,all,CRPS,0.6528508415300547
OnlineRetailII,7,QuantileGBM_recal,all,pit_ks,0.04798712421116569
OnlineRetailII,7,QuantileGBM_recal,all,cov95,0.9648711943793911
OnlineRetailII,7,QuantileGBM_recal,all,cov50,0.8306010928961749
OnlineRetailII,7,QuantileGBM_recal,all,nMAE,0.703806015960712
OnlineRetailII,7,QuantileGBM_recal,all,sharpness_std,1.2631927220970902
OnlineRetailII,7,QuantileGBM_recal,x>0,CRPS,0.8421591233532935
OnlineRetailII,7,QuantileGBM_recal,x>0,pit_ks,0.044621349339063254
OnlineRetailII,7,QuantileGBM_recal,x>0,cov95,0.9556886227544911
OnlineRetailII,7,QuantileGBM_recal,x>0,cov50,0.7868263473053893
OnlineRetailII,7,QuantileGBM_recal,x>0,nMAE,0.6715452688904017
OnlineRetailII,7,QuantileGBM_recal,x>0,sharpness_std,1.5035319136908165
Dunnhumby,0,BTYD_raw,all,CRPS,6.6016804038037105
Dunnhumby,0,BTYD_raw,all,pit_ks,0.14878718313167594
Dunnhumby,0,BTYD_raw,all,cov95,0.7930574098798397
Dunnhumby,0,BTYD_raw,all,cov50,0.3751668891855808
Dunnhumby,0,BTYD_raw,all,nMAE,0.35147410791993033
Dunnhumby,0,BTYD_raw,all,sharpness_std,6.460093624283466
Dunnhumby,0,BTYD_raw,x>0,CRPS,6.669281757601
Dunnhumby,0,BTYD_raw,x>0,pit_ks,0.1497063317217251
Dunnhumby,0,BTYD_raw,x>0,cov95,0.7959183673469388
Dunnhumby,0,BTYD_raw,x>0,cov50,0.3727891156462585
Dunnhumby,0,BTYD_raw,x>0,nMAE,0.34974093264248707
Dunnhumby,0,BTYD_raw,x>0,sharpness_std,6.564295793000194
Dunnhumby,0,BTYD_recal,all,CRPS,6.3798662483311075
Dunnhumby,0,BTYD_recal,all,pit_ks,0.09212283044058744
Dunnhumby,0,BTYD_recal,all,cov95,0.8838451268357811
Dunnhumby,0,BTYD_recal,all,cov50,0.5353805073431241
Dunnhumby,0,BTYD_recal,all,nMAE,0.3518276762402089
Dunnhumby,0,BTYD_recal,all,sharpness_std,9.14535997600189
Dunnhumby,0,BTYD_recal,x>0,CRPS,6.44890335782313
Dunnhumby,0,BTYD_recal,x>0,pit_ks,0.09115646258503396
Dunnhumby,0,BTYD_recal,x>0,cov95,0.8843537414965986
Dunnhumby,0,BTYD_recal,x>0,cov50,0.5333333333333333
Dunnhumby,0,BTYD_recal,x>0,nMAE,0.35009544586855734
Dunnhumby,0,BTYD_recal,x>0,sharpness_std,9.28575896526305
Dunnhumby,0,PoissonGBM_raw,all,CRPS,7.329701610480641
Dunnhumby,0,PoissonGBM_raw,all,pit_ks,0.26369273914531466
Dunnhumby,0,PoissonGBM_raw,all,cov95,0.6088117489986649
Dunnhumby,0,PoissonGBM_raw,all,cov50,0.260347129506008
Dunnhumby,0,PoissonGBM_raw,all,nMAE,0.3733681462140992
Dunnhumby,0,PoissonGBM_raw,all,sharpness_std,4.667729105096924
Dunnhumby,0,PoissonGBM_raw,x>0,CRPS,7.385583265306122
Dunnhumby,0,PoissonGBM_raw,x>0,pit_ks,0.25732949410596606
Dunnhumby,0,PoissonGBM_raw,x>0,cov95,0.6122448979591837
Dunnhumby,0,PoissonGBM_raw,x>0,cov50,0.2612244897959184
Dunnhumby,0,PoissonGBM_raw,x>0,nMAE,0.3701118080174529
Dunnhumby,0,PoissonGBM_raw,x>0,sharpness_std,4.710443883104793
Dunnhumby,0,PoissonGBM_recal,all,CRPS,6.702975022696929
Dunnhumby,0,PoissonGBM_recal,all,pit_ks,0.13356688237806028
Dunnhumby,0,PoissonGBM_recal,all,cov95,0.7850467289719626
Dunnhumby,0,PoissonGBM_recal,all,cov50,0.46461949265687585
Dunnhumby,0,PoissonGBM_recal,all,nMAE,0.3740480852915579
Dunnhumby,0,PoissonGBM_recal,all,sharpness_std,8.575058380557543
Dunnhumby,0,PoissonGBM_recal,x>0,CRPS,6.763742884353742
Dunnhumby,0,PoissonGBM_recal,x>0,pit_ks,0.13333333333333333
Dunnhumby,0,PoissonGBM_recal,x>0,cov95,0.7850340136054422
Dunnhumby,0,PoissonGBM_recal,x>0,cov50,0.4666666666666667
Dunnhumby,0,PoissonGBM_recal,x>0,nMAE,0.37133896918461956
Dunnhumby,0,PoissonGBM_recal,x>0,sharpness_std,8.656178272621673
Dunnhumby,0,QuantileGBM_raw,all,CRPS,6.3773554572763675
Dunnhumby,0,QuantileGBM_raw,all,pit_ks,0.09752147489815297
Dunnhumby,0,QuantileGBM_raw,all,cov95,0.8598130841121495
Dunnhumby,0,QuantileGBM_raw,all,cov50,0.472630173564753
Dunnhumby,0,QuantileGBM_raw,all,nMAE,0.351365317667537
Dunnhumby,0,QuantileGBM_raw,all,sharpness_std,9.480423763270077
Dunnhumby,0,QuantileGBM_raw,x>0,CRPS,6.437714914965985
Dunnhumby,0,QuantileGBM_raw,x>0,pit_ks,0.09151725233940325
Dunnhumby,0,QuantileGBM_raw,x>0,cov95,0.8571428571428571
Dunnhumby,0,QuantileGBM_raw,x>0,cov50,0.47346938775510206
Dunnhumby,0,QuantileGBM_raw,x>0,nMAE,0.34930460867193885
Dunnhumby,0,QuantileGBM_raw,x>0,sharpness_std,9.515422371344409
Dunnhumby,0,QuantileGBM_recal,all,CRPS,6.370649377837117
Dunnhumby,0,QuantileGBM_recal,all,pit_ks,0.06942590120160214
Dunnhumby,0,QuantileGBM_recal,all,cov95,0.8865153538050734
Dunnhumby,0,QuantileGBM_recal,all,cov50,0.5033377837116155
Dunnhumby,0,QuantileGBM_recal,all,nMAE,0.35563533507397743
Dunnhumby,0,QuantileGBM_recal,all,sharpness_std,10.798354035614082
Dunnhumby,0,QuantileGBM_recal,x>0,CRPS,6.43402097414966
Dunnhumby,0,QuantileGBM_recal,x>0,pit_ks,0.07186378061317016
Dunnhumby,0,QuantileGBM_recal,x>0,cov95,0.8843537414965986
Dunnhumby,0,QuantileGBM_recal,x>0,cov50,0.5020408163265306
Dunnhumby,0,QuantileGBM_recal,x>0,nMAE,0.35372238887373875
Dunnhumby,0,QuantileGBM_recal,x>0,sharpness_std,10.840692324576159
Dunnhumby,1,BTYD_raw,all,CRPS,7.495928789406284
Dunnhumby,1,BTYD_raw,all,pit_ks,0.17102701308949608
Dunnhumby,1,BTYD_raw,all,cov95,0.7543391188251002
Dunnhumby,1,BTYD_raw,all,cov50,0.3644859813084112
Dunnhumby,1,BTYD_raw,all,nMAE,0.3699227058152202
Dunnhumby,1,BTYD_raw,all,sharpness_std,6.401523527784811
Dunnhumby,1,BTYD_raw,x>0,CRPS,7.533696610541929
Dunnhumby,1,BTYD_raw,x>0,pit_ks,0.17452932184373693
Dunnhumby,1,BTYD_raw,x>0,cov95,0.7537012113055181
Dunnhumby,1,BTYD_raw,x>0,cov50,0.360699865410498
Dunnhumby,1,BTYD_raw,x>0,nMAE,0.36933381795524167
Dunnhumby,1,BTYD_raw,x>0,sharpness_std,6.445767898380781
Dunnhumby,1,BTYD_recal,all,CRPS,7.226992090787717
Dunnhumby,1,BTYD_recal,all,pit_ks,0.11081441922563418
Dunnhumby,1,BTYD_recal,all,cov95,0.855807743658211
Dunnhumby,1,BTYD_recal,all,cov50,0.5460614152202937
Dunnhumby,1,BTYD_recal,all,nMAE,0.37090833635939197
Dunnhumby,1,BTYD_recal,all,sharpness_std,8.696798938049401
Dunnhumby,1,BTYD_recal,x>0,CRPS,7.263199687752355
Dunnhumby,1,BTYD_recal,x>0,pit_ks,0.11036339165545084
Dunnhumby,1,BTYD_recal,x>0,cov95,0.8559892328398385
Dunnhumby,1,BTYD_recal,x>0,cov50,0.5437415881561238
Dunnhumby,1,BTYD_recal,x>0,nMAE,0.3703203696972844
Dunnhumby,1,BTYD_recal,x>0,sharpness_std,8.754169131059369
Dunnhumby,1,PoissonGBM_raw,all,CRPS,7.8970659629506015
Dunnhumby,1,PoissonGBM_raw,all,pit_ks,0.24154149791694113
Dunnhumby,1,PoissonGBM_raw,all,cov95,0.6101468624833111
Dunnhumby,1,PoissonGBM_raw,all,cov50,0.26702269692923897
Dunnhumby,1,PoissonGBM_raw,all,nMAE,0.3794418218602479
Dunnhumby,1,PoissonGBM_raw,all,sharpness_std,4.707874861413307
Dunnhumby,1,PoissonGBM_raw,x>0,CRPS,7.927511810228802
Dunnhumby,1,PoissonGBM_raw,x>0,pit_ks,0.24014528906422233
Dunnhumby,1,PoissonGBM_raw,x>0,cov95,0.6110363391655451
Dunnhumby,1,PoissonGBM_raw,x>0,cov50,0.2691790040376851
Dunnhumby,1,PoissonGBM_raw,x>0,nMAE,0.37818682174567736
Dunnhumby,1,PoissonGBM_raw,x>0,sharpness_std,4.729721569117562
Dunnhumby,1,PoissonGBM_recal,all,CRPS,7.209402632843792
Dunnhumby,1,PoissonGBM_recal,all,pit_ks,0.11214953271028037
Dunnhumby,1,PoissonGBM_recal,all,cov95,0.7890520694259012
Dunnhumby,1,PoissonGBM_recal,all,cov50,0.5473965287049399
Dunnhumby,1,PoissonGBM_recal,all,nMAE,0.37570680085075475
Dunnhumby,1,PoissonGBM_recal,all,sharpness_std,8.801953393878188
Dunnhumby,1,PoissonGBM_recal,x>0,CRPS,7.240197469717362
Dunnhumby,1,PoissonGBM_recal,x>0,pit_ks,0.11305518169582772
Dunnhumby,1,PoissonGBM_recal,x>0,cov95,0.7886944818304172
Dunnhumby,1,PoissonGBM_recal,x>0,cov50,0.5477792732166891
Dunnhumby,1,PoissonGBM_recal,x>0,nMAE,0.3746560049846825
Dunnhumby,1,PoissonGBM_recal,x>0,sharpness_std,8.84371438552411
Dunnhumby,1,QuantileGBM_raw,all,CRPS,6.988839277369826
Dunnhumby,1,QuantileGBM_raw,all,pit_ks,0.06899159857323267
Dunnhumby,1,QuantileGBM_raw,all,cov95,0.8411214953271028
Dunnhumby,1,QuantileGBM_raw,all,cov50,0.4819759679572764
Dunnhumby,1,QuantileGBM_raw,all,nMAE,0.36942989054313424
Dunnhumby,1,QuantileGBM_raw,all,sharpness_std,9.529239828835122
Dunnhumby,1,QuantileGBM_raw,x>0,CRPS,7.020161423283983
Dunnhumby,1,QuantileGBM_raw,x>0,pit_ks,0.06883792166338898
Dunnhumby,1,QuantileGBM_raw,x>0,cov95,0.8411843876177658
Dunnhumby,1,QuantileGBM_raw,x>0,cov50,0.4831763122476447
Dunnhumby,1,QuantileGBM_raw,x>0,nMAE,0.36847707565294147
Dunnhumby,1,QuantileGBM_raw,x>0,sharpness_std,9.569685050844754
Dunnhumby,1,QuantileGBM_recal,all,CRPS,6.966172720961284
Dunnhumby,1,QuantileGBM_recal,all,pit_ks,0.06675567423230977
Dunnhumby,1,QuantileGBM_recal,all,cov95,0.8785046728971962
Dunnhumby,1,QuantileGBM_recal,all,cov50,0.5554072096128171
Dunnhumby,1,QuantileGBM_recal,all,nMAE,0.36896301291694766
Dunnhumby,1,QuantileGBM_recal,all,sharpness_std,10.909308416723587
Dunnhumby,1,QuantileGBM_recal,x>0,CRPS,6.998328489905789
Dunnhumby,1,QuantileGBM_recal,x>0,pit_ks,0.06749522750984738
Dunnhumby,1,QuantileGBM_recal,x>0,cov95,0.8775235531628532
Dunnhumby,1,QuantileGBM_recal,x>0,cov50,0.5531628532974427
Dunnhumby,1,QuantileGBM_recal,x>0,nMAE,0.36806168544576556
Dunnhumby,1,QuantileGBM_recal,x>0,sharpness_std,10.955690639934774
Dunnhumby,2,BTYD_raw,all,CRPS,6.851840958012042
Dunnhumby,2,BTYD_raw,all,pit_ks,0.1477092051937785
Dunnhumby,2,BTYD_raw,all,cov95,0.7903871829105474
Dunnhumby,2,BTYD_raw,all,cov50,0.3724966622162884
Dunnhumby,2,BTYD_raw,all,nMAE,0.3618603136701579
Dunnhumby,2,BTYD_raw,all,sharpness_std,6.508249095366016
Dunnhumby,2,BTYD_raw,x>0,CRPS,6.84485033551464
Dunnhumby,2,BTYD_raw,x>0,pit_ks,0.14185687001852254
Dunnhumby,2,BTYD_raw,x>0,cov95,0.7948369565217391
Dunnhumby,2,BTYD_raw,x>0,cov50,0.37228260869565216
Dunnhumby,2,BTYD_raw,x>0,nMAE,0.358343337334934
Dunnhumby,2,BTYD_raw,x>0,sharpness_std,6.605048353546361
Dunnhumby,2,BTYD_recal,all,CRPS,6.6612713110814425
Dunnhumby,2,BTYD_recal,all,pit_ks,0.08811748998664881
Dunnhumby,2,BTYD_recal,all,cov95,0.8811748998664887
Dunnhumby,2,BTYD_recal,all,cov50,0.5714285714285714
Dunnhumby,2,BTYD_recal,all,nMAE,0.36679871927063545
Dunnhumby,2,BTYD_recal,all,sharpness_std,9.634544710015694
Dunnhumby,2,BTYD_recal,x>0,CRPS,6.659235668478261
Dunnhumby,2,BTYD_recal,x>0,pit_ks,0.08288043478260865
Dunnhumby,2,BTYD_recal,x>0,cov95,0.8858695652173914
Dunnhumby,2,BTYD_recal,x>0,cov50,0.5733695652173914
Dunnhumby,2,BTYD_recal,x>0,nMAE,0.3633089599476154
Dunnhumby,2,BTYD_recal,x>0,sharpness_std,9.769841329093685
Dunnhumby,2,PoissonGBM_raw,all,CRPS,7.489188568090787
Dunnhumby,2,PoissonGBM_raw,all,pit_ks,0.23867151229106606
Dunnhumby,2,PoissonGBM_raw,all,cov95,0.6315086782376502
Dunnhumby,2,PoissonGBM_raw,all,cov50,0.27636849132176233
Dunnhumby,2,PoissonGBM_raw,all,nMAE,0.37860205133771097
Dunnhumby,2,PoissonGBM_raw,all,sharpness_std,4.65284484852025
Dunnhumby,2,PoissonGBM_raw,x>0,CRPS,7.507457685122283
Dunnhumby,2,PoissonGBM_raw,x>0,pit_ks,0.24178446522611338
Dunnhumby,2,PoissonGBM_raw,x>0,cov95,0.6317934782608695
Dunnhumby,2,PoissonGBM_raw,x>0,cov50,0.27717391304347827
Dunnhumby,2,PoissonGBM_raw,x>0,nMAE,0.3755593146349449
Dunnhumby,2,PoissonGBM_raw,x>0,sharpness_std,4.705939701466895
Dunnhumby,2,PoissonGBM_recal,all,CRPS,6.8019721441922565
Dunnhumby,2,PoissonGBM_recal,all,pit_ks,0.11348464619492657
Dunnhumby,2,PoissonGBM_recal,all,cov95,0.7917222963951935
Dunnhumby,2,PoissonGBM_recal,all,cov50,0.562082777036048
Dunnhumby,2,PoissonGBM_recal,all,nMAE,0.3712487111304064
Dunnhumby,2,PoissonGBM_recal,all,sharpness_std,8.848816671987034
Dunnhumby,2,PoissonGBM_recal,x>0,CRPS,6.816484836956522
Dunnhumby,2,PoissonGBM_recal,x>0,pit_ks,0.11548913043478261
Dunnhumby,2,PoissonGBM_recal,x>0,cov95,0.7948369565217391
Dunnhumby,2,PoissonGBM_recal,x>0,cov50,0.561141304347826
Dunnhumby,2,PoissonGBM_recal,x>0,nMAE,0.36816544799738077
Dunnhumby,2,PoissonGBM_recal,x>0,sharpness_std,8.951928912960465
Dunnhumby,2,QuantileGBM_raw,all,CRPS,6.618999924899866
Dunnhumby,2,QuantileGBM_raw,all,pit_ks,0.08070100231871669
Dunnhumby,2,QuantileGBM_raw,all,cov95,0.8624833110814419
Dunnhumby,2,QuantileGBM_raw,all,cov50,0.4712950600801068
Dunnhumby,2,QuantileGBM_raw,all,nMAE,0.3692679220708743
Dunnhumby,2,QuantileGBM_raw,all,sharpness_std,9.30703306445169
Dunnhumby,2,QuantileGBM_raw,x>0,CRPS,6.631973199728261
Dunnhumby,2,QuantileGBM_raw,x>0,pit_ks,0.08198345778268515
Dunnhumby,2,QuantileGBM_raw,x>0,cov95,0.8641304347826086
Dunnhumby,2,QuantileGBM_raw,x>0,cov50,0.46875
Dunnhumby,2,QuantileGBM_raw,x>0,nMAE,0.36595547309833026
Dunnhumby,2,QuantileGBM_raw,x>0,sharpness_std,9.398404264928388
Dunnhumby,2,QuantileGBM_recal,all,CRPS,6.586750680907876
Dunnhumby,2,QuantileGBM_recal,all,pit_ks,0.06197275188668505
Dunnhumby,2,QuantileGBM_recal,all,cov95,0.8931909212283045
Dunnhumby,2,QuantileGBM_recal,all,cov50,0.5554072096128171
Dunnhumby,2,QuantileGBM_recal,all,nMAE,0.36891517881369723
Dunnhumby,2,QuantileGBM_recal,all,sharpness_std,11.285149779111405
Dunnhumby,2,QuantileGBM_recal,x>0,CRPS,6.601336114130435
Dunnhumby,2,QuantileGBM_recal,x>0,pit_ks,0.05900502680396613
Dunnhumby,2,QuantileGBM_recal,x>0,cov95,0.8953804347826086
Dunnhumby,2,QuantileGBM_recal,x>0,cov50,0.5543478260869565
Dunnhumby,2,QuantileGBM_recal,x>0,nMAE,0.365600785768853
Dunnhumby,2,QuantileGBM_recal,x>0,sharpness_std,11.391766303076844
Dunnhumby,3,BTYD_raw,all,CRPS,7.59631099970028
Dunnhumby,3,BTYD_raw,all,pit_ks,0.16549619159382123
Dunnhumby,3,BTYD_raw,all,cov95,0.774365821094793
Dunnhumby,3,BTYD_raw,all,cov50,0.36315086782376504
Dunnhumby,3,BTYD_raw,all,nMAE,0.3598245959795033
Dunnhumby,3,BTYD_raw,all,sharpness_std,6.724417580885836
Dunnhumby,3,BTYD_raw,x>0,CRPS,7.602118140896413
Dunnhumby,3,BTYD_raw,x>0,pit_ks,0.15743670574177948
Dunnhumby,3,BTYD_raw,x>0,cov95,0.7780784844384303
Dunnhumby,3,BTYD_raw,x>0,cov50,0.36129905277401897
Dunnhumby,3,BTYD_raw,x>0,nMAE,0.3574501755600613
Dunnhumby,3,BTYD_raw,x>0,sharpness_std,6.8026656773543905
Dunnhumby,3,BTYD_recal,all,CRPS,7.335251797062751
Dunnhumby,3,BTYD_recal,all,pit_ks,0.10947930574098796
Dunnhumby,3,BTYD_recal,all,cov95,0.8664886515353805
Dunnhumby,3,BTYD_recal,all,cov50,0.5126835781041389
Dunnhumby,3,BTYD_recal,all,nMAE,0.3589377217185652
Dunnhumby,3,BTYD_recal,all,sharpness_std,9.52858090853147
Dunnhumby,3,BTYD_recal,x>0,CRPS,7.342162657645467
Dunnhumby,3,BTYD_recal,x>0,pit_ks,0.10554803788903921
Dunnhumby,3,BTYD_recal,x>0,cov95,0.8700947225981055
Dunnhumby,3,BTYD_recal,x>0,cov50,0.5128552097428958
Dunnhumby,3,BTYD_recal,x>0,nMAE,0.35656001186884917
Dunnhumby,3,BTYD_recal,x>0,sharpness_std,9.6337792705787
Dunnhumby,3,PoissonGBM_raw,all,CRPS,8.178329389185581
Dunnhumby,3,PoissonGBM_raw,all,pit_ks,0.23440365624304296
Dunnhumby,3,PoissonGBM_raw,all,cov95,0.5981308411214953
Dunnhumby,3,PoissonGBM_raw,all,cov50,0.25500667556742324
Dunnhumby,3,PoissonGBM_raw,all,nMAE,0.37189594008671656
Dunnhumby,3,PoissonGBM_raw,all,sharpness_std,4.710893315397095
Dunnhumby,3,PoissonGBM_raw,x>0,CRPS,8.196757721583221
Dunnhumby,3,PoissonGBM_raw,x>0,pit_ks,0.22687080779295327
Dunnhumby,3,PoissonGBM_raw,x>0,cov95,0.6008119079837618
Dunnhumby,3,PoissonGBM_raw,x>0,cov50,0.2571041948579161
Dunnhumby,3,PoissonGBM_raw,x>0,nMAE,0.3694179318530241
Dunnhumby,3,PoissonGBM_raw,x>0,sharpness_std,4.746884398863497
Dunnhumby,3,PoissonGBM_recal,all,CRPS,7.504381895861148
Dunnhumby,3,PoissonGBM_recal,all,pit_ks,0.11748998664886512
Dunnhumby,3,PoissonGBM_recal,all,cov95,0.7797062750333779
Dunnhumby,3,PoissonGBM_recal,all,cov50,0.4939919893190921
Dunnhumby,3,PoissonGBM_recal,all,nMAE,0.37307843910130073
Dunnhumby,3,PoissonGBM_recal,all,sharpness_std,9.021358854743935
Dunnhumby,3,PoissonGBM_recal,x>0,CRPS,7.524063935047361
Dunnhumby,3,PoissonGBM_recal,x>0,pit_ks,0.1150202976995941
Dunnhumby,3,PoissonGBM_recal,x>0,cov95,0.7821380243572396
Dunnhumby,3,PoissonGBM_recal,x>0,cov50,0.4952638700947226
Dunnhumby,3,PoissonGBM_recal,x>0,nMAE,0.37060481677464024
Dunnhumby,3,PoissonGBM_recal,x>0,sharpness_std,9.090649154855292
Dunnhumby,3,QuantileGBM_raw,all,CRPS,7.316779330774365
Dunnhumby,3,QuantileGBM_raw,all,pit_ks,0.08208140004242392
Dunnhumby,3,QuantileGBM_raw,all,cov95,0.8397863818424566
Dunnhumby,3,QuantileGBM_raw,all,cov50,0.4392523364485981
Dunnhumby,3,QuantileGBM_raw,all,nMAE,0.3636677177769018
Dunnhumby,3,QuantileGBM_raw,all,sharpness_std,8.909812387363099
Dunnhumby,3,QuantileGBM_raw,x>0,CRPS,7.337177122801082
Dunnhumby,3,QuantileGBM_raw,x>0,pit_ks,0.08309267136583787
Dunnhumby,3,QuantileGBM_raw,x>0,cov95,0.8389715832205683
Dunnhumby,3,QuantileGBM_raw,x>0,cov50,0.44248985115020295
Dunnhumby,3,QuantileGBM_raw,x>0,nMAE,0.3612086444785124
Dunnhumby,3,QuantileGBM_raw,x>0,sharpness_std,8.955843526024474
Dunnhumby,3,QuantileGBM_recal,all,CRPS,7.2716570680907875
Dunnhumby,3,QuantileGBM_recal,all,pit_ks,0.08010680907877166
Dunnhumby,3,QuantileGBM_recal,all,cov95,0.8598130841121495
Dunnhumby,3,QuantileGBM_recal,all,cov50,0.5046728971962616
Dunnhumby,3,QuantileGBM_recal,all,nMAE,0.3641111549073709
Dunnhumby,3,QuantileGBM_recal,all,sharpness_std,10.6303044693406
Dunnhumby,3,QuantileGBM_recal,x>0,CRPS,7.293506365358594
Dunnhumby,3,QuantileGBM_recal,x>0,pit_ks,0.08001347829153493
Dunnhumby,3,QuantileGBM_recal,x>0,cov95,0.8592692828146143
Dunnhumby,3,QuantileGBM_recal,x>0,cov50,0.5047361299052774
Dunnhumby,3,QuantileGBM_recal,x>0,nMAE,0.3616042727857178
Dunnhumby,3,QuantileGBM_recal,x>0,sharpness_std,10.68399390939436
Dunnhumby,4,BTYD_raw,all,CRPS,7.431835712923354
Dunnhumby,4,BTYD_raw,all,pit_ks,0.16602414241224472
Dunnhumby,4,BTYD_raw,all,cov95,0.7863818424566088
Dunnhumby,4,BTYD_raw,all,cov50,0.3925233644859813
Dunnhumby,4,BTYD_raw,all,nMAE,0.35927808845958314
Dunnhumby,4,BTYD_raw,all,sharpness_std,6.471708122758371
Dunnhumby,4,BTYD_raw,x>0,CRPS,7.506778860798051
Dunnhumby,4,BTYD_raw,x>0,pit_ks,0.16492850814043447
Dunnhumby,4,BTYD_raw,x>0,cov95,0.7856173677069199
Dunnhumby,4,BTYD_raw,x>0,cov50,0.39077340569877883
Dunnhumby,4,BTYD_raw,x>0,nMAE,0.3579724910850739
Dunnhumby,4,BTYD_raw,x>0,sharpness_std,6.56087781558095
Dunnhumby,4,BTYD_recal,all,CRPS,7.226628480640855
Dunnhumby,4,BTYD_recal,all,pit_ks,0.09879839786381839
Dunnhumby,4,BTYD_recal,all,cov95,0.8811748998664887
Dunnhumby,4,BTYD_recal,all,cov50,0.5727636849132176
Dunnhumby,4,BTYD_recal,all,nMAE,0.36451448906964923
Dunnhumby,4,BTYD_recal,all,sharpness_std,9.503331656219512
Dunnhumby,4,BTYD_recal,x>0,CRPS,7.303024
Dunnhumby,4,BTYD_recal,x>0,pit_ks,0.09769335142469471
Dunnhumby,4,BTYD_recal,x>0,cov95,0.8819538670284939
Dunnhumby,4,BTYD_recal,x>0,cov50,0.5698778833107191
Dunnhumby,4,BTYD_recal,x>0,nMAE,0.3633469179826796
Dunnhumby,4,BTYD_recal,x>0,sharpness_std,9.629762231543829
Dunnhumby,4,PoissonGBM_raw,all,CRPS,7.777564385847797
Dunnhumby,4,PoissonGBM_raw,all,pit_ks,0.2094257955548609
Dunnhumby,4,PoissonGBM_raw,all,cov95,0.6234979973297731
Dunnhumby,4,PoissonGBM_raw,all,cov50,0.2883845126835781
Dunnhumby,4,PoissonGBM_raw,all,nMAE,0.3657346212506355
Dunnhumby,4,PoissonGBM_raw,all,sharpness_std,4.635481043113595
Dunnhumby,4,PoissonGBM_raw,x>0,CRPS,7.854153824626866
Dunnhumby,4,PoissonGBM_raw,x>0,pit_ks,0.20783645341962198
Dunnhumby,4,PoissonGBM_raw,x>0,cov95,0.6200814111261872
Dunnhumby,4,PoissonGBM_raw,x>0,cov50,0.28900949796472186
Dunnhumby,4,PoissonGBM_raw,x>0,nMAE,0.3640855832908813
Dunnhumby,4,PoissonGBM_raw,x>0,sharpness_std,4.68160875631083
Dunnhumby,4,PoissonGBM_recal,all,CRPS,7.187479118825101
Dunnhumby,4,PoissonGBM_recal,all,pit_ks,0.10947930574098796
Dunnhumby,4,PoissonGBM_recal,all,cov95,0.8010680907877169
Dunnhumby,4,PoissonGBM_recal,all,cov50,0.5473965287049399
Dunnhumby,4,PoissonGBM_recal,all,nMAE,0.36321809862735127
Dunnhumby,4,PoissonGBM_recal,all,sharpness_std,8.985134000956947
Dunnhumby,4,PoissonGBM_recal,x>0,CRPS,7.25811726458616
Dunnhumby,4,PoissonGBM_recal,x>0,pit_ks,0.1099050203527816
Dunnhumby,4,PoissonGBM_recal,x>0,cov95,0.7991858887381276
Dunnhumby,4,PoissonGBM_recal,x>0,cov50,0.5440976933514247
Dunnhumby,4,PoissonGBM_recal,x>0,nMAE,0.36176770249617934
Dunnhumby,4,PoissonGBM_recal,x>0,sharpness_std,9.077696103746202
Dunnhumby,4,QuantileGBM_raw,all,CRPS,7.0245072763684915
Dunnhumby,4,QuantileGBM_raw,all,pit_ks,0.07645126471489538
Dunnhumby,4,QuantileGBM_raw,all,cov95,0.8584779706275033
Dunnhumby,4,QuantileGBM_raw,all,cov50,0.472630173564753
Dunnhumby,4,QuantileGBM_raw,all,nMAE,0.3553634977122522
Dunnhumby,4,QuantileGBM_raw,all,sharpness_std,8.919032176288239
Dunnhumby,4,QuantileGBM_raw,x>0,CRPS,7.095626195725916
Dunnhumby,4,QuantileGBM_raw,x>0,pit_ks,0.07462686567164178
Dunnhumby,4,QuantileGBM_raw,x>0,cov95,0.8575305291723202
Dunnhumby,4,QuantileGBM_raw,x>0,cov50,0.46675712347354137
Dunnhumby,4,QuantileGBM_raw,x>0,nMAE,0.35425369332654105
Dunnhumby,4,QuantileGBM_raw,x>0,sharpness_std,8.9743463096348
Dunnhumby,4,QuantileGBM_recal,all,CRPS,7.004224251001336
Dunnhumby,4,QuantileGBM_recal,all,pit_ks,0.07476635514018692
Dunnhumby,4,QuantileGBM_recal,all,cov95,0.8731642189586115
Dunnhumby,4,QuantileGBM_recal,all,cov50,0.5460614152202937
Dunnhumby,4,QuantileGBM_recal,all,nMAE,0.3556176919166243
Dunnhumby,4,QuantileGBM_recal,all,sharpness_std,10.54724319309617
Dunnhumby,4,QuantileGBM_recal,x>0,CRPS,7.073077313432837
Dunnhumby,4,QuantileGBM_recal,x>0,pit_ks,0.07462686567164178
Dunnhumby,4,QuantileGBM_recal,x>0,cov95,0.8724559023066486
Dunnhumby,4,QuantileGBM_recal,x>0,cov50,0.5413839891451832
Dunnhumby,4,QuantileGBM_recal,x>0,nMAE,0.35450840550178303
Dunnhumby,4,QuantileGBM_recal,x>0,sharpness_std,10.611547129875962
Dunnhumby,5,BTYD_raw,all,CRPS,7.0982753875916185
Dunnhumby,5,BTYD_raw,all,pit_ks,0.18739393974664265
Dunnhumby,5,BTYD_raw,all,cov95,0.7783711615487316
Dunnhumby,5,BTYD_raw,all,cov50,0.3658210947930574
Dunnhumby,5,BTYD_raw,all,nMAE,0.3581643265730629
Dunnhumby,5,BTYD_raw,all,sharpness_std,6.452401143616491
Dunnhumby,5,BTYD_raw,x>0,CRPS,7.145900989823723
Dunnhumby,5,BTYD_raw,x>0,pit_ks,0.17972595035835526
Dunnhumby,5,BTYD_raw,x>0,cov95,0.782016348773842
Dunnhumby,5,BTYD_raw,x>0,cov50,0.36648501362397823
Dunnhumby,5,BTYD_raw,x>0,nMAE,0.3554342716874706
Dunnhumby,5,BTYD_raw,x>0,sharpness_std,6.56203972442481
Dunnhumby,5,BTYD_recal,all,CRPS,6.78169743658211
Dunnhumby,5,BTYD_recal,all,pit_ks,0.09879839786381839
Dunnhumby,5,BTYD_recal,all,cov95,0.8865153538050734
Dunnhumby,5,BTYD_recal,all,cov50,0.5340453938584779
Dunnhumby,5,BTYD_recal,all,nMAE,0.36032241289651584
Dunnhumby,5,BTYD_recal,all,sharpness_std,9.552381331143708
Dunnhumby,5,BTYD_recal,x>0,CRPS,6.832381711171663
Dunnhumby,5,BTYD_recal,x>0,pit_ks,0.09400544959128065
Dunnhumby,5,BTYD_recal,x>0,cov95,0.8910081743869209
Dunnhumby,5,BTYD_recal,x>0,cov50,0.5340599455040872
Dunnhumby,5,BTYD_recal,x>0,nMAE,0.3577061680681047
Dunnhumby,5,BTYD_recal,x>0,sharpness_std,9.709401719640832
Dunnhumby,5,PoissonGBM_raw,all,CRPS,7.682482251335113
Dunnhumby,5,PoissonGBM_raw,all,pit_ks,0.2493995937918755
Dunnhumby,5,PoissonGBM_raw,all,cov95,0.5887850467289719
Dunnhumby,5,PoissonGBM_raw,all,cov50,0.25634178905206945
Dunnhumby,5,PoissonGBM_raw,all,nMAE,0.37355694227769104
Dunnhumby,5,PoissonGBM_raw,all,sharpness_std,4.694229377740677
Dunnhumby,5,PoissonGBM_raw,x>0,CRPS,7.754070921321526
Dunnhumby,5,PoissonGBM_raw,x>0,pit_ks,0.2508206124074212
Dunnhumby,5,PoissonGBM_raw,x>0,cov95,0.5912806539509536
Dunnhumby,5,PoissonGBM_raw,x>0,cov50,0.2574931880108992
Dunnhumby,5,PoissonGBM_raw,x>0,nMAE,0.37115475009139814
Dunnhumby,5,PoissonGBM_raw,x>0,sharpness_std,4.746388013616911
Dunnhumby,5,PoissonGBM_recal,all,CRPS,6.9803352469959945
Dunnhumby,5,PoissonGBM_recal,all,pit_ks,0.10947930574098798
Dunnhumby,5,PoissonGBM_recal,all,cov95,0.7917222963951935
Dunnhumby,5,PoissonGBM_recal,all,cov50,0.48464619492656874
Dunnhumby,5,PoissonGBM_recal,all,nMAE,0.37132085283411337
Dunnhumby,5,PoissonGBM_recal,all,sharpness_std,8.696880458807135
Dunnhumby,5,PoissonGBM_recal,x>0,CRPS,7.049017242506812
Dunnhumby,5,PoissonGBM_recal,x>0,pit_ks,0.11035422343324251
Dunnhumby,5,PoissonGBM_recal,x>0,cov95,0.7915531335149864
Dunnhumby,5,PoissonGBM_recal,x>0,cov50,0.4877384196185286
Dunnhumby,5,PoissonGBM_recal,x>0,nMAE,0.36880451245625945
Dunnhumby,5,PoissonGBM_recal,x>0,sharpness_std,8.795223924117918
Dunnhumby,5,QuantileGBM_raw,all,CRPS,6.6757268274365815
Dunnhumby,5,QuantileGBM_raw,all,pit_ks,0.05919898638853681
Dunnhumby,5,QuantileGBM_raw,all,cov95,0.8838451268357811
Dunnhumby,5,QuantileGBM_raw,all,cov50,0.47930574098798395
Dunnhumby,5,QuantileGBM_raw,all,nMAE,0.3557982319292772
Dunnhumby,5,QuantileGBM_raw,all,sharpness_std,9.860877189804992
Dunnhumby,5,QuantileGBM_raw,x>0,CRPS,6.737172258174388
Dunnhumby,5,QuantileGBM_raw,x>0,pit_ks,0.06444649878069508
Dunnhumby,5,QuantileGBM_raw,x>0,cov95,0.8814713896457765
Dunnhumby,5,QuantileGBM_raw,x>0,cov50,0.4768392370572207
Dunnhumby,5,QuantileGBM_raw,x>0,nMAE,0.3533190578158459
Dunnhumby,5,QuantileGBM_raw,x>0,sharpness_std,9.92728369154431
Dunnhumby,5,QuantileGBM_recal,all,CRPS,6.662917639519359
Dunnhumby,5,QuantileGBM_recal,all,pit_ks,0.04858450039475386
Dunnhumby,5,QuantileGBM_recal,all,cov95,0.9078771695594126
Dunnhumby,5,QuantileGBM_recal,all,cov50,0.5353805073431241
Dunnhumby,5,QuantileGBM_recal,all,nMAE,0.3554862194487779
Dunnhumby,5,QuantileGBM_recal,all,sharpness_std,11.093376023070887
Dunnhumby,5,QuantileGBM_recal,x>0,CRPS,6.7232934877384185
Dunnhumby,5,QuantileGBM_recal,x>0,pit_ks,0.04951465292667023
Dunnhumby,5,QuantileGBM_recal,x>0,cov95,0.9059945504087193
Dunnhumby,5,QuantileGBM_recal,x>0,cov50,0.5340599455040872
Dunnhumby,5,QuantileGBM_recal,x>0,nMAE,0.3530318065493289
Dunnhumby,5,QuantileGBM_recal,x>0,sharpness_std,11.164561263835695
Dunnhumby,6,BTYD_raw,all,CRPS,7.022613757118335
Dunnhumby,6,BTYD_raw,all,pit_ks,0.18088833936865645
Dunnhumby,6,BTYD_raw,all,cov95,0.7716955941255007
Dunnhumby,6,BTYD_raw,all,cov50,0.3604806408544726
Dunnhumby,6,BTYD_raw,all,nMAE,0.35628586332811685
Dunnhumby,6,BTYD_raw,all,sharpness_std,6.60544242976282
Dunnhumby,6,BTYD_raw,x>0,CRPS,7.06294599472442
Dunnhumby,6,BTYD_raw,x>0,pit_ks,0.17350551903355238
Dunnhumby,6,BTYD_raw,x>0,cov95,0.7741496598639456
Dunnhumby,6,BTYD_raw,x>0,cov50,0.35918367346938773
Dunnhumby,6,BTYD_raw,x>0,nMAE,0.3536406495547407
Dunnhumby,6,BTYD_raw,x>0,sharpness_std,6.710979366780332
Dunnhumby,6,BTYD_recal,all,CRPS,6.76679655540721
Dunnhumby,6,BTYD_recal,all,pit_ks,0.10547396528704944
Dunnhumby,6,BTYD_recal,all,cov95,0.8691588785046729
Dunnhumby,6,BTYD_recal,all,cov50,0.5126835781041389
Dunnhumby,6,BTYD_recal,all,nMAE,0.36207616066771
Dunnhumby,6,BTYD_recal,all,sharpness_std,9.476755126142672
Dunnhumby,6,BTYD_recal,x>0,CRPS,6.813239755102041
Dunnhumby,6,BTYD_recal,x>0,pit_ks,0.10240106682720218
Dunnhumby,6,BTYD_recal,x>0,cov95,0.8721088435374149
Dunnhumby,6,BTYD_recal,x>0,cov50,0.5129251700680272
Dunnhumby,6,BTYD_recal,x>0,nMAE,0.35950759559979045
Dunnhumby,6,BTYD_recal,x>0,sharpness_std,9.622075138282487
Dunnhumby,6,PoissonGBM_raw,all,CRPS,7.655378437917223
Dunnhumby,6,PoissonGBM_raw,all,pit_ks,0.24997819711279368
Dunnhumby,6,PoissonGBM_raw,all,cov95,0.6128170894526035
Dunnhumby,6,PoissonGBM_raw,all,cov50,0.25100133511348466
Dunnhumby,6,PoissonGBM_raw,all,nMAE,0.37436098069900886
Dunnhumby,6,PoissonGBM_raw,all,sharpness_std,4.716813906039464
Dunnhumby,6,PoissonGBM_raw,x>0,CRPS,7.718422636054422
Dunnhumby,6,PoissonGBM_raw,x>0,pit_ks,0.25034655347281193
Dunnhumby,6,PoissonGBM_raw,x>0,cov95,0.6149659863945578
Dunnhumby,6,PoissonGBM_raw,x>0,cov50,0.24897959183673468
Dunnhumby,6,PoissonGBM_raw,x>0,nMAE,0.3721058145625982
Dunnhumby,6,PoissonGBM_raw,x>0,sharpness_std,4.7720504060368905
Dunnhumby,6,PoissonGBM_recal,all,CRPS,6.935938606141522
Dunnhumby,6,PoissonGBM_recal,all,pit_ks,0.10540854108944851
Dunnhumby,6,PoissonGBM_recal,all,cov95,0.7957276368491322
Dunnhumby,6,PoissonGBM_recal,all,cov50,0.5233644859813084
Dunnhumby,6,PoissonGBM_recal,all,nMAE,0.36922274387063125
Dunnhumby,6,PoissonGBM_recal,all,sharpness_std,9.04131178914265
Dunnhumby,6,PoissonGBM_recal,x>0,CRPS,6.994054927891156
Dunnhumby,6,PoissonGBM_recal,x>0,pit_ks,0.10612244897959183
Dunnhumby,6,PoissonGBM_recal,x>0,cov95,0.7945578231292517
Dunnhumby,6,PoissonGBM_recal,x>0,cov50,0.5251700680272109
Dunnhumby,6,PoissonGBM_recal,x>0,nMAE,0.36705081194342587
Dunnhumby,6,PoissonGBM_recal,x>0,sharpness_std,9.148954320212269
Dunnhumby,6,QuantileGBM_raw,all,CRPS,6.608887416555407
Dunnhumby,6,QuantileGBM_raw,all,pit_ks,0.0824383937331753
Dunnhumby,6,QuantileGBM_raw,all,cov95,0.8598130841121495
Dunnhumby,6,QuantileGBM_raw,all,cov50,0.4259012016021362
Dunnhumby,6,QuantileGBM_raw,all,nMAE,0.352999478351591
Dunnhumby,6,QuantileGBM_raw,all,sharpness_std,9.285728831379032
Dunnhumby,6,QuantileGBM_raw,x>0,CRPS,6.658487465986395
Dunnhumby,6,QuantileGBM_raw,x>0,pit_ks,0.08479039308456504
Dunnhumby,6,QuantileGBM_raw,x>0,cov95,0.8612244897959184
Dunnhumby,6,QuantileGBM_raw,x>0,cov50,0.4217687074829932
Dunnhumby,6,QuantileGBM_raw,x>0,nMAE,0.3508119434258774
Dunnhumby,6,QuantileGBM_raw,x>0,sharpness_std,9.375950766982232
Dunnhumby,6,QuantileGBM_recal,all,CRPS,6.594820608811751
Dunnhumby,6,QuantileGBM_recal,all,pit_ks,0.06942590120160219
Dunnhumby,6,QuantileGBM_recal,all,cov95,0.8851802403204272
Dunnhumby,6,QuantileGBM_recal,all,cov50,0.5006675567423231
Dunnhumby,6,QuantileGBM_recal,all,nMAE,0.35148669796557125
Dunnhumby,6,QuantileGBM_recal,all,sharpness_std,11.31075242095191
Dunnhumby,6,QuantileGBM_recal,x>0,CRPS,6.644436092517007
Dunnhumby,6,QuantileGBM_recal,x>0,pit_ks,0.06666666666666665
Dunnhumby,6,QuantileGBM_recal,x>0,cov95,0.8870748299319728
Dunnhumby,6,QuantileGBM_recal,x>0,cov50,0.49795918367346936
Dunnhumby,6,QuantileGBM_recal,x>0,nMAE,0.3493975903614458
Dunnhumby,6,QuantileGBM_recal,x>0,sharpness_std,11.425940467186095
Dunnhumby,7,BTYD_raw,all,CRPS,7.025808220484455
Dunnhumby,7,BTYD_raw,all,pit_ks,0.17351597077957825
Dunnhumby,7,BTYD_raw,all,cov95,0.787716955941255
Dunnhumby,7,BTYD_raw,all,cov50,0.369826435246996
Dunnhumby,7,BTYD_raw,all,nMAE,0.3557787375761045
Dunnhumby,7,BTYD_raw,all,sharpness_std,6.558119412270194
Dunnhumby,7,BTYD_raw,x>0,CRPS,7.123366584405502
Dunnhumby,7,BTYD_raw,x>0,pit_ks,0.16987820290564226
Dunnhumby,7,BTYD_raw,x>0,cov95,0.7853260869565217
Dunnhumby,7,BTYD_raw,x>0,cov50,0.3654891304347826
Dunnhumby,7,BTYD_raw,x>0,nMAE,0.35500677294988014
Dunnhumby,7,BTYD_raw,x>0,sharpness_std,6.6547687468485925
Dunnhumby,7,BTYD_recal,all,CRPS,6.827778093457944
Dunnhumby,7,BTYD_recal,all,pit_ks,0.09879839786381839
Dunnhumby,7,BTYD_recal,all,cov95,0.8611481975967957
Dunnhumby,7,BTYD_recal,all,cov50,0.514018691588785
Dunnhumby,7,BTYD_recal,all,nMAE,0.3578081906645158
Dunnhumby,7,BTYD_recal,all,sharpness_std,8.895848420428205
Dunnhumby,7,BTYD_recal,x>0,CRPS,6.922831527173913
Dunnhumby,7,BTYD_recal,x>0,pit_ks,0.09918478260869568
Dunnhumby,7,BTYD_recal,x>0,cov95,0.8600543478260869
Dunnhumby,7,BTYD_recal,x>0,cov50,0.5095108695652174
Dunnhumby,7,BTYD_recal,x>0,nMAE,0.35693445868500573
Dunnhumby,7,BTYD_recal,x>0,sharpness_std,9.01559806510687
Dunnhumby,7,PoissonGBM_raw,all,CRPS,7.8091153287716955
Dunnhumby,7,PoissonGBM_raw,all,pit_ks,0.24047649656153428
Dunnhumby,7,PoissonGBM_raw,all,cov95,0.5781041388518025
Dunnhumby,7,PoissonGBM_raw,all,cov50,0.2576769025367156
Dunnhumby,7,PoissonGBM_raw,all,nMAE,0.37690586459905295
Dunnhumby,7,PoissonGBM_raw,all,sharpness_std,4.651491543021472
Dunnhumby,7,PoissonGBM_raw,x>0,CRPS,7.891471424932065
Dunnhumby,7,PoissonGBM_raw,x>0,pit_ks,0.2374352818702654
Dunnhumby,7,PoissonGBM_raw,x>0,cov95,0.5815217391304348
Dunnhumby,7,PoissonGBM_raw,x>0,cov50,0.25679347826086957
Dunnhumby,7,PoissonGBM_raw,x>0,nMAE,0.3746743774096072
Dunnhumby,7,PoissonGBM_raw,x>0,sharpness_std,4.69594973749825
Dunnhumby,7,PoissonGBM_recal,all,CRPS,7.129552245660882
Dunnhumby,7,PoissonGBM_recal,all,pit_ks,0.11748998664886512
Dunnhumby,7,PoissonGBM_recal,all,cov95,0.774365821094793
Dunnhumby,7,PoissonGBM_recal,all,cov50,0.48598130841121495
Dunnhumby,7,PoissonGBM_recal,all,nMAE,0.3773481812978093
Dunnhumby,7,PoissonGBM_recal,all,sharpness_std,8.707660167850204
Dunnhumby,7,PoissonGBM_recal,x>0,CRPS,7.208655614130436
Dunnhumby,7,PoissonGBM_recal,x>0,pit_ks,0.11820652173913049
Dunnhumby,7,PoissonGBM_recal,x>0,cov95,0.7758152173913043
Dunnhumby,7,PoissonGBM_recal,x>0,cov50,0.4891304347826087
Dunnhumby,7,PoissonGBM_recal,x>0,nMAE,0.3753516723976243
Dunnhumby,7,PoissonGBM_recal,x>0,sharpness_std,8.794227636335659
Dunnhumby,7,QuantileGBM_raw,all,CRPS,6.755354172229639
Dunnhumby,7,QuantileGBM_raw,all,pit_ks,0.06404927053991077
Dunnhumby,7,QuantileGBM_raw,all,cov95,0.8611481975967957
Dunnhumby,7,QuantileGBM_raw,all,cov50,0.465954606141522
Dunnhumby,7,QuantileGBM_raw,all,nMAE,0.35668938960295576
Dunnhumby,7,QuantileGBM_raw,all,sharpness_std,9.438634595768859
Dunnhumby,7,QuantileGBM_raw,x>0,CRPS,6.84013323709239
Dunnhumby,7,QuantileGBM_raw,x>0,pit_ks,0.06438842442734238
Dunnhumby,7,QuantileGBM_raw,x>0,cov95,0.8586956521739131
Dunnhumby,7,QuantileGBM_raw,x>0,cov50,0.46059782608695654
Dunnhumby,7,QuantileGBM_raw,x>0,nMAE,0.3557622173595915
Dunnhumby,7,QuantileGBM_raw,x>0,sharpness_std,9.509903344608
Dunnhumby,7,QuantileGBM_recal,all,CRPS,6.757016384512684
Dunnhumby,7,QuantileGBM_recal,all,pit_ks,0.06218096250869071
Dunnhumby,7,QuantileGBM_recal,all,cov95,0.8851802403204272
Dunnhumby,7,QuantileGBM_recal,all,cov50,0.4939919893190921
Dunnhumby,7,QuantileGBM_recal,all,nMAE,0.35588281209345896
Dunnhumby,7,QuantileGBM_recal,all,sharpness_std,10.900090977506563
Dunnhumby,7,QuantileGBM_recal,x>0,CRPS,6.8395510923913045
Dunnhumby,7,QuantileGBM_recal,x>0,pit_ks,0.06114130434782605
Dunnhumby,7,QuantileGBM_recal,x>0,cov95,0.8831521739130435
Dunnhumby,7,QuantileGBM_recal,x>0,cov50,0.4891304347826087
Dunnhumby,7,QuantileGBM_recal,x>0,nMAE,0.35490257372095446
Dunnhumby,7,QuantileGBM_recal,x>0,sharpness_std,10.983633872586173
