dataset,seed,method,cond,metric,value
Simulated,0,BTYD_raw,all,CRPS,0.34648958333333335
Simulated,0,BTYD_raw,all,pit_ks,0.04382302282923517
Simulated,0,BTYD_raw,all,cov95,0.9773333333333334
Simulated,0,BTYD_raw,all,cov50,0.896
Simulated,0,BTYD_raw,all,nMAE,0.5991596638655462
Simulated,0,BTYD_raw,x>0,CRPS,0.6072036366498741
Simulated,0,BTYD_raw,x>0,pit_ks,0.08169370784103541
Simulated,0,BTYD_raw,x>0,cov95,0.9874055415617129
Simulated,0,BTYD_raw,x>0,cov50,0.8337531486146096
Simulated,0,BTYD_raw,x>0,nMAE,0.5859375
Simulated,0,BTYD_recal,all,CRPS,0.349862448
Simulated,0,BTYD_recal,all,pit_ks,0.05324377877425113
Simulated,0,BTYD_recal,all,cov95,0.9733333333333334
Simulated,0,BTYD_recal,all,cov50,0.8866666666666667
Simulated,0,BTYD_recal,all,nMAE,0.6100840336134453
Simulated,0,BTYD_recal,x>0,CRPS,0.6136506095717885
Simulated,0,BTYD_recal,x>0,pit_ks,0.09066575473683852
Simulated,0,BTYD_recal,x>0,cov95,0.9798488664987406
Simulated,0,BTYD_recal,x>0,cov50,0.8161209068010076
Simulated,0,BTYD_recal,x>0,nMAE,0.5972222222222223
Simulated,1,BTYD_raw,all,CRPS,0.4221247395833333
Simulated,1,BTYD_raw,all,pit_ks,0.029859613427566767
Simulated,1,BTYD_raw,all,cov95,0.98
Simulated,1,BTYD_raw,all,cov50,0.8973333333333333
Simulated,1,BTYD_raw,all,nMAE,0.6414814814814815
Simulated,1,BTYD_raw,x>0,CRPS,0.7476088722153463
Simulated,1,BTYD_raw,x>0,pit_ks,0.05833816566109867
Simulated,1,BTYD_raw,x>0,cov95,0.9777227722772277
Simulated,1,BTYD_raw,x>0,cov50,0.8415841584158416
Simulated,1,BTYD_raw,x>0,nMAE,0.6333333333333334
Simulated,1,BTYD_recal,all,CRPS,0.41940350400000004
Simulated,1,BTYD_recal,all,pit_ks,0.024488204442506045
Simulated,1,BTYD_recal,all,cov95,0.9813333333333333
Simulated,1,BTYD_recal,all,cov50,0.8973333333333333
Simulated,1,BTYD_recal,all,nMAE,0.6444444444444444
Simulated,1,BTYD_recal,x>0,CRPS,0.74259001980198
Simulated,1,BTYD_recal,x>0,pit_ks,0.05407841613032616
Simulated,1,BTYD_recal,x>0,cov95,0.9801980198019802
Simulated,1,BTYD_recal,x>0,cov50,0.8415841584158416
Simulated,1,BTYD_recal,x>0,nMAE,0.6363636363636365
Simulated,2,BTYD_raw,all,CRPS,0.4757647395833333
Simulated,2,BTYD_raw,all,pit_ks,0.022763098964795503
Simulated,2,BTYD_raw,all,cov95,0.9666666666666667
Simulated,2,BTYD_raw,all,cov50,0.8986666666666666
Simulated,2,BTYD_raw,all,nMAE,0.6387434554973822
Simulated,2,BTYD_raw,x>0,CRPS,0.8427873394423558
Simulated,2,BTYD_raw,x>0,pit_ks,0.03159417350408639
Simulated,2,BTYD_raw,x>0,cov95,0.9624060150375939
Simulated,2,BTYD_raw,x>0,cov50,0.8395989974937343
Simulated,2,BTYD_raw,x>0,nMAE,0.6285329744279946
Simulated,2,BTYD_recal,all,CRPS,0.47491015999999997
Simulated,2,BTYD_recal,all,pit_ks,0.022882282966422363
Simulated,2,BTYD_recal,all,cov95,0.9666666666666667
Simulated,2,BTYD_recal,all,cov50,0.9013333333333333
Simulated,2,BTYD_recal,all,nMAE,0.6426701570680629
Simulated,2,BTYD_recal,x>0,CRPS,0.8409935739348371
Simulated,2,BTYD_recal,x>0,pit_ks,0.02364713156162057
Simulated,2,BTYD_recal,x>0,cov95,0.9624060150375939
Simulated,2,BTYD_recal,x>0,cov50,0.8446115288220551
Simulated,2,BTYD_recal,x>0,nMAE,0.63257065948856
Simulated,3,BTYD_raw,all,CRPS,0.4681436458333333
Simulated,3,BTYD_raw,all,pit_ks,0.02815231506842858
Simulated,3,BTYD_raw,all,cov95,0.9786666666666667
Simulated,3,BTYD_raw,all,cov50,0.884
Simulated,3,BTYD_raw,all,nMAE,0.6863013698630137
Simulated,3,BTYD_raw,x>0,CRPS,0.7890827717713269
Simulated,3,BTYD_raw,x>0,pit_ks,0.04386662760111787
Simulated,3,BTYD_raw,x>0,cov95,0.9786729857819905
Simulated,3,BTYD_raw,x>0,cov50,0.8317535545023697
Simulated,3,BTYD_raw,x>0,nMAE,0.6779184247538678
Simulated,3,BTYD_recal,all,CRPS,0.468023184
Simulated,3,BTYD_recal,all,pit_ks,0.031068375674943305
Simulated,3,BTYD_recal,all,cov95,0.9786666666666667
Simulated,3,BTYD_recal,all,cov50,0.884
Simulated,3,BTYD_recal,all,nMAE,0.6808219178082191
Simulated,3,BTYD_recal,x>0,CRPS,0.788824104265403
Simulated,3,BTYD_recal,x>0,pit_ks,0.04669999721397522
Simulated,3,BTYD_recal,x>0,cov95,0.9786729857819905
Simulated,3,BTYD_recal,x>0,cov50,0.8317535545023697
Simulated,3,BTYD_recal,x>0,nMAE,0.6722925457102672
Simulated,4,BTYD_raw,all,CRPS,0.4714875520833334
Simulated,4,BTYD_raw,all,pit_ks,0.030490264247094112
Simulated,4,BTYD_raw,all,cov95,0.9826666666666667
Simulated,4,BTYD_raw,all,cov50,0.9026666666666666
Simulated,4,BTYD_raw,all,nMAE,0.6528150134048257
Simulated,4,BTYD_raw,x>0,CRPS,0.8226781063988096
Simulated,4,BTYD_raw,x>0,pit_ks,0.023992889321799327
Simulated,4,BTYD_raw,x>0,cov95,0.9809523809523809
Simulated,4,BTYD_raw,x>0,cov50,0.8380952380952381
Simulated,4,BTYD_raw,x>0,nMAE,0.6490514905149051
Simulated,4,BTYD_recal,all,CRPS,0.4781281973333334
Simulated,4,BTYD_recal,all,pit_ks,0.03768335504971976
Simulated,4,BTYD_recal,all,cov95,0.984
Simulated,4,BTYD_recal,all,cov50,0.8946666666666667
Simulated,4,BTYD_recal,all,nMAE,0.6568364611260054
Simulated,4,BTYD_recal,x>0,CRPS,0.834185942857143
Simulated,4,BTYD_recal,x>0,pit_ks,0.03518986510687094
Simulated,4,BTYD_recal,x>0,cov95,0.9833333333333333
Simulated,4,BTYD_recal,x>0,cov50,0.8238095238095238
Simulated,4,BTYD_recal,x>0,nMAE,0.6531165311653117
Simulated,5,BTYD_raw,all,CRPS,0.41114744791666663
Simulated,5,BTYD_raw,all,pit_ks,0.0319690979693846
Simulated,5,BTYD_raw,all,cov95,0.98
Simulated,5,BTYD_raw,all,cov50,0.8973333333333333
Simulated,5,BTYD_raw,all,nMAE,0.6255673222390318
Simulated,5,BTYD_raw,x>0,CRPS,0.7445528218283582
Simulated,5,BTYD_raw,x>0,pit_ks,0.03386703404680669
Simulated,5,BTYD_raw,x>0,cov95,0.9751243781094527
Simulated,5,BTYD_raw,x>0,cov50,0.8283582089552238
Simulated,5,BTYD_raw,x>0,nMAE,0.6203987730061351
Simulated,5,BTYD_recal,all,CRPS,0.41414950400000006
Simulated,5,BTYD_recal,all,pit_ks,0.037756591246119325
Simulated,5,BTYD_recal,all,cov95,0.9746666666666667
Simulated,5,BTYD_recal,all,cov50,0.8853333333333333
Simulated,5,BTYD_recal,all,nMAE,0.6308623298033283
Simulated,5,BTYD_recal,x>0,CRPS,0.7501604975124379
Simulated,5,BTYD_recal,x>0,pit_ks,0.043015209835346346
Simulated,5,BTYD_recal,x>0,cov95,0.9676616915422885
Simulated,5,BTYD_recal,x>0,cov50,0.8059701492537313
Simulated,5,BTYD_recal,x>0,nMAE,0.6257668711656442
Simulated,6,BTYD_raw,all,CRPS,0.38653619791666666
Simulated,6,BTYD_raw,all,pit_ks,0.021704728060769063
Simulated,6,BTYD_raw,all,cov95,0.9826666666666667
Simulated,6,BTYD_raw,all,cov50,0.9013333333333333
Simulated,6,BTYD_raw,all,nMAE,0.5459533607681756
Simulated,6,BTYD_raw,x>0,CRPS,0.6534647614168617
Simulated,6,BTYD_raw,x>0,pit_ks,0.03189764901819614
Simulated,6,BTYD_raw,x>0,cov95,0.9812646370023419
Simulated,6,BTYD_raw,x>0,cov50,0.8454332552693209
Simulated,6,BTYD_raw,x>0,nMAE,0.5389972144846796
Simulated,6,BTYD_recal,all,CRPS,0.39263154666666666
Simulated,6,BTYD_recal,all,pit_ks,0.03405351285546243
Simulated,6,BTYD_recal,all,cov95,0.9866666666666667
Simulated,6,BTYD_recal,all,cov50,0.9053333333333333
Simulated,6,BTYD_recal,all,nMAE,0.5459533607681756
Simulated,6,BTYD_recal,x>0,CRPS,0.6639077939110071
Simulated,6,BTYD_recal,x>0,pit_ks,0.030671387870541023
Simulated,6,BTYD_recal,x>0,cov95,0.9859484777517564
Simulated,6,BTYD_recal,x>0,cov50,0.8524590163934426
Simulated,6,BTYD_recal,x>0,nMAE,0.5389972144846796
Simulated,7,BTYD_raw,all,CRPS,0.40552734375
Simulated,7,BTYD_raw,all,pit_ks,0.020398040073593582
Simulated,7,BTYD_raw,all,cov95,0.98
Simulated,7,BTYD_raw,all,cov50,0.8866666666666667
Simulated,7,BTYD_raw,all,nMAE,0.5257214554579673
Simulated,7,BTYD_raw,x>0,CRPS,0.687682445941943
Simulated,7,BTYD_raw,x>0,pit_ks,0.03133985667701805
Simulated,7,BTYD_raw,x>0,cov95,0.9834123222748815
Simulated,7,BTYD_raw,x>0,cov50,0.8222748815165877
Simulated,7,BTYD_raw,x>0,nMAE,0.5172413793103449
Simulated,7,BTYD_recal,all,CRPS,0.405533088
Simulated,7,BTYD_recal,all,pit_ks,0.021100226556638402
Simulated,7,BTYD_recal,all,cov95,0.9786666666666667
Simulated,7,BTYD_recal,all,cov50,0.8906666666666667
Simulated,7,BTYD_recal,all,nMAE,0.5244667503136763
Simulated,7,BTYD_recal,x>0,CRPS,0.6876123222748816
Simulated,7,BTYD_recal,x>0,pit_ks,0.03240455711083978
Simulated,7,BTYD_recal,x>0,cov95,0.9834123222748815
Simulated,7,BTYD_recal,x>0,cov50,0.8293838862559242
Simulated,7,BTYD_recal,x>0,nMAE,0.5159642401021711
Simulated,8,BTYD_raw,all,CRPS,0.4068455208333333
Simulated,8,BTYD_raw,all,pit_ks,0.04257864008442469
Simulated,8,BTYD_raw,all,cov95,0.984
Simulated,8,BTYD_raw,all,cov50,0.8986666666666666
Simulated,8,BTYD_raw,all,nMAE,0.6356184798807749
Simulated,8,BTYD_raw,x>0,CRPS,0.7113873760516827
Simulated,8,BTYD_raw,x>0,pit_ks,0.05638868623214488
Simulated,8,BTYD_raw,x>0,cov95,0.9831730769230769
Simulated,8,BTYD_raw,x>0,cov50,0.8293269230769231
Simulated,8,BTYD_raw,x>0,nMAE,0.6306646525679759
Simulated,8,BTYD_recal,all,CRPS,0.4069337173333334
Simulated,8,BTYD_recal,all,pit_ks,0.04358460070454473
Simulated,8,BTYD_recal,all,cov95,0.984
Simulated,8,BTYD_recal,all,cov50,0.896
Simulated,8,BTYD_recal,all,nMAE,0.6348733233979135
Simulated,8,BTYD_recal,x>0,CRPS,0.7114884423076924
Simulated,8,BTYD_recal,x>0,pit_ks,0.05235936262984087
Simulated,8,BTYD_recal,x>0,cov95,0.9831730769230769
Simulated,8,BTYD_recal,x>0,cov50,0.8245192307692307
Simulated,8,BTYD_recal,x>0,nMAE,0.6299093655589125
Simulated,9,BTYD_raw,all,CRPS,0.40525557291666664
Simulated,9,BTYD_raw,all,pit_ks,0.03564675127368383
Simulated,9,BTYD_raw,all,cov95,0.9813333333333333
Simulated,9,BTYD_raw,all,cov50,0.8946666666666667
Simulated,9,BTYD_raw,all,nMAE,0.6418918918918918
Simulated,9,BTYD_raw,x>0,CRPS,0.7166926762623153
Simulated,9,BTYD_raw,x>0,pit_ks,0.050921784512572926
Simulated,9,BTYD_raw,x>0,cov95,0.9876847290640394
Simulated,9,BTYD_raw,x>0,cov50,0.8300492610837439
Simulated,9,BTYD_raw,x>0,nMAE,0.6347626339969372
Simulated,9,BTYD_recal,all,CRPS,0.4073884586666668
Simulated,9,BTYD_recal,all,pit_ks,0.038655596036601014
Simulated,9,BTYD_recal,all,cov95,0.9866666666666667
Simulated,9,BTYD_recal,all,cov50,0.8906666666666667
Simulated,9,BTYD_recal,all,nMAE,0.6403903903903904
Simulated,9,BTYD_recal,x>0,CRPS,0.7204881083743844
Simulated,9,BTYD_recal,x>0,pit_ks,0.05281526995122525
Simulated,9,BTYD_recal,x>0,cov95,0.9901477832512315
Simulated,9,BTYD_recal,x>0,cov50,0.8226600985221675
Simulated,9,BTYD_recal,x>0,nMAE,0.6332312404287901
Simulated,10,BTYD_raw,all,CRPS,0.4086115104166667
Simulated,10,BTYD_raw,all,pit_ks,0.02745895831169154
Simulated,10,BTYD_raw,all,cov95,0.9786666666666667
Simulated,10,BTYD_raw,all,cov50,0.892
Simulated,10,BTYD_raw,all,nMAE,0.572678331090175
Simulated,10,BTYD_raw,x>0,CRPS,0.7171379950495049
Simulated,10,BTYD_raw,x>0,pit_ks,0.025856206207516552
Simulated,10,BTYD_raw,x>0,cov95,0.9801980198019802
Simulated,10,BTYD_raw,x>0,cov50,0.8242574257425742
Simulated,10,BTYD_raw,x>0,nMAE,0.5626721763085398
Simulated,10,BTYD_recal,all,CRPS,0.40602001599999993
Simulated,10,BTYD_recal,all,pit_ks,0.023881290831763408
Simulated,10,BTYD_recal,all,cov95,0.9786666666666667
Simulated,10,BTYD_recal,all,cov50,0.8866666666666667
Simulated,10,BTYD_recal,all,nMAE,0.5706594885598923
Simulated,10,BTYD_recal,x>0,CRPS,0.7122370000000001
Simulated,10,BTYD_recal,x>0,pit_ks,0.03831358158666337
Simulated,10,BTYD_recal,x>0,cov95,0.9801980198019802
Simulated,10,BTYD_recal,x>0,cov50,0.8143564356435643
Simulated,10,BTYD_recal,x>0,nMAE,0.5606060606060606
Simulated,11,BTYD_raw,all,CRPS,0.35820635416666663
Simulated,11,BTYD_raw,all,pit_ks,0.03716783133488055
Simulated,11,BTYD_raw,all,cov95,0.9773333333333334
Simulated,11,BTYD_raw,all,cov50,0.904
Simulated,11,BTYD_raw,all,nMAE,0.6681109185441941
Simulated,11,BTYD_raw,x>0,CRPS,0.6407415056109725
Simulated,11,BTYD_raw,x>0,pit_ks,0.044288515728558076
Simulated,11,BTYD_raw,x>0,cov95,0.9775561097256857
Simulated,11,BTYD_raw,x>0,cov50,0.8453865336658354
Simulated,11,BTYD_raw,x>0,nMAE,0.6610619469026549
Simulated,11,BTYD_recal,all,CRPS,0.35857247999999997
Simulated,11,BTYD_recal,all,pit_ks,0.043139863672879586
Simulated,11,BTYD_recal,all,cov95,0.976
Simulated,11,BTYD_recal,all,cov50,0.904
Simulated,11,BTYD_recal,all,nMAE,0.6603119584055459
Simulated,11,BTYD_recal,x>0,CRPS,0.6414041296758105
Simulated,11,BTYD_recal,x>0,pit_ks,0.045471674972873855
Simulated,11,BTYD_recal,x>0,cov95,0.9750623441396509
Simulated,11,BTYD_recal,x>0,cov50,0.8453865336658354
Simulated,11,BTYD_recal,x>0,nMAE,0.6530973451327433
Simulated,12,BTYD_raw,all,CRPS,0.41450494791666664
Simulated,12,BTYD_raw,all,pit_ks,0.033324222883052534
Simulated,12,BTYD_raw,all,cov95,0.9893333333333333
Simulated,12,BTYD_raw,all,cov50,0.896
Simulated,12,BTYD_raw,all,nMAE,0.6406249999999999
Simulated,12,BTYD_raw,x>0,CRPS,0.7297719467089373
Simulated,12,BTYD_raw,x>0,pit_ks,0.053064687793814125
Simulated,12,BTYD_raw,x>0,cov95,0.9855072463768116
Simulated,12,BTYD_raw,x>0,cov50,0.8333333333333334
Simulated,12,BTYD_raw,x>0,nMAE,0.6357466063348417
Simulated,12,BTYD_recal,all,CRPS,0.41489836266666663
Simulated,12,BTYD_recal,all,pit_ks,0.03339841589308967
Simulated,12,BTYD_recal,all,cov95,0.9893333333333333
Simulated,12,BTYD_recal,all,cov50,0.8893333333333333
Simulated,12,BTYD_recal,all,nMAE,0.6428571428571428
Simulated,12,BTYD_recal,x>0,CRPS,0.7303693333333332
Simulated,12,BTYD_recal,x>0,pit_ks,0.05927333030272297
Simulated,12,BTYD_recal,x>0,cov95,0.9855072463768116
Simulated,12,BTYD_recal,x>0,cov50,0.821256038647343
Simulated,12,BTYD_recal,x>0,nMAE,0.6380090497737557
Simulated,13,BTYD_raw,all,CRPS,0.40517854166666667
Simulated,13,BTYD_raw,all,pit_ks,0.03807328599086782
Simulated,13,BTYD_raw,all,cov95,0.984
Simulated,13,BTYD_raw,all,cov50,0.904
Simulated,13,BTYD_raw,all,nMAE,0.5284605433376456
Simulated,13,BTYD_raw,x>0,CRPS,0.6884987229567308
Simulated,13,BTYD_raw,x>0,pit_ks,0.02957657295713323
Simulated,13,BTYD_raw,x>0,cov95,0.9879807692307693
Simulated,13,BTYD_raw,x>0,cov50,0.8581730769230769
Simulated,13,BTYD_raw,x>0,nMAE,0.5172185430463576
Simulated,13,BTYD_recal,all,CRPS,0.40809537066666673
Simulated,13,BTYD_recal,all,pit_ks,0.03891162021193334
Simulated,13,BTYD_recal,all,cov95,0.9906666666666667
Simulated,13,BTYD_recal,all,cov50,0.9026666666666666
Simulated,13,BTYD_recal,all,nMAE,0.5291073738680466
Simulated,13,BTYD_recal,x>0,CRPS,0.6936869615384615
Simulated,13,BTYD_recal,x>0,pit_ks,0.04410824773936939
Simulated,13,BTYD_recal,x>0,cov95,0.9927884615384616
Simulated,13,BTYD_recal,x>0,cov50,0.8557692307692307
Simulated,13,BTYD_recal,x>0,nMAE,0.5178807947019867
Simulated,14,BTYD_raw,all,CRPS,0.4021640104166667
Simulated,14,BTYD_raw,all,pit_ks,0.02108951724335878
Simulated,14,BTYD_raw,all,cov95,0.9853333333333333
Simulated,14,BTYD_raw,all,cov50,0.9186666666666666
Simulated,14,BTYD_raw,all,nMAE,0.531491002570694
Simulated,14,BTYD_raw,x>0,CRPS,0.7275895743534483
Simulated,14,BTYD_raw,x>0,pit_ks,0.038885384951815705
Simulated,14,BTYD_raw,x>0,cov95,0.9852216748768473
Simulated,14,BTYD_raw,x>0,cov50,0.8645320197044335
Simulated,14,BTYD_raw,x>0,nMAE,0.5278497409326426
Simulated,14,BTYD_recal,all,CRPS,0.40120711466666664
Simulated,14,BTYD_recal,all,pit_ks,0.02270279415906795
Simulated,14,BTYD_recal,all,cov95,0.9893333333333333
Simulated,14,BTYD_recal,all,cov50,0.9106666666666666
Simulated,14,BTYD_recal,all,nMAE,0.5302056555269923
Simulated,14,BTYD_recal,x>0,CRPS,0.7257229753694582
Simulated,14,BTYD_recal,x>0,pit_ks,0.0471778614564482
Simulated,14,BTYD_recal,x>0,cov95,0.9901477832512315
Simulated,14,BTYD_recal,x>0,cov50,0.8497536945812808
Simulated,14,BTYD_recal,x>0,nMAE,0.5265544041450778
CDNow,0,BTYD_raw,all,CRPS,0.36815302958015267
CDNow,0,BTYD_raw,all,pit_ks,0.05701384760556916
CDNow,0,BTYD_raw,all,cov95,0.9762510602205259
CDNow,0,BTYD_raw,all,cov50,0.8490245971162002
CDNow,0,BTYD_raw,all,nMAE,0.8234859675036927
CDNow,0,BTYD_raw,x>0,CRPS,0.732239930199795
CDNow,0,BTYD_raw,x>0,pit_ks,0.09262127961112843
CDNow,0,BTYD_raw,x>0,cov95,0.9651639344262295
CDNow,0,BTYD_raw,x>0,cov50,0.7520491803278688
CDNow,0,BTYD_raw,x>0,nMAE,0.7991596638655463
CDNow,0,BTYD_recal,all,CRPS,0.36723242748091606
CDNow,0,BTYD_recal,all,pit_ks,0.028284474321739472
CDNow,0,BTYD_recal,all,cov95,0.9804919423240034
CDNow,0,BTYD_recal,all,cov50,0.8566581849024597
CDNow,0,BTYD_recal,all,nMAE,0.8153618906942394
CDNow,0,BTYD_recal,x>0,CRPS,0.7291648606557377
CDNow,0,BTYD_recal,x>0,pit_ks,0.05900878618266331
CDNow,0,BTYD_recal,x>0,cov95,0.9692622950819673
CDNow,0,BTYD_recal,x>0,cov50,0.7704918032786885
CDNow,0,BTYD_recal,x>0,nMAE,0.7899159663865547
CDNow,1,BTYD_raw,all,CRPS,0.4164506136026293
CDNow,1,BTYD_raw,all,pit_ks,0.062051660711233025
CDNow,1,BTYD_raw,all,cov95,0.9592875318066157
CDNow,1,BTYD_raw,all,cov50,0.820186598812553
CDNow,1,BTYD_raw,all,nMAE,0.8378561736770692
CDNow,1,BTYD_raw,x>0,CRPS,0.7399766406250001
CDNow,1,BTYD_raw,x>0,pit_ks,0.08470373085984362
CDNow,1,BTYD_raw,x>0,cov95,0.96
CDNow,1,BTYD_raw,x>0,cov50,0.74
CDNow,1,BTYD_raw,x>0,nMAE,0.803453947368421
CDNow,1,BTYD_recal,all,CRPS,0.412454320610687
CDNow,1,BTYD_recal,all,pit_ks,0.025914142371468274
CDNow,1,BTYD_recal,all,cov95,0.9660729431721798
CDNow,1,BTYD_recal,all,cov50,0.823579304495335
CDNow,1,BTYD_recal,all,nMAE,0.8426051560379919
CDNow,1,BTYD_recal,x>0,CRPS,0.733742336
CDNow,1,BTYD_recal,x>0,pit_ks,0.051497732208095726
CDNow,1,BTYD_recal,x>0,cov95,0.966
CDNow,1,BTYD_recal,x>0,cov50,0.748
CDNow,1,BTYD_recal,x>0,nMAE,0.8092105263157895
CDNow,2,BTYD_raw,all,CRPS,0.36988334261026296
CDNow,2,BTYD_raw,all,pit_ks,0.06611683104170751
CDNow,2,BTYD_raw,all,cov95,0.9626802374893978
CDNow,2,BTYD_raw,all,cov50,0.8329092451229856
CDNow,2,BTYD_raw,all,nMAE,0.8380809595202399
CDNow,2,BTYD_raw,x>0,CRPS,0.7120509474734042
CDNow,2,BTYD_raw,x>0,pit_ks,0.09439041130693715
CDNow,2,BTYD_raw,x>0,cov95,0.9574468085106383
CDNow,2,BTYD_raw,x>0,cov50,0.7468085106382979
CDNow,2,BTYD_raw,x>0,nMAE,0.8064516129032259
CDNow,2,BTYD_recal,all,CRPS,0.3663671586089907
CDNow,2,BTYD_recal,all,pit_ks,0.0377773365409122
CDNow,2,BTYD_recal,all,cov95,0.9677692960135709
CDNow,2,BTYD_recal,all,cov50,0.8422391857506362
CDNow,2,BTYD_recal,all,nMAE,0.8335832083958021
CDNow,2,BTYD_recal,x>0,CRPS,0.7050319659574468
CDNow,2,BTYD_recal,x>0,pit_ks,0.08109219308141874
CDNow,2,BTYD_recal,x>0,cov95,0.9680851063829787
CDNow,2,BTYD_recal,x>0,cov50,0.7702127659574468
CDNow,2,BTYD_recal,x>0,nMAE,0.8010752688172043
CDNow,3,BTYD_raw,all,CRPS,0.38153254877014414
CDNow,3,BTYD_raw,all,pit_ks,0.035207858005639636
CDNow,3,BTYD_raw,all,cov95,0.9737065309584394
CDNow,3,BTYD_raw,all,cov50,0.8430873621713316
CDNow,3,BTYD_raw,all,nMAE,0.7979166666666666
CDNow,3,BTYD_raw,x>0,CRPS,0.7281921237244898
CDNow,3,BTYD_raw,x>0,pit_ks,0.04589607161398912
CDNow,3,BTYD_raw,x>0,cov95,0.9755102040816327
CDNow,3,BTYD_raw,x>0,cov50,0.7591836734693878
CDNow,3,BTYD_raw,x>0,nMAE,0.7657004830917874
CDNow,3,BTYD_recal,all,CRPS,0.38637906700593727
CDNow,3,BTYD_recal,all,pit_ks,0.04545009364951513
CDNow,3,BTYD_recal,all,cov95,0.9804919423240034
CDNow,3,BTYD_recal,all,cov50,0.8736217133163698
CDNow,3,BTYD_recal,all,nMAE,0.7958333333333333
CDNow,3,BTYD_recal,x>0,CRPS,0.738542906122449
CDNow,3,BTYD_recal,x>0,pit_ks,0.05993360580021434
CDNow,3,BTYD_recal,x>0,cov95,0.9816326530612245
CDNow,3,BTYD_recal,x>0,cov50,0.8326530612244898
CDNow,3,BTYD_recal,x>0,nMAE,0.7632850241545893
CDNow,4,BTYD_raw,all,CRPS,0.38746100376378284
CDNow,4,BTYD_raw,all,pit_ks,0.04697828763180678
CDNow,4,BTYD_raw,all,cov95,0.9677692960135709
CDNow,4,BTYD_raw,all,cov50,0.8371501272264631
CDNow,4,BTYD_raw,all,nMAE,0.8347639484978541
CDNow,4,BTYD_raw,x>0,CRPS,0.7430123427242888
CDNow,4,BTYD_raw,x>0,pit_ks,0.08048184511092649
CDNow,4,BTYD_raw,x>0,cov95,0.9693654266958425
CDNow,4,BTYD_raw,x>0,cov50,0.7702407002188184
CDNow,4,BTYD_raw,x>0,nMAE,0.7984293193717278
CDNow,4,BTYD_recal,all,CRPS,0.3869219338422392
CDNow,4,BTYD_recal,all,pit_ks,0.027843488703299085
CDNow,4,BTYD_recal,all,cov95,0.9864291772688719
CDNow,4,BTYD_recal,all,cov50,0.8481764206955047
CDNow,4,BTYD_recal,all,nMAE,0.8383404864091559
CDNow,4,BTYD_recal,x>0,CRPS,0.7449257242888403
CDNow,4,BTYD_recal,x>0,pit_ks,0.056296229692971544
CDNow,4,BTYD_recal,x>0,cov95,0.986870897155361
CDNow,4,BTYD_recal,x>0,cov50,0.7986870897155361
CDNow,4,BTYD_recal,x>0,nMAE,0.8027923211169284
CDNow,5,BTYD_raw,all,CRPS,0.38143530666878706
CDNow,5,BTYD_raw,all,pit_ks,0.05573353760624866
CDNow,5,BTYD_raw,all,cov95,0.9686174724342663
CDNow,5,BTYD_raw,all,cov50,0.8379983036471587
CDNow,5,BTYD_raw,all,nMAE,0.8463268365817092
CDNow,5,BTYD_raw,x>0,CRPS,0.7154881970635776
CDNow,5,BTYD_raw,x>0,pit_ks,0.07187486364192164
CDNow,5,BTYD_raw,x>0,cov95,0.9741379310344828
CDNow,5,BTYD_raw,x>0,cov50,0.7586206896551724
CDNow,5,BTYD_raw,x>0,nMAE,0.8108856088560885
CDNow,5,BTYD_recal,all,CRPS,0.38345888719253607
CDNow,5,BTYD_recal,all,pit_ks,0.027769270663781875
CDNow,5,BTYD_recal,all,cov95,0.9754028837998303
CDNow,5,BTYD_recal,all,cov50,0.8413910093299406
CDNow,5,BTYD_recal,all,nMAE,0.8703148425787106
CDNow,5,BTYD_recal,x>0,CRPS,0.7224710517241381
CDNow,5,BTYD_recal,x>0,pit_ks,0.03164121156078503
CDNow,5,BTYD_recal,x>0,cov95,0.9849137931034483
CDNow,5,BTYD_recal,x>0,cov50,0.7672413793103449
CDNow,5,BTYD_recal,x>0,nMAE,0.8404059040590406
CDNow,6,BTYD_raw,all,CRPS,0.3783114994168787
CDNow,6,BTYD_raw,all,pit_ks,0.03901181604618853
CDNow,6,BTYD_raw,all,cov95,0.9770992366412213
CDNow,6,BTYD_raw,all,cov50,0.8354537743850721
CDNow,6,BTYD_raw,all,nMAE,0.8436123348017621
CDNow,6,BTYD_raw,x>0,CRPS,0.710055624330835
CDNow,6,BTYD_raw,x>0,pit_ks,0.06273151240183308
CDNow,6,BTYD_raw,x>0,cov95,0.9721627408993576
CDNow,6,BTYD_raw,x>0,cov50,0.7623126338329764
CDNow,6,BTYD_raw,x>0,nMAE,0.8091397849462366
CDNow,6,BTYD_recal,all,CRPS,0.38188709414758276
CDNow,6,BTYD_recal,all,pit_ks,0.023880684691308773
CDNow,6,BTYD_recal,all,cov95,0.9855810008481765
CDNow,6,BTYD_recal,all,cov50,0.8405428329092451
CDNow,6,BTYD_recal,all,nMAE,0.856093979441997
CDNow,6,BTYD_recal,x>0,CRPS,0.7205562141327624
CDNow,6,BTYD_recal,x>0,pit_ks,0.03412148544610005
CDNow,6,BTYD_recal,x>0,cov95,0.9828693790149893
CDNow,6,BTYD_recal,x>0,cov50,0.7751605995717344
CDNow,6,BTYD_recal,x>0,nMAE,0.8243727598566308
CDNow,7,BTYD_raw,all,CRPS,0.39962080550254453
CDNow,7,BTYD_raw,all,pit_ks,0.05785680764047901
CDNow,7,BTYD_raw,all,cov95,0.9720101781170484
CDNow,7,BTYD_raw,all,cov50,0.8261238337574215
CDNow,7,BTYD_raw,all,nMAE,0.8404696132596684
CDNow,7,BTYD_raw,x>0,CRPS,0.7637983945560254
CDNow,7,BTYD_raw,x>0,pit_ks,0.07271730434103696
CDNow,7,BTYD_raw,x>0,cov95,0.9767441860465116
CDNow,7,BTYD_raw,x>0,cov50,0.7315010570824524
CDNow,7,BTYD_raw,x>0,nMAE,0.8097199341021417
CDNow,7,BTYD_recal,all,CRPS,0.39841721798134005
CDNow,7,BTYD_recal,all,pit_ks,0.04001663046774903
CDNow,7,BTYD_recal,all,cov95,0.9779474130619169
CDNow,7,BTYD_recal,all,cov50,0.8396946564885496
CDNow,7,BTYD_recal,all,nMAE,0.8328729281767955
CDNow,7,BTYD_recal,x>0,CRPS,0.7612200422832982
CDNow,7,BTYD_recal,x>0,pit_ks,0.04043703836724688
CDNow,7,BTYD_recal,x>0,cov95,0.9809725158562368
CDNow,7,BTYD_recal,x>0,cov50,0.7653276955602537
CDNow,7,BTYD_recal,x>0,nMAE,0.800658978583196
CDNow,8,BTYD_raw,all,CRPS,0.3843011490139949
CDNow,8,BTYD_raw,all,pit_ks,0.062224915361605904
CDNow,8,BTYD_raw,all,cov95,0.9669211195928753
CDNow,8,BTYD_raw,all,cov50,0.8346055979643766
CDNow,8,BTYD_raw,all,nMAE,0.8403483309143688
CDNow,8,BTYD_raw,x>0,CRPS,0.7140765921677215
CDNow,8,BTYD_raw,x>0,pit_ks,0.09444623039248279
CDNow,8,BTYD_raw,x>0,cov95,0.9725738396624473
CDNow,8,BTYD_raw,x>0,cov50,0.7489451476793249
CDNow,8,BTYD_raw,x>0,nMAE,0.8059964726631393
CDNow,8,BTYD_recal,all,CRPS,0.382363423240034
CDNow,8,BTYD_recal,all,pit_ks,0.03188301415330985
CDNow,8,BTYD_recal,all,cov95,0.9770992366412213
CDNow,8,BTYD_recal,all,cov50,0.8524173027989822
CDNow,8,BTYD_recal,all,nMAE,0.8577648766328012
CDNow,8,BTYD_recal,x>0,CRPS,0.7108540506329115
CDNow,8,BTYD_recal,x>0,pit_ks,0.05497150522864189
CDNow,8,BTYD_recal,x>0,cov95,0.9831223628691983
CDNow,8,BTYD_recal,x>0,cov50,0.7932489451476793
CDNow,8,BTYD_recal,x>0,nMAE,0.8271604938271605
CDNow,9,BTYD_raw,all,CRPS,0.3426048955682782
CDNow,9,BTYD_raw,all,pit_ks,0.05972742014796051
CDNow,9,BTYD_raw,all,cov95,0.9703138252756573
CDNow,9,BTYD_raw,all,cov50,0.8481764206955047
CDNow,9,BTYD_raw,all,nMAE,0.8551554828150573
CDNow,9,BTYD_raw,x>0,CRPS,0.6261502100840336
CDNow,9,BTYD_raw,x>0,pit_ks,0.06502752750343144
CDNow,9,BTYD_raw,x>0,cov95,0.9747899159663865
CDNow,9,BTYD_raw,x>0,cov50,0.7941176470588235
CDNow,9,BTYD_raw,x>0,nMAE,0.8219315895372232
CDNow,9,BTYD_recal,all,CRPS,0.34273133842239184
CDNow,9,BTYD_recal,all,pit_ks,0.035564305051526635
CDNow,9,BTYD_recal,all,cov95,0.9821882951653944
CDNow,9,BTYD_recal,all,cov50,0.8498727735368957
CDNow,9,BTYD_recal,all,nMAE,0.8535188216039279
CDNow,9,BTYD_recal,x>0,CRPS,0.6297458739495799
CDNow,9,BTYD_recal,x>0,pit_ks,0.042135330519565584
CDNow,9,BTYD_recal,x>0,cov95,0.9831932773109243
CDNow,9,BTYD_recal,x>0,cov50,0.7983193277310925
CDNow,9,BTYD_recal,x>0,nMAE,0.8199195171026156
CDNow,10,BTYD_raw,all,CRPS,0.39869168787107717
CDNow,10,BTYD_raw,all,pit_ks,0.062074076270550615
CDNow,10,BTYD_raw,all,cov95,0.9694656488549618
CDNow,10,BTYD_raw,all,cov50,0.8396946564885496
CDNow,10,BTYD_raw,all,nMAE,0.8186206896551724
CDNow,10,BTYD_raw,x>0,CRPS,0.7412167808657787
CDNow,10,BTYD_raw,x>0,pit_ks,0.06378627925796532
CDNow,10,BTYD_raw,x>0,cov95,0.9692622950819673
CDNow,10,BTYD_raw,x>0,cov50,0.7704918032786885
CDNow,10,BTYD_raw,x>0,nMAE,0.7837171052631579
CDNow,10,BTYD_recal,all,CRPS,0.3966075521628499
CDNow,10,BTYD_recal,all,pit_ks,0.04357188322655425
CDNow,10,BTYD_recal,all,cov95,0.9694656488549618
CDNow,10,BTYD_recal,all,cov50,0.8464800678541137
CDNow,10,BTYD_recal,all,nMAE,0.8179310344827586
CDNow,10,BTYD_recal,x>0,CRPS,0.7376859262295081
CDNow,10,BTYD_recal,x>0,pit_ks,0.05400875978219566
CDNow,10,BTYD_recal,x>0,cov95,0.9692622950819673
CDNow,10,BTYD_recal,x>0,cov50,0.7868852459016393
CDNow,10,BTYD_recal,x>0,nMAE,0.7828947368421052
CDNow,11,BTYD_raw,all,CRPS,0.3503379784245123
CDNow,11,BTYD_raw,all,pit_ks,0.05335845642677839
CDNow,11,BTYD_raw,all,cov95,0.9754028837998303
CDNow,11,BTYD_raw,all,cov50,0.8363019508057676
CDNow,11,BTYD_raw,all,nMAE,0.8620967741935484
CDNow,11,BTYD_raw,x>0,CRPS,0.65715689009979
CDNow,11,BTYD_raw,x>0,pit_ks,0.08450055168407355
CDNow,11,BTYD_raw,x>0,cov95,0.976890756302521
CDNow,11,BTYD_raw,x>0,cov50,0.7521008403361344
CDNow,11,BTYD_raw,x>0,nMAE,0.8333333333333334
CDNow,11,BTYD_recal,all,CRPS,0.3538908532654793
CDNow,11,BTYD_recal,all,pit_ks,0.027918228630544828
CDNow,11,BTYD_recal,all,cov95,0.981340118744699
CDNow,11,BTYD_recal,all,cov50,0.8575063613231552
CDNow,11,BTYD_recal,all,nMAE,0.8814516129032257
CDNow,11,BTYD_recal,x>0,CRPS,0.666652831932773
CDNow,11,BTYD_recal,x>0,pit_ks,0.034813706321480065
CDNow,11,BTYD_recal,x>0,cov95,0.9852941176470589
CDNow,11,BTYD_recal,x>0,cov50,0.8046218487394958
CDNow,11,BTYD_recal,x>0,nMAE,0.8567251461988304
CDNow,12,BTYD_raw,all,CRPS,0.41806416984732825
CDNow,12,BTYD_raw,all,pit_ks,0.047910551594958606
CDNow,12,BTYD_raw,all,cov95,0.9669211195928753
CDNow,12,BTYD_raw,all,cov50,0.8346055979643766
CDNow,12,BTYD_raw,all,nMAE,0.8190224570673712
CDNow,12,BTYD_raw,x>0,CRPS,0.7839525341386555
CDNow,12,BTYD_raw,x>0,pit_ks,0.06355455706749946
CDNow,12,BTYD_raw,x>0,cov95,0.9642857142857143
CDNow,12,BTYD_raw,x>0,cov50,0.7584033613445378
CDNow,12,BTYD_raw,x>0,nMAE,0.782193958664547
CDNow,12,BTYD_recal,all,CRPS,0.41842262934690416
CDNow,12,BTYD_recal,all,pit_ks,0.02351179110625201
CDNow,12,BTYD_recal,all,cov95,0.9669211195928753
CDNow,12,BTYD_recal,all,cov50,0.8473282442748091
CDNow,12,BTYD_recal,all,nMAE,0.8295904887714662
CDNow,12,BTYD_recal,x>0,CRPS,0.7864763529411765
CDNow,12,BTYD_recal,x>0,pit_ks,0.03582665495755849
CDNow,12,BTYD_recal,x>0,cov95,0.9642857142857143
CDNow,12,BTYD_recal,x>0,cov50,0.7899159663865546
CDNow,12,BTYD_recal,x>0,nMAE,0.794912559618442
CDNow,13,BTYD_raw,all,CRPS,0.3713508534775233
CDNow,13,BTYD_raw,all,pit_ks,0.0678245013949958
CDNow,13,BTYD_raw,all,cov95,0.9720101781170484
CDNow,13,BTYD_raw,all,cov50,0.8363019508057676
CDNow,13,BTYD_raw,all,nMAE,0.8237463126843657
CDNow,13,BTYD_raw,x>0,CRPS,0.7347612283549783
CDNow,13,BTYD_raw,x>0,pit_ks,0.10935714926199758
CDNow,13,BTYD_raw,x>0,cov95,0.9653679653679653
CDNow,13,BTYD_raw,x>0,cov50,0.7445887445887446
CDNow,13,BTYD_raw,x>0,nMAE,0.791083916083916
CDNow,13,BTYD_recal,all,CRPS,0.36969650890585243
CDNow,13,BTYD_recal,all,pit_ks,0.05518872978702305
CDNow,13,BTYD_recal,all,cov95,0.9881255301102629
CDNow,13,BTYD_recal,all,cov50,0.8507209499575912
CDNow,13,BTYD_recal,all,nMAE,0.8303834808259587
CDNow,13,BTYD_recal,x>0,CRPS,0.7318022597402599
CDNow,13,BTYD_recal,x>0,pit_ks,0.091216672353222
CDNow,13,BTYD_recal,x>0,cov95,0.9848484848484849
CDNow,13,BTYD_recal,x>0,cov50,0.7813852813852814
CDNow,13,BTYD_recal,x>0,nMAE,0.798951048951049
CDNow,14,BTYD_raw,all,CRPS,0.392024524226039
CDNow,14,BTYD_raw,all,pit_ks,0.06562607820940636
CDNow,14,BTYD_raw,all,cov95,0.9703138252756573
CDNow,14,BTYD_raw,all,cov50,0.8269720101781171
CDNow,14,BTYD_raw,all,nMAE,0.8095890410958904
CDNow,14,BTYD_raw,x>0,CRPS,0.7502723616260594
CDNow,14,BTYD_raw,x>0,pit_ks,0.09887273079525771
CDNow,14,BTYD_raw,x>0,cov95,0.9639830508474576
CDNow,14,BTYD_raw,x>0,cov50,0.7457627118644068
CDNow,14,BTYD_raw,x>0,nMAE,0.7732463295269169
CDNow,14,BTYD_recal,all,CRPS,0.3893209397794742
CDNow,14,BTYD_recal,all,pit_ks,0.03471350274359575
CDNow,14,BTYD_recal,all,cov95,0.9821882951653944
CDNow,14,BTYD_recal,all,cov50,0.8278201865988125
CDNow,14,BTYD_recal,all,nMAE,0.8198630136986301
CDNow,14,BTYD_recal,x>0,CRPS,0.746832686440678
CDNow,14,BTYD_recal,x>0,pit_ks,0.07580738635991957
CDNow,14,BTYD_recal,x>0,cov95,0.9809322033898306
CDNow,14,BTYD_recal,x>0,cov50,0.7478813559322034
CDNow,14,BTYD_recal,x>0,nMAE,0.7854812398042413
Grocery,0,BTYD_raw,all,CRPS,0.5105911594855832
Grocery,0,BTYD_raw,all,pit_ks,0.04231250764339273
Grocery,0,BTYD_raw,all,cov95,0.9698558322411533
Grocery,0,BTYD_raw,all,cov50,0.8610747051114024
Grocery,0,BTYD_raw,all,nMAE,0.5641855447680691
Grocery,0,BTYD_raw,x>0,CRPS,0.7716097074468085
Grocery,0,BTYD_raw,x>0,pit_ks,0.05728355416617742
Grocery,0,BTYD_raw,x>0,cov95,0.9659574468085106
Grocery,0,BTYD_raw,x>0,cov50,0.8106382978723404
Grocery,0,BTYD_raw,x>0,nMAE,0.5506117908787541
Grocery,0,BTYD_recal,all,CRPS,0.5032064325032766
Grocery,0,BTYD_recal,all,pit_ks,0.05312268550075461
Grocery,0,BTYD_recal,all,cov95,0.9672346002621232
Grocery,0,BTYD_recal,all,cov50,0.8387942332896461
Grocery,0,BTYD_recal,all,nMAE,0.5598705501618123
Grocery,0,BTYD_recal,x>0,CRPS,0.7594054212765958
Grocery,0,BTYD_recal,x>0,pit_ks,0.07432153217562798
Grocery,0,BTYD_recal,x>0,cov95,0.9638297872340426
Grocery,0,BTYD_recal,x>0,cov50,0.774468085106383
Grocery,0,BTYD_recal,x>0,nMAE,0.5461624026696329
Grocery,1,BTYD_raw,all,CRPS,0.5147727924311926
Grocery,1,BTYD_raw,all,pit_ks,0.04721503462355214
Grocery,1,BTYD_raw,all,cov95,0.9737876802096985
Grocery,1,BTYD_raw,all,cov50,0.8702490170380078
Grocery,1,BTYD_raw,all,nMAE,0.5218052738336714
Grocery,1,BTYD_raw,x>0,CRPS,0.7615062467716942
Grocery,1,BTYD_raw,x>0,pit_ks,0.07684450538501819
Grocery,1,BTYD_raw,x>0,cov95,0.9710743801652892
Grocery,1,BTYD_raw,x>0,cov50,0.8243801652892562
Grocery,1,BTYD_raw,x>0,nMAE,0.5093652445369408
Grocery,1,BTYD_recal,all,CRPS,0.5076490170380079
Grocery,1,BTYD_recal,all,pit_ks,0.02196768902367674
Grocery,1,BTYD_recal,all,cov95,0.9777195281782438
Grocery,1,BTYD_recal,all,cov50,0.8623853211009175
Grocery,1,BTYD_recal,all,nMAE,0.5192697768762677
Grocery,1,BTYD_recal,x>0,CRPS,0.7504286776859503
Grocery,1,BTYD_recal,x>0,pit_ks,0.035192975400937354
Grocery,1,BTYD_recal,x>0,cov95,0.9752066115702479
Grocery,1,BTYD_recal,x>0,cov50,0.8119834710743802
Grocery,1,BTYD_recal,x>0,nMAE,0.5067637877211238
Grocery,2,BTYD_raw,all,CRPS,0.5287366890563565
Grocery,2,BTYD_raw,all,pit_ks,0.02623274873900644
Grocery,2,BTYD_raw,all,cov95,0.9646133682830931
Grocery,2,BTYD_raw,all,cov50,0.8558322411533421
Grocery,2,BTYD_raw,all,nMAE,0.5578556263269638
Grocery,2,BTYD_raw,x>0,CRPS,0.7977050781249999
Grocery,2,BTYD_raw,x>0,pit_ks,0.038837359554567574
Grocery,2,BTYD_raw,x>0,cov95,0.9576271186440678
Grocery,2,BTYD_raw,x>0,cov50,0.8008474576271186
Grocery,2,BTYD_raw,x>0,nMAE,0.5443107221006565
Grocery,2,BTYD_recal,all,CRPS,0.5246619501965923
Grocery,2,BTYD_recal,all,pit_ks,0.040345519672283725
Grocery,2,BTYD_recal,all,cov95,0.9606815203145478
Grocery,2,BTYD_recal,all,cov50,0.8519003931847968
Grocery,2,BTYD_recal,all,nMAE,0.5636942675159236
Grocery,2,BTYD_recal,x>0,CRPS,0.7910241186440677
Grocery,2,BTYD_recal,x>0,pit_ks,0.07210470208143416
Grocery,2,BTYD_recal,x>0,cov95,0.9533898305084746
Grocery,2,BTYD_recal,x>0,cov50,0.7944915254237288
Grocery,2,BTYD_recal,x>0,nMAE,0.550328227571116
Grocery,3,BTYD_raw,all,CRPS,0.5336197063401048
Grocery,3,BTYD_raw,all,pit_ks,0.037178118387915404
Grocery,3,BTYD_raw,all,cov95,0.9724770642201835
Grocery,3,BTYD_raw,all,cov50,0.8584534731323722
Grocery,3,BTYD_raw,all,nMAE,0.5810381355932203
Grocery,3,BTYD_raw,x>0,CRPS,0.7812215836321721
Grocery,3,BTYD_raw,x>0,pit_ks,0.045001366243693774
Grocery,3,BTYD_raw,x>0,cov95,0.9713114754098361
Grocery,3,BTYD_raw,x>0,cov50,0.8094262295081968
Grocery,3,BTYD_raw,x>0,nMAE,0.5687022900763359
Grocery,3,BTYD_recal,all,CRPS,0.5303793971166448
Grocery,3,BTYD_recal,all,pit_ks,0.02861696474736858
Grocery,3,BTYD_recal,all,cov95,0.9803407601572739
Grocery,3,BTYD_recal,all,cov50,0.8387942332896461
Grocery,3,BTYD_recal,all,nMAE,0.5815677966101694
Grocery,3,BTYD_recal,x>0,CRPS,0.7762422459016394
Grocery,3,BTYD_recal,x>0,pit_ks,0.028257235474888676
Grocery,3,BTYD_recal,x>0,cov95,0.9795081967213115
Grocery,3,BTYD_recal,x>0,cov50,0.7786885245901639
Grocery,3,BTYD_recal,x>0,nMAE,0.569247546346783
Grocery,4,BTYD_raw,all,CRPS,0.47312720142529485
Grocery,4,BTYD_raw,all,pit_ks,0.05400643054651666
Grocery,4,BTYD_raw,all,cov95,0.981651376146789
Grocery,4,BTYD_raw,all,cov50,0.8820445609436435
Grocery,4,BTYD_raw,all,nMAE,0.5601415094339622
Grocery,4,BTYD_raw,x>0,CRPS,0.7332358150158897
Grocery,4,BTYD_raw,x>0,pit_ks,0.07200558055026707
Grocery,4,BTYD_raw,x>0,cov95,0.9809322033898306
Grocery,4,BTYD_raw,x>0,cov50,0.8283898305084746
Grocery,4,BTYD_raw,x>0,nMAE,0.5522208883553421
Grocery,4,BTYD_recal,all,CRPS,0.4836709043250328
Grocery,4,BTYD_recal,all,pit_ks,0.06325530701386917
Grocery,4,BTYD_recal,all,cov95,0.9895150720838795
Grocery,4,BTYD_recal,all,cov50,0.8754914809960681
Grocery,4,BTYD_recal,all,nMAE,0.5636792452830188
Grocery,4,BTYD_recal,x>0,CRPS,0.7493799576271187
Grocery,4,BTYD_recal,x>0,pit_ks,0.07998996059356722
Grocery,4,BTYD_recal,x>0,cov95,0.9851694915254238
Grocery,4,BTYD_recal,x>0,cov50,0.8177966101694916
Grocery,4,BTYD_recal,x>0,nMAE,0.5558223289315727
Grocery,5,BTYD_raw,all,CRPS,0.5499888392857143
Grocery,5,BTYD_raw,all,pit_ks,0.03857489195424302
Grocery,5,BTYD_raw,all,cov95,0.963302752293578
Grocery,5,BTYD_raw,all,cov50,0.8702490170380078
Grocery,5,BTYD_raw,all,nMAE,0.5556122448979591
Grocery,5,BTYD_raw,x>0,CRPS,0.8099489861396303
Grocery,5,BTYD_raw,x>0,pit_ks,0.05332937849943409
Grocery,5,BTYD_raw,x>0,cov95,0.9548254620123203
Grocery,5,BTYD_raw,x>0,cov50,0.8254620123203286
Grocery,5,BTYD_raw,x>0,nMAE,0.5435010482180294
Grocery,5,BTYD_recal,all,CRPS,0.5488211900393185
Grocery,5,BTYD_recal,all,pit_ks,0.0543051302897164
Grocery,5,BTYD_recal,all,cov95,0.9672346002621232
Grocery,5,BTYD_recal,all,cov50,0.8374836173001311
Grocery,5,BTYD_recal,all,nMAE,0.5653061224489796
Grocery,5,BTYD_recal,x>0,CRPS,0.808328952772074
Grocery,5,BTYD_recal,x>0,pit_ks,0.06121033984596186
Grocery,5,BTYD_recal,x>0,cov95,0.9589322381930184
Grocery,5,BTYD_recal,x>0,cov50,0.7741273100616016
Grocery,5,BTYD_recal,x>0,nMAE,0.5534591194968553
Grocery,6,BTYD_raw,all,CRPS,0.5056483453473132
Grocery,6,BTYD_raw,all,pit_ks,0.036738064088600975
Grocery,6,BTYD_raw,all,cov95,0.9724770642201835
Grocery,6,BTYD_raw,all,cov50,0.872870249017038
Grocery,6,BTYD_raw,all,nMAE,0.5223725286160249
Grocery,6,BTYD_raw,x>0,CRPS,0.7486592585403726
Grocery,6,BTYD_raw,x>0,pit_ks,0.03816348825578009
Grocery,6,BTYD_raw,x>0,cov95,0.9710144927536232
Grocery,6,BTYD_raw,x>0,cov50,0.8322981366459627
Grocery,6,BTYD_raw,x>0,nMAE,0.5096153846153846
Grocery,6,BTYD_recal,all,CRPS,0.511452256880734
Grocery,6,BTYD_recal,all,pit_ks,0.046968411891049944
Grocery,6,BTYD_recal,all,cov95,0.9750982961992136
Grocery,6,BTYD_recal,all,cov50,0.8754914809960681
Grocery,6,BTYD_recal,all,nMAE,0.5223725286160249
Grocery,6,BTYD_recal,x>0,CRPS,0.7574631387163561
Grocery,6,BTYD_recal,x>0,pit_ks,0.047433296027171945
Grocery,6,BTYD_recal,x>0,cov95,0.9730848861283644
Grocery,6,BTYD_recal,x>0,cov50,0.8364389233954451
Grocery,6,BTYD_recal,x>0,nMAE,0.5096153846153846
Grocery,7,BTYD_raw,all,CRPS,0.5207948681192661
Grocery,7,BTYD_raw,all,pit_ks,0.035115695855420626
Grocery,7,BTYD_raw,all,cov95,0.9724770642201835
Grocery,7,BTYD_raw,all,cov50,0.8623853211009175
Grocery,7,BTYD_raw,all,nMAE,0.5289421157684631
Grocery,7,BTYD_raw,x>0,CRPS,0.7778010157867495
Grocery,7,BTYD_raw,x>0,pit_ks,0.04513132710725665
Grocery,7,BTYD_raw,x>0,cov95,0.9710144927536232
Grocery,7,BTYD_raw,x>0,cov50,0.8074534161490683
Grocery,7,BTYD_raw,x>0,nMAE,0.5183673469387754
Grocery,7,BTYD_recal,all,CRPS,0.5191105897771953
Grocery,7,BTYD_recal,all,pit_ks,0.03918938439284758
Grocery,7,BTYD_recal,all,cov95,0.9803407601572739
Grocery,7,BTYD_recal,all,cov50,0.8689384010484927
Grocery,7,BTYD_recal,all,nMAE,0.5289421157684631
Grocery,7,BTYD_recal,x>0,CRPS,0.7749429565217392
Grocery,7,BTYD_recal,x>0,pit_ks,0.04275848040857644
Grocery,7,BTYD_recal,x>0,cov95,0.979296066252588
Grocery,7,BTYD_recal,x>0,cov50,0.8178053830227743
Grocery,7,BTYD_recal,x>0,nMAE,0.5183673469387754
Grocery,8,BTYD_raw,all,CRPS,0.519833510812582
Grocery,8,BTYD_raw,all,pit_ks,0.025547814608359976
Grocery,8,BTYD_raw,all,cov95,0.9750982961992136
Grocery,8,BTYD_raw,all,cov50,0.8663171690694627
Grocery,8,BTYD_raw,all,nMAE,0.5838815789473685
Grocery,8,BTYD_raw,x>0,CRPS,0.7894266447368421
Grocery,8,BTYD_raw,x>0,pit_ks,0.047173805565411286
Grocery,8,BTYD_raw,x>0,cov95,0.9726315789473684
Grocery,8,BTYD_raw,x>0,cov50,0.8147368421052632
Grocery,8,BTYD_raw,x>0,nMAE,0.5735955056179776
Grocery,8,BTYD_recal,all,CRPS,0.5144434023591088
Grocery,8,BTYD_recal,all,pit_ks,0.018954799767194608
Grocery,8,BTYD_recal,all,cov95,0.981651376146789
Grocery,8,BTYD_recal,all,cov50,0.8453473132372215
Grocery,8,BTYD_recal,all,nMAE,0.5800438596491228
Grocery,8,BTYD_recal,x>0,CRPS,0.780389734736842
Grocery,8,BTYD_recal,x>0,pit_ks,0.03560916048278823
Grocery,8,BTYD_recal,x>0,cov95,0.9810526315789474
Grocery,8,BTYD_recal,x>0,cov50,0.7810526315789473
Grocery,8,BTYD_recal,x>0,nMAE,0.5696629213483145
Grocery,9,BTYD_raw,all,CRPS,0.49752058076671035
Grocery,9,BTYD_raw,all,pit_ks,0.030783524499109594
Grocery,9,BTYD_raw,all,cov95,0.9737876802096985
Grocery,9,BTYD_raw,all,cov50,0.8741808650065531
Grocery,9,BTYD_raw,all,nMAE,0.48918387413962633
Grocery,9,BTYD_raw,x>0,CRPS,0.7524311873681434
Grocery,9,BTYD_raw,x>0,pit_ks,0.038800647102979924
Grocery,9,BTYD_raw,x>0,cov95,0.9704641350210971
Grocery,9,BTYD_raw,x>0,cov50,0.8270042194092827
Grocery,9,BTYD_raw,x>0,nMAE,0.47683786505538767
Grocery,9,BTYD_recal,all,CRPS,0.49452572477064227
Grocery,9,BTYD_recal,all,pit_ks,0.027651404325174878
Grocery,9,BTYD_recal,all,cov95,0.9882044560943644
Grocery,9,BTYD_recal,all,cov50,0.854521625163827
Grocery,9,BTYD_recal,all,nMAE,0.4936086529006883
Grocery,9,BTYD_recal,x>0,CRPS,0.7473476033755276
Grocery,9,BTYD_recal,x>0,pit_ks,0.06307453415804243
Grocery,9,BTYD_recal,x>0,cov95,0.9852320675105485
Grocery,9,BTYD_recal,x>0,cov50,0.7953586497890295
Grocery,9,BTYD_recal,x>0,nMAE,0.4813695871097683
Grocery,10,BTYD_raw,all,CRPS,0.48736161738204453
Grocery,10,BTYD_raw,all,pit_ks,0.04424614722971115
Grocery,10,BTYD_raw,all,cov95,0.9724770642201835
Grocery,10,BTYD_raw,all,cov50,0.8820445609436435
Grocery,10,BTYD_raw,all,nMAE,0.519916142557652
Grocery,10,BTYD_raw,x>0,CRPS,0.7808134140452538
Grocery,10,BTYD_raw,x>0,pit_ks,0.037696131586732906
Grocery,10,BTYD_raw,x>0,cov95,0.9668874172185431
Grocery,10,BTYD_raw,x>0,cov50,0.8211920529801324
Grocery,10,BTYD_raw,x>0,nMAE,0.5106837606837608
Grocery,10,BTYD_recal,all,CRPS,0.48484396854521633
Grocery,10,BTYD_recal,all,pit_ks,0.028330420742401163
Grocery,10,BTYD_recal,all,cov95,0.9737876802096985
Grocery,10,BTYD_recal,all,cov50,0.8610747051114024
Grocery,10,BTYD_recal,all,nMAE,0.518867924528302
Grocery,10,BTYD_recal,x>0,CRPS,0.7763318057395144
Grocery,10,BTYD_recal,x>0,pit_ks,0.023078247920689132
Grocery,10,BTYD_recal,x>0,cov95,0.9690949227373068
Grocery,10,BTYD_recal,x>0,cov50,0.7858719646799117
Grocery,10,BTYD_recal,x>0,nMAE,0.5096153846153847
Grocery,11,BTYD_raw,all,CRPS,0.5521863224934469
Grocery,11,BTYD_raw,all,pit_ks,0.030274326783266692
Grocery,11,BTYD_raw,all,cov95,0.9659239842726082
Grocery,11,BTYD_raw,all,cov50,0.8571428571428571
Grocery,11,BTYD_raw,all,nMAE,0.6155555555555556
Grocery,11,BTYD_raw,x>0,CRPS,0.8168594555412371
Grocery,11,BTYD_raw,x>0,pit_ks,0.044369493882839395
Grocery,11,BTYD_raw,x>0,cov95,0.9608247422680413
Grocery,11,BTYD_raw,x>0,cov50,0.8082474226804124
Grocery,11,BTYD_raw,x>0,nMAE,0.6041189931350114
Grocery,11,BTYD_recal,all,CRPS,0.5486281520314549
Grocery,11,BTYD_recal,all,pit_ks,0.025389523723074847
Grocery,11,BTYD_recal,all,cov95,0.963302752293578
Grocery,11,BTYD_recal,all,cov50,0.8387942332896461
Grocery,11,BTYD_recal,all,nMAE,0.6155555555555556
Grocery,11,BTYD_recal,x>0,CRPS,0.8112671505154639
Grocery,11,BTYD_recal,x>0,pit_ks,0.03079843513647529
Grocery,11,BTYD_recal,x>0,cov95,0.9567010309278351
Grocery,11,BTYD_recal,x>0,cov50,0.7793814432989691
Grocery,11,BTYD_recal,x>0,nMAE,0.6041189931350114
Grocery,12,BTYD_raw,all,CRPS,0.5348815326015727
Grocery,12,BTYD_raw,all,pit_ks,0.036340220119656874
Grocery,12,BTYD_raw,all,cov95,0.963302752293578
Grocery,12,BTYD_raw,all,cov50,0.8597640891218873
Grocery,12,BTYD_raw,all,nMAE,0.5671247357293869
Grocery,12,BTYD_raw,x>0,CRPS,0.8223891424573562
Grocery,12,BTYD_raw,x>0,pit_ks,0.03559811844265082
Grocery,12,BTYD_raw,x>0,cov95,0.9552238805970149
Grocery,12,BTYD_raw,x>0,cov50,0.8017057569296375
Grocery,12,BTYD_raw,x>0,nMAE,0.5563380281690141
Grocery,12,BTYD_recal,all,CRPS,0.5305086657929227
Grocery,12,BTYD_recal,all,pit_ks,0.020278768891012044
Grocery,12,BTYD_recal,all,cov95,0.963302752293578
Grocery,12,BTYD_recal,all,cov50,0.8492791612057667
Grocery,12,BTYD_recal,all,nMAE,0.5570824524312897
Grocery,12,BTYD_recal,x>0,CRPS,0.815341407249467
Grocery,12,BTYD_recal,x>0,pit_ks,0.02769544622368067
Grocery,12,BTYD_recal,x>0,cov95,0.9552238805970149
Grocery,12,BTYD_recal,x>0,cov50,0.7846481876332623
Grocery,12,BTYD_recal,x>0,nMAE,0.5460455037919827
Grocery,13,BTYD_raw,all,CRPS,0.5115667492627785
Grocery,13,BTYD_raw,all,pit_ks,0.037801305810133745
Grocery,13,BTYD_raw,all,cov95,0.9750982961992136
Grocery,13,BTYD_raw,all,cov50,0.8754914809960681
Grocery,13,BTYD_raw,all,nMAE,0.5603174603174603
Grocery,13,BTYD_raw,x>0,CRPS,0.7709571996228448
Grocery,13,BTYD_raw,x>0,pit_ks,0.05610767893334423
Grocery,13,BTYD_raw,x>0,cov95,0.9762931034482759
Grocery,13,BTYD_raw,x>0,cov50,0.8297413793103449
Grocery,13,BTYD_raw,x>0,nMAE,0.5439077936333698
Grocery,13,BTYD_recal,all,CRPS,0.5068195963302752
Grocery,13,BTYD_recal,all,pit_ks,0.043287034985354966
Grocery,13,BTYD_recal,all,cov95,0.9750982961992136
Grocery,13,BTYD_recal,all,cov50,0.8505897771952818
Grocery,13,BTYD_recal,all,nMAE,0.5555555555555556
Grocery,13,BTYD_recal,x>0,CRPS,0.7632423793103449
Grocery,13,BTYD_recal,x>0,pit_ks,0.05370913673455857
Grocery,13,BTYD_recal,x>0,cov95,0.9741379310344828
Grocery,13,BTYD_recal,x>0,cov50,0.7887931034482759
Grocery,13,BTYD_recal,x>0,nMAE,0.5389681668496157
Grocery,14,BTYD_raw,all,CRPS,0.48958239474115334
Grocery,14,BTYD_raw,all,pit_ks,0.02144805746605649
Grocery,14,BTYD_raw,all,cov95,0.9737876802096985
Grocery,14,BTYD_raw,all,cov50,0.8768020969855832
Grocery,14,BTYD_raw,all,nMAE,0.46110056925996207
Grocery,14,BTYD_raw,x>0,CRPS,0.7257808430989583
Grocery,14,BTYD_raw,x>0,pit_ks,0.04741509196595273
Grocery,14,BTYD_raw,x>0,cov95,0.975
Grocery,14,BTYD_raw,x>0,cov50,0.8333333333333334
Grocery,14,BTYD_raw,x>0,nMAE,0.4474708171206226
Grocery,14,BTYD_recal,all,CRPS,0.485938621231979
Grocery,14,BTYD_recal,all,pit_ks,0.024182604477619107
Grocery,14,BTYD_recal,all,cov95,0.9764089121887287
Grocery,14,BTYD_recal,all,cov50,0.8689384010484927
Grocery,14,BTYD_recal,all,nMAE,0.46204933586337754
Grocery,14,BTYD_recal,x>0,CRPS,0.7200289416666666
Grocery,14,BTYD_recal,x>0,pit_ks,0.02954339647705584
Grocery,14,BTYD_recal,x>0,cov95,0.9770833333333333
Grocery,14,BTYD_recal,x>0,cov50,0.8208333333333333
Grocery,14,BTYD_recal,x>0,nMAE,0.448443579766537
OnlineRetailII,0,BTYD_raw,all,CRPS,0.7752526798266167
OnlineRetailII,0,BTYD_raw,all,pit_ks,0.2105224078644471
OnlineRetailII,0,BTYD_raw,all,cov95,0.9901593252108716
OnlineRetailII,0,BTYD_raw,all,cov50,0.7975632614807873
OnlineRetailII,0,BTYD_raw,all,nMAE,0.8614301593182662
OnlineRetailII,0,BTYD_raw,x>0,CRPS,0.9841856120736575
OnlineRetailII,0,BTYD_raw,x>0,pit_ks,0.2221987980590171
OnlineRetailII,0,BTYD_raw,x>0,cov95,0.9854862119013063
OnlineRetailII,0,BTYD_raw,x>0,cov50,0.7089985486211902
OnlineRetailII,0,BTYD_raw,x>0,nMAE,0.7906595657517411
OnlineRetailII,0,BTYD_recal,all,CRPS,0.6381012183692596
OnlineRetailII,0,BTYD_recal,all,pit_ks,0.0546249929252724
OnlineRetailII,0,BTYD_recal,all,cov95,0.9779756326148079
OnlineRetailII,0,BTYD_recal,all,cov50,0.7497656982193065
OnlineRetailII,0,BTYD_recal,all,nMAE,0.6943312337902927
OnlineRetailII,0,BTYD_recal,x>0,CRPS,0.8298208534107402
OnlineRetailII,0,BTYD_recal,x>0,pit_ks,0.06092632529041159
OnlineRetailII,0,BTYD_recal,x>0,cov95,0.9724238026124818
OnlineRetailII,0,BTYD_recal,x>0,cov50,0.6981132075471698
OnlineRetailII,0,BTYD_recal,x>0,nMAE,0.65710774272839
OnlineRetailII,1,BTYD_raw,all,CRPS,0.7857914274835989
OnlineRetailII,1,BTYD_raw,all,pit_ks,0.2074528293949145
OnlineRetailII,1,BTYD_raw,all,cov95,0.9896907216494846
OnlineRetailII,1,BTYD_raw,all,cov50,0.7928772258669166
OnlineRetailII,1,BTYD_raw,all,nMAE,0.8954236006051437
OnlineRetailII,1,BTYD_raw,x>0,CRPS,0.9766358190271817
OnlineRetailII,1,BTYD_raw,x>0,pit_ks,0.2274710241125782
OnlineRetailII,1,BTYD_raw,x>0,cov95,0.9871244635193133
OnlineRetailII,1,BTYD_raw,x>0,cov50,0.7045779685264664
OnlineRetailII,1,BTYD_raw,x>0,nMAE,0.8225535489290213
OnlineRetailII,1,BTYD_recal,all,CRPS,0.6482235201499532
OnlineRetailII,1,BTYD_recal,all,pit_ks,0.04820326620522655
OnlineRetailII,1,BTYD_recal,all,cov95,0.9751640112464854
OnlineRetailII,1,BTYD_recal,all,cov50,0.7647610121836926
OnlineRetailII,1,BTYD_recal,all,nMAE,0.7136913767019667
OnlineRetailII,1,BTYD_recal,x>0,CRPS,0.8272598683834048
OnlineRetailII,1,BTYD_recal,x>0,pit_ks,0.07239609344963649
OnlineRetailII,1,BTYD_recal,x>0,cov95,0.9713876967095851
OnlineRetailII,1,BTYD_recal,x>0,cov50,0.7167381974248928
OnlineRetailII,1,BTYD_recal,x>0,nMAE,0.6799664006719864
OnlineRetailII,2,BTYD_raw,all,CRPS,0.7788139204545454
OnlineRetailII,2,BTYD_raw,all,pit_ks,0.21655789461978725
OnlineRetailII,2,BTYD_raw,all,cov95,0.9882849109653233
OnlineRetailII,2,BTYD_raw,all,cov50,0.796157450796626
OnlineRetailII,2,BTYD_raw,all,nMAE,0.8518317011244106
OnlineRetailII,2,BTYD_raw,x>0,CRPS,0.9765670873108789
OnlineRetailII,2,BTYD_raw,x>0,pit_ks,0.22035654108561908
OnlineRetailII,2,BTYD_raw,x>0,cov95,0.9834293948126801
OnlineRetailII,2,BTYD_raw,x>0,cov50,0.7082132564841499
OnlineRetailII,2,BTYD_raw,x>0,nMAE,0.7822061191626408
OnlineRetailII,2,BTYD_recal,all,CRPS,0.6450885810684162
OnlineRetailII,2,BTYD_recal,all,pit_ks,0.04846801780668075
OnlineRetailII,2,BTYD_recal,all,cov95,0.9807872539831303
OnlineRetailII,2,BTYD_recal,all,cov50,0.7994376757263355
OnlineRetailII,2,BTYD_recal,all,nMAE,0.6811751904243744
OnlineRetailII,2,BTYD_recal,x>0,CRPS,0.8281934034582134
OnlineRetailII,2,BTYD_recal,x>0,pit_ks,0.045485996079758895
OnlineRetailII,2,BTYD_recal,x>0,cov95,0.9769452449567724
OnlineRetailII,2,BTYD_recal,x>0,cov50,0.7622478386167147
OnlineRetailII,2,BTYD_recal,x>0,nMAE,0.6461352657004831
OnlineRetailII,3,BTYD_raw,all,CRPS,0.7691609250527179
OnlineRetailII,3,BTYD_raw,all,pit_ks,0.19936472882538225
OnlineRetailII,3,BTYD_raw,all,cov95,0.9896907216494846
OnlineRetailII,3,BTYD_raw,all,cov50,0.8050609184629803
OnlineRetailII,3,BTYD_raw,all,nMAE,0.8003133704735377
OnlineRetailII,3,BTYD_raw,x>0,CRPS,0.9772868495422271
OnlineRetailII,3,BTYD_raw,x>0,pit_ks,0.20237463802585215
OnlineRetailII,3,BTYD_raw,x>0,cov95,0.9850523168908819
OnlineRetailII,3,BTYD_raw,x>0,cov50,0.7152466367713004
OnlineRetailII,3,BTYD_raw,x>0,nMAE,0.7204342768514927
OnlineRetailII,3,BTYD_recal,all,CRPS,0.6454280862230554
OnlineRetailII,3,BTYD_recal,all,pit_ks,0.03138117761176129
OnlineRetailII,3,BTYD_recal,all,cov95,0.9723523898781631
OnlineRetailII,3,BTYD_recal,all,cov50,0.7685098406747891
OnlineRetailII,3,BTYD_recal,all,nMAE,0.6613857938718664
OnlineRetailII,3,BTYD_recal,x>0,CRPS,0.8417440597907325
OnlineRetailII,3,BTYD_recal,x>0,pit_ks,0.034750736042360175
OnlineRetailII,3,BTYD_recal,x>0,cov95,0.968609865470852
OnlineRetailII,3,BTYD_recal,x>0,cov50,0.7257100149476831
OnlineRetailII,3,BTYD_recal,x>0,nMAE,0.6209771229158589
OnlineRetailII,4,BTYD_raw,all,CRPS,0.8013757175492033
OnlineRetailII,4,BTYD_raw,all,pit_ks,0.22265324292157251
OnlineRetailII,4,BTYD_raw,all,cov95,0.9901593252108716
OnlineRetailII,4,BTYD_raw,all,cov50,0.7999062792877226
OnlineRetailII,4,BTYD_raw,all,nMAE,0.8266666666666667
OnlineRetailII,4,BTYD_raw,x>0,CRPS,1.0118626704545455
OnlineRetailII,4,BTYD_raw,x>0,pit_ks,0.2357184025958738
OnlineRetailII,4,BTYD_raw,x>0,cov95,0.9861818181818182
OnlineRetailII,4,BTYD_raw,x>0,cov50,0.7170909090909091
OnlineRetailII,4,BTYD_raw,x>0,nMAE,0.7618685909608811
OnlineRetailII,4,BTYD_recal,all,CRPS,0.6622282867853797
OnlineRetailII,4,BTYD_recal,all,pit_ks,0.026553698551402438
OnlineRetailII,4,BTYD_recal,all,cov95,0.9667291471415183
OnlineRetailII,4,BTYD_recal,all,cov50,0.7774133083411434
OnlineRetailII,4,BTYD_recal,all,nMAE,0.6523076923076923
OnlineRetailII,4,BTYD_recal,x>0,CRPS,0.8516522094545455
OnlineRetailII,4,BTYD_recal,x>0,pit_ks,0.030463160076095314
OnlineRetailII,4,BTYD_recal,x>0,cov95,0.9629090909090909
OnlineRetailII,4,BTYD_recal,x>0,cov50,0.7381818181818182
OnlineRetailII,4,BTYD_recal,x>0,nMAE,0.6122293961260918
OnlineRetailII,5,BTYD_raw,all,CRPS,0.7931396255564667
OnlineRetailII,5,BTYD_raw,all,pit_ks,0.22270905685725723
OnlineRetailII,5,BTYD_raw,all,cov95,0.9882849109653233
OnlineRetailII,5,BTYD_raw,all,cov50,0.7928772258669166
OnlineRetailII,5,BTYD_raw,all,nMAE,0.8175675675675675
OnlineRetailII,5,BTYD_raw,x>0,CRPS,0.998244067663434
OnlineRetailII,5,BTYD_raw,x>0,pit_ks,0.2363516531240233
OnlineRetailII,5,BTYD_raw,x>0,cov95,0.9849137931034483
OnlineRetailII,5,BTYD_raw,x>0,cov50,0.7061781609195402
OnlineRetailII,5,BTYD_raw,x>0,nMAE,0.7488540870893812
OnlineRetailII,5,BTYD_recal,all,CRPS,0.6669795745079663
OnlineRetailII,5,BTYD_recal,all,pit_ks,0.07757505003369758
OnlineRetailII,5,BTYD_recal,all,cov95,0.9803186504217432
OnlineRetailII,5,BTYD_recal,all,cov50,0.7628865979381443
OnlineRetailII,5,BTYD_recal,all,nMAE,0.6819126819126818
OnlineRetailII,5,BTYD_recal,x>0,CRPS,0.8580169109195401
OnlineRetailII,5,BTYD_recal,x>0,pit_ks,0.10144374085780378
OnlineRetailII,5,BTYD_recal,x>0,cov95,0.9741379310344828
OnlineRetailII,5,BTYD_recal,x>0,cov50,0.709051724137931
OnlineRetailII,5,BTYD_recal,x>0,nMAE,0.6447669977081741
OnlineRetailII,6,BTYD_raw,all,CRPS,0.7836608188847235
OnlineRetailII,6,BTYD_raw,all,pit_ks,0.2092352000902305
OnlineRetailII,6,BTYD_raw,all,cov95,0.9892221180880975
OnlineRetailII,6,BTYD_raw,all,cov50,0.788659793814433
OnlineRetailII,6,BTYD_raw,all,nMAE,0.819268635724332
OnlineRetailII,6,BTYD_raw,x>0,CRPS,0.9786923189252336
OnlineRetailII,6,BTYD_raw,x>0,pit_ks,0.2394927972293237
OnlineRetailII,6,BTYD_raw,x>0,cov95,0.9863407620416966
OnlineRetailII,6,BTYD_raw,x>0,cov50,0.702372393961179
OnlineRetailII,6,BTYD_raw,x>0,nMAE,0.7606048703849176
OnlineRetailII,6,BTYD_recal,all,CRPS,0.6518700974695407
OnlineRetailII,6,BTYD_recal,all,pit_ks,0.04782457704655274
OnlineRetailII,6,BTYD_recal,all,cov95,0.9817244611059044
OnlineRetailII,6,BTYD_recal,all,cov50,0.7699156513589503
OnlineRetailII,6,BTYD_recal,all,nMAE,0.6744022503516175
OnlineRetailII,6,BTYD_recal,x>0,CRPS,0.8247484744787923
OnlineRetailII,6,BTYD_recal,x>0,pit_ks,0.05583812991378245
OnlineRetailII,6,BTYD_recal,x>0,cov95,0.9798705966930266
OnlineRetailII,6,BTYD_recal,x>0,cov50,0.7318475916606758
OnlineRetailII,6,BTYD_recal,x>0,nMAE,0.6335428122545169
OnlineRetailII,7,BTYD_raw,all,CRPS,0.7559374633903468
OnlineRetailII,7,BTYD_raw,all,pit_ks,0.2125595144461268
OnlineRetailII,7,BTYD_raw,all,cov95,0.9925023430178069
OnlineRetailII,7,BTYD_raw,all,cov50,0.8074039362699157
OnlineRetailII,7,BTYD_raw,all,nMAE,0.8273787823550856
OnlineRetailII,7,BTYD_raw,x>0,CRPS,0.9603670038115356
OnlineRetailII,7,BTYD_raw,x>0,pit_ks,0.21532927593807416
OnlineRetailII,7,BTYD_raw,x>0,cov95,0.9897134459955915
OnlineRetailII,7,BTYD_raw,x>0,cov50,0.7171197648787656
OnlineRetailII,7,BTYD_raw,x>0,nMAE,0.7438926712054464
OnlineRetailII,7,BTYD_recal,all,CRPS,0.6264429128397376
OnlineRetailII,7,BTYD_recal,all,pit_ks,0.053594630451461844
OnlineRetailII,7,BTYD_recal,all,cov95,0.9850046860356139
OnlineRetailII,7,BTYD_recal,all,cov50,0.8158388003748829
OnlineRetailII,7,BTYD_recal,all,nMAE,0.6627779803135253
OnlineRetailII,7,BTYD_recal,x>0,CRPS,0.8220134900808229
OnlineRetailII,7,BTYD_recal,x>0,pit_ks,0.04408064245793919
OnlineRetailII,7,BTYD_recal,x>0,cov95,0.9794268919911829
OnlineRetailII,7,BTYD_recal,x>0,cov50,0.78104335047759
OnlineRetailII,7,BTYD_recal,x>0,nMAE,0.6263516219463355
OnlineRetailII,8,BTYD_raw,all,CRPS,0.7793393605025773
OnlineRetailII,8,BTYD_raw,all,pit_ks,0.20665120457829528
OnlineRetailII,8,BTYD_raw,all,cov95,0.9896907216494846
OnlineRetailII,8,BTYD_raw,all,cov50,0.8022492970946579
OnlineRetailII,8,BTYD_raw,all,nMAE,0.7877151535605805
OnlineRetailII,8,BTYD_raw,x>0,CRPS,0.9712242013639627
OnlineRetailII,8,BTYD_raw,x>0,pit_ks,0.2151249494711019
OnlineRetailII,8,BTYD_raw,x>0,cov95,0.9863603732950467
OnlineRetailII,8,BTYD_raw,x>0,cov50,0.7185929648241206
OnlineRetailII,8,BTYD_raw,x>0,nMAE,0.7156133828996283
OnlineRetailII,8,BTYD_recal,all,CRPS,0.6503921668228679
OnlineRetailII,8,BTYD_recal,all,pit_ks,0.026110500836657224
OnlineRetailII,8,BTYD_recal,all,cov95,0.9751640112464854
OnlineRetailII,8,BTYD_recal,all,cov50,0.7755388940955952
OnlineRetailII,8,BTYD_recal,all,nMAE,0.6402294971312859
OnlineRetailII,8,BTYD_recal,x>0,CRPS,0.831573254845657
OnlineRetailII,8,BTYD_recal,x>0,pit_ks,0.026294528617249235
OnlineRetailII,8,BTYD_recal,x>0,cov95,0.9698492462311558
OnlineRetailII,8,BTYD_recal,x>0,cov50,0.7329504666188084
OnlineRetailII,8,BTYD_recal,x>0,nMAE,0.6014869888475837
OnlineRetailII,9,BTYD_raw,all,CRPS,0.778457745138238
OnlineRetailII,9,BTYD_raw,all,pit_ks,0.20949530181300857
OnlineRetailII,9,BTYD_raw,all,cov95,0.9887535145267105
OnlineRetailII,9,BTYD_raw,all,cov50,0.802717900656045
OnlineRetailII,9,BTYD_raw,all,nMAE,0.815308988764045
OnlineRetailII,9,BTYD_raw,x>0,CRPS,0.9851525243858381
OnlineRetailII,9,BTYD_raw,x>0,pit_ks,0.22504108984499477
OnlineRetailII,9,BTYD_raw,x>0,cov95,0.9841040462427746
OnlineRetailII,9,BTYD_raw,x>0,cov50,0.7182080924855492
OnlineRetailII,9,BTYD_raw,x>0,nMAE,0.7383519445514055
OnlineRetailII,9,BTYD_recal,all,CRPS,0.6503494095595127
OnlineRetailII,9,BTYD_recal,all,pit_ks,0.032280416469635476
OnlineRetailII,9,BTYD_recal,all,cov95,0.9840674789128397
OnlineRetailII,9,BTYD_recal,all,cov50,0.7727272727272727
OnlineRetailII,9,BTYD_recal,all,nMAE,0.6643258426966292
OnlineRetailII,9,BTYD_recal,x>0,CRPS,0.848602421965318
OnlineRetailII,9,BTYD_recal,x>0,pit_ks,0.04482213850573069
OnlineRetailII,9,BTYD_recal,x>0,cov95,0.9797687861271677
OnlineRetailII,9,BTYD_recal,x>0,cov50,0.726878612716763
OnlineRetailII,9,BTYD_recal,x>0,nMAE,0.6299576434347324
OnlineRetailII,10,BTYD_raw,all,CRPS,0.7966010865745079
OnlineRetailII,10,BTYD_raw,all,pit_ks,0.211930649547254
OnlineRetailII,10,BTYD_raw,all,cov95,0.9910965323336457
OnlineRetailII,10,BTYD_raw,all,cov50,0.8008434864104967
OnlineRetailII,10,BTYD_raw,all,nMAE,0.8281410475864429
OnlineRetailII,10,BTYD_raw,x>0,CRPS,1.00957686087828
OnlineRetailII,10,BTYD_raw,x>0,pit_ks,0.21231408783596017
OnlineRetailII,10,BTYD_raw,x>0,cov95,0.9883381924198251
OnlineRetailII,10,BTYD_raw,x>0,cov50,0.7164723032069971
OnlineRetailII,10,BTYD_raw,x>0,nMAE,0.7498121712997746
OnlineRetailII,10,BTYD_recal,all,CRPS,0.6678212352389878
OnlineRetailII,10,BTYD_recal,all,pit_ks,0.05903571738441876
OnlineRetailII,10,BTYD_recal,all,cov95,0.9817244611059044
OnlineRetailII,10,BTYD_recal,all,cov50,0.7938144329896907
OnlineRetailII,10,BTYD_recal,all,nMAE,0.6621020198562135
OnlineRetailII,10,BTYD_recal,x>0,CRPS,0.8710090291545192
OnlineRetailII,10,BTYD_recal,x>0,pit_ks,0.05620689291705688
OnlineRetailII,10,BTYD_recal,x>0,cov95,0.9766763848396501
OnlineRetailII,10,BTYD_recal,x>0,cov50,0.7441690962099126
OnlineRetailII,10,BTYD_recal,x>0,nMAE,0.6250939143501127
OnlineRetailII,11,BTYD_raw,all,CRPS,0.788733049730553
OnlineRetailII,11,BTYD_raw,all,pit_ks,0.20784083355787197
OnlineRetailII,11,BTYD_raw,all,cov95,0.9864104967197751
OnlineRetailII,11,BTYD_raw,all,cov50,0.8055295220243673
OnlineRetailII,11,BTYD_raw,all,nMAE,0.8160506502395619
OnlineRetailII,11,BTYD_raw,x>0,CRPS,1.0052516720479703
OnlineRetailII,11,BTYD_raw,x>0,pit_ks,0.21694853325933883
OnlineRetailII,11,BTYD_raw,x>0,cov95,0.981549815498155
OnlineRetailII,11,BTYD_raw,x>0,cov50,0.7158671586715867
OnlineRetailII,11,BTYD_raw,x>0,nMAE,0.7420394238059136
OnlineRetailII,11,BTYD_recal,all,CRPS,0.660346228678538
OnlineRetailII,11,BTYD_recal,all,pit_ks,0.032589387593978836
OnlineRetailII,11,BTYD_recal,all,cov95,0.9807872539831303
OnlineRetailII,11,BTYD_recal,all,cov50,0.7642924086223055
OnlineRetailII,11,BTYD_recal,all,nMAE,0.6574264202600958
OnlineRetailII,11,BTYD_recal,x>0,CRPS,0.8644393977859779
OnlineRetailII,11,BTYD_recal,x>0,pit_ks,0.05371839800299
OnlineRetailII,11,BTYD_recal,x>0,cov95,0.9756457564575646
OnlineRetailII,11,BTYD_recal,x>0,cov50,0.7158671586715867
OnlineRetailII,11,BTYD_recal,x>0,nMAE,0.6167551175132676
OnlineRetailII,12,BTYD_raw,all,CRPS,0.7853247642338331
OnlineRetailII,12,BTYD_raw,all,pit_ks,0.20965759444190568
OnlineRetailII,12,BTYD_raw,all,cov95,0.9915651358950328
OnlineRetailII,12,BTYD_raw,all,cov50,0.796157450796626
OnlineRetailII,12,BTYD_raw,all,nMAE,0.8116166839021026
OnlineRetailII,12,BTYD_raw,x>0,CRPS,1.002757890513552
OnlineRetailII,12,BTYD_raw,x>0,pit_ks,0.22465978231221717
OnlineRetailII,12,BTYD_raw,x>0,cov95,0.9871611982881597
OnlineRetailII,12,BTYD_raw,x>0,cov50,0.7061340941512125
OnlineRetailII,12,BTYD_raw,x>0,nMAE,0.751122754491018
OnlineRetailII,12,BTYD_recal,all,CRPS,0.6574766972820993
OnlineRetailII,12,BTYD_recal,all,pit_ks,0.043397014622195196
OnlineRetailII,12,BTYD_recal,all,cov95,0.9798500468603561
OnlineRetailII,12,BTYD_recal,all,cov50,0.7839737582005624
OnlineRetailII,12,BTYD_recal,all,nMAE,0.6614960358497071
OnlineRetailII,12,BTYD_recal,x>0,CRPS,0.8641444564907277
OnlineRetailII,12,BTYD_recal,x>0,pit_ks,0.07026189379628953
OnlineRetailII,12,BTYD_recal,x>0,cov95,0.9721825962910129
OnlineRetailII,12,BTYD_recal,x>0,cov50,0.7368045649072753
OnlineRetailII,12,BTYD_recal,x>0,nMAE,0.6309880239520959
OnlineRetailII,13,BTYD_raw,all,CRPS,0.7543648225164011
OnlineRetailII,13,BTYD_raw,all,pit_ks,0.2283482790799617
OnlineRetailII,13,BTYD_raw,all,cov95,0.9920337394564198
OnlineRetailII,13,BTYD_raw,all,cov50,0.7914714151827554
OnlineRetailII,13,BTYD_raw,all,nMAE,0.8624577226606538
OnlineRetailII,13,BTYD_raw,x>0,CRPS,0.9416429294883467
OnlineRetailII,13,BTYD_raw,x>0,pit_ks,0.22135478524978047
OnlineRetailII,13,BTYD_raw,x>0,cov95,0.9905316824471959
OnlineRetailII,13,BTYD_raw,x>0,cov50,0.6999271667880553
OnlineRetailII,13,BTYD_raw,x>0,nMAE,0.7873055905842792
OnlineRetailII,13,BTYD_recal,all,CRPS,0.6149615988753514
OnlineRetailII,13,BTYD_recal,all,pit_ks,0.01445027455864073
OnlineRetailII,13,BTYD_recal,all,cov95,0.9864104967197751
OnlineRetailII,13,BTYD_recal,all,cov50,0.7802249297094658
OnlineRetailII,13,BTYD_recal,all,nMAE,0.6771890266816986
OnlineRetailII,13,BTYD_recal,x>0,CRPS,0.7847187764020395
OnlineRetailII,13,BTYD_recal,x>0,pit_ks,0.019901097422396874
OnlineRetailII,13,BTYD_recal,x>0,cov95,0.9839766933721777
OnlineRetailII,13,BTYD_recal,x>0,cov50,0.7428987618353969
OnlineRetailII,13,BTYD_recal,x>0,nMAE,0.6372425388818832
OnlineRetailII,14,BTYD_raw,all,CRPS,0.7768752013530928
OnlineRetailII,14,BTYD_raw,all,pit_ks,0.20518910511281374
OnlineRetailII,14,BTYD_raw,all,cov95,0.9925023430178069
OnlineRetailII,14,BTYD_raw,all,cov50,0.796157450796626
OnlineRetailII,14,BTYD_raw,all,nMAE,0.8256059009483666
OnlineRetailII,14,BTYD_raw,x>0,CRPS,0.9790801711309522
OnlineRetailII,14,BTYD_raw,x>0,pit_ks,0.2204777365252812
OnlineRetailII,14,BTYD_raw,x>0,cov95,0.98989898989899
OnlineRetailII,14,BTYD_raw,x>0,cov50,0.7113997113997114
OnlineRetailII,14,BTYD_raw,x>0,nMAE,0.7599221789883269
OnlineRetailII,14,BTYD_recal,all,CRPS,0.6482961330834115
OnlineRetailII,14,BTYD_recal,all,pit_ks,0.05680311990263648
OnlineRetailII,14,BTYD_recal,all,cov95,0.9807872539831303
OnlineRetailII,14,BTYD_recal,all,cov50,0.788191190253046
OnlineRetailII,14,BTYD_recal,all,nMAE,0.6719353705655076
OnlineRetailII,14,BTYD_recal,x>0,CRPS,0.8316229119769121
OnlineRetailII,14,BTYD_recal,x>0,pit_ks,0.06814822367689283
OnlineRetailII,14,BTYD_recal,x>0,cov95,0.9783549783549783
OnlineRetailII,14,BTYD_recal,x>0,cov50,0.7474747474747475
OnlineRetailII,14,BTYD_recal,x>0,nMAE,0.633852140077821
Olist,0,BTYD_raw,all,CRPS,0.01654346139591999
Olist,0,BTYD_raw,all,pit_ks,0.008254338438405728
Olist,0,BTYD_raw,all,cov95,0.9860164616337729
Olist,0,BTYD_raw,all,cov50,0.9842463934861492
Olist,0,BTYD_raw,all,nMAE,1.0
Olist,0,BTYD_raw,x>0,CRPS,0.07821192052980132
Olist,0,BTYD_raw,x>0,pit_ks,0.07659469373790295
Olist,0,BTYD_raw,x>0,cov95,0.9867549668874173
Olist,0,BTYD_raw,x>0,cov50,0.9403973509933775
Olist,0,BTYD_raw,x>0,nMAE,1.0
Olist,0,BTYD_recal,all,CRPS,0.016625094610142492
Olist,0,BTYD_recal,all,pit_ks,0.008120547958489599
Olist,0,BTYD_recal,all,cov95,0.9883175502256837
Olist,0,BTYD_recal,all,cov50,0.9842463934861492
Olist,0,BTYD_recal,all,nMAE,1.0
Olist,0,BTYD_recal,x>0,CRPS,0.0772268344370861
Olist,0,BTYD_recal,x>0,pit_ks,0.06921035034160242
Olist,0,BTYD_recal,x>0,cov95,0.9867549668874173
Olist,0,BTYD_recal,x>0,cov50,0.9403973509933775
Olist,0,BTYD_recal,x>0,nMAE,1.0
Olist,1,BTYD_raw,all,CRPS,0.017928079918576863
Olist,1,BTYD_raw,all,pit_ks,0.010390273278836348
Olist,1,BTYD_raw,all,cov95,0.9846889105230552
Olist,1,BTYD_raw,all,cov50,0.9837153730418621
Olist,1,BTYD_raw,all,nMAE,1.0
Olist,1,BTYD_raw,x>0,CRPS,0.1312289870689655
Olist,1,BTYD_raw,x>0,pit_ks,0.07904276843345087
Olist,1,BTYD_raw,x>0,cov95,0.9586206896551724
Olist,1,BTYD_raw,x>0,cov50,0.9241379310344827
Olist,1,BTYD_raw,x>0,nMAE,1.0
Olist,1,BTYD_recal,all,CRPS,0.017952554385343836
Olist,1,BTYD_recal,all,pit_ks,0.009364471840420552
Olist,1,BTYD_recal,all,cov95,0.9874325161518719
Olist,1,BTYD_recal,all,cov50,0.9837153730418621
Olist,1,BTYD_recal,all,nMAE,1.0
Olist,1,BTYD_recal,x>0,CRPS,0.13023577931034483
Olist,1,BTYD_recal,x>0,pit_ks,0.08066045200278416
Olist,1,BTYD_recal,x>0,cov95,0.9655172413793104
Olist,1,BTYD_recal,x>0,cov50,0.9241379310344827
Olist,1,BTYD_recal,x>0,nMAE,1.0
Olist,2,BTYD_raw,all,CRPS,0.015770318446322682
Olist,2,BTYD_raw,all,pit_ks,0.008006328058203893
Olist,2,BTYD_raw,all,cov95,0.9857509514116294
Olist,2,BTYD_raw,all,cov50,0.9848659173378175
Olist,2,BTYD_raw,all,nMAE,1.0
Olist,2,BTYD_raw,x>0,CRPS,0.05288734702797202
Olist,2,BTYD_raw,x>0,pit_ks,0.08186850142256297
Olist,2,BTYD_raw,x>0,cov95,0.993006993006993
Olist,2,BTYD_raw,x>0,cov50,0.958041958041958
Olist,2,BTYD_raw,x>0,nMAE,1.0
Olist,2,BTYD_recal,all,CRPS,0.015840057704221613
Olist,2,BTYD_recal,all,pit_ks,0.008570769203089745
Olist,2,BTYD_recal,all,cov95,0.9884060536330649
Olist,2,BTYD_recal,all,cov50,0.9848659173378175
Olist,2,BTYD_recal,all,nMAE,1.0
Olist,2,BTYD_recal,x>0,CRPS,0.052688475524475524
Olist,2,BTYD_recal,x>0,pit_ks,0.07346469681717349
Olist,2,BTYD_recal,x>0,cov95,0.993006993006993
Olist,2,BTYD_recal,x>0,cov50,0.958041958041958
Olist,2,BTYD_recal,x>0,nMAE,1.0
Olist,3,BTYD_raw,all,CRPS,0.01652044013850783
Olist,3,BTYD_raw,all,pit_ks,0.009572756520112358
Olist,3,BTYD_raw,all,cov95,0.9860164616337729
Olist,3,BTYD_raw,all,cov50,0.9846889105230552
Olist,3,BTYD_raw,all,nMAE,1.0
Olist,3,BTYD_raw,x>0,CRPS,0.09915064761513158
Olist,3,BTYD_raw,x>0,pit_ks,0.04769411166353732
Olist,3,BTYD_raw,x>0,cov95,0.9736842105263158
Olist,3,BTYD_raw,x>0,cov50,0.9276315789473685
Olist,3,BTYD_raw,x>0,nMAE,1.0
Olist,3,BTYD_recal,all,CRPS,0.016525517656429775
Olist,3,BTYD_recal,all,pit_ks,0.009509995081902423
Olist,3,BTYD_recal,all,cov95,0.9860164616337729
Olist,3,BTYD_recal,all,cov50,0.9846889105230552
Olist,3,BTYD_recal,all,nMAE,1.0
Olist,3,BTYD_recal,x>0,CRPS,0.09942194736842105
Olist,3,BTYD_recal,x>0,pit_ks,0.045448345219814335
Olist,3,BTYD_recal,x>0,cov95,0.9736842105263158
Olist,3,BTYD_recal,x>0,cov50,0.9276315789473685
Olist,3,BTYD_recal,x>0,nMAE,1.0
Olist,4,BTYD_raw,all,CRPS,0.017428488555403132
Olist,4,BTYD_raw,all,pit_ks,0.007646148217565596
Olist,4,BTYD_raw,all,cov95,0.984600407115674
Olist,4,BTYD_raw,all,cov50,0.9837153730418621
Olist,4,BTYD_raw,all,nMAE,1.0
Olist,4,BTYD_raw,x>0,CRPS,0.06533583263422818
Olist,4,BTYD_raw,x>0,pit_ks,0.06160882315026622
Olist,4,BTYD_raw,x>0,cov95,0.9798657718120806
Olist,4,BTYD_raw,x>0,cov50,0.9530201342281879
Olist,4,BTYD_raw,x>0,nMAE,1.0
Olist,4,BTYD_recal,all,CRPS,0.017400683954332242
Olist,4,BTYD_recal,all,pit_ks,0.005529431463985435
Olist,4,BTYD_recal,all,cov95,0.984600407115674
Olist,4,BTYD_recal,all,cov50,0.9837153730418621
Olist,4,BTYD_recal,all,nMAE,1.0
Olist,4,BTYD_recal,x>0,CRPS,0.06516330201342281
Olist,4,BTYD_recal,x>0,pit_ks,0.0617463584005143
Olist,4,BTYD_recal,x>0,cov95,0.9798657718120806
Olist,4,BTYD_recal,x>0,cov50,0.9530201342281879
Olist,4,BTYD_recal,x>0,nMAE,1.0
Olist,5,BTYD_raw,all,CRPS,0.016197309358129037
Olist,5,BTYD_raw,all,pit_ks,0.010021062087833266
Olist,5,BTYD_raw,all,cov95,0.9861049650411541
Olist,5,BTYD_raw,all,cov50,0.9853969377821046
Olist,5,BTYD_raw,all,nMAE,1.0
Olist,5,BTYD_raw,x>0,CRPS,0.0945029810855263
Olist,5,BTYD_raw,x>0,pit_ks,0.04854321274421225
Olist,5,BTYD_raw,x>0,cov95,0.9605263157894737
Olist,5,BTYD_raw,x>0,cov50,0.9407894736842105
Olist,5,BTYD_raw,x>0,nMAE,1.0
Olist,5,BTYD_recal,all,CRPS,0.016225774670324808
Olist,5,BTYD_recal,all,pit_ks,0.011839049435470539
Olist,5,BTYD_recal,all,cov95,0.9861049650411541
Olist,5,BTYD_recal,all,cov50,0.9853969377821046
Olist,5,BTYD_recal,all,nMAE,1.0
Olist,5,BTYD_recal,x>0,CRPS,0.09511678947368421
Olist,5,BTYD_recal,x>0,pit_ks,0.050513875091648286
Olist,5,BTYD_recal,x>0,cov95,0.9605263157894737
Olist,5,BTYD_recal,x>0,cov50,0.9407894736842105
Olist,5,BTYD_recal,x>0,nMAE,1.0
Olist,6,BTYD_raw,all,CRPS,0.019227199309673423
Olist,6,BTYD_raw,all,pit_ks,0.01509560731717785
Olist,6,BTYD_raw,all,cov95,0.9833613594123374
Olist,6,BTYD_raw,all,cov50,0.9819453048942385
Olist,6,BTYD_raw,all,nMAE,1.0
Olist,6,BTYD_raw,x>0,CRPS,0.08870286458333332
Olist,6,BTYD_raw,x>0,pit_ks,0.03355914062497278
Olist,6,BTYD_raw,x>0,cov95,0.9866666666666667
Olist,6,BTYD_raw,x>0,cov50,0.9266666666666666
Olist,6,BTYD_raw,x>0,nMAE,1.0
Olist,6,BTYD_recal,all,CRPS,0.019237171077086467
Olist,6,BTYD_recal,all,pit_ks,0.014443923753170829
Olist,6,BTYD_recal,all,cov95,0.9833613594123374
Olist,6,BTYD_recal,all,cov50,0.9819453048942385
Olist,6,BTYD_recal,all,nMAE,1.0
Olist,6,BTYD_recal,x>0,CRPS,0.08856485333333335
Olist,6,BTYD_recal,x>0,pit_ks,0.03571146946199827
Olist,6,BTYD_recal,x>0,cov95,0.9866666666666667
Olist,6,BTYD_recal,x>0,cov50,0.9266666666666666
Olist,6,BTYD_recal,x>0,nMAE,1.0
Olist,7,BTYD_raw,all,CRPS,0.014655172056155411
Olist,7,BTYD_raw,all,pit_ks,0.006096289773564356
Olist,7,BTYD_raw,all,cov95,0.9869899991149659
Olist,7,BTYD_raw,all,cov50,0.9861934684485353
Olist,7,BTYD_raw,all,nMAE,1.0
Olist,7,BTYD_raw,x>0,CRPS,0.06559603528911565
Olist,7,BTYD_raw,x>0,pit_ks,0.08855673655227725
Olist,7,BTYD_raw,x>0,cov95,0.9795918367346939
Olist,7,BTYD_raw,x>0,cov50,0.9455782312925171
Olist,7,BTYD_raw,x>0,nMAE,1.0
Olist,7,BTYD_recal,all,CRPS,0.014651804584476501
Olist,7,BTYD_recal,all,pit_ks,0.00674599361907402
Olist,7,BTYD_recal,all,cov95,0.9869899991149659
Olist,7,BTYD_recal,all,cov50,0.9861934684485353
Olist,7,BTYD_recal,all,nMAE,1.0
Olist,7,BTYD_recal,x>0,CRPS,0.06551044897959184
Olist,7,BTYD_recal,x>0,pit_ks,0.08947356920925087
Olist,7,BTYD_recal,x>0,cov95,0.9795918367346939
Olist,7,BTYD_recal,x>0,cov50,0.9455782312925171
Olist,7,BTYD_recal,x>0,nMAE,1.0
Olist,8,BTYD_raw,all,CRPS,0.01823153943379945
Olist,8,BTYD_raw,all,pit_ks,0.014113871238279452
Olist,8,BTYD_raw,all,cov95,0.9844234003009116
Olist,8,BTYD_raw,all,cov50,0.9830958491901938
Olist,8,BTYD_raw,all,nMAE,1.0
Olist,8,BTYD_raw,x>0,CRPS,0.10008566810344828
Olist,8,BTYD_raw,x>0,pit_ks,0.13633692761325839
Olist,8,BTYD_raw,x>0,cov95,0.9862068965517241
Olist,8,BTYD_raw,x>0,cov50,0.9241379310344827
Olist,8,BTYD_raw,x>0,nMAE,1.0
Olist,8,BTYD_recal,all,CRPS,0.018227100805381008
Olist,8,BTYD_recal,all,pit_ks,0.013014140132949936
Olist,8,BTYD_recal,all,cov95,0.9849544207451987
Olist,8,BTYD_recal,all,cov50,0.9830958491901938
Olist,8,BTYD_recal,all,nMAE,1.0
Olist,8,BTYD_recal,x>0,CRPS,0.10122896551724138
Olist,8,BTYD_recal,x>0,pit_ks,0.13460177950707436
Olist,8,BTYD_recal,x>0,cov95,0.9862068965517241
Olist,8,BTYD_recal,x>0,cov50,0.9241379310344827
Olist,8,BTYD_recal,x>0,nMAE,1.0
Olist,9,BTYD_raw,all,CRPS,0.017340355064607484
Olist,9,BTYD_raw,all,pit_ks,0.010452451611506652
Olist,9,BTYD_raw,all,cov95,0.9845119037082928
Olist,9,BTYD_raw,all,cov50,0.983626869634481
Olist,9,BTYD_raw,all,nMAE,1.0
Olist,9,BTYD_raw,x>0,CRPS,0.08940231978527607
Olist,9,BTYD_raw,x>0,pit_ks,0.09041514441668541
Olist,9,BTYD_raw,x>0,cov95,0.9693251533742331
Olist,9,BTYD_raw,x>0,cov50,0.9386503067484663
Olist,9,BTYD_raw,x>0,nMAE,1.0
Olist,9,BTYD_recal,all,CRPS,0.01738520541640853
Olist,9,BTYD_recal,all,pit_ks,0.006330073030732297
Olist,9,BTYD_recal,all,cov95,0.9871670059297283
Olist,9,BTYD_recal,all,cov50,0.983626869634481
Olist,9,BTYD_recal,all,nMAE,1.0
Olist,9,BTYD_recal,x>0,CRPS,0.08905474846625767
Olist,9,BTYD_recal,x>0,pit_ks,0.08070894020300151
Olist,9,BTYD_recal,x>0,cov95,0.9815950920245399
Olist,9,BTYD_recal,x>0,cov50,0.9386503067484663
Olist,9,BTYD_recal,x>0,nMAE,1.0
Olist,10,BTYD_raw,all,CRPS,0.017577208851447028
Olist,10,BTYD_raw,all,pit_ks,0.009076120933557363
Olist,10,BTYD_raw,all,cov95,0.984600407115674
Olist,10,BTYD_raw,all,cov50,0.9837153730418621
Olist,10,BTYD_raw,all,nMAE,1.0
Olist,10,BTYD_raw,x>0,CRPS,0.08600551791958042
Olist,10,BTYD_raw,x>0,pit_ks,0.05193698873260169
Olist,10,BTYD_raw,x>0,cov95,0.9790209790209791
Olist,10,BTYD_raw,x>0,cov50,0.9440559440559441
Olist,10,BTYD_raw,x>0,nMAE,1.0
Olist,10,BTYD_recal,all,CRPS,0.017633135321709886
Olist,10,BTYD_recal,all,pit_ks,0.006629313896723499
Olist,10,BTYD_recal,all,cov95,0.9869899991149659
Olist,10,BTYD_recal,all,cov50,0.9837153730418621
Olist,10,BTYD_recal,all,nMAE,1.0
Olist,10,BTYD_recal,x>0,CRPS,0.0853062657342657
Olist,10,BTYD_recal,x>0,pit_ks,0.05080070587488611
Olist,10,BTYD_recal,x>0,cov95,0.986013986013986
Olist,10,BTYD_recal,x>0,cov50,0.9440559440559441
Olist,10,BTYD_recal,x>0,nMAE,1.0
Olist,11,BTYD_raw,all,CRPS,0.015956884320515088
Olist,11,BTYD_raw,all,pit_ks,0.007816464529777245
Olist,11,BTYD_raw,all,cov95,0.9856624480042482
Olist,11,BTYD_raw,all,cov50,0.9847774139304363
Olist,11,BTYD_raw,all,nMAE,1.0
Olist,11,BTYD_raw,x>0,CRPS,0.033969520246478875
Olist,11,BTYD_raw,x>0,pit_ks,0.05935879009801781
Olist,11,BTYD_raw,x>0,cov95,0.9929577464788732
Olist,11,BTYD_raw,x>0,cov50,0.9647887323943662
Olist,11,BTYD_raw,x>0,nMAE,1.0
Olist,11,BTYD_recal,all,CRPS,0.015949371448800778
Olist,11,BTYD_recal,all,pit_ks,0.006287427819191338
Olist,11,BTYD_recal,all,cov95,0.9856624480042482
Olist,11,BTYD_recal,all,cov50,0.9847774139304363
Olist,11,BTYD_recal,all,nMAE,1.0
Olist,11,BTYD_recal,x>0,CRPS,0.033889126760563375
Olist,11,BTYD_recal,x>0,pit_ks,0.057704037153756715
Olist,11,BTYD_recal,x>0,cov95,0.9929577464788732
Olist,11,BTYD_recal,x>0,cov50,0.9647887323943662
Olist,11,BTYD_recal,x>0,nMAE,1.0
Olist,12,BTYD_raw,all,CRPS,0.017079536214488007
Olist,12,BTYD_raw,all,pit_ks,0.013207003304880616
Olist,12,BTYD_raw,all,cov95,0.9858394548190106
Olist,12,BTYD_raw,all,cov50,0.9840693866713869
Olist,12,BTYD_raw,all,nMAE,1.0
Olist,12,BTYD_raw,x>0,CRPS,0.09219696234472048
Olist,12,BTYD_raw,x>0,pit_ks,0.08584100180955812
Olist,12,BTYD_raw,x>0,cov95,0.9875776397515528
Olist,12,BTYD_raw,x>0,cov50,0.9316770186335404
Olist,12,BTYD_raw,x>0,nMAE,1.0
Olist,12,BTYD_recal,all,CRPS,0.017080732808213116
Olist,12,BTYD_recal,all,pit_ks,0.013179527125526946
Olist,12,BTYD_recal,all,cov95,0.9858394548190106
Olist,12,BTYD_recal,all,cov50,0.9840693866713869
Olist,12,BTYD_recal,all,nMAE,1.0
Olist,12,BTYD_recal,x>0,CRPS,0.09238742857142856
Olist,12,BTYD_recal,x>0,pit_ks,0.08603156641206944
Olist,12,BTYD_recal,x>0,cov95,0.9875776397515528
Olist,12,BTYD_recal,x>0,cov50,0.9316770186335404
Olist,12,BTYD_recal,x>0,nMAE,1.0
Olist,13,BTYD_raw,all,CRPS,0.017894427880785907
Olist,13,BTYD_raw,all,pit_ks,0.01172902911275231
Olist,13,BTYD_raw,all,cov95,0.9843348968935304
Olist,13,BTYD_raw,all,cov50,0.9832728560049562
Olist,13,BTYD_raw,all,nMAE,1.0
Olist,13,BTYD_raw,x>0,CRPS,0.1124460320723684
Olist,13,BTYD_raw,x>0,pit_ks,0.03822960557189781
Olist,13,BTYD_raw,x>0,cov95,0.9671052631578947
Olist,13,BTYD_raw,x>0,cov50,0.9276315789473685
Olist,13,BTYD_raw,x>0,nMAE,1.0
Olist,13,BTYD_recal,all,CRPS,0.017895273918045844
Olist,13,BTYD_recal,all,pit_ks,0.00813167961634681
Olist,13,BTYD_recal,all,cov95,0.9874325161518719
Olist,13,BTYD_recal,all,cov50,0.9832728560049562
Olist,13,BTYD_recal,all,nMAE,1.0
Olist,13,BTYD_recal,x>0,CRPS,0.11170521052631577
Olist,13,BTYD_recal,x>0,pit_ks,0.032523287755916064
Olist,13,BTYD_recal,x>0,cov95,0.9736842105263158
Olist,13,BTYD_recal,x>0,cov50,0.9276315789473685
Olist,13,BTYD_recal,x>0,nMAE,1.0
Olist,14,BTYD_raw,all,CRPS,0.01730945838680414
Olist,14,BTYD_raw,all,pit_ks,0.013224858118455418
Olist,14,BTYD_raw,all,cov95,0.9851314275599611
Olist,14,BTYD_raw,all,cov50,0.9839808832640057
Olist,14,BTYD_raw,all,nMAE,1.0
Olist,14,BTYD_raw,x>0,CRPS,0.10128721494932434
Olist,14,BTYD_raw,x>0,pit_ks,0.11168106462051319
Olist,14,BTYD_raw,x>0,cov95,0.9797297297297297
Olist,14,BTYD_raw,x>0,cov50,0.9391891891891891
Olist,14,BTYD_raw,x>0,nMAE,1.0
Olist,14,BTYD_recal,all,CRPS,0.017336146207628994
Olist,14,BTYD_recal,all,pit_ks,0.011240209415935065
Olist,14,BTYD_recal,all,cov95,0.9857509514116294
Olist,14,BTYD_recal,all,cov50,0.9839808832640057
Olist,14,BTYD_recal,all,nMAE,1.0
Olist,14,BTYD_recal,x>0,CRPS,0.10071164864864865
Olist,14,BTYD_recal,x>0,pit_ks,0.11048417615989592
Olist,14,BTYD_recal,x>0,cov95,0.9797297297297297
Olist,14,BTYD_recal,x>0,cov50,0.9391891891891891
Olist,14,BTYD_recal,x>0,nMAE,1.0
Dunnhumby,0,BTYD_raw,all,CRPS,6.801126932796238
Dunnhumby,0,BTYD_raw,all,pit_ks,0.17766281208622414
Dunnhumby,0,BTYD_raw,all,cov95,0.7982385908726981
Dunnhumby,0,BTYD_raw,all,cov50,0.36909527622097676
Dunnhumby,0,BTYD_raw,all,nMAE,0.3368991343851679
Dunnhumby,0,BTYD_raw,x>0,CRPS,6.859883670667209
Dunnhumby,0,BTYD_raw,x>0,pit_ks,0.1752599077639686
Dunnhumby,0,BTYD_raw,x>0,cov95,0.7982099267697315
Dunnhumby,0,BTYD_raw,x>0,cov50,0.3661513425549227
Dunnhumby,0,BTYD_raw,x>0,nMAE,0.3353793612700757
Dunnhumby,0,BTYD_recal,all,CRPS,6.51978514011209
Dunnhumby,0,BTYD_recal,all,pit_ks,0.10960573797611939
Dunnhumby,0,BTYD_recal,all,cov95,0.8767013610888711
Dunnhumby,0,BTYD_recal,all,cov50,0.5188150520416333
Dunnhumby,0,BTYD_recal,all,nMAE,0.33657683099023883
Dunnhumby,0,BTYD_recal,x>0,CRPS,6.57918274369406
Dunnhumby,0,BTYD_recal,x>0,pit_ks,0.10821806346623275
Dunnhumby,0,BTYD_recal,x>0,cov95,0.8771358828315704
Dunnhumby,0,BTYD_recal,x>0,cov50,0.5174938974776241
Dunnhumby,0,BTYD_recal,x>0,nMAE,0.3350870715648268
Dunnhumby,1,BTYD_raw,all,CRPS,7.241305200410329
Dunnhumby,1,BTYD_raw,all,pit_ks,0.17053615490731677
Dunnhumby,1,BTYD_raw,all,cov95,0.7878302642113691
Dunnhumby,1,BTYD_raw,all,cov50,0.36589271417133706
Dunnhumby,1,BTYD_raw,all,nMAE,0.3442098434136416
Dunnhumby,1,BTYD_raw,x>0,CRPS,7.289258477798053
Dunnhumby,1,BTYD_raw,x>0,pit_ks,0.16653879734134203
Dunnhumby,1,BTYD_raw,x>0,cov95,0.7899432278994323
Dunnhumby,1,BTYD_raw,x>0,cov50,0.3657745336577453
Dunnhumby,1,BTYD_raw,x>0,nMAE,0.3429504225019204
Dunnhumby,1,BTYD_recal,all,CRPS,6.948055785428342
Dunnhumby,1,BTYD_recal,all,pit_ks,0.10568454763811053
Dunnhumby,1,BTYD_recal,all,cov95,0.8710968775020016
Dunnhumby,1,BTYD_recal,all,cov50,0.5252201761409128
Dunnhumby,1,BTYD_recal,all,nMAE,0.3457875025802837
Dunnhumby,1,BTYD_recal,x>0,CRPS,6.996692570965126
Dunnhumby,1,BTYD_recal,x>0,pit_ks,0.10300081103000813
Dunnhumby,1,BTYD_recal,x>0,cov95,0.8734793187347932
Dunnhumby,1,BTYD_recal,x>0,cov50,0.5239253852392538
Dunnhumby,1,BTYD_recal,x>0,nMAE,0.34453111150505233
Dunnhumby,2,BTYD_raw,all,CRPS,6.925926960318254
Dunnhumby,2,BTYD_raw,all,pit_ks,0.16400975049361555
Dunnhumby,2,BTYD_raw,all,cov95,0.8030424339471577
Dunnhumby,2,BTYD_raw,all,cov50,0.377902321857486
Dunnhumby,2,BTYD_raw,all,nMAE,0.3383763277693475
Dunnhumby,2,BTYD_raw,x>0,CRPS,7.0016759369914565
Dunnhumby,2,BTYD_raw,x>0,pit_ks,0.16090928059021659
Dunnhumby,2,BTYD_raw,x>0,cov95,0.8039056143205858
Dunnhumby,2,BTYD_raw,x>0,cov50,0.37591537835638733
Dunnhumby,2,BTYD_raw,x>0,nMAE,0.33727010183918527
Dunnhumby,2,BTYD_recal,all,CRPS,6.712955526020816
Dunnhumby,2,BTYD_recal,all,pit_ks,0.10248198558847077
Dunnhumby,2,BTYD_recal,all,cov95,0.8783026421136909
Dunnhumby,2,BTYD_recal,all,cov50,0.5804643714971978
Dunnhumby,2,BTYD_recal,all,nMAE,0.33754172989377845
Dunnhumby,2,BTYD_recal,x>0,CRPS,6.790085106590725
Dunnhumby,2,BTYD_recal,x>0,pit_ks,0.10089503661513421
Dunnhumby,2,BTYD_recal,x>0,cov95,0.8795768917819365
Dunnhumby,2,BTYD_recal,x>0,cov50,0.5777054515866559
Dunnhumby,2,BTYD_recal,x>0,nMAE,0.33643410852713174
Dunnhumby,3,BTYD_raw,all,CRPS,6.7786706239992
Dunnhumby,3,BTYD_raw,all,pit_ks,0.15848810584916462
Dunnhumby,3,BTYD_raw,all,cov95,0.8078462770216173
Dunnhumby,3,BTYD_raw,all,cov50,0.3867093674939952
Dunnhumby,3,BTYD_raw,all,nMAE,0.3421159366030201
Dunnhumby,3,BTYD_raw,x>0,CRPS,6.851118267276423
Dunnhumby,3,BTYD_raw,x>0,pit_ks,0.15519544379153705
Dunnhumby,3,BTYD_raw,x>0,cov95,0.808130081300813
Dunnhumby,3,BTYD_raw,x>0,cov50,0.383739837398374
Dunnhumby,3,BTYD_raw,x>0,nMAE,0.3411498203405718
Dunnhumby,3,BTYD_recal,all,CRPS,6.586598799039231
Dunnhumby,3,BTYD_recal,all,pit_ks,0.08406725380304247
Dunnhumby,3,BTYD_recal,all,cov95,0.8935148118494796
Dunnhumby,3,BTYD_recal,all,cov50,0.6092874299439551
Dunnhumby,3,BTYD_recal,all,nMAE,0.3439098964183202
Dunnhumby,3,BTYD_recal,x>0,CRPS,6.659840198373984
Dunnhumby,3,BTYD_recal,x>0,pit_ks,0.08455284552845532
Dunnhumby,3,BTYD_recal,x>0,cov95,0.8926829268292683
Dunnhumby,3,BTYD_recal,x>0,cov50,0.6073170731707317
Dunnhumby,3,BTYD_recal,x>0,nMAE,0.34294641462271525
Dunnhumby,4,BTYD_raw,all,CRPS,6.775939439051241
Dunnhumby,4,BTYD_raw,all,pit_ks,0.15866344726006842
Dunnhumby,4,BTYD_raw,all,cov95,0.799839871897518
Dunnhumby,4,BTYD_raw,all,cov50,0.37630104083266613
Dunnhumby,4,BTYD_raw,all,nMAE,0.3534770872164021
Dunnhumby,4,BTYD_raw,x>0,CRPS,6.819201763538273
Dunnhumby,4,BTYD_raw,x>0,pit_ks,0.15232112815629795
Dunnhumby,4,BTYD_raw,x>0,cov95,0.8004885993485342
Dunnhumby,4,BTYD_raw,x>0,cov50,0.3737785016286645
Dunnhumby,4,BTYD_raw,x>0,nMAE,0.3514040687364994
Dunnhumby,4,BTYD_recal,all,CRPS,6.573486693354683
Dunnhumby,4,BTYD_recal,all,pit_ks,0.0856685348278623
Dunnhumby,4,BTYD_recal,all,cov95,0.8927141713370697
Dunnhumby,4,BTYD_recal,all,cov50,0.5652522017614091
Dunnhumby,4,BTYD_recal,all,nMAE,0.3570762902500161
Dunnhumby,4,BTYD_recal,x>0,CRPS,6.61883828990228
Dunnhumby,4,BTYD_recal,x>0,pit_ks,0.08345989519134989
Dunnhumby,4,BTYD_recal,x>0,cov95,0.8949511400651465
Dunnhumby,4,BTYD_recal,x>0,cov50,0.5635179153094463
Dunnhumby,4,BTYD_recal,x>0,nMAE,0.35507947254731276
Dunnhumby,5,BTYD_raw,all,CRPS,7.036469613190551
Dunnhumby,5,BTYD_raw,all,pit_ks,0.15795104427003415
Dunnhumby,5,BTYD_raw,all,cov95,0.7950360288230585
Dunnhumby,5,BTYD_raw,all,cov50,0.35628502802241796
Dunnhumby,5,BTYD_raw,all,nMAE,0.3583901730453455
Dunnhumby,5,BTYD_raw,x>0,CRPS,7.063079289910857
Dunnhumby,5,BTYD_raw,x>0,pit_ks,0.15794324259211623
Dunnhumby,5,BTYD_raw,x>0,cov95,0.7982171799027553
Dunnhumby,5,BTYD_raw,x>0,cov50,0.3557536466774716
Dunnhumby,5,BTYD_raw,x>0,nMAE,0.356744863393168
Dunnhumby,5,BTYD_recal,all,CRPS,6.931206552441953
Dunnhumby,5,BTYD_recal,all,pit_ks,0.10088070456365095
Dunnhumby,5,BTYD_recal,all,cov95,0.8398718975180144
Dunnhumby,5,BTYD_recal,all,cov50,0.5196156925540433
Dunnhumby,5,BTYD_recal,all,nMAE,0.3647530630289251
Dunnhumby,5,BTYD_recal,x>0,CRPS,6.964296466774716
Dunnhumby,5,BTYD_recal,x>0,pit_ks,0.0972447325769854
Dunnhumby,5,BTYD_recal,x>0,cov95,0.8427876823338736
Dunnhumby,5,BTYD_recal,x>0,cov50,0.520259319286872
Dunnhumby,5,BTYD_recal,x>0,nMAE,0.36318738721625987
Dunnhumby,6,BTYD_raw,all,CRPS,7.019046706114893
Dunnhumby,6,BTYD_raw,all,pit_ks,0.1657662871585608
Dunnhumby,6,BTYD_raw,all,cov95,0.789431545236189
Dunnhumby,6,BTYD_raw,all,cov50,0.36909527622097676
Dunnhumby,6,BTYD_raw,all,nMAE,0.34963841211707375
Dunnhumby,6,BTYD_raw,x>0,CRPS,7.070870766906985
Dunnhumby,6,BTYD_raw,x>0,pit_ks,0.1657318065544483
Dunnhumby,6,BTYD_raw,x>0,cov95,0.7912266450040617
Dunnhumby,6,BTYD_raw,x>0,cov50,0.36636880584890336
Dunnhumby,6,BTYD_raw,x>0,nMAE,0.3482020654473062
Dunnhumby,6,BTYD_recal,all,CRPS,6.83321732906325
Dunnhumby,6,BTYD_recal,all,pit_ks,0.09047237790232188
Dunnhumby,6,BTYD_recal,all,cov95,0.8815052041633307
Dunnhumby,6,BTYD_recal,all,cov50,0.49479583666933546
Dunnhumby,6,BTYD_recal,all,nMAE,0.35480617027219963
Dunnhumby,6,BTYD_recal,x>0,CRPS,6.887121689683185
Dunnhumby,6,BTYD_recal,x>0,pit_ks,0.08773354995938265
Dunnhumby,6,BTYD_recal,x>0,cov95,0.8838342810722989
Dunnhumby,6,BTYD_recal,x>0,cov50,0.4930950446791227
Dunnhumby,6,BTYD_recal,x>0,nMAE,0.35339678984695777
Dunnhumby,7,BTYD_raw,all,CRPS,7.334976606285028
Dunnhumby,7,BTYD_raw,all,pit_ks,0.18325863785123364
Dunnhumby,7,BTYD_raw,all,cov95,0.7710168134507606
Dunnhumby,7,BTYD_raw,all,cov50,0.37149719775820655
Dunnhumby,7,BTYD_raw,all,nMAE,0.362946525557866
Dunnhumby,7,BTYD_raw,x>0,CRPS,7.388532262145748
Dunnhumby,7,BTYD_raw,x>0,pit_ks,0.17871000711136764
Dunnhumby,7,BTYD_raw,x>0,cov95,0.7708502024291498
Dunnhumby,7,BTYD_raw,x>0,cov50,0.3700404858299595
Dunnhumby,7,BTYD_raw,x>0,nMAE,0.3621150439727773
Dunnhumby,7,BTYD_recal,all,CRPS,7.08196211048839
Dunnhumby,7,BTYD_recal,all,pit_ks,0.11128903122498002
Dunnhumby,7,BTYD_recal,all,cov95,0.8422738190552442
Dunnhumby,7,BTYD_recal,all,cov50,0.5156124899919936
Dunnhumby,7,BTYD_recal,all,nMAE,0.36656217994475654
Dunnhumby,7,BTYD_recal,x>0,CRPS,7.13494573603239
Dunnhumby,7,BTYD_recal,x>0,pit_ks,0.11093117408906883
Dunnhumby,7,BTYD_recal,x>0,cov95,0.8421052631578947
Dunnhumby,7,BTYD_recal,x>0,cov50,0.5133603238866397
Dunnhumby,7,BTYD_recal,x>0,nMAE,0.3657509555921563
Dunnhumby,8,BTYD_raw,all,CRPS,6.923130191653322
Dunnhumby,8,BTYD_raw,all,pit_ks,0.1452650380880961
Dunnhumby,8,BTYD_raw,all,cov95,0.8030424339471577
Dunnhumby,8,BTYD_raw,all,cov50,0.37630104083266613
Dunnhumby,8,BTYD_raw,all,nMAE,0.35041389946806833
Dunnhumby,8,BTYD_raw,x>0,CRPS,6.962807688411669
Dunnhumby,8,BTYD_raw,x>0,pit_ks,0.14269591385467018
Dunnhumby,8,BTYD_raw,x>0,cov95,0.8038897893030794
Dunnhumby,8,BTYD_raw,x>0,cov50,0.3760129659643436
Dunnhumby,8,BTYD_raw,x>0,nMAE,0.34909320296483204
Dunnhumby,8,BTYD_recal,all,CRPS,6.784227602882306
Dunnhumby,8,BTYD_recal,all,pit_ks,0.09047237790232188
Dunnhumby,8,BTYD_recal,all,cov95,0.8975180144115292
Dunnhumby,8,BTYD_recal,all,cov50,0.5708566853482786
Dunnhumby,8,BTYD_recal,all,nMAE,0.3606905668691574
Dunnhumby,8,BTYD_recal,x>0,CRPS,6.828995536466775
Dunnhumby,8,BTYD_recal,x>0,pit_ks,0.08914100486223664
Dunnhumby,8,BTYD_recal,x>0,cov95,0.8987034035656402
Dunnhumby,8,BTYD_recal,x>0,cov50,0.5713128038897893
Dunnhumby,8,BTYD_recal,x>0,nMAE,0.35945434474057725
Dunnhumby,9,BTYD_raw,all,CRPS,6.733507993895117
Dunnhumby,9,BTYD_raw,all,pit_ks,0.16606899063142666
Dunnhumby,9,BTYD_raw,all,cov95,0.8054443554843875
Dunnhumby,9,BTYD_raw,all,cov50,0.3522818254603683
Dunnhumby,9,BTYD_raw,all,nMAE,0.3449466415568111
Dunnhumby,9,BTYD_raw,x>0,CRPS,6.793209117542614
Dunnhumby,9,BTYD_raw,x>0,pit_ks,0.16207194437454397
Dunnhumby,9,BTYD_raw,x>0,cov95,0.8060064935064936
Dunnhumby,9,BTYD_raw,x>0,cov50,0.3522727272727273
Dunnhumby,9,BTYD_raw,x>0,nMAE,0.3438973778532352
Dunnhumby,9,BTYD_recal,all,CRPS,6.495529306645317
Dunnhumby,9,BTYD_recal,all,pit_ks,0.09047237790232188
Dunnhumby,9,BTYD_recal,all,cov95,0.8847077662129704
Dunnhumby,9,BTYD_recal,all,cov50,0.49639711769415534
Dunnhumby,9,BTYD_recal,all,nMAE,0.3441933458882611
Dunnhumby,9,BTYD_recal,x>0,CRPS,6.556605662337662
Dunnhumby,9,BTYD_recal,x>0,pit_ks,0.0892857142857143
Dunnhumby,9,BTYD_recal,x>0,cov95,0.885551948051948
Dunnhumby,9,BTYD_recal,x>0,cov50,0.4943181818181818
Dunnhumby,9,BTYD_recal,x>0,nMAE,0.34314280324467084
Dunnhumby,10,BTYD_raw,all,CRPS,6.610968180794636
Dunnhumby,10,BTYD_raw,all,pit_ks,0.15567137218464022
Dunnhumby,10,BTYD_raw,all,cov95,0.7950360288230585
Dunnhumby,10,BTYD_raw,all,cov50,0.3787029623698959
Dunnhumby,10,BTYD_raw,all,nMAE,0.3462771123340887
Dunnhumby,10,BTYD_raw,x>0,CRPS,6.675286713643791
Dunnhumby,10,BTYD_raw,x>0,pit_ks,0.14925036390362678
Dunnhumby,10,BTYD_raw,x>0,cov95,0.7973856209150327
Dunnhumby,10,BTYD_raw,x>0,cov50,0.37745098039215685
Dunnhumby,10,BTYD_raw,x>0,nMAE,0.3441225192451359
Dunnhumby,10,BTYD_recal,all,CRPS,6.408674091273019
Dunnhumby,10,BTYD_recal,all,pit_ks,0.09687750200160128
Dunnhumby,10,BTYD_recal,all,cov95,0.8863090472377902
Dunnhumby,10,BTYD_recal,all,cov50,0.533226581265012
Dunnhumby,10,BTYD_recal,all,nMAE,0.3498381353188734
Dunnhumby,10,BTYD_recal,x>0,CRPS,6.477743656862745
Dunnhumby,10,BTYD_recal,x>0,pit_ks,0.09395424836601307
Dunnhumby,10,BTYD_recal,x>0,cov95,0.8888888888888888
Dunnhumby,10,BTYD_recal,x>0,cov50,0.5334967320261438
Dunnhumby,10,BTYD_recal,x>0,nMAE,0.34774417773735666
Dunnhumby,11,BTYD_raw,all,CRPS,6.9519976606285026
Dunnhumby,11,BTYD_raw,all,pit_ks,0.16064019193405044
Dunnhumby,11,BTYD_raw,all,cov95,0.8022417934347478
Dunnhumby,11,BTYD_raw,all,cov50,0.37229783827061647
Dunnhumby,11,BTYD_raw,all,nMAE,0.3536543287327478
Dunnhumby,11,BTYD_raw,x>0,CRPS,7.024951568851626
Dunnhumby,11,BTYD_raw,x>0,pit_ks,0.15982616126072335
Dunnhumby,11,BTYD_raw,x>0,cov95,0.802439024390244
Dunnhumby,11,BTYD_raw,x>0,cov50,0.3699186991869919
Dunnhumby,11,BTYD_raw,x>0,nMAE,0.3526094196751186
Dunnhumby,11,BTYD_recal,all,CRPS,6.757570597277822
Dunnhumby,11,BTYD_recal,all,pit_ks,0.0920736589271417
Dunnhumby,11,BTYD_recal,all,cov95,0.8863090472377902
Dunnhumby,11,BTYD_recal,all,cov50,0.5532425940752602
Dunnhumby,11,BTYD_recal,all,nMAE,0.35617942283563364
Dunnhumby,11,BTYD_recal,x>0,CRPS,6.8327073105691065
Dunnhumby,11,BTYD_recal,x>0,pit_ks,0.09186991869918704
Dunnhumby,11,BTYD_recal,x>0,cov95,0.8861788617886179
Dunnhumby,11,BTYD_recal,x>0,cov50,0.551219512195122
Dunnhumby,11,BTYD_recal,x>0,nMAE,0.35520155842523643
Dunnhumby,12,BTYD_raw,all,CRPS,7.001155580714571
Dunnhumby,12,BTYD_raw,all,pit_ks,0.16310240820600297
Dunnhumby,12,BTYD_raw,all,cov95,0.7950360288230585
Dunnhumby,12,BTYD_raw,all,cov50,0.37469975980784626
Dunnhumby,12,BTYD_raw,all,nMAE,0.3522872755659641
Dunnhumby,12,BTYD_raw,x>0,CRPS,7.0688178738793805
Dunnhumby,12,BTYD_raw,x>0,pit_ks,0.15746474405246125
Dunnhumby,12,BTYD_raw,x>0,cov95,0.7954360228198859
Dunnhumby,12,BTYD_raw,x>0,cov50,0.3732681336593317
Dunnhumby,12,BTYD_raw,x>0,nMAE,0.35062617407639324
Dunnhumby,12,BTYD_recal,all,CRPS,6.788144832666134
Dunnhumby,12,BTYD_recal,all,pit_ks,0.10248198558847077
Dunnhumby,12,BTYD_recal,all,cov95,0.8855084067253803
Dunnhumby,12,BTYD_recal,all,cov50,0.6188951160928743
Dunnhumby,12,BTYD_recal,all,nMAE,0.35163153786104606
Dunnhumby,12,BTYD_recal,x>0,CRPS,6.8574751980440105
Dunnhumby,12,BTYD_recal,x>0,pit_ks,0.10187449062754683
Dunnhumby,12,BTYD_recal,x>0,cov95,0.8859005704971475
Dunnhumby,12,BTYD_recal,x>0,cov50,0.6177669111654441
Dunnhumby,12,BTYD_recal,x>0,nMAE,0.3499686912961803
Dunnhumby,13,BTYD_raw,all,CRPS,7.045916045336269
Dunnhumby,13,BTYD_raw,all,pit_ks,0.17580631764058718
Dunnhumby,13,BTYD_raw,all,cov95,0.7910328262610088
Dunnhumby,13,BTYD_raw,all,cov50,0.37229783827061647
Dunnhumby,13,BTYD_raw,all,nMAE,0.348950143372491
Dunnhumby,13,BTYD_raw,x>0,CRPS,7.108995299796748
Dunnhumby,13,BTYD_raw,x>0,pit_ks,0.17421366542811423
Dunnhumby,13,BTYD_raw,x>0,cov95,0.7926829268292683
Dunnhumby,13,BTYD_raw,x>0,cov50,0.37154471544715445
Dunnhumby,13,BTYD_raw,x>0,nMAE,0.3476427335640138
Dunnhumby,13,BTYD_recal,all,CRPS,6.766039253803043
Dunnhumby,13,BTYD_recal,all,pit_ks,0.10248198558847077
Dunnhumby,13,BTYD_recal,all,cov95,0.877502001601281
Dunnhumby,13,BTYD_recal,all,cov50,0.5668534827862289
Dunnhumby,13,BTYD_recal,all,nMAE,0.3477630808127525
Dunnhumby,13,BTYD_recal,x>0,CRPS,6.830224900813008
Dunnhumby,13,BTYD_recal,x>0,pit_ks,0.10162601626016265
Dunnhumby,13,BTYD_recal,x>0,cov95,0.8780487804878049
Dunnhumby,13,BTYD_recal,x>0,cov50,0.5658536585365853
Dunnhumby,13,BTYD_recal,x>0,nMAE,0.34645328719723184
Dunnhumby,14,BTYD_raw,all,CRPS,6.686891106635307
Dunnhumby,14,BTYD_raw,all,pit_ks,0.1559898182789301
Dunnhumby,14,BTYD_raw,all,cov95,0.7934347477982386
Dunnhumby,14,BTYD_raw,all,cov50,0.39951961569255406
Dunnhumby,14,BTYD_raw,all,nMAE,0.34332602548215935
Dunnhumby,14,BTYD_raw,x>0,CRPS,6.724134167599756
Dunnhumby,14,BTYD_raw,x>0,pit_ks,0.15334632180880903
Dunnhumby,14,BTYD_raw,x>0,cov95,0.7972312703583062
Dunnhumby,14,BTYD_raw,x>0,cov50,0.3998371335504886
Dunnhumby,14,BTYD_raw,x>0,nMAE,0.3410858891793662
Dunnhumby,14,BTYD_recal,all,CRPS,6.510048903122498
Dunnhumby,14,BTYD_recal,all,pit_ks,0.09296229750647489
Dunnhumby,14,BTYD_recal,all,cov95,0.8839071257005604
Dunnhumby,14,BTYD_recal,all,cov50,0.5692554043234588
Dunnhumby,14,BTYD_recal,all,nMAE,0.34915641978839
Dunnhumby,14,BTYD_recal,x>0,CRPS,6.552789785016286
Dunnhumby,14,BTYD_recal,x>0,pit_ks,0.0895765472312704
Dunnhumby,14,BTYD_recal,x>0,cov95,0.8868078175895765
Dunnhumby,14,BTYD_recal,x>0,cov50,0.5708469055374593
Dunnhumby,14,BTYD_recal,x>0,nMAE,0.3469361729260983
Ta-Feng,0,BTYD_raw,all,CRPS,0.9514461551796248
Ta-Feng,0,BTYD_raw,all,pit_ks,0.06721545264689432
Ta-Feng,0,BTYD_raw,all,cov95,0.9740248305010126
Ta-Feng,0,BTYD_raw,all,cov50,0.7533679668926653
Ta-Feng,0,BTYD_raw,all,nMAE,0.6948491036986613
Ta-Feng,0,BTYD_raw,x>0,CRPS,1.295670284662198
Ta-Feng,0,BTYD_raw,x>0,pit_ks,0.07472935436167177
Ta-Feng,0,BTYD_raw,x>0,cov95,0.968601164226495
Ta-Feng,0,BTYD_raw,x>0,cov50,0.6990650908449462
Ta-Feng,0,BTYD_raw,x>0,nMAE,0.6043562496330652
Ta-Feng,0,BTYD_recal,all,CRPS,0.9467346665492649
Ta-Feng,0,BTYD_recal,all,pit_ks,0.02705582296731268
Ta-Feng,0,BTYD_recal,all,cov95,0.979572070088932
Ta-Feng,0,BTYD_recal,all,cov50,0.7784626221713481
Ta-Feng,0,BTYD_recal,all,nMAE,0.6900839573405945
Ta-Feng,0,BTYD_recal,x>0,CRPS,1.2818355413653202
Ta-Feng,0,BTYD_recal,x>0,pit_ks,0.03225473628660491
Ta-Feng,0,BTYD_recal,x>0,cov95,0.976539072146763
Ta-Feng,0,BTYD_recal,x>0,cov50,0.7080613864879167
Ta-Feng,0,BTYD_recal,x>0,nMAE,0.5966946515587389
Ta-Feng,1,BTYD_raw,all,CRPS,0.9518996337611164
Ta-Feng,1,BTYD_raw,all,pit_ks,0.07084170385194066
Ta-Feng,1,BTYD_raw,all,cov95,0.9744650876111649
Ta-Feng,1,BTYD_raw,all,cov50,0.7481729329928678
Ta-Feng,1,BTYD_raw,all,nMAE,0.6969079632396215
Ta-Feng,1,BTYD_raw,x>0,CRPS,1.2927526684271258
Ta-Feng,1,BTYD_raw,x>0,pit_ks,0.0763556088159234
Ta-Feng,1,BTYD_raw,x>0,cov95,0.9685780223681875
Ta-Feng,1,BTYD_raw,x>0,cov50,0.6957216403337475
Ta-Feng,1,BTYD_raw,x>0,nMAE,0.6026063422956992
Ta-Feng,1,BTYD_recal,all,CRPS,0.9444921074227348
Ta-Feng,1,BTYD_recal,all,pit_ks,0.038072025276268684
Ta-Feng,1,BTYD_recal,all,cov95,0.9798362243550234
Ta-Feng,1,BTYD_recal,all,cov50,0.7479087787267764
Ta-Feng,1,BTYD_recal,all,nMAE,0.6896645389107701
Ta-Feng,1,BTYD_recal,x>0,CRPS,1.2787403067637138
Ta-Feng,1,BTYD_recal,x>0,pit_ks,0.04050068848593219
Ta-Feng,1,BTYD_recal,x>0,cov95,0.974968933072963
Ta-Feng,1,BTYD_recal,x>0,cov50,0.6818746671400675
Ta-Feng,1,BTYD_recal,x>0,nMAE,0.5947520150614815
Ta-Feng,2,BTYD_raw,all,CRPS,0.9430695448016642
Ta-Feng,2,BTYD_raw,all,pit_ks,0.08107736872626647
Ta-Feng,2,BTYD_raw,all,cov95,0.9747292418772563
Ta-Feng,2,BTYD_raw,all,cov50,0.7494056529012944
Ta-Feng,2,BTYD_raw,all,nMAE,0.6943707093821511
Ta-Feng,2,BTYD_raw,x>0,CRPS,1.2795144016903914
Ta-Feng,2,BTYD_raw,x>0,pit_ks,0.09695429669234812
Ta-Feng,2,BTYD_raw,x>0,cov95,0.9711743772241993
Ta-Feng,2,BTYD_raw,x>0,cov50,0.697508896797153
Ta-Feng,2,BTYD_raw,x>0,nMAE,0.6020146629313943
Ta-Feng,2,BTYD_recal,all,CRPS,0.9325361222153739
Ta-Feng,2,BTYD_recal,all,pit_ks,0.01768903518470194
Ta-Feng,2,BTYD_recal,all,cov95,0.9854715153649731
Ta-Feng,2,BTYD_recal,all,cov50,0.7671920401514485
Ta-Feng,2,BTYD_recal,all,nMAE,0.6909382151029749
Ta-Feng,2,BTYD_recal,x>0,CRPS,1.2575016298932387
Ta-Feng,2,BTYD_recal,x>0,pit_ks,0.026760523935919822
Ta-Feng,2,BTYD_recal,x>0,cov95,0.9830960854092526
Ta-Feng,2,BTYD_recal,x>0,cov50,0.698932384341637
Ta-Feng,2,BTYD_recal,x>0,nMAE,0.5920605590987662
Ta-Feng,3,BTYD_raw,all,CRPS,0.9515981780234656
Ta-Feng,3,BTYD_raw,all,pit_ks,0.08090304649466817
Ta-Feng,3,BTYD_raw,all,cov95,0.9756978075195915
Ta-Feng,3,BTYD_raw,all,cov50,0.752927709782513
Ta-Feng,3,BTYD_raw,all,nMAE,0.6893413821064961
Ta-Feng,3,BTYD_raw,x>0,CRPS,1.2828621927358905
Ta-Feng,3,BTYD_raw,x>0,pit_ks,0.0896070339672499
Ta-Feng,3,BTYD_raw,x>0,cov95,0.9719576719576719
Ta-Feng,3,BTYD_raw,x>0,cov50,0.7059964726631394
Ta-Feng,3,BTYD_raw,x>0,nMAE,0.5950268503385477
Ta-Feng,3,BTYD_recal,all,CRPS,0.9415037062604561
Ta-Feng,3,BTYD_recal,all,pit_ks,0.035585718466334404
Ta-Feng,3,BTYD_recal,all,cov95,0.9773707845381703
Ta-Feng,3,BTYD_recal,all,cov50,0.7686008629039359
Ta-Feng,3,BTYD_recal,all,nMAE,0.6817956572664204
Ta-Feng,3,BTYD_recal,x>0,CRPS,1.2647311097001763
Ta-Feng,3,BTYD_recal,x>0,pit_ks,0.04407962237266244
Ta-Feng,3,BTYD_recal,x>0,cov95,0.9738977072310405
Ta-Feng,3,BTYD_recal,x>0,cov50,0.7160493827160493
Ta-Feng,3,BTYD_recal,x>0,nMAE,0.5861837497081485
Ta-Feng,4,BTYD_raw,all,CRPS,0.9417550127399402
Ta-Feng,4,BTYD_raw,all,pit_ks,0.0679742326573245
Ta-Feng,4,BTYD_raw,all,cov95,0.9748172932992868
Ta-Feng,4,BTYD_raw,all,cov50,0.7524874526723606
Ta-Feng,4,BTYD_raw,all,nMAE,0.6915276638410355
Ta-Feng,4,BTYD_raw,x>0,CRPS,1.2723160220511025
Ta-Feng,4,BTYD_raw,x>0,pit_ks,0.07971255442993225
Ta-Feng,4,BTYD_raw,x>0,cov95,0.9707735386769338
Ta-Feng,4,BTYD_raw,x>0,cov50,0.696184809240462
Ta-Feng,4,BTYD_raw,x>0,nMAE,0.6012896766974853
Ta-Feng,4,BTYD_recal,all,CRPS,0.9372872043673506
Ta-Feng,4,BTYD_recal,all,pit_ks,0.03432758106790601
Ta-Feng,4,BTYD_recal,all,cov95,0.9806286871532975
Ta-Feng,4,BTYD_recal,all,cov50,0.7649027031786564
Ta-Feng,4,BTYD_recal,all,nMAE,0.6944672317929086
Ta-Feng,4,BTYD_recal,x>0,CRPS,1.2618770353517677
Ta-Feng,4,BTYD_recal,x>0,pit_ks,0.04329177254496952
Ta-Feng,4,BTYD_recal,x>0,cov95,0.9767238361918096
Ta-Feng,4,BTYD_recal,x>0,cov50,0.6923346167308365
Ta-Feng,4,BTYD_recal,x>0,nMAE,0.6011424533301924
Ta-Feng,5,BTYD_raw,all,CRPS,0.9391877531478383
Ta-Feng,5,BTYD_raw,all,pit_ks,0.06795909376113296
Ta-Feng,5,BTYD_raw,all,cov95,0.9749933961433477
Ta-Feng,5,BTYD_raw,all,cov50,0.7531038126265739
Ta-Feng,5,BTYD_raw,all,nMAE,0.6928056563059547
Ta-Feng,5,BTYD_raw,x>0,CRPS,1.2627744883849559
Ta-Feng,5,BTYD_raw,x>0,pit_ks,0.080049756256235
Ta-Feng,5,BTYD_raw,x>0,cov95,0.972212389380531
Ta-Feng,5,BTYD_raw,x>0,cov50,0.7061946902654868
Ta-Feng,5,BTYD_raw,x>0,nMAE,0.5966399137517969
Ta-Feng,5,BTYD_recal,all,CRPS,0.9321804712512107
Ta-Feng,5,BTYD_recal,all,pit_ks,0.022797912952237653
Ta-Feng,5,BTYD_recal,all,cov95,0.9747292418772563
Ta-Feng,5,BTYD_recal,all,cov50,0.7708021484546975
Ta-Feng,5,BTYD_recal,all,nMAE,0.6884440567467058
Ta-Feng,5,BTYD_recal,x>0,CRPS,1.250936977699115
Ta-Feng,5,BTYD_recal,x>0,pit_ks,0.040004947161164095
Ta-Feng,5,BTYD_recal,x>0,cov95,0.9716814159292035
Ta-Feng,5,BTYD_recal,x>0,cov50,0.715929203539823
Ta-Feng,5,BTYD_recal,x>0,nMAE,0.5909199808337326
Ta-Feng,6,BTYD_raw,all,CRPS,0.9455794471471339
Ta-Feng,6,BTYD_raw,all,pit_ks,0.06777084211029105
Ta-Feng,6,BTYD_raw,all,cov95,0.9743770361891344
Ta-Feng,6,BTYD_raw,all,cov50,0.7501100642775381
Ta-Feng,6,BTYD_raw,all,nMAE,0.6931127462181801
Ta-Feng,6,BTYD_raw,x>0,CRPS,1.2747416283822492
Ta-Feng,6,BTYD_raw,x>0,pit_ks,0.07934067006804929
Ta-Feng,6,BTYD_raw,x>0,cov95,0.9705623127093249
Ta-Feng,6,BTYD_raw,x>0,cov50,0.6953992596509783
Ta-Feng,6,BTYD_raw,x>0,nMAE,0.6001957643708845
Ta-Feng,6,BTYD_recal,all,CRPS,0.9412067486131901
Ta-Feng,6,BTYD_recal,all,pit_ks,0.037478353126852326
Ta-Feng,6,BTYD_recal,all,cov95,0.9792198644008101
Ta-Feng,6,BTYD_recal,all,cov50,0.7828651932728714
Ta-Feng,6,BTYD_recal,all,nMAE,0.6914674832046067
Ta-Feng,6,BTYD_recal,x>0,CRPS,1.2656198857747223
Ta-Feng,6,BTYD_recal,x>0,pit_ks,0.053073896291071065
Ta-Feng,6,BTYD_recal,x>0,cov95,0.9753216992772783
Ta-Feng,6,BTYD_recal,x>0,cov50,0.7354133615371056
Ta-Feng,6,BTYD_recal,x>0,nMAE,0.5958948804650886
Ta-Feng,7,BTYD_raw,all,CRPS,0.944088592112794
Ta-Feng,7,BTYD_raw,all,pit_ks,0.06680719524443102
Ta-Feng,7,BTYD_raw,all,cov95,0.975785858941622
Ta-Feng,7,BTYD_raw,all,cov50,0.7533679668926653
Ta-Feng,7,BTYD_raw,all,nMAE,0.6855100568233066
Ta-Feng,7,BTYD_raw,x>0,CRPS,1.2781022701092681
Ta-Feng,7,BTYD_raw,x>0,pit_ks,0.06808829581183629
Ta-Feng,7,BTYD_raw,x>0,cov95,0.9717395120238722
Ta-Feng,7,BTYD_raw,x>0,cov50,0.7007196770229945
Ta-Feng,7,BTYD_raw,x>0,nMAE,0.5941792782305005
Ta-Feng,7,BTYD_recal,all,CRPS,0.9394801363036014
Ta-Feng,7,BTYD_recal,all,pit_ks,0.03679608919006161
Ta-Feng,7,BTYD_recal,all,cov95,0.9704147221977635
Ta-Feng,7,BTYD_recal,all,cov50,0.7442106190014969
Ta-Feng,7,BTYD_recal,all,nMAE,0.6820375214214847
Ta-Feng,7,BTYD_recal,x>0,CRPS,1.2704907446024223
Ta-Feng,7,BTYD_recal,x>0,pit_ks,0.041139977876154976
Ta-Feng,7,BTYD_recal,x>0,cov95,0.9654203967000176
Ta-Feng,7,BTYD_recal,x>0,cov50,0.6824644549763034
Ta-Feng,7,BTYD_recal,x>0,nMAE,0.5879511059371362
Ta-Feng,8,BTYD_raw,all,CRPS,0.9487781970921016
Ta-Feng,8,BTYD_raw,all,pit_ks,0.06964991741576926
Ta-Feng,8,BTYD_raw,all,cov95,0.9742009333450735
Ta-Feng,8,BTYD_raw,all,cov50,0.7514308356079951
Ta-Feng,8,BTYD_raw,all,nMAE,0.680742790822248
Ta-Feng,8,BTYD_raw,x>0,CRPS,1.270902759683863
Ta-Feng,8,BTYD_raw,x>0,pit_ks,0.08092497376701402
Ta-Feng,8,BTYD_raw,x>0,cov95,0.9716866423484454
Ta-Feng,8,BTYD_raw,x>0,cov50,0.7027965954490186
Ta-Feng,8,BTYD_raw,x>0,nMAE,0.5880577276908924
Ta-Feng,8,BTYD_recal,all,CRPS,0.9422684384960818
Ta-Feng,8,BTYD_recal,all,pit_ks,0.03658917008980472
Ta-Feng,8,BTYD_recal,all,cov95,0.9736726248128907
Ta-Feng,8,BTYD_recal,all,cov50,0.747644624460685
Ta-Feng,8,BTYD_recal,all,nMAE,0.6748950986519061
Ta-Feng,8,BTYD_recal,x>0,CRPS,1.2599548841410457
Ta-Feng,8,BTYD_recal,x>0,pit_ks,0.04648573819387636
Ta-Feng,8,BTYD_recal,x>0,cov95,0.9704707312836547
Ta-Feng,8,BTYD_recal,x>0,cov50,0.6809101962827862
Ta-Feng,8,BTYD_recal,x>0,nMAE,0.5816467341306348
Ta-Feng,9,BTYD_raw,all,CRPS,0.9496572873558158
Ta-Feng,9,BTYD_raw,all,pit_ks,0.0645597638178721
Ta-Feng,9,BTYD_raw,all,cov95,0.9739367790789821
Ta-Feng,9,BTYD_raw,all,cov50,0.7534560183146958
Ta-Feng,9,BTYD_raw,all,nMAE,0.6955820189991364
Ta-Feng,9,BTYD_raw,x>0,CRPS,1.279232077767592
Ta-Feng,9,BTYD_raw,x>0,pit_ks,0.06992826093881904
Ta-Feng,9,BTYD_raw,x>0,cov95,0.9703160467958791
Ta-Feng,9,BTYD_raw,x>0,cov50,0.7029858564693556
Ta-Feng,9,BTYD_raw,x>0,nMAE,0.6037202731339769
Ta-Feng,9,BTYD_recal,all,CRPS,0.9465478073434886
Ta-Feng,9,BTYD_recal,all,pit_ks,0.029007563220943444
Ta-Feng,9,BTYD_recal,all,cov95,0.9785154530245663
Ta-Feng,9,BTYD_recal,all,cov50,0.7760852337765255
Ta-Feng,9,BTYD_recal,all,nMAE,0.6895595654742966
Ta-Feng,9,BTYD_recal,x>0,CRPS,1.2685674887375589
Ta-Feng,9,BTYD_recal,x>0,pit_ks,0.02870906310032373
Ta-Feng,9,BTYD_recal,x>0,cov95,0.9750305570106513
Ta-Feng,9,BTYD_recal,x>0,cov50,0.7082242011524358
Ta-Feng,9,BTYD_recal,x>0,nMAE,0.5993642571226748
Ta-Feng,10,BTYD_raw,all,CRPS,0.9512287403968918
Ta-Feng,10,BTYD_raw,all,pit_ks,0.07975381505528673
Ta-Feng,10,BTYD_raw,all,cov95,0.9745531390331954
Ta-Feng,10,BTYD_raw,all,cov50,0.7512547327639342
Ta-Feng,10,BTYD_raw,all,nMAE,0.6952342084977101
Ta-Feng,10,BTYD_raw,x>0,CRPS,1.2906021204365783
Ta-Feng,10,BTYD_raw,x>0,pit_ks,0.0876460734631086
Ta-Feng,10,BTYD_raw,x>0,cov95,0.9690886480724817
Ta-Feng,10,BTYD_raw,x>0,cov50,0.7031444306271096
Ta-Feng,10,BTYD_raw,x>0,nMAE,0.6027797450424929
Ta-Feng,10,BTYD_recal,all,CRPS,0.9417563673505327
Ta-Feng,10,BTYD_recal,all,pit_ks,0.017962805102507362
Ta-Feng,10,BTYD_recal,all,cov95,0.9830941269701505
Ta-Feng,10,BTYD_recal,all,cov50,0.7564497666637316
Ta-Feng,10,BTYD_recal,all,nMAE,0.6834897746338366
Ta-Feng,10,BTYD_recal,x>0,CRPS,1.2707252243737786
Ta-Feng,10,BTYD_recal,x>0,pit_ks,0.025166576399013152
Ta-Feng,10,BTYD_recal,x>0,cov95,0.9785041748090247
Ta-Feng,10,BTYD_recal,x>0,cov50,0.6901758749333807
Ta-Feng,10,BTYD_recal,x>0,nMAE,0.5884088762983947
Ta-Feng,11,BTYD_raw,all,CRPS,0.9452841997226379
Ta-Feng,11,BTYD_raw,all,pit_ks,0.06511661709846839
Ta-Feng,11,BTYD_raw,all,cov95,0.9732323677027384
Ta-Feng,11,BTYD_raw,all,cov50,0.7570661266179449
Ta-Feng,11,BTYD_raw,all,nMAE,0.6923986179305328
Ta-Feng,11,BTYD_raw,x>0,CRPS,1.2649273927663862
Ta-Feng,11,BTYD_raw,x>0,pit_ks,0.07170830513329868
Ta-Feng,11,BTYD_raw,x>0,cov95,0.9703820539782685
Ta-Feng,11,BTYD_raw,x>0,cov50,0.7099544339291973
Ta-Feng,11,BTYD_raw,x>0,nMAE,0.5990831115054718
Ta-Feng,11,BTYD_recal,all,CRPS,0.9399823175134279
Ta-Feng,11,BTYD_recal,all,pit_ks,0.012536234751893083
Ta-Feng,11,BTYD_recal,all,cov95,0.9685656423351238
Ta-Feng,11,BTYD_recal,all,cov50,0.7763493880426169
Ta-Feng,11,BTYD_recal,all,nMAE,0.6856019276232043
Ta-Feng,11,BTYD_recal,x>0,CRPS,1.2555190837714687
Ta-Feng,11,BTYD_recal,x>0,pit_ks,0.02239579565939076
Ta-Feng,11,BTYD_recal,x>0,cov95,0.9652996845425867
Ta-Feng,11,BTYD_recal,x>0,cov50,0.7202944269190326
Ta-Feng,11,BTYD_recal,x>0,nMAE,0.5903578822833482
Ta-Feng,12,BTYD_raw,all,CRPS,0.9517961870982654
Ta-Feng,12,BTYD_raw,all,pit_ks,0.07963468157534404
Ta-Feng,12,BTYD_raw,all,cov95,0.9728801620146166
Ta-Feng,12,BTYD_raw,all,cov50,0.7493176014792639
Ta-Feng,12,BTYD_raw,all,nMAE,0.6959155888359428
Ta-Feng,12,BTYD_raw,x>0,CRPS,1.280343261463595
Ta-Feng,12,BTYD_raw,x>0,pit_ks,0.08417790448588658
Ta-Feng,12,BTYD_raw,x>0,cov95,0.96864657725135
Ta-Feng,12,BTYD_raw,x>0,cov50,0.700226441386518
Ta-Feng,12,BTYD_raw,x>0,nMAE,0.6043868921775898
Ta-Feng,12,BTYD_recal,all,CRPS,0.9422320574095271
Ta-Feng,12,BTYD_recal,all,pit_ks,0.03128956376853298
Ta-Feng,12,BTYD_recal,all,cov95,0.9727921105925861
Ta-Feng,12,BTYD_recal,all,cov50,0.7329400369815973
Ta-Feng,12,BTYD_recal,all,nMAE,0.6851372815974587
Ta-Feng,12,BTYD_recal,x>0,CRPS,1.2635503124891132
Ta-Feng,12,BTYD_recal,x>0,pit_ks,0.028393877684202706
Ta-Feng,12,BTYD_recal,x>0,cov95,0.968472391569413
Ta-Feng,12,BTYD_recal,x>0,cov50,0.6551123497648493
Ta-Feng,12,BTYD_recal,x>0,nMAE,0.5926708949964764
Ta-Feng,13,BTYD_raw,all,CRPS,0.9446001983908603
Ta-Feng,13,BTYD_raw,all,pit_ks,0.08073820009556643
Ta-Feng,13,BTYD_raw,all,cov95,0.9762261160517742
Ta-Feng,13,BTYD_raw,all,cov50,0.7523113498282997
Ta-Feng,13,BTYD_raw,all,nMAE,0.6904048656499636
Ta-Feng,13,BTYD_raw,x>0,CRPS,1.2676019024731324
Ta-Feng,13,BTYD_raw,x>0,pit_ks,0.09631697623002694
Ta-Feng,13,BTYD_raw,x>0,cov95,0.9749823819591261
Ta-Feng,13,BTYD_raw,x>0,cov50,0.702431289640592
Ta-Feng,13,BTYD_raw,x>0,nMAE,0.5965798334219387
Ta-Feng,13,BTYD_recal,all,CRPS,0.9347791747820726
Ta-Feng,13,BTYD_recal,all,pit_ks,0.024682990386935277
Ta-Feng,13,BTYD_recal,all,cov95,0.9852954125209122
Ta-Feng,13,BTYD_recal,all,cov50,0.7642863432244431
Ta-Feng,13,BTYD_recal,all,nMAE,0.6823257080610021
Ta-Feng,13,BTYD_recal,x>0,CRPS,1.2485711761804088
Ta-Feng,13,BTYD_recal,x>0,pit_ks,0.045817301406177346
Ta-Feng,13,BTYD_recal,x>0,cov95,0.9848484848484849
Ta-Feng,13,BTYD_recal,x>0,cov50,0.7036645525017619
Ta-Feng,13,BTYD_recal,x>0,nMAE,0.5842636895268475
Ta-Feng,14,BTYD_raw,all,CRPS,0.9527522122919786
Ta-Feng,14,BTYD_raw,all,pit_ks,0.07693222917916126
Ta-Feng,14,BTYD_raw,all,cov95,0.9727040591705556
Ta-Feng,14,BTYD_raw,all,cov50,0.7475565730386545
Ta-Feng,14,BTYD_raw,all,nMAE,0.6937260212141728
Ta-Feng,14,BTYD_raw,x>0,CRPS,1.2821993672634835
Ta-Feng,14,BTYD_raw,x>0,pit_ks,0.08129077092322678
Ta-Feng,14,BTYD_raw,x>0,cov95,0.9704686118479222
Ta-Feng,14,BTYD_raw,x>0,cov50,0.6984969053934571
Ta-Feng,14,BTYD_raw,x>0,nMAE,0.5985547265143059
Ta-Feng,14,BTYD_recal,all,CRPS,0.9430178335828122
Ta-Feng,14,BTYD_recal,all,pit_ks,0.006926261634980668
Ta-Feng,14,BTYD_recal,all,cov95,0.9783393501805054
Ta-Feng,14,BTYD_recal,all,cov50,0.751606938452056
Ta-Feng,14,BTYD_recal,all,nMAE,0.6858045587903407
Ta-Feng,14,BTYD_recal,x>0,CRPS,1.261744505039788
Ta-Feng,14,BTYD_recal,x>0,pit_ks,0.01636505857455972
Ta-Feng,14,BTYD_recal,x>0,cov95,0.9775419982316534
Ta-Feng,14,BTYD_recal,x>0,cov50,0.6778072502210434
Ta-Feng,14,BTYD_recal,x>0,nMAE,0.5883908113506844
