N,T,rep,horizon,method,cond,n_active,pct_active,E_lambda,E_mu,CV_lambda,CV_mu,nMAE,nRMSE,nMdAE,CRPS,cov50,cov80,cov95,sharpness_std,pit_ks
100,26,0,13,MCMC,all,15,0.15,0.0831055959688779,0.1750201710125386,1.9714277776503368,1.918189625633362,0.7380952380952381,2.142857142857143,0.0,0.24858218750000002,0.89,0.93,0.98,0.6426864601624365,0.0746318007193334
100,26,0,13,MCMC,active,15,0.15,0.0831055959688779,0.1750201710125386,1.9714277776503368,1.918189625633362,0.5476190476190477,0.7319250547114,0.35714285714285715,1.2248641666666666,0.4666666666666667,0.6,0.8666666666666667,1.6740896634433893,0.3302689615120433
100,26,0,13,MLE_plugin,all,15,0.15,0.0831055959688779,0.1750201710125386,1.9714277776503368,1.918189625633362,0.75,2.1593282318115543,0.0,0.24648931249999997,0.89,0.94,0.97,0.6225755954014296,0.0764816931647535
100,26,0,13,MLE_plugin,active,15,0.15,0.0831055959688779,0.1750201710125386,1.9714277776503368,1.918189625633362,0.5595238095238095,0.7391505512512089,0.35714285714285715,1.2369875000000001,0.4666666666666667,0.6666666666666666,0.8,1.64613860967408,0.3158263078715762
100,26,0,13,heuristic,all,15,0.15,0.0831055959688779,0.1750201710125386,1.9714277776503368,1.918189625633362,1.0238095238095237,2.3206653201926106,0.0,0.43,0.75,0.75,0.75,0.0,0.18
100,26,0,13,heuristic,active,15,0.15,0.0831055959688779,0.1750201710125386,1.9714277776503368,1.918189625633362,0.5,0.6321865736834169,0.35714285714285715,1.4,0.26666666666666666,0.26666666666666666,0.26666666666666666,0.0,0.4262292084763656
100,26,0,26,MCMC,all,20,0.2,0.0831055959688779,0.1750201710125386,1.9714277776503368,1.918189625633362,0.6862745098039215,1.8288978535468263,0.0,0.5090599375,0.84,0.89,0.98,1.0682657647103238,0.057351421071526465
100,26,0,26,MCMC,active,20,0.2,0.0831055959688779,0.1750201710125386,1.9714277776503368,1.918189625633362,0.5784313725490197,0.7732056530639355,0.4901960784313726,2.11790375,0.3,0.45,0.9,2.485931674469893,0.47725528266124984
100,26,0,26,MLE_plugin,all,20,0.2,0.0831055959688779,0.1750201710125386,1.9714277776503368,1.918189625633362,0.6568627450980392,1.8419896302015621,0.0,0.497455375,0.85,0.9,0.97,1.0438633220870215,0.05324538330055639
100,26,0,26,MLE_plugin,active,20,0.2,0.0831055959688779,0.1750201710125386,1.9714277776503368,1.918189625633362,0.5686274509803921,0.7843137254901962,0.3921568627450981,2.0936990625,0.35,0.5,0.85,2.504789835549764,0.5075135988148091
100,26,0,26,heuristic,all,20,0.2,0.0831055959688779,0.1750201710125386,1.9714277776503368,1.918189625633362,0.6862745098039215,1.6049711317396962,0.0,0.7,0.71,0.71,0.71,0.0,0.16
100,26,0,26,heuristic,active,20,0.2,0.0831055959688779,0.1750201710125386,1.9714277776503368,1.918189625633362,0.4019607843137255,0.5563239591808278,0.19607843137254904,2.05,0.15,0.15,0.15,0.0,0.6
100,26,0,52,MCMC,all,26,0.26,0.0831055959688779,0.1750201710125386,1.9714277776503368,1.918189625633362,0.6729857819905213,1.8449963658598796,0.0,1.0356289374999998,0.78,0.9,0.96,1.9173571675433345,0.058082823243452486
100,26,0,52,MCMC,active,26,0.26,0.0831055959688779,0.1750201710125386,1.9714277776503368,1.918189625633362,0.5829383886255924,0.9017825362985654,0.3696682464454977,3.393321153846153,0.2692307692307692,0.6153846153846154,0.8461538461538461,3.876441986492168,0.5066770277030623
100,26,0,52,MLE_plugin,all,26,0.26,0.0831055959688779,0.1750201710125386,1.9714277776503368,1.918189625633362,0.6469194312796209,1.877429395049977,0.0,1.0136499999999997,0.77,0.89,0.95,1.867046643155344,0.06940361085900293
100,26,0,52,MLE_plugin,active,26,0.26,0.0831055959688779,0.1750201710125386,1.9714277776503368,1.918189625633362,0.556872037914692,0.9190219932336109,0.3696682464454977,3.356418509615384,0.23076923076923078,0.5769230769230769,0.8076923076923077,3.9064902157484713,0.516979626681006
100,26,0,52,heuristic,all,26,0.26,0.0831055959688779,0.1750201710125386,1.9714277776503368,1.918189625633362,0.6682464454976303,1.5596666039719749,0.0,1.41,0.65,0.65,0.65,0.0,0.17000000000000004
100,26,0,52,heuristic,active,26,0.26,0.0831055959688779,0.1750201710125386,1.9714277776503368,1.918189625633362,0.4170616113744076,0.6273850518814374,0.24644549763033177,3.3846153846153846,0.038461538461538464,0.038461538461538464,0.038461538461538464,0.0,0.6538461538461539
100,26,1,13,MCMC,all,21,0.21,0.0781110825770495,0.10459529338839024,1.8470787289525985,2.464660361649605,0.7704918032786885,2.0409671472112674,0.0,0.38641337500000006,0.86,0.87,0.95,0.6675500731126095,0.07419678019568643
100,26,1,13,MCMC,active,21,0.21,0.0781110825770495,0.10459529338839024,1.8470787289525985,2.464660361649605,0.5573770491803279,0.7047273855804812,0.3442622950819672,1.3177913690476188,0.42857142857142855,0.47619047619047616,0.8095238095238095,1.2571263693019537,0.4312262655194602
100,26,1,13,MLE_plugin,all,21,0.21,0.0781110825770495,0.10459529338839024,1.8470787289525985,2.464660361649605,0.7868852459016393,2.1121473322500206,0.0,0.38254599999999994,0.86,0.87,0.96,0.6312681540172883,0.07697142650737032
100,26,1,13,MLE_plugin,active,21,0.21,0.0781110825770495,0.10459529338839024,1.8470787289525985,2.464660361649605,0.5737704918032788,0.7474762698477375,0.3442622950819672,1.3248636904761903,0.42857142857142855,0.47619047619047616,0.8571428571428571,1.2300604108291573,0.4449702075587396
100,26,1,13,heuristic,all,21,0.21,0.0781110825770495,0.10459529338839024,1.8470787289525985,2.464660361649605,0.8852459016393444,2.187158043299399,0.0,0.54,0.71,0.71,0.71,0.0,0.1736966619684022
100,26,1,13,heuristic,active,21,0.21,0.0781110825770495,0.10459529338839024,1.8470787289525985,2.464660361649605,0.49180327868852464,0.6549175198504321,0.3442622950819672,1.4285714285714286,0.19047619047619047,0.19047619047619047,0.19047619047619047,0.0,0.5714285714285714
100,26,1,26,MCMC,all,25,0.25,0.0781110825770495,0.10459529338839024,1.8470787289525985,2.464660361649605,0.8281250000000001,2.1124270615284635,0.0,0.6087080625,0.82,0.86,0.96,1.1100893628595814,0.06271892019752628
100,26,1,26,MCMC,active,25,0.25,0.0781110825770495,0.10459529338839024,1.8470787289525985,2.464660361649605,0.765625,1.0432930012505277,0.5208333333333334,2.21944175,0.32,0.44,0.84,2.268887482059073,0.36669066934768124
100,26,1,26,MLE_plugin,all,25,0.25,0.0781110825770495,0.10459529338839024,1.8470787289525985,2.464660361649605,0.8697916666666666,2.1955457196206245,0.0,0.6292463125,0.82,0.88,0.95,1.0569819491892956,0.06295716968654175
100,26,1,26,MLE_plugin,active,25,0.25,0.0781110825770495,0.10459529338839024,1.8470787289525985,2.464660361649605,0.8072916666666667,1.087843675739866,0.5208333333333334,2.3167704999999996,0.32,0.52,0.8,2.1695204686815375,0.37058086572577276
100,26,1,26,heuristic,all,25,0.25,0.0781110825770495,0.10459529338839024,1.8470787289525985,2.464660361649605,1.0729166666666667,2.694274407578659,0.0,1.03,0.66,0.66,0.66,0.0,0.19369666196840218
100,26,1,26,heuristic,active,25,0.25,0.0781110825770495,0.10459529338839024,1.8470787289525985,2.464660361649605,0.8854166666666666,1.3083184049042158,0.5208333333333334,3.4,0.04,0.04,0.04,0.0,0.6
100,26,1,52,MCMC,all,31,0.31,0.0781110825770495,0.10459529338839024,1.8470787289525985,2.464660361649605,0.9051724137931034,2.0659700537952514,0.0,1.1341603750000002,0.71,0.86,0.96,2.00901433299644,0.07413139477568531
100,26,1,52,MCMC,active,31,0.31,0.0781110825770495,0.10459529338839024,1.8470787289525985,2.464660361649605,0.8304597701149424,1.1336962592995743,0.5344827586206896,3.2815340725806452,0.16129032258064516,0.5483870967741935,0.8709677419354839,3.6034810944386044,0.429183820661184
100,26,1,52,MLE_plugin,all,31,0.31,0.0781110825770495,0.10459529338839024,1.8470787289525985,2.464660361649605,0.9252873563218391,2.198228907920147,0.0,1.183997125,0.73,0.84,0.94,1.9078983014846798,0.07710157994198663
100,26,1,52,MLE_plugin,active,31,0.31,0.0781110825770495,0.10459529338839024,1.8470787289525985,2.464660361649605,0.8563218390804598,1.2104627116184896,0.5344827586206896,3.4736921370967737,0.16129032258064516,0.5161290322580645,0.8064516129032258,3.415992813157684,0.4539616005416917
100,26,1,52,heuristic,all,31,0.31,0.0781110825770495,0.10459529338839024,1.8470787289525985,2.464660361649605,1.160919540229885,2.810809025433904,0.0,2.02,0.6,0.6,0.6,0.0,0.24016471806004247
100,26,1,52,heuristic,active,31,0.31,0.0781110825770495,0.10459529338839024,1.8470787289525985,2.464660361649605,0.9770114942528735,1.5252314864734133,0.5344827586206896,5.483870967741935,0.03225806451612903,0.03225806451612903,0.03225806451612903,0.0,0.6774193548387097
100,26,2,13,MCMC,all,20,0.2,0.1796831596206278,0.13426945306259674,2.0487290778987606,1.87748129455126,0.689655172413793,2.486587086526889,0.0,0.392632375,0.88,0.93,0.98,0.7190638068732382,0.10064186188554403
100,26,2,13,MCMC,active,20,0.2,0.1796831596206278,0.13426945306259674,2.0487290778987606,1.87748129455126,0.6896551724137931,1.112035551489455,0.3448275862068966,1.9124921875000003,0.4,0.65,0.9,2.2642897153443022,0.46424433014028127
100,26,2,13,MLE_plugin,all,20,0.2,0.1796831596206278,0.13426945306259674,2.0487290778987606,1.87748129455126,0.7586206896551725,2.925959094565024,0.0,0.415012625,0.87,0.92,0.95,0.6665617645994218,0.11725611392350144
100,26,2,13,MLE_plugin,active,20,0.2,0.1796831596206278,0.13426945306259674,2.0487290778987606,1.87748129455126,0.7586206896551725,1.308528686966226,0.4597701149425288,2.0422728125000003,0.35,0.6,0.75,2.150098410367826,0.4915705108958207
100,26,2,13,heuristic,all,20,0.2,0.1796831596206278,0.13426945306259674,2.0487290778987606,1.87748129455126,0.7586206896551725,1.6336402762703328,0.0,0.66,0.69,0.69,0.69,0.0,0.22261811472971266
100,26,2,13,heuristic,active,20,0.2,0.1796831596206278,0.13426945306259674,2.0487290778987606,1.87748129455126,0.35632183908045983,0.49036158638394356,0.2298850574712644,1.55,0.25,0.25,0.25,0.0,0.44999999999999996
100,26,2,26,MCMC,all,21,0.21,0.1796831596206278,0.13426945306259674,2.0487290778987606,1.87748129455126,0.6993006993006994,2.6938965432528983,0.0,0.6651204999999999,0.86,0.94,0.97,1.2289740213340863,0.10172756612461287
100,26,2,26,MCMC,active,21,0.21,0.1796831596206278,0.13426945306259674,2.0487290778987606,1.87748129455126,0.6993006993006993,1.2344984823836287,0.4405594405594406,3.085457738095238,0.3333333333333333,0.7142857142857143,0.8571428571428571,3.7916310027696523,0.4402483572342728
100,26,2,26,MLE_plugin,all,21,0.21,0.1796831596206278,0.13426945306259674,2.0487290778987606,1.87748129455126,0.7832167832167833,3.0577917635070557,0.0,0.7442810625,0.85,0.91,0.96,1.0778651342368317,0.12668344219507477
100,26,2,26,MLE_plugin,active,21,0.21,0.1796831596206278,0.13426945306259674,2.0487290778987606,1.87748129455126,0.7832167832167832,1.401256221568359,0.2937062937062937,3.4941386904761904,0.2857142857142857,0.5714285714285714,0.8095238095238095,3.4420161778037093,0.49642397942194105
100,26,2,26,heuristic,all,21,0.21,0.1796831596206278,0.13426945306259674,2.0487290778987606,1.87748129455126,0.8811188811188811,1.9976023576343636,0.0,1.26,0.69,0.69,0.69,0.0,0.22261811472971266
100,26,2,26,heuristic,active,21,0.21,0.1796831596206278,0.13426945306259674,2.0487290778987606,1.87748129455126,0.44755244755244755,0.6425199789278414,0.14685314685314685,3.0476190476190474,0.23809523809523808,0.23809523809523808,0.23809523809523808,0.0,0.4285714285714286
100,26,2,52,MCMC,all,25,0.25,0.1796831596206278,0.13426945306259674,2.0487290778987606,1.87748129455126,0.7958477508650518,3.1800042161627773,0.0,1.5951348125000002,0.81,0.83,0.95,2.0459537068545877,0.13214998018057356
100,26,2,52,MCMC,active,25,0.25,0.1796831596206278,0.13426945306259674,2.0487290778987606,1.87748129455126,0.7958477508650518,1.5900021080813886,0.25951557093425603,6.2799475,0.24,0.32,0.8,5.654968250107045,0.5428065690480741
100,26,2,52,MLE_plugin,all,25,0.25,0.1796831596206278,0.13426945306259674,2.0487290778987606,1.87748129455126,0.8858131487889274,3.4791867045673137,0.0,1.8310089999999999,0.8,0.83,0.93,1.6426192529860004,0.14896722082388403
100,26,2,52,MLE_plugin,active,25,0.25,0.1796831596206278,0.13426945306259674,2.0487290778987606,1.87748129455126,0.8858131487889274,1.7395933522836569,0.25951557093425603,7.271102249999999,0.2,0.32,0.72,4.682992436612278,0.6079176661701365
100,26,2,52,heuristic,all,25,0.25,0.1796831596206278,0.13426945306259674,2.0487290778987606,1.87748129455126,0.8858131487889274,1.9991497336545727,0.0,2.56,0.63,0.63,0.63,0.0,0.232330231849245
100,26,2,52,heuristic,active,25,0.25,0.1796831596206278,0.13426945306259674,2.0487290778987606,1.87748129455126,0.4602076124567474,0.7181493972497321,0.17301038062283736,5.32,0.12,0.12,0.12,0.0,0.56
100,26,3,13,MCMC,all,26,0.26,0.06969402924459839,0.04952240852097495,2.0144791561750655,2.0841812709039162,0.5444444444444444,1.2813958438523108,0.0,0.3390937499999999,0.89,0.98,1.0,0.9719417121684398,0.0698369606435596
100,26,3,13,MCMC,active,26,0.26,0.06969402924459839,0.04952240852097495,2.0144791561750655,2.0841812709039162,0.4666666666666667,0.620632890834175,0.28888888888888886,1.0653858173076922,0.6153846153846154,0.9230769230769231,1.0,2.009984706761806,0.2942261398262614
100,26,3,13,MLE_plugin,all,26,0.26,0.06969402924459839,0.04952240852097495,2.0144791561750655,2.0841812709039162,0.5555555555555556,1.286204100310025,0.0,0.3379059374999999,0.91,0.97,0.99,0.9191482664672644,0.05027329567654781
100,26,3,13,MLE_plugin,active,26,0.26,0.06969402924459839,0.04952240852097495,2.0144791561750655,2.0841812709039162,0.45555555555555555,0.6180415104521502,0.28888888888888886,1.0518129807692307,0.6923076923076923,0.9230769230769231,0.9615384615384616,1.979965806253469,0.26353790451969195
100,26,3,13,heuristic,all,26,0.26,0.06969402924459839,0.04952240852097495,2.0144791561750655,2.0841812709039162,0.5888888888888889,1.2717247935843996,0.0,0.53,0.68,0.68,0.68,0.0,0.23081447467847838
100,26,3,13,heuristic,active,26,0.26,0.06969402924459839,0.04952240852097495,2.0144791561750655,2.0841812709039162,0.3888888888888889,0.563717817509592,0.28888888888888886,1.3461538461538463,0.3076923076923077,0.3076923076923077,0.3076923076923077,0.0,0.34615384615384615
100,26,3,26,MCMC,all,33,0.33,0.06969402924459839,0.04952240852097495,2.0144791561750655,2.0841812709039162,0.5145348837209303,1.0973596562893533,0.0,0.59173975,0.87,0.97,1.0,1.6310066916853778,0.11765411578665541
100,26,3,26,MCMC,active,33,0.33,0.06969402924459839,0.04952240852097495,2.0144791561750655,2.0841812709039162,0.4651162790697675,0.6194521210170792,0.38372093023255816,1.5605018939393938,0.6363636363636364,0.9090909090909091,1.0,3.095948089678664,0.23520471026829787
100,26,3,26,MLE_plugin,all,33,0.33,0.06969402924459839,0.04952240852097495,2.0144791561750655,2.0841812709039162,0.5058139534883721,1.1077069118173053,0.0,0.5981108124999999,0.82,0.96,1.0,1.53256067059266,0.08190744389762872
100,26,3,26,MLE_plugin,active,33,0.33,0.06969402924459839,0.04952240852097495,2.0144791561750655,2.0841812709039162,0.4534883720930233,0.6230431778892471,0.19186046511627908,1.567394886363636,0.5454545454545454,0.8787878787878788,1.0,2.9643977916086874,0.20984587390854875
100,26,3,26,heuristic,all,33,0.33,0.06969402924459839,0.04952240852097495,2.0144791561750655,2.0841812709039162,0.4767441860465116,1.1392975547828734,0.0,0.82,0.65,0.65,0.65,0.0,0.20081447467847838
100,26,3,26,heuristic,active,33,0.33,0.06969402924459839,0.04952240852097495,2.0144791561750655,2.0841812709039162,0.38372093023255816,0.624830966866415,0.19186046511627908,2.0,0.21212121212121213,0.21212121212121213,0.21212121212121213,0.0,0.4545454545454546
100,26,3,52,MCMC,all,33,0.33,0.06969402924459839,0.04952240852097495,2.0144791561750655,2.0841812709039162,0.5416666666666667,1.1741816395582658,0.0,1.277271375,0.8,0.95,0.99,2.8798506493236973,0.11188424809758346
100,26,3,52,MCMC,active,33,0.33,0.06969402924459839,0.04952240852097495,2.0144791561750655,2.0841812709039162,0.48660714285714285,0.6641991030966707,0.39285714285714285,3.3560659090909084,0.5151515151515151,0.8484848484848485,0.9696969696969697,5.568813672405484,0.22022280082768486
100,26,3,52,MLE_plugin,all,33,0.33,0.06969402924459839,0.04952240852097495,2.0144791561750655,2.0841812709039162,0.5342261904761905,1.173710061708988,0.0,1.2767638124999998,0.79,0.93,0.97,2.7453634533599818,0.10848028164512535
100,26,3,52,MLE_plugin,active,33,0.33,0.06969402924459839,0.04952240852097495,2.0144791561750655,2.0841812709039162,0.47321428571428575,0.6583976438923466,0.29464285714285715,3.32166571969697,0.5454545454545454,0.8181818181818182,0.9090909090909091,5.354568122079475,0.19316746842494636
100,26,3,52,heuristic,all,33,0.33,0.06969402924459839,0.04952240852097495,2.0144791561750655,2.0841812709039162,0.5505952380952381,1.2921603182197865,0.0,1.85,0.6,0.6,0.6,0.0,0.2608144746784784
100,26,3,52,heuristic,active,33,0.33,0.06969402924459839,0.04952240852097495,2.0144791561750655,2.0841812709039162,0.45238095238095244,0.7143973127106256,0.29464285714285715,4.606060606060606,0.06060606060606061,0.06060606060606061,0.06060606060606061,0.0,0.503685886853043
100,26,4,13,MCMC,all,36,0.36,0.18430550159378772,0.10256020654263277,1.8304609259994287,2.442111591146981,0.5639810426540285,1.1482503734204472,0.0,0.7739875,0.77,0.95,1.0,1.5665320053470593,0.09260519464927836
100,26,4,13,MCMC,active,36,0.36,0.18430550159378772,0.10256020654263277,1.8304609259994287,2.442111591146981,0.49763033175355453,0.6711141452818549,0.3412322274881517,1.838536111111111,0.5277777777777778,0.8611111111111112,1.0,3.0754757405238675,0.30513547945922787
100,26,4,13,MLE_plugin,all,36,0.36,0.18430550159378772,0.10256020654263277,1.8304609259994287,2.442111591146981,0.556872037914692,1.1257794805895454,0.0,0.7673690625,0.77,0.94,0.99,1.5278144602056674,0.07262769302521832
100,26,4,13,MLE_plugin,active,36,0.36,0.18430550159378772,0.10256020654263277,1.8304609259994287,2.442111591146981,0.47156398104265407,0.6473489538103627,0.3412322274881517,1.7735609375,0.5277777777777778,0.8888888888888888,0.9722222222222222,2.965314130874873,0.2744640744746026
100,26,4,13,heuristic,all,36,0.36,0.18430550159378772,0.10256020654263277,1.8304609259994287,2.442111591146981,0.5450236966824644,1.1443314187345626,0.0,1.15,0.52,0.52,0.52,0.0,0.30564581611971103
100,26,4,13,heuristic,active,36,0.36,0.18430550159378772,0.10256020654263277,1.8304609259994287,2.442111591146981,0.37440758293838866,0.6326614823114785,0.17061611374407584,2.1944444444444446,0.19444444444444445,0.19444444444444445,0.19444444444444445,0.0,0.5086470968820185
100,26,4,26,MCMC,all,48,0.48,0.18430550159378772,0.10256020654263277,1.8304609259994287,2.442111591146981,0.4514218009478673,1.020953076991356,0.17772511848341233,1.3166766249999997,0.76,0.9,1.0,2.8707743274794417,0.10733253617987809
100,26,4,26,MCMC,active,48,0.48,0.18430550159378772,0.10256020654263277,1.8304609259994287,2.442111591146981,0.43246445497630337,0.703132919907029,0.2274881516587678,2.5922117187500002,0.5208333333333334,0.8125,1.0,4.904351150917573,0.24155183574390815
100,26,4,26,MLE_plugin,all,48,0.48,0.18430550159378772,0.10256020654263277,1.8304609259994287,2.442111591146981,0.42298578199052134,0.9585447189659185,0.23696682464454977,1.28605725,0.76,0.91,0.98,2.7251055214672015,0.07305232515239041
100,26,4,26,MLE_plugin,active,48,0.48,0.18430550159378772,0.10256020654263277,1.8304609259994287,2.442111591146981,0.39928909952606634,0.655520654995387,0.2274881516587678,2.4891332031249997,0.5208333333333334,0.8333333333333334,0.9791666666666666,4.589305575412175,0.18753120851189448
100,26,4,26,heuristic,all,48,0.48,0.18430550159378772,0.10256020654263277,1.8304609259994287,2.442111591146981,0.44549763033175355,1.063978403821974,0.11848341232227488,1.88,0.5,0.5,0.5,0.0,0.30564581611971103
100,26,4,26,heuristic,active,48,0.48,0.18430550159378772,0.10256020654263277,1.8304609259994287,2.442111591146981,0.3649289099526067,0.7122262519116286,0.2274881516587678,3.2083333333333335,0.20833333333333334,0.20833333333333334,0.20833333333333334,0.0,0.39583333333333337
100,26,4,52,MCMC,all,50,0.5,0.18430550159378772,0.10256020654263277,1.8304609259994287,2.442111591146981,0.5586766541822721,1.3882820708633716,0.12484394506866417,2.9290079375000007,0.68,0.9,0.98,5.485972480492207,0.14848086147323858
100,26,4,52,MCMC,active,50,0.5,0.18430550159378772,0.10256020654263277,1.8304609259994287,2.442111591146981,0.5411985018726592,0.9787219882126037,0.20287141073657927,5.5957536249999995,0.4,0.82,0.96,9.26823603481015,0.33012748778826057
100,26,4,52,MLE_plugin,all,50,0.5,0.18430550159378772,0.10256020654263277,1.8304609259994287,2.442111591146981,0.4868913857677903,1.3200734515183221,0.0,2.8611640000000005,0.73,0.91,0.97,5.236514924635719,0.06622764091298489
100,26,4,52,MLE_plugin,active,50,0.5,0.18430550159378772,0.10256020654263277,1.8304609259994287,2.442111591146981,0.45942571785268416,0.9267298151055147,0.18726591760299627,5.344875375,0.5,0.84,0.96,8.666552364259184,0.20966584532083865
100,26,4,52,heuristic,all,50,0.5,0.18430550159378772,0.10256020654263277,1.8304609259994287,2.442111591146981,0.5218476903870162,1.4307573640807183,0.12484394506866417,4.18,0.4,0.4,0.4,0.0,0.35
100,26,4,52,heuristic,active,50,0.5,0.18430550159378772,0.10256020654263277,1.8304609259994287,2.442111591146981,0.4382022471910112,0.9924504728954192,0.18726591760299627,7.02,0.04,0.04,0.04,0.0,0.48
100,26,5,13,MCMC,all,28,0.28,0.24883417047653217,0.14842736649141963,1.8968964359638412,2.4512944601942084,0.41212121212121217,1.2596733145955474,0.0,0.5411132500000001,0.9,0.94,0.98,1.2160631663332295,0.06165917648977248
100,26,5,13,MCMC,active,28,0.28,0.24883417047653217,0.14842736649141963,1.8968964359638412,2.4512944601942084,0.39999999999999997,0.6650117199682523,0.16969696969696968,1.8433254464285718,0.6428571428571429,0.7857142857142857,0.9285714285714286,3.1026676196581673,0.2522344847113187
100,26,5,13,MLE_plugin,all,28,0.28,0.24883417047653217,0.14842736649141963,1.8968964359638412,2.4512944601942084,0.4393939393939394,1.3072517945529085,0.0,0.552236125,0.9,0.94,0.98,1.189319624698981,0.06407890790612691
100,26,5,13,MLE_plugin,active,28,0.28,0.24883417047653217,0.14842736649141963,1.8968964359638412,2.4512944601942084,0.4212121212121212,0.6880055950399272,0.16969696969696968,1.8788484375000003,0.6428571428571429,0.7857142857142857,0.9285714285714286,3.0575506924451537,0.21637901339867854
100,26,5,13,heuristic,all,28,0.28,0.24883417047653217,0.14842736649141963,1.8968964359638412,2.4512944601942084,0.7090909090909091,1.5439683882250905,0.0,1.17,0.6,0.6,0.6,0.0,0.3496908937683739
100,26,5,13,heuristic,active,28,0.28,0.24883417047653217,0.14842736649141963,1.8968964359638412,2.4512944601942084,0.39999999999999997,0.5860953892720767,0.33939393939393936,2.357142857142857,0.25,0.25,0.25,0.0,0.5357142857142857
100,26,5,26,MCMC,all,34,0.34,0.24883417047653217,0.14842736649141963,1.8968964359638412,2.4512944601942084,0.4274691358024691,1.152458555632629,0.0,0.9934420624999999,0.83,0.94,0.98,2.17574855419229,0.06516720083373581
100,26,5,26,MCMC,active,34,0.34,0.24883417047653217,0.14842736649141963,1.8968964359638412,2.4512944601942084,0.4182098765432099,0.669820642892007,0.20987654320987656,2.825183088235294,0.5294117647058824,0.8235294117647058,0.9411764705882353,4.965962371435222,0.27374898975443596
100,26,5,26,MLE_plugin,all,34,0.34,0.24883417047653217,0.14842736649141963,1.8968964359638412,2.4512944601942084,0.4212962962962963,1.1549356322263986,0.0,1.0041178124999999,0.8,0.93,0.98,2.14631514049802,0.05396210449225841
100,26,5,26,MLE_plugin,active,34,0.34,0.24883417047653217,0.14842736649141963,1.8968964359638412,2.4512944601942084,0.41203703703703703,0.6712696887021482,0.20987654320987656,2.847742463235294,0.4411764705882353,0.7941176470588235,0.9411764705882353,4.91363050862388,0.2731006982842645
100,26,5,26,heuristic,all,34,0.34,0.24883417047653217,0.14842736649141963,1.8968964359638412,2.4512944601942084,0.6450617283950616,1.4301151652102586,0.0,2.09,0.56,0.56,0.56,0.0,0.32969089376837396
100,26,5,26,heuristic,active,34,0.34,0.24883417047653217,0.14842736649141963,1.8968964359638412,2.4512944601942084,0.37037037037037035,0.5374980283386317,0.20987654320987656,3.5294117647058822,0.17647058823529413,0.17647058823529413,0.17647058823529413,0.0,0.47058823529411764
100,26,5,52,MCMC,all,34,0.34,0.24883417047653217,0.14842736649141963,1.8968964359638412,2.4512944601942084,0.4201954397394137,1.2173654293728897,0.0,2.0782286875,0.84,0.9,0.98,4.134244801952675,0.06502374392513854
100,26,5,52,MCMC,active,34,0.34,0.24883417047653217,0.14842736649141963,1.8968964359638412,2.4512944601942084,0.40879478827361565,0.7081226454763353,0.19381107491856678,5.93285330882353,0.5588235294117647,0.7058823529411765,0.9411764705882353,9.729506523908231,0.27805043806029806
100,26,5,52,MLE_plugin,all,34,0.34,0.24883417047653217,0.14842736649141963,1.8968964359638412,2.4512944601942084,0.41042345276872966,1.2049365827316265,0.0,2.1041504999999994,0.83,0.89,0.97,4.057835418746304,0.05679443731873357
100,26,5,52,MLE_plugin,active,34,0.34,0.24883417047653217,0.14842736649141963,1.8968964359638412,2.4512944601942084,0.4006514657980456,0.7009220247591109,0.2214983713355049,5.9984457720588225,0.5294117647058824,0.6764705882352942,0.9117647058823529,9.568995909459227,0.2757100959617673
100,26,5,52,heuristic,all,34,0.34,0.24883417047653217,0.14842736649141963,1.8968964359638412,2.4512944601942084,0.6840390879478828,1.5170203286247583,0.0,4.2,0.52,0.52,0.52,0.0,0.39969089376837397
100,26,5,52,heuristic,active,34,0.34,0.24883417047653217,0.14842736649141963,1.8968964359638412,2.4512944601942084,0.38925081433224756,0.5739788945349642,0.2214983713355049,7.029411764705882,0.058823529411764705,0.058823529411764705,0.058823529411764705,0.0,0.6764705882352942
100,26,6,13,MCMC,all,22,0.22,0.2739382814191178,0.14762764031683587,2.4164206411343803,1.8347080751284448,0.5857988165680473,1.7682311002939568,0.0,0.7329163125,0.84,0.92,0.97,1.1359627216911214,0.09467247723211525
100,26,6,13,MCMC,active,22,0.22,0.2739382814191178,0.14762764031683587,2.4164206411343803,1.8347080751284448,0.43195266272189353,0.6273863793462375,0.2603550295857988,2.508791193181818,0.4090909090909091,0.6363636363636364,0.8636363636363636,3.482802996354759,0.26102037363143393
100,26,6,13,MLE_plugin,all,22,0.22,0.2739382814191178,0.14762764031683587,2.4164206411343803,1.8347080751284448,0.6449704142011835,1.890715421144433,0.0,0.7792879374999999,0.82,0.9,0.96,1.1071012325990652,0.09577493072157717
100,26,6,13,MLE_plugin,active,22,0.22,0.2739382814191178,0.14762764031683587,2.4164206411343803,1.8347080751284448,0.46153846153846156,0.6461365062588732,0.3254437869822485,2.541442329545455,0.36363636363636365,0.6363636363636364,0.8181818181818182,3.305654178163113,0.2333709988098014
100,26,6,13,heuristic,all,22,0.22,0.2739382814191178,0.14762764031683587,2.4164206411343803,1.8347080751284448,0.9822485207100592,2.7640167370713993,0.0,1.66,0.64,0.64,0.64,0.0,0.2599294431128204
100,26,6,13,heuristic,active,22,0.22,0.2739382814191178,0.14762764031683587,2.4164206411343803,1.8347080751284448,0.47337278106508873,0.6729972642893695,0.1952662721893491,3.6363636363636362,0.0,0.0,0.0,0.0,0.5
100,26,6,26,MCMC,all,26,0.26,0.2739382814191178,0.14762764031683587,2.4164206411343803,1.8347080751284448,0.6261829652996845,1.9087780409594033,0.0,1.4138804999999997,0.8,0.88,0.97,2.1381546883629294,0.06504244541579629
100,26,6,26,MCMC,active,26,0.26,0.2739382814191178,0.14762764031683587,2.4164206411343803,1.8347080751284448,0.4558359621451104,0.7404888230899086,0.24605678233438488,4.1248819711538465,0.38461538461538464,0.5384615384615384,0.8846153846153846,5.771893950589169,0.30162950922574594
100,26,6,26,MLE_plugin,all,26,0.26,0.2739382814191178,0.14762764031683587,2.4164206411343803,1.8347080751284448,0.6309148264984227,2.0030924752539487,0.0,1.5204773749999998,0.79,0.86,0.97,1.9952253275584686,0.07362615248509724
100,26,6,26,MLE_plugin,active,26,0.26,0.2739382814191178,0.14762764031683587,2.4164206411343803,1.8347080751284448,0.4447949526813881,0.7587390202401069,0.1640378548895899,4.1956134615384615,0.34615384615384615,0.5769230769230769,0.8846153846153846,5.298537614999161,0.2994056671149996
100,26,6,26,heuristic,all,26,0.26,0.2739382814191178,0.14762764031683587,2.4164206411343803,1.8347080751284448,0.9873817034700315,2.958075635600212,0.0,3.13,0.63,0.63,0.63,0.0,0.23992944311282038
100,26,6,26,heuristic,active,26,0.26,0.2739382814191178,0.14762764031683587,2.4164206411343803,1.8347080751284448,0.45110410094637227,0.7917792549944415,0.1640378548895899,5.5,0.07692307692307693,0.07692307692307693,0.07692307692307693,0.0,0.5568007439424558
100,26,6,52,MCMC,all,29,0.29,0.2739382814191178,0.14762764031683587,2.4164206411343803,1.8347080751284448,0.8218283582089552,2.494337399644595,0.0,2.9364745,0.78,0.85,0.95,4.301641997966914,0.06901758961734239
100,26,6,52,MCMC,active,29,0.29,0.2739382814191178,0.14762764031683587,2.4164206411343803,1.8347080751284448,0.6436567164179104,1.1225864248435569,0.18936567164179105,8.219292025862067,0.3448275862068966,0.4827586206896552,0.8275862068965517,10.984422346727545,0.3535079628799481
100,26,6,52,MLE_plugin,all,29,0.29,0.2739382814191178,0.14762764031683587,2.4164206411343803,1.8347080751284448,0.8628731343283581,2.6768812492005,0.0,3.3777536875,0.76,0.82,0.95,3.9707942705946984,0.08097309117190554
100,26,6,52,MLE_plugin,active,29,0.29,0.2739382814191178,0.14762764031683587,2.4164206411343803,1.8347080751284448,0.6585820895522388,1.1781734882579686,0.2164179104477612,9.027118534482758,0.27586206896551724,0.4827586206896552,0.8275862068965517,9.904486745294193,0.30441996382240133
100,26,6,52,heuristic,all,29,0.29,0.2739382814191178,0.14762764031683587,2.4164206411343803,1.8347080751284448,1.3078358208955223,3.7840034061399535,0.0,7.01,0.59,0.59,0.59,0.0,0.2599294431128204
100,26,6,52,heuristic,active,29,0.29,0.2739382814191178,0.14762764031683587,2.4164206411343803,1.8347080751284448,0.6902985074626866,1.2574350056743333,0.2705223880597015,12.758620689655173,0.0,0.0,0.0,0.0,0.5517241379310345
100,26,7,13,MCMC,all,24,0.24,0.22440033598530038,0.13701450379583627,2.184630807957438,1.900603426674565,0.646551724137931,1.6915014543403954,0.0,0.5216709374999999,0.84,0.93,0.97,0.9773184204372107,0.07411189048453287
100,26,7,13,MCMC,active,24,0.24,0.22440033598530038,0.13701450379583627,2.184630807957438,1.900603426674565,0.6206896551724138,0.8232645783664361,0.5172413793103449,2.0375169270833333,0.3333333333333333,0.7083333333333334,0.875,2.6099196415350447,0.3884391221367668
100,26,7,13,MLE_plugin,all,24,0.24,0.22440033598530038,0.13701450379583627,2.184630807957438,1.900603426674565,0.6379310344827587,1.5942450007678388,0.0,0.526976875,0.84,0.95,0.95,0.9591519304337556,0.07057623043618105
100,26,7,13,MLE_plugin,active,24,0.24,0.22440033598530038,0.13701450379583627,2.184630807957438,1.900603426674565,0.5258620689655172,0.6900860722823966,0.5172413793103449,1.8340723958333331,0.4166666666666667,0.7916666666666666,0.7916666666666666,2.542261194200449,0.2503727596896377
100,26,7,13,heuristic,all,24,0.24,0.22440033598530038,0.13701450379583627,2.184630807957438,1.900603426674565,0.7844827586206897,1.8629467918081302,0.0,0.91,0.66,0.66,0.66,0.0,0.2
100,26,7,13,heuristic,active,24,0.24,0.22440033598530038,0.13701450379583627,2.184630807957438,1.900603426674565,0.48275862068965525,0.7142177647313096,0.4137931034482759,2.3333333333333335,0.125,0.125,0.125,0.0,0.5416666666666667
100,26,7,26,MCMC,all,27,0.27,0.22440033598530038,0.13701450379583627,2.184630807957438,1.900603426674565,0.6985981308411215,1.9443127309688362,0.0,1.054855,0.82,0.9,0.97,1.7765558253341327,0.03838525725064458
100,26,7,26,MCMC,active,27,0.27,0.22440033598530038,0.13701450379583627,2.184630807957438,1.900603426674565,0.6799065420560748,1.0073724869442182,0.5046728971962617,3.702744675925926,0.37037037037037035,0.6296296296296297,0.8888888888888888,4.535910443710947,0.3001524131900914
100,26,7,26,MLE_plugin,all,27,0.27,0.22440033598530038,0.13701450379583627,2.184630807957438,1.900603426674565,0.7102803738317757,1.8816753824019516,0.0,1.0953688124999998,0.84,0.9,0.94,1.6933147765892866,0.09163176903354037
100,26,7,26,MLE_plugin,active,27,0.27,0.22440033598530038,0.13701450379583627,2.184630807957438,1.900603426674565,0.602803738317757,0.8975795034285861,0.3785046728971963,3.497924305555555,0.48148148148148145,0.6296296296296297,0.7777777777777778,4.199969009567938,0.2330068787739853
100,26,7,26,heuristic,all,27,0.27,0.22440033598530038,0.13701450379583627,2.184630807957438,1.900603426674565,0.8644859813084113,2.2744100044183098,0.0,1.85,0.64,0.64,0.64,0.0,0.22
100,26,7,26,heuristic,active,27,0.27,0.22440033598530038,0.13701450379583627,2.184630807957438,1.900603426674565,0.5794392523364487,0.9922619646272741,0.25233644859813087,4.592592592592593,0.07407407407407407,0.07407407407407407,0.07407407407407407,0.0,0.4814814814814815
100,26,7,52,MCMC,all,31,0.31,0.22440033598530038,0.13701450379583627,2.184630807957438,1.900603426674565,0.7982233502538071,2.2300749541936606,0.0,2.1935656874999996,0.78,0.86,0.94,3.2127046379447903,0.0722646939834084
100,26,7,52,MCMC,active,31,0.31,0.22440033598530038,0.13701450379583627,2.184630807957438,1.900603426674565,0.7829949238578681,1.2395606232825194,0.3147208121827411,6.783964516129033,0.3225806451612903,0.5483870967741935,0.8064516129032258,7.459297186138743,0.3954839547036159
100,26,7,52,MLE_plugin,all,31,0.31,0.22440033598530038,0.13701450379583627,2.184630807957438,1.900603426674565,0.8540609137055838,2.271998939279482,0.0,2.434418875,0.75,0.84,0.9,3.1735327587026836,0.09024741458881913
100,26,7,52,MLE_plugin,active,31,0.31,0.22440033598530038,0.13701450379583627,2.184630807957438,1.900603426674565,0.7373096446700508,1.1773442533259988,0.3147208121827411,6.8792574596774205,0.2903225806451613,0.5161290322580645,0.6774193548387096,6.968337455210463,0.30991161730352046
100,26,7,52,heuristic,all,31,0.31,0.22440033598530038,0.13701450379583627,2.184630807957438,1.900603426674565,1.0355329949238579,2.7023008434936377,0.0,4.08,0.58,0.58,0.58,0.0,0.26
100,26,7,52,heuristic,active,31,0.31,0.22440033598530038,0.13701450379583627,2.184630807957438,1.900603426674565,0.7258883248730965,1.3130783696388104,0.3147208121827411,9.225806451612904,0.0,0.0,0.0,0.0,0.4838709677419355
100,26,8,13,MCMC,all,32,0.32,0.2601570075105636,0.10445187760615054,1.9385571310825125,2.3050421693368754,0.310580204778157,0.7938364061169288,0.0,0.6619425000000001,0.88,0.94,0.99,1.5765988219164535,0.1409811414809028
100,26,8,13,MCMC,active,32,0.32,0.2601570075105636,0.10445187760615054,1.9385571310825125,2.3050421693368754,0.2525597269624573,0.4325728195974023,0.10921501706484642,1.643425390625,0.75,0.875,0.96875,3.260038367263605,0.20918444919105827
100,26,8,13,MLE_plugin,all,32,0.32,0.2601570075105636,0.10445187760615054,1.9385571310825125,2.3050421693368754,0.3122866894197952,0.8031362884471053,0.0,0.6644400624999999,0.87,0.94,0.99,1.5813684158706323,0.11616063403110799
100,26,8,13,MLE_plugin,active,32,0.32,0.2601570075105636,0.10445187760615054,1.9385571310825125,2.3050421693368754,0.2627986348122867,0.44047142129424377,0.10921501706484642,1.725373046875,0.6875,0.875,0.96875,3.3526559715477626,0.19778963612324008
100,26,8,13,heuristic,all,32,0.32,0.2601570075105636,0.10445187760615054,1.9385571310825125,2.3050421693368754,0.34470989761092147,0.7343834399778161,0.0,1.01,0.57,0.57,0.57,0.0,0.33
100,26,8,13,heuristic,active,32,0.32,0.2601570075105636,0.10445187760615054,1.9385571310825125,2.3050421693368754,0.22866894197952217,0.38176468134087543,0.10921501706484642,2.09375,0.3125,0.3125,0.3125,0.0,0.375
100,26,8,26,MCMC,all,39,0.39,0.2601570075105636,0.10445187760615054,1.9385571310825125,2.3050421693368754,0.3716577540106952,0.9635154103477268,0.0,1.4700124374999997,0.77,0.94,0.97,2.7970349085574226,0.14657879391823803
100,26,8,26,MCMC,active,39,0.39,0.2601570075105636,0.10445187760615054,1.9385571310825125,2.3050421693368754,0.32620320855614976,0.5930808366465831,0.20855614973262032,3.2819613782051285,0.5128205128205128,0.8717948717948718,0.9487179487179487,5.272319805924787,0.10030877715629155
100,26,8,26,MLE_plugin,all,39,0.39,0.2601570075105636,0.10445187760615054,1.9385571310825125,2.3050421693368754,0.3698752228163993,0.997779697742814,0.0,1.4792726875,0.77,0.93,0.97,2.8316959969556716,0.12507700819796752
100,26,8,26,MLE_plugin,active,39,0.39,0.2601570075105636,0.10445187760615054,1.9385571310825125,2.3050421693368754,0.33778966131907306,0.6167165093153082,0.17379679144385027,3.441699198717948,0.46153846153846156,0.8461538461538461,0.9487179487179487,5.485214411064559,0.13168264336178048
100,26,8,26,heuristic,all,39,0.39,0.2601570075105636,0.10445187760615054,1.9385571310825125,2.3050421693368754,0.40819964349376114,0.980068006694565,0.17825311942959002,2.29,0.48,0.48,0.48,0.0,0.36
100,26,8,26,heuristic,active,39,0.39,0.2601570075105636,0.10445187760615054,1.9385571310825125,2.3050421693368754,0.3351158645276292,0.5961547597592205,0.13903743315508021,4.82051282051282,0.07692307692307693,0.07692307692307693,0.07692307692307693,0.0,0.5128205128205128
100,26,8,52,MCMC,all,41,0.41,0.2601570075105636,0.10445187760615054,1.9385571310825125,2.3050421693368754,0.4858934169278997,1.7796699595281826,0.1044932079414838,3.5577812499999997,0.77,0.89,0.97,5.286378662903916,0.18002083042124783
100,26,8,52,MCMC,active,41,0.41,0.2601570075105636,0.10445187760615054,1.9385571310825125,2.3050421693368754,0.432601880877743,1.1326687790419547,0.12852664576802508,7.762195579268292,0.5853658536585366,0.7560975609756098,0.9512195121951219,9.8717729699916,0.06079013985392406
100,26,8,52,MLE_plugin,all,41,0.41,0.2601570075105636,0.10445187760615054,1.9385571310825125,2.3050421693368754,0.4827586206896552,1.7730006493651476,0.0,3.5165905000000004,0.77,0.88,0.97,5.507706757629372,0.14545088280212715
100,26,8,52,MLE_plugin,active,41,0.41,0.2601570075105636,0.10445187760615054,1.9385571310825125,2.3050421693368754,0.448798328108673,1.1312202991657758,0.14994775339602925,7.943514939024391,0.4878048780487805,0.7317073170731707,0.9512195121951219,10.588965041266212,0.09107636009940212
100,26,8,52,heuristic,all,41,0.41,0.2601570075105636,0.10445187760615054,1.9385571310825125,2.3050421693368754,0.5538140020898641,1.8871947791405028,0.1044932079414838,5.3,0.45,0.45,0.45,0.0,0.4
100,26,8,52,heuristic,active,41,0.41,0.2601570075105636,0.10445187760615054,1.9385571310825125,2.3050421693368754,0.471264367816092,1.1969481459067421,0.17136886102403345,11.0,0.024390243902439025,0.024390243902439025,0.024390243902439025,0.0,0.6097560975609756
100,26,9,13,MCMC,all,37,0.37,0.29943430242777186,0.05277101947438678,1.911115306209714,2.200983723242079,0.41156462585034015,1.1933880811461792,0.0,0.9053509374999997,0.81,0.91,0.98,1.7590527468868664,0.054505679419435904
100,26,9,13,MCMC,active,37,0.37,0.29943430242777186,0.05277101947438678,1.911115306209714,2.200983723242079,0.36394557823129253,0.6994821670046476,0.25170068027210885,2.169034628378378,0.5405405405405406,0.7567567567567568,0.9459459459459459,3.4560380719003825,0.2382584071347995
100,26,9,13,MLE_plugin,all,37,0.37,0.29943430242777186,0.05277101947438678,1.911115306209714,2.200983723242079,0.413265306122449,1.1307925312843055,0.0,0.8707953124999999,0.81,0.91,0.99,1.652888953550316,0.04434926552987395
100,26,9,13,MLE_plugin,active,37,0.37,0.29943430242777186,0.05277101947438678,1.911115306209714,2.200983723242079,0.35034013605442177,0.646034690925938,0.25170068027210885,2.00419527027027,0.5405405405405406,0.7567567567567568,0.972972972972973,3.180984170909327,0.22729101303990717
100,26,9,13,heuristic,all,37,0.37,0.29943430242777186,0.05277101947438678,1.911115306209714,2.200983723242079,0.4591836734693878,1.0500237442471518,0.0,1.35,0.51,0.51,0.51,0.0,0.31620810496611157
100,26,9,13,heuristic,active,37,0.37,0.29943430242777186,0.05277101947438678,1.911115306209714,2.200983723242079,0.30952380952380953,0.5493486860798719,0.12585034013605442,2.4594594594594597,0.13513513513513514,0.13513513513513514,0.13513513513513514,0.0,0.45945945945945943
100,26,9,26,MCMC,all,41,0.41,0.29943430242777186,0.05277101947438678,1.911115306209714,2.200983723242079,0.44802867383512546,1.230179376468137,0.0,1.8629028125,0.77,0.91,0.96,3.1902126925265373,0.062940741774683
100,26,9,26,MCMC,active,41,0.41,0.29943430242777186,0.05277101947438678,1.911115306209714,2.200983723242079,0.4050179211469534,0.7592688942233695,0.22043010752688172,4.1194338414634135,0.4634146341463415,0.7804878048780488,0.9024390243902439,5.90583601318768,0.2456295245857194
100,26,9,26,MLE_plugin,all,41,0.41,0.29943430242777186,0.05277101947438678,1.911115306209714,2.200983723242079,0.45878136200716846,1.1291744804317825,0.0,1.8327879999999999,0.72,0.88,0.96,2.9590775916948866,0.08137043734389765
100,26,9,26,MLE_plugin,active,41,0.41,0.29943430242777186,0.05277101947438678,1.911115306209714,2.200983723242079,0.39784946236559143,0.6767410459229252,0.22043010752688172,3.8972960365853653,0.36585365853658536,0.7073170731707317,0.9024390243902439,5.376406223803081,0.23823005324562818
100,26,9,26,heuristic,all,41,0.41,0.29943430242777186,0.05277101947438678,1.911115306209714,2.200983723242079,0.5161290322580645,1.1131326274745186,0.17921146953405018,2.88,0.45,0.45,0.45,0.0,0.3262081049661116
100,26,9,26,heuristic,active,41,0.41,0.29943430242777186,0.05277101947438678,1.911115306209714,2.200983723242079,0.3799283154121864,0.6217785776152132,0.22043010752688172,5.170731707317073,0.04878048780487805,0.04878048780487805,0.04878048780487805,0.0,0.5365853658536586
100,26,9,52,MCMC,all,44,0.44,0.29943430242777186,0.05277101947438678,1.911115306209714,2.200983723242079,0.48168007149240394,1.413374155452509,0.044682752457551385,3.910706125,0.71,0.88,0.98,6.196170909392427,0.10396926796027472
100,26,9,52,MCMC,active,44,0.44,0.29943430242777186,0.05277101947438678,1.911115306209714,2.200983723242079,0.4396782841823056,0.9135891120249696,0.2162645218945487,8.183097585227271,0.38636363636363635,0.7272727272727273,0.9545454545454546,11.10454152887361,0.34341452070924594
100,26,9,52,MLE_plugin,all,44,0.44,0.29943430242777186,0.05277101947438678,1.911115306209714,2.200983723242079,0.449508489722967,1.247377277936756,0.08936550491510277,3.67398325,0.66,0.88,0.99,5.618646636337665,0.07414724697761188
100,26,9,52,MLE_plugin,active,44,0.44,0.29943430242777186,0.05277101947438678,1.911115306209714,2.200983723242079,0.38784629133154597,0.783820559230305,0.19660411081322607,7.299953267045455,0.29545454545454547,0.7272727272727273,0.9772727272727273,9.734485102861685,0.28924122524229756
100,26,9,52,heuristic,all,44,0.44,0.29943430242777186,0.05277101947438678,1.911115306209714,2.200983723242079,0.4977658623771225,1.2162576274018144,0.17873100983020554,5.57,0.41,0.41,0.41,0.0,0.3262081049661116
100,26,9,52,heuristic,active,44,0.44,0.29943430242777186,0.05277101947438678,1.911115306209714,2.200983723242079,0.36193029490616624,0.7213230160216825,0.15728328865058086,9.204545454545455,0.0,0.0,0.0,0.0,0.5909090909090908
100,26,10,13,MCMC,all,31,0.31,0.18927562212792454,0.027768962740284966,2.4153211437780753,2.2107235383181223,0.4240837696335079,1.2899146591366408,0.0,0.6130744375,0.85,0.94,0.98,1.152141191907127,0.07739118213697771
100,26,10,13,MCMC,active,31,0.31,0.18927562212792454,0.027768962740284966,2.4153211437780753,2.2107235383181223,0.418848167539267,0.7176022500154727,0.16230366492146597,1.9131629032258062,0.5161290322580645,0.8064516129032258,0.9354838709677419,2.6949871959440777,0.26944116133423984
100,26,10,13,MLE_plugin,all,31,0.31,0.18927562212792454,0.027768962740284966,2.4153211437780753,2.2107235383181223,0.43455497382198954,1.3399459572847883,0.0,0.6429749999999999,0.85,0.93,0.98,1.186559760336034,0.0749970905867276
100,26,10,13,MLE_plugin,active,31,0.31,0.18927562212792454,0.027768962740284966,2.4153211437780753,2.2107235383181223,0.4293193717277487,0.745480613302336,0.16230366492146597,2.019383266129032,0.5161290322580645,0.7741935483870968,0.9354838709677419,2.819259545927221,0.2973808293534066
100,26,10,13,heuristic,all,31,0.31,0.18927562212792454,0.027768962740284966,2.4153211437780753,2.2107235383181223,0.518324607329843,1.3521645623188439,0.0,0.99,0.63,0.63,0.63,0.0,0.2334865965778391
100,26,10,13,heuristic,active,31,0.31,0.18927562212792454,0.027768962740284966,2.4153211437780753,2.2107235383181223,0.38219895287958117,0.6563741355649656,0.16230366492146597,2.3548387096774195,0.12903225806451613,0.12903225806451613,0.12903225806451613,0.0,0.4838709677419355
100,26,10,26,MCMC,all,35,0.35,0.18927562212792454,0.027768962740284966,2.4153211437780753,2.2107235383181223,0.3831658291457286,1.2505522630429944,0.0,1.193461875,0.84,0.9,0.97,2.0537800035553566,0.10365238986598446
100,26,10,26,MCMC,active,35,0.35,0.18927562212792454,0.027768962740284966,2.4153211437780753,2.2107235383181223,0.38065326633165825,0.7396873548293031,0.1758793969849246,3.334634642857143,0.5428571428571428,0.7142857142857143,0.9142857142857143,4.49490244740797,0.26986172448649615
100,26,10,26,MLE_plugin,all,35,0.35,0.18927562212792454,0.027768962740284966,2.4153211437780753,2.2107235383181223,0.4158291457286432,1.3340856799317482,0.0,1.3034107499999998,0.84,0.9,0.95,2.0859311017480304,0.11264088723633109
100,26,10,26,MLE_plugin,active,35,0.35,0.18927562212792454,0.027768962740284966,2.4153211437780753,2.2107235383181223,0.41331658291457285,0.7891157433946692,0.1758793969849246,3.6604837499999996,0.5428571428571428,0.7142857142857143,0.8571428571428571,4.676952836478832,0.30183131544425046
100,26,10,26,heuristic,all,35,0.35,0.18927562212792454,0.027768962740284966,2.4153211437780753,2.2107235383181223,0.39447236180904527,1.1920780064599457,0.0,1.57,0.65,0.65,0.65,0.0,0.2034865965778391
100,26,10,26,heuristic,active,35,0.35,0.18927562212792454,0.027768962740284966,2.4153211437780753,2.2107235383181223,0.2889447236180904,0.6025175921098055,0.1758793969849246,3.2857142857142856,0.22857142857142856,0.22857142857142856,0.22857142857142856,0.0,0.4571428571428572
100,26,10,52,MCMC,all,36,0.36,0.18927562212792454,0.027768962740284966,2.4153211437780753,2.2107235383181223,0.37266666666666665,0.9859682212593535,0.0,2.062571875,0.81,0.89,0.96,3.9320248534695987,0.07328817387256603
100,26,10,52,MCMC,active,36,0.36,0.18927562212792454,0.027768962740284966,2.4153211437780753,2.2107235383181223,0.3646666666666667,0.5911480356052958,0.21600000000000003,5.569277951388889,0.4722222222222222,0.6944444444444444,0.8888888888888888,8.59415567477536,0.3328444576995404
100,26,10,52,MLE_plugin,all,36,0.36,0.18927562212792454,0.027768962740284966,2.4153211437780753,2.2107235383181223,0.47200000000000003,1.317404856357967,0.0,2.5695700624999995,0.77,0.89,0.95,3.8370509210150474,0.10183468006097346
100,26,10,52,MLE_plugin,active,36,0.36,0.18927562212792454,0.027768962740284966,2.4153211437780753,2.2107235383181223,0.468,0.7903214535870833,0.21600000000000003,7.023343749999999,0.3611111111111111,0.6944444444444444,0.8611111111111112,8.599313842934956,0.3935923467632687
100,26,10,52,heuristic,all,36,0.36,0.18927562212792454,0.027768962740284966,2.4153211437780753,2.2107235383181223,0.36133333333333334,0.9476051685990086,0.0,2.71,0.6,0.6,0.6,0.0,0.22348659657783912
100,26,10,52,heuristic,active,36,0.36,0.18927562212792454,0.027768962740284966,2.4153211437780753,2.2107235383181223,0.24933333333333335,0.4095656235574465,0.168,5.194444444444445,0.1111111111111111,0.1111111111111111,0.1111111111111111,0.0,0.5277777777777778
100,26,11,13,MCMC,all,23,0.23,0.08785943081908387,0.11788686362267145,2.3367388239636835,2.2622139060151247,0.5706521739130435,1.2640981901753268,0.0,0.38693406249999995,0.86,0.94,0.97,0.9888387346022037,0.0445301785985191
100,26,11,13,MCMC,active,23,0.23,0.08785943081908387,0.11788686362267145,2.3367388239636835,2.2622139060151247,0.45108695652173914,0.5571911310508623,0.375,1.3525051630434781,0.4782608695652174,0.7391304347826086,0.8695652173913043,2.3505023527693836,0.2296916498201088
100,26,11,13,MLE_plugin,all,23,0.23,0.08785943081908387,0.11788686362267145,2.3367388239636835,2.2622139060151247,0.5326086956521738,1.1956521739130435,0.0,0.38155087499999996,0.86,0.94,0.98,0.9831717292561651,0.04222076861753932
100,26,11,13,MLE_plugin,active,23,0.23,0.08785943081908387,0.11788686362267145,2.3367388239636835,2.2622139060151247,0.41304347826086957,0.5212860351426869,0.5,1.3354133152173913,0.4782608695652174,0.7391304347826086,0.9130434782608695,2.3536985078522275,0.2374387711775644
100,26,11,13,heuristic,all,23,0.23,0.08785943081908387,0.11788686362267145,2.3367388239636835,2.2622139060151247,0.9891304347826086,2.9064656428523774,0.0,0.91,0.67,0.67,0.67,0.0,0.23598422846536338
100,26,11,13,heuristic,active,23,0.23,0.08785943081908387,0.11788686362267145,2.3367388239636835,2.2622139060151247,0.44565217391304346,0.6101496608993995,0.25,1.7826086956521738,0.17391304347826086,0.17391304347826086,0.17391304347826086,0.0,0.391304347826087
100,26,11,26,MCMC,all,34,0.34,0.08785943081908387,0.11788686362267145,2.3367388239636835,2.2622139060151247,0.5398009950248757,1.139672755119931,0.0,0.8179695625000001,0.76,0.86,0.94,1.7365315730149455,0.06314169165865774
100,26,11,26,MCMC,active,34,0.34,0.08785943081908387,0.11788686362267145,2.3367388239636835,2.2622139060151247,0.48009950248756217,0.6396953713019556,0.33830845771144274,2.1328511029411765,0.38235294117647056,0.6176470588235294,0.8235294117647058,3.390420076557345,0.30473726620941954
100,26,11,26,MLE_plugin,all,34,0.34,0.08785943081908387,0.11788686362267145,2.3367388239636835,2.2622139060151247,0.527363184079602,1.125192326159069,0.0,0.8146528125,0.77,0.88,0.94,1.7207224907497494,0.06723079562620438
100,26,11,26,MLE_plugin,active,34,0.34,0.08785943081908387,0.11788686362267145,2.3367388239636835,2.2622139060151247,0.4626865671641791,0.6279111553392962,0.33830845771144274,2.12085,0.4117647058823529,0.6764705882352942,0.8235294117647058,3.373714885458712,0.29555176040965947
100,26,11,26,heuristic,all,34,0.34,0.08785943081908387,0.11788686362267145,2.3367388239636835,2.2622139060151247,0.9054726368159205,2.6250559120941133,0.0,1.82,0.59,0.59,0.59,0.0,0.23598422846536338
100,26,11,26,heuristic,active,34,0.34,0.08785943081908387,0.11788686362267145,2.3367388239636835,2.2622139060151247,0.5074626865671642,0.7046434299046851,0.5074626865671642,3.0,0.058823529411764705,0.058823529411764705,0.058823529411764705,0.0,0.5
100,26,11,52,MCMC,all,35,0.35,0.08785943081908387,0.11788686362267145,2.3367388239636835,2.2622139060151247,0.5597826086956522,1.2201056696001982,0.0,1.565130125,0.74,0.87,0.95,3.2278089688110367,0.05166261687990434
100,26,11,52,MCMC,active,35,0.35,0.08785943081908387,0.11788686362267145,2.3367388239636835,2.2622139060151247,0.49728260869565216,0.697607857316553,0.3804347826086957,3.986117142857143,0.37142857142857144,0.6571428571428571,0.8571428571428571,6.25328773253112,0.3337143953231974
100,26,11,52,MLE_plugin,all,35,0.35,0.08785943081908387,0.11788686362267145,2.3367388239636835,2.2622139060151247,0.5720108695652174,1.2399912389546588,0.0,1.5640131249999998,0.73,0.86,0.92,3.172139966884684,0.057029940192143136
100,26,11,52,MLE_plugin,active,35,0.35,0.08785943081908387,0.11788686362267145,2.3367388239636835,2.2622139060151247,0.5067934782608695,0.7063061439450178,0.3804347826086957,3.967485,0.34285714285714286,0.6285714285714286,0.7714285714285715,6.256579870227601,0.32008662847104086
100,26,11,52,heuristic,all,35,0.35,0.08785943081908387,0.11788686362267145,2.3367388239636835,2.2622139060151247,1.0407608695652173,2.9197734151541983,0.0,3.83,0.56,0.56,0.56,0.0,0.2559842284653634
100,26,11,52,heuristic,active,35,0.35,0.08785943081908387,0.11788686362267145,2.3367388239636835,2.2622139060151247,0.6114130434782609,0.8401310842111753,0.47554347826086957,6.428571428571429,0.0,0.0,0.0,0.0,0.5142857142857142
100,26,12,13,MCMC,all,21,0.21,0.2017322106401062,0.08027299313135583,2.432768251497012,1.925952870529804,0.368421052631579,1.023444025401582,0.0,0.42153143750000005,0.9,0.97,1.0,1.1831831659499816,0.11964935608857102
100,26,12,13,MCMC,active,21,0.21,0.2017322106401062,0.08027299313135583,2.432768251497012,1.925952870529804,0.3092105263157895,0.4379326115958584,0.1381578947368421,1.6972869047619041,0.5238095238095238,0.8571428571428571,1.0,3.6542649770064166,0.22629070322337402
100,26,12,13,MLE_plugin,all,21,0.21,0.2017322106401062,0.08027299313135583,2.432768251497012,1.925952870529804,0.3848684210526315,1.063370386529251,0.0,0.43282824999999997,0.91,0.96,0.99,1.189593999724317,0.09472620505909196
100,26,12,13,MLE_plugin,active,21,0.21,0.2017322106401062,0.08027299313135583,2.432768251497012,1.925952870529804,0.35197368421052627,0.47117620034638125,0.1381578947368421,1.817553273809524,0.5714285714285714,0.8095238095238095,0.9523809523809523,3.8218114125749723,0.3226968996874612
100,26,12,13,heuristic,all,21,0.21,0.2017322106401062,0.08027299313135583,2.432768251497012,1.925952870529804,0.5855263157894737,1.4247636728755075,0.0,0.89,0.7,0.7,0.7,0.0,0.26308140549623915
100,26,12,13,heuristic,active,21,0.21,0.2017322106401062,0.08027299313135583,2.432768251497012,1.925952870529804,0.3092105263157895,0.456229959146995,0.1381578947368421,2.238095238095238,0.23809523809523808,0.23809523809523808,0.23809523809523808,0.0,0.38095238095238093
100,26,12,26,MCMC,all,24,0.24,0.2017322106401062,0.08027299313135583,2.432768251497012,1.925952870529804,0.39716312056737596,1.0964272931730714,0.0,0.7798886249999998,0.9,0.95,1.0,2.1591192584002843,0.12389945741190528
100,26,12,26,MCMC,active,24,0.24,0.2017322106401062,0.08027299313135583,2.432768251497012,1.925952870529804,0.31560283687943264,0.49837520824853515,0.1276595744680851,2.717299479166666,0.5833333333333334,0.7916666666666666,1.0,6.210798875906373,0.20409392841869847
100,26,12,26,MLE_plugin,all,24,0.24,0.2017322106401062,0.08027299313135583,2.432768251497012,1.925952870529804,0.4308510638297873,1.399361951941535,0.0,0.8524406874999998,0.88,0.94,1.0,2.149169958892143,0.08421518141842016
100,26,12,26,MLE_plugin,active,24,0.24,0.2017322106401062,0.08027299313135583,2.432768251497012,1.925952870529804,0.3882978723404255,0.6757901444234253,0.0851063829787234,3.1742684895833335,0.5,0.75,1.0,6.390800561669615,0.3092223569356921
100,26,12,26,heuristic,all,24,0.24,0.2017322106401062,0.08027299313135583,2.432768251497012,1.925952870529804,0.599290780141844,1.5973199474546396,0.0,1.69,0.66,0.66,0.66,0.0,0.28308140549623917
100,26,12,26,heuristic,active,24,0.24,0.2017322106401062,0.08027299313135583,2.432768251497012,1.925952870529804,0.3120567375886525,0.5499084248221313,0.1276595744680851,3.6666666666666665,0.125,0.125,0.125,0.0,0.4583333333333333
100,26,12,52,MCMC,all,26,0.26,0.2017322106401062,0.08027299313135583,2.432768251497012,1.925952870529804,0.4092702169625247,1.173901466463433,0.0,1.513871625,0.88,0.93,0.98,4.132520847746469,0.128605315074178
100,26,12,52,MCMC,active,26,0.26,0.2017322106401062,0.08027299313135583,2.432768251497012,1.925952870529804,0.3343195266272189,0.5680558979192769,0.15384615384615385,4.965036057692307,0.5384615384615384,0.7307692307692307,0.9230769230769231,11.45417199814809,0.22891099544683025
100,26,12,52,MLE_plugin,all,26,0.26,0.2017322106401062,0.08027299313135583,2.432768251497012,1.925952870529804,0.5177514792899408,1.8215233080653064,0.0,1.7756698124999999,0.85,0.92,0.98,3.8479200463020167,0.0846960170256863
100,26,12,52,MLE_plugin,active,26,0.26,0.2017322106401062,0.08027299313135583,2.432768251497012,1.925952870529804,0.4921104536489152,0.9261263459148447,0.1282051282051282,6.3130036057692305,0.4230769230769231,0.6923076923076923,0.9230769230769231,11.082802950388933,0.3403448792362319
100,26,12,52,heuristic,all,26,0.26,0.2017322106401062,0.08027299313135583,2.432768251497012,1.925952870529804,0.7455621301775147,1.9517659766237447,0.0,3.78,0.62,0.62,0.62,0.0,0.32308140549623915
100,26,12,52,heuristic,active,26,0.26,0.2017322106401062,0.08027299313135583,2.432768251497012,1.925952870529804,0.42011834319526625,0.7533535671432079,0.20512820512820512,8.192307692307692,0.038461538461538464,0.038461538461538464,0.038461538461538464,0.0,0.5769230769230769
100,26,13,13,MCMC,all,35,0.35,0.22553413732870753,0.036754933903434754,2.1744537092041676,2.3977426224013274,0.5206422018348623,1.2788625559129037,0.0,0.8097242499999999,0.85,0.91,0.98,1.4940165692527592,0.04973658373878309
100,26,13,13,MCMC,active,35,0.35,0.22553413732870753,0.036754933903434754,2.1744537092041676,2.3977426224013274,0.3830275229357798,0.5027855660991606,0.3211009174311927,1.6270255357142858,0.6285714285714286,0.8,0.9714285714285714,2.930455873953434,0.30729060031190014
100,26,13,13,MLE_plugin,all,35,0.35,0.22553413732870753,0.036754933903434754,2.1744537092041676,2.3977426224013274,0.5,1.2419253551083378,0.0,0.7845471249999999,0.84,0.91,0.97,1.4160780086316282,0.03936614256005799
100,26,13,13,MLE_plugin,active,35,0.35,0.22553413732870753,0.036754933903434754,2.1744537092041676,2.3977426224013274,0.353211009174312,0.46768748994403014,0.16055045871559634,1.5048074999999999,0.6,0.8,0.9428571428571428,2.79866504773237,0.2785983662998931
100,26,13,13,heuristic,all,35,0.35,0.22553413732870753,0.036754933903434754,2.1744537092041676,2.3977426224013274,0.5825688073394495,1.4190558071796349,0.0,1.27,0.62,0.62,0.62,0.0,0.24782749297998558
100,26,13,13,heuristic,active,35,0.35,0.22553413732870753,0.036754933903434754,2.1744537092041676,2.3977426224013274,0.2935779816513761,0.4375867896408007,0.16055045871559634,1.8285714285714285,0.3142857142857143,0.3142857142857143,0.3142857142857143,0.0,0.37142857142857144
100,26,13,26,MCMC,all,41,0.41,0.22553413732870753,0.036754933903434754,2.1744537092041676,2.3977426224013274,0.5187969924812029,1.3652823258110123,0.0,1.5097119999999997,0.79,0.94,0.97,2.71655276048041,0.04497514349540188
100,26,13,26,MCMC,active,41,0.41,0.22553413732870753,0.036754933903434754,2.1744537092041676,2.3977426224013274,0.37092731829573933,0.578727621610286,0.20551378446115287,2.619373170731707,0.5365853658536586,0.9024390243902439,0.9512195121951219,4.781759068956154,0.26649594975919005
100,26,13,26,MLE_plugin,all,41,0.41,0.22553413732870753,0.036754933903434754,2.1744537092041676,2.3977426224013274,0.49624060150375937,1.3345717579525334,0.0,1.503934,0.85,0.86,0.96,2.4893509767413886,0.057237095716071384
100,26,13,26,MLE_plugin,active,41,0.41,0.22553413732870753,0.036754933903434754,2.1744537092041676,2.3977426224013274,0.3433583959899749,0.5481020220121003,0.20551378446115287,2.472848475609756,0.6829268292682927,0.7073170731707317,0.926829268292683,4.336837028379818,0.21216436275715927
100,26,13,26,heuristic,all,41,0.41,0.22553413732870753,0.036754933903434754,2.1744537092041676,2.3977426224013274,0.644110275689223,1.6201800861046602,0.0,2.57,0.51,0.51,0.51,0.0,0.27
100,26,13,26,heuristic,active,41,0.41,0.22553413732870753,0.036754933903434754,2.1744537092041676,2.3977426224013274,0.3458646616541353,0.5759396314981994,0.20551378446115287,3.3658536585365852,0.0975609756097561,0.0975609756097561,0.0975609756097561,0.0,0.5121951219512195
100,26,13,52,MCMC,all,46,0.46,0.22553413732870753,0.036754933903434754,2.1744537092041676,2.3977426224013274,0.5543615676359038,1.381723481563606,0.0,3.0524263124999993,0.72,0.91,0.98,5.2365345748807535,0.11201775133021202
100,26,13,52,MCMC,active,46,0.46,0.22553413732870753,0.036754933903434754,2.1744537092041676,2.3977426224013274,0.4165613147914033,0.6682650734432741,0.23261694058154236,5.032219157608695,0.43478260869565216,0.8478260869565217,0.9782608695652174,8.594366955841094,0.3519286024740097
100,26,13,52,MLE_plugin,all,46,0.46,0.22553413732870753,0.036754933903434754,2.1744537092041676,2.3977426224013274,0.49494310998735774,1.3915495275298633,0.0,3.0281073750000003,0.76,0.84,0.94,4.6437062904337285,0.071035317375154
100,26,13,52,MLE_plugin,active,46,0.46,0.22553413732870753,0.036754933903434754,2.1744537092041676,2.3977426224013274,0.34323640960809104,0.6269122478737073,0.17446270543615677,4.562724184782609,0.5434782608695652,0.6956521739130435,0.8913043478260869,7.430244822317735,0.21346140506271477
100,26,13,52,heuristic,all,46,0.46,0.22553413732870753,0.036754933903434754,2.1744537092041676,2.3977426224013274,0.6257901390644753,1.6782762051080624,0.1264222503160556,4.95,0.49,0.49,0.49,0.0,0.29
100,26,13,52,heuristic,active,46,0.46,0.22553413732870753,0.036754933903434754,2.1744537092041676,2.3977426224013274,0.336283185840708,0.6741661344396137,0.11630847029077118,5.782608695652174,0.10869565217391304,0.10869565217391304,0.10869565217391304,0.0,0.4565217391304348
100,26,14,13,MCMC,all,24,0.24,0.26120336689991314,0.1777200285397765,1.927379168350742,2.037971129139557,0.42783505154639173,1.356953255782287,0.0,0.6354708124999999,0.88,0.95,0.98,1.224805045104538,0.054392245780328585
100,26,14,13,MCMC,active,24,0.24,0.26120336689991314,0.1777200285397765,1.927379168350742,2.037971129139557,0.42783505154639173,0.66476861629499,0.24742268041237112,2.56759296875,0.5,0.7916666666666666,0.9166666666666666,3.6100806268220693,0.3801967091560473
100,26,14,13,MLE_plugin,all,24,0.24,0.26120336689991314,0.1777200285397765,1.927379168350742,2.037971129139557,0.4123711340206186,1.2198102645566218,0.0,0.59152775,0.87,0.95,0.96,1.1982774057814958,0.039554080537567926
100,26,14,13,MLE_plugin,active,24,0.24,0.26120336689991314,0.1777200285397765,1.927379168350742,2.037971129139557,0.3762886597938144,0.5895248847627131,0.24742268041237112,2.2446749999999995,0.4583333333333333,0.7916666666666666,0.8333333333333334,3.343117627037356,0.30458003866342365
100,26,14,13,heuristic,all,24,0.24,0.26120336689991314,0.1777200285397765,1.927379168350742,2.037971129139557,0.4742268041237114,1.170908937278407,0.0,0.92,0.66,0.66,0.66,0.0,0.2542388909769213
100,26,14,13,heuristic,active,24,0.24,0.26120336689991314,0.1777200285397765,1.927379168350742,2.037971129139557,0.2989690721649484,0.5175216658973663,0.12371134020618556,2.4166666666666665,0.3333333333333333,0.3333333333333333,0.3333333333333333,0.0,0.375
100,26,14,26,MCMC,all,30,0.3,0.26120336689991314,0.1777200285397765,1.927379168350742,2.037971129139557,0.42010309278350516,1.4203346116963769,0.0,1.2944874375,0.84,0.89,0.97,2.230409313398,0.07857267719306965
100,26,14,26,MCMC,active,30,0.3,0.26120336689991314,0.1777200285397765,1.927379168350742,2.037971129139557,0.42010309278350516,0.7779493060314465,0.15463917525773196,4.212311875,0.4666666666666667,0.6333333333333333,0.9,5.65566101022523,0.35689345433638126
100,26,14,26,MLE_plugin,all,30,0.3,0.26120336689991314,0.1777200285397765,1.927379168350742,2.037971129139557,0.40850515463917525,1.2261244110263438,0.0,1.1624445625,0.82,0.9,0.95,2.1438332771518285,0.05592296187890211
100,26,14,26,MLE_plugin,active,30,0.3,0.26120336689991314,0.1777200285397765,1.927379168350742,2.037971129139557,0.36984536082474223,0.6609581181644402,0.15463917525773196,3.5593479166666664,0.4,0.6666666666666666,0.8333333333333334,5.149517399351298,0.2902389861486466
100,26,14,26,heuristic,all,30,0.3,0.26120336689991314,0.1777200285397765,1.927379168350742,2.037971129139557,0.4561855670103093,1.1254951320050541,0.0,1.77,0.6,0.6,0.6,0.0,0.27423889097692133
100,26,14,26,heuristic,active,30,0.3,0.26120336689991314,0.1777200285397765,1.927379168350742,2.037971129139557,0.3195876288659794,0.5653678178637634,0.15463917525773196,4.133333333333334,0.2,0.2,0.2,0.0,0.43333333333333335
100,26,14,52,MCMC,all,33,0.33,0.26120336689991314,0.1777200285397765,1.927379168350742,2.037971129139557,0.4818652849740933,1.5873029722321648,0.0,2.8619283750000006,0.78,0.86,0.95,4.224167171111508,0.10295605088377668
100,26,14,52,MCMC,active,33,0.33,0.26120336689991314,0.1777200285397765,1.927379168350742,2.037971129139557,0.48186528497409326,0.9118361363023684,0.1282383419689119,8.528322537878788,0.3333333333333333,0.5757575757575758,0.8484848484848485,10.156789472108343,0.41337359733998347
100,26,14,52,MLE_plugin,all,33,0.33,0.26120336689991314,0.1777200285397765,1.927379168350742,2.037971129139557,0.4099740932642487,1.2103083787674433,0.0,2.368566625,0.8,0.87,0.95,4.093377213634236,0.07541712446520299
100,26,14,52,MLE_plugin,active,33,0.33,0.26120336689991314,0.1777200285397765,1.927379168350742,2.037971129139557,0.375,0.6847974681743876,0.1282383419689119,6.634902462121213,0.3939393939393939,0.6060606060606061,0.8484848484848485,9.27672159269392,0.3324311226524794
100,26,14,52,heuristic,all,33,0.33,0.26120336689991314,0.1777200285397765,1.927379168350742,2.037971129139557,0.4585492227979275,1.09867164552539,0.0,3.54,0.54,0.54,0.54,0.0,0.27423889097692133
100,26,14,52,heuristic,active,33,0.33,0.26120336689991314,0.1777200285397765,1.927379168350742,2.037971129139557,0.3186528497409326,0.5736923648390457,0.1282383419689119,7.454545454545454,0.06060606060606061,0.06060606060606061,0.06060606060606061,0.0,0.5757575757575757
150,26,0,13,MCMC,all,47,0.31333333333333335,0.17494078857377096,0.17168670925852925,1.9211638739526038,2.3406782743938592,0.6507936507936507,1.543033499620919,0.0,0.5550400833333333,0.8466666666666667,0.9666666666666667,0.9733333333333334,1.1098664635221906,0.07149050154684655
150,26,0,13,MCMC,active,47,0.31333333333333335,0.17494078857377096,0.17168670925852925,1.9211638739526038,2.3406782743938592,0.5820105820105821,0.8475853589008973,0.2486772486772487,1.562824867021277,0.574468085106383,0.8936170212765957,0.9148936170212766,2.24884680134895,0.35292727379784916
150,26,0,13,MLE_plugin,all,47,0.31333333333333335,0.17494078857377096,0.17168670925852925,1.9211638739526038,2.3406782743938592,0.6507936507936507,1.5238646374512876,0.0,0.5546055,0.8533333333333334,0.9466666666666667,0.9733333333333334,1.1274321422674027,0.06861632706494736
150,26,0,13,MLE_plugin,active,47,0.31333333333333335,0.17494078857377096,0.17168670925852925,1.9211638739526038,2.3406782743938592,0.5820105820105821,0.831916995771263,0.4973544973544974,1.5577316489361699,0.5957446808510638,0.851063829787234,0.9148936170212766,2.2625320641546725,0.3516653138309863
150,26,0,13,heuristic,all,47,0.31333333333333335,0.17494078857377096,0.17168670925852925,1.9211638739526038,2.3406782743938592,0.6984126984126984,1.4108245106850141,0.0,0.88,0.58,0.58,0.58,0.0,0.2851436952317436
150,26,0,13,heuristic,active,47,0.31333333333333335,0.17494078857377096,0.17168670925852925,1.9211638739526038,2.3406782743938592,0.47089947089947093,0.6986731917606183,0.2486772486772487,1.8936170212765957,0.1702127659574468,0.1702127659574468,0.1702127659574468,0.0,0.44680851063829785
150,26,0,26,MCMC,all,55,0.36666666666666664,0.17494078857377096,0.17168670925852925,1.9211638739526038,2.3406782743938592,0.5904392764857881,1.3904053976598179,0.0,1.1075031249999998,0.7933333333333333,0.8933333333333333,0.98,1.9064866635255717,0.06275242232980827
150,26,0,26,MCMC,active,55,0.36666666666666664,0.17494078857377096,0.17168670925852925,1.9211638739526038,2.3406782743938592,0.5361757105943152,0.8267472045197447,0.2842377260981912,2.7406817045454543,0.509090909090909,0.7272727272727273,0.9454545454545454,3.6385453060719257,0.3245921440532949
150,26,0,26,MLE_plugin,all,55,0.36666666666666664,0.17494078857377096,0.17168670925852925,1.9211638739526038,2.3406782743938592,0.6046511627906976,1.3944513335226896,0.0,1.1159800833333333,0.7666666666666667,0.8933333333333333,0.98,1.9605937272706866,0.0672719441154892
150,26,0,26,MLE_plugin,active,55,0.36666666666666664,0.17494078857377096,0.17168670925852925,1.9211638739526038,2.3406782743938592,0.5503875968992248,0.8274686971995142,0.2842377260981912,2.7445648863636363,0.43636363636363634,0.7272727272727273,0.9454545454545454,3.7023284990564456,0.3077162386005047
150,26,0,26,heuristic,all,55,0.36666666666666664,0.17494078857377096,0.17168670925852925,1.9211638739526038,2.3406782743938592,0.6589147286821705,1.2882374454277967,0.0,1.7,0.5333333333333333,0.5333333333333333,0.5333333333333333,0.0,0.29333333333333333
150,26,0,26,heuristic,active,55,0.36666666666666664,0.17494078857377096,0.17168670925852925,1.9211638739526038,2.3406782743938592,0.5012919896640827,0.712400804525808,0.2842377260981912,3.5272727272727273,0.09090909090909091,0.09090909090909091,0.09090909090909091,0.0,0.4545454545454546
150,26,0,52,MCMC,all,63,0.42,0.17494078857377096,0.17168670925852925,1.9211638739526038,2.3406782743938592,0.5871934604904633,1.4504258931864615,0.0,2.0897716666666666,0.76,0.8666666666666667,0.98,3.565418441468919,0.06926710553312188
150,26,0,52,MCMC,active,63,0.42,0.17494078857377096,0.17168670925852925,1.9211638739526038,2.3406782743938592,0.544959128065395,0.9260086794054401,0.2574931880108992,4.618763293650793,0.49206349206349204,0.6984126984126984,0.9523809523809523,6.401302383253614,0.2698370843405362
150,26,0,52,MLE_plugin,all,63,0.42,0.17494078857377096,0.17168670925852925,1.9211638739526038,2.3406782743938592,0.600817438692098,1.4660343810500207,0.0,2.1008240833333334,0.7466666666666667,0.8933333333333333,0.98,3.63594419140567,0.051992997154855614
150,26,0,52,MLE_plugin,active,63,0.42,0.17494078857377096,0.17168670925852925,1.9211638739526038,2.3406782743938592,0.5565395095367848,0.9339460642808042,0.2574931880108992,4.5950203373015865,0.4603174603174603,0.7619047619047619,0.9523809523809523,6.467885537605614,0.26208079710521004
150,26,0,52,heuristic,all,63,0.42,0.17494078857377096,0.17168670925852925,1.9211638739526038,2.3406782743938592,0.6798365122615804,1.354027420175268,0.20435967302452315,3.3266666666666667,0.49333333333333335,0.49333333333333335,0.49333333333333335,0.0,0.32103054205202064
150,26,0,52,heuristic,active,63,0.42,0.17494078857377096,0.17168670925852925,1.9211638739526038,2.3406782743938592,0.5313351498637603,0.7981651552305707,0.34332425068119893,6.190476190476191,0.015873015873015872,0.015873015873015872,0.015873015873015872,0.0,0.5396825396825397
150,26,1,13,MCMC,all,31,0.20666666666666667,0.29483720360656324,0.1938976033427765,2.206049419973768,1.84019590600761,0.4023668639053254,1.212386182820287,0.0,0.64089675,0.88,0.9266666666666666,0.9666666666666667,1.2460537408237975,0.09524082099804976
150,26,1,13,MCMC,active,31,0.20666666666666667,0.29483720360656324,0.1938976033427765,2.206049419973768,1.84019590600761,0.34171597633136097,0.4475750557751756,0.27514792899408286,2.692602822580645,0.45161290322580644,0.6451612903225806,0.8387096774193549,4.178878435384943,0.4809858970416617
150,26,1,13,MLE_plugin,all,31,0.20666666666666667,0.29483720360656324,0.1938976033427765,2.206049419973768,1.84019590600761,0.4023668639053254,1.2075029785291431,0.0,0.6404740416666665,0.8666666666666667,0.94,0.9666666666666667,1.240605577886516,0.09948550010916879
150,26,1,13,MLE_plugin,active,31,0.20666666666666667,0.29483720360656324,0.1938976033427765,2.206049419973768,1.84019590600761,0.34171597633136097,0.4448384978512395,0.27514792899408286,2.6726604838709678,0.3870967741935484,0.7096774193548387,0.8387096774193549,4.1776053083233595,0.483933984205303
150,26,1,13,heuristic,all,31,0.20666666666666667,0.29483720360656324,0.1938976033427765,2.206049419973768,1.84019590600761,0.5769230769230769,1.5914574920450686,0.0,1.3,0.6466666666666666,0.6466666666666666,0.6466666666666666,0.0,0.22229009396437668
150,26,1,13,heuristic,active,31,0.20666666666666667,0.29483720360656324,0.1938976033427765,2.206049419973768,1.84019590600761,0.28994082840236685,0.41346087688232375,0.18343195266272191,3.161290322580645,0.0967741935483871,0.0967741935483871,0.0967741935483871,0.0,0.6656603400538119
150,26,1,26,MCMC,all,32,0.21333333333333335,0.29483720360656324,0.1938976033427765,2.206049419973768,1.84019590600761,0.36696562032884905,1.1516387133509947,0.0,1.228636,0.8266666666666667,0.9066666666666666,0.96,2.3745342343309823,0.09895594163027277
150,26,1,26,MCMC,active,32,0.21333333333333335,0.29483720360656324,0.1938976033427765,2.206049419973768,1.84019590600761,0.3153961136023916,0.45511706389201945,0.16741405082212257,5.0910904296875,0.25,0.5625,0.8125,8.064155444848932,0.5236301566991162
150,26,1,26,MLE_plugin,all,32,0.21333333333333335,0.29483720360656324,0.1938976033427765,2.206049419973768,1.84019590600761,0.37294469357249627,1.1914039546420014,0.0,1.222395875,0.8333333333333334,0.9133333333333333,0.9666666666666667,2.355133920311824,0.10096665016823225
150,26,1,26,MLE_plugin,active,32,0.21333333333333335,0.29483720360656324,0.1938976033427765,2.206049419973768,1.84019590600761,0.3146487294469357,0.45237922622995863,0.14349775784753363,4.985475976562499,0.28125,0.59375,0.84375,8.018269263189982,0.5297219605388277
150,26,1,26,heuristic,all,32,0.21333333333333335,0.29483720360656324,0.1938976033427765,2.206049419973768,1.84019590600761,0.523168908819133,1.5156243073496294,0.0,2.3333333333333335,0.64,0.64,0.64,0.0,0.22895676063104337
150,26,1,26,heuristic,active,32,0.21333333333333335,0.29483720360656324,0.1938976033427765,2.206049419973768,1.84019590600761,0.24813153961136025,0.368186650363902,0.14349775784753363,5.1875,0.09375,0.09375,0.09375,0.0,0.625
150,26,1,52,MCMC,all,39,0.26,0.29483720360656324,0.1938976033427765,2.206049419973768,1.84019590600761,0.38919558359621453,1.1971059419320156,0.0,2.509313833333333,0.82,0.8666666666666667,0.96,4.631500002913593,0.09862317924167308
150,26,1,52,MCMC,active,39,0.26,0.29483720360656324,0.1938976033427765,2.206049419973768,1.84019590600761,0.3493690851735016,0.5595871858497176,0.15378548895899055,8.870180608974357,0.3333333333333333,0.48717948717948717,0.8461538461538461,13.774799307411104,0.4442536885467173
150,26,1,52,MLE_plugin,all,39,0.26,0.29483720360656324,0.1938976033427765,2.206049419973768,1.84019590600761,0.387223974763407,1.2108311040369582,0.0,2.4337495,0.8266666666666667,0.8866666666666667,0.9733333333333334,4.625178383793239,0.10443634155240289
150,26,1,52,MLE_plugin,active,39,0.26,0.29483720360656324,0.1938976033427765,2.206049419973768,1.84019590600761,0.3351735015772871,0.5279030421100643,0.15378548895899055,8.455309455128205,0.358974358974359,0.5641025641025641,0.8974358974358975,13.822544423262512,0.4496259995957408
150,26,1,52,heuristic,all,39,0.26,0.29483720360656324,0.1938976033427765,2.206049419973768,1.84019590600761,0.5102523659305994,1.5433957449788194,0.0,4.3133333333333335,0.5933333333333334,0.5933333333333334,0.5933333333333334,0.0,0.26895676063104335
150,26,1,52,heuristic,active,39,0.26,0.29483720360656324,0.1938976033427765,2.206049419973768,1.84019590600761,0.23186119873817035,0.3734624761057279,0.12302839116719244,7.538461538461538,0.0,0.0,0.0,0.0,0.5384615384615384
150,26,2,13,MCMC,all,25,0.16666666666666666,0.0911962298642781,0.19881745208321924,2.1197699769906215,2.1753193433406857,0.6086956521739131,1.7571529931858176,0.0,0.22267466666666663,0.9133333333333333,0.96,0.98,0.6294897310130686,0.04735753186919189
150,26,2,13,MCMC,active,25,0.16666666666666666,0.0911962298642781,0.19881745208321924,2.1197699769906215,2.1753193433406857,0.5072463768115942,0.6105905632736491,0.3623188405797102,1.0665229999999999,0.52,0.76,0.88,1.6696964156297915,0.3736713788767333
150,26,2,13,MLE_plugin,all,25,0.16666666666666666,0.0911962298642781,0.19881745208321924,2.1197699769906215,2.1753193433406857,0.6666666666666666,1.7571529931858176,0.0,0.23104858333333336,0.9266666666666666,0.96,0.9666666666666667,0.5930654627981725,0.048467151555390275
150,26,2,13,MLE_plugin,active,25,0.16666666666666666,0.0911962298642781,0.19881745208321924,2.1197699769906215,2.1753193433406857,0.4927536231884059,0.623356903408886,0.3623188405797102,1.0089165,0.6,0.8,0.8,1.5960329035823313,0.3043575685246789
150,26,2,13,heuristic,all,25,0.16666666666666666,0.0911962298642781,0.19881745208321924,2.1197699769906215,2.1753193433406857,0.8695652173913043,2.1593716559059914,0.0,0.4,0.76,0.76,0.76,0.0,0.1722884795183952
150,26,2,13,heuristic,active,25,0.16666666666666666,0.0911962298642781,0.19881745208321924,2.1197699769906215,2.1753193433406857,0.42028985507246375,0.5470894518312137,0.3623188405797102,1.16,0.24,0.24,0.24,0.0,0.48
150,26,2,26,MCMC,all,27,0.18,0.0911962298642781,0.19881745208321924,2.1197699769906215,2.1753193433406857,0.6902985074626866,2.0645829565761074,0.0,0.46355199999999996,0.8866666666666667,0.9266666666666666,0.98,1.062848788367429,0.04225976529281439
150,26,2,26,MCMC,active,27,0.18,0.0911962298642781,0.19881745208321924,2.1197699769906215,2.1753193433406857,0.5559701492537313,0.7911415739142367,0.40298507462686567,2.040209953703704,0.48148148148148145,0.5925925925925926,0.8888888888888888,2.6050873084727355,0.3333704066935991
150,26,2,26,MLE_plugin,all,27,0.18,0.0911962298642781,0.19881745208321924,2.1197699769906215,2.1753193433406857,0.7313432835820896,2.068120367246421,0.0,0.49846345833333333,0.8533333333333334,0.92,0.9533333333333334,0.9979094295057814,0.04219133485036233
150,26,2,26,MLE_plugin,active,27,0.18,0.0911962298642781,0.19881745208321924,2.1197699769906215,2.1753193433406857,0.5223880597014926,0.759875943961663,0.20149253731343283,1.9822844907407404,0.4444444444444444,0.5925925925925926,0.7407407407407407,2.4852486376626697,0.30240216723579266
150,26,2,26,heuristic,all,27,0.18,0.0911962298642781,0.19881745208321924,2.1197699769906215,2.1753193433406857,0.8880597014925373,2.3284299644511486,0.0,0.7933333333333333,0.7266666666666667,0.7266666666666667,0.7266666666666667,0.0,0.18562181285172855
150,26,2,26,heuristic,active,27,0.18,0.0911962298642781,0.19881745208321924,2.1197699769906215,2.1753193433406857,0.47761194029850745,0.6893195963436113,0.20149253731343283,2.3703703703703702,0.1111111111111111,0.1111111111111111,0.1111111111111111,0.0,0.5555555555555556
150,26,2,52,MCMC,all,33,0.22,0.0911962298642781,0.19881745208321924,2.1197699769906215,2.1753193433406857,0.7023255813953487,2.230013084236959,0.0,0.7769517083333333,0.88,0.9266666666666666,0.9866666666666667,1.917008064901856,0.04885764350460409
150,26,2,52,MCMC,active,33,0.22,0.0911962298642781,0.19881745208321924,2.1197699769906215,2.1753193433406857,0.5627906976744186,0.9141221218473065,0.3069767441860465,2.8304001893939392,0.5151515151515151,0.6666666666666666,0.9393939393939394,4.391226389349245,0.22078870756449187
150,26,2,52,MLE_plugin,all,33,0.22,0.0911962298642781,0.19881745208321924,2.1197699769906215,2.1753193433406857,0.8046511627906977,2.293853333410269,0.0,0.8752558750000001,0.8333333333333334,0.8933333333333333,0.94,1.7868461935748814,0.05169199197104135
150,26,2,52,MLE_plugin,active,33,0.22,0.0911962298642781,0.19881745208321924,2.1197699769906215,2.1753193433406857,0.5837209302325581,0.8994590045195219,0.3069767441860465,2.899092045454545,0.45454545454545453,0.6060606060606061,0.7272727272727273,4.152614384415599,0.2786602956867169
150,26,2,52,heuristic,all,33,0.22,0.0911962298642781,0.19881745208321924,2.1197699769906215,2.1753193433406857,1.0930232558139534,2.961625852575506,0.0,1.5666666666666667,0.7,0.7,0.7,0.0,0.2168337293251936
150,26,2,52,heuristic,active,33,0.22,0.0911962298642781,0.19881745208321924,2.1197699769906215,2.1753193433406857,0.6279069767441859,0.9849818736956146,0.3069767441860465,4.090909090909091,0.06060606060606061,0.06060606060606061,0.06060606060606061,0.0,0.48484848484848486
150,26,3,13,MCMC,all,13,0.08666666666666667,0.028246301229520127,0.15810846787809077,1.9298750195508614,2.245422636831384,1.0,3.7435064886346634,0.0,0.09219758333333332,0.9266666666666666,0.9533333333333334,0.9933333333333333,0.331988598117755,0.0930520313380333
150,26,3,13,MLE_plugin,all,13,0.08666666666666667,0.028246301229520127,0.15810846787809077,1.9298750195508614,2.245422636831384,1.0,3.7435064886346634,0.0,0.09266454166666666,0.9266666666666666,0.9533333333333334,0.9866666666666667,0.3673457441739372,0.10010769985945356
150,26,3,13,heuristic,all,13,0.08666666666666667,0.028246301229520127,0.15810846787809077,1.9298750195508614,2.245422636831384,1.4705882352941175,3.879678223021447,0.0,0.16666666666666666,0.8466666666666667,0.8466666666666667,0.8466666666666667,0.0,0.12379584231262866
150,26,3,26,MCMC,all,17,0.11333333333333333,0.028246301229520127,0.15810846787809077,1.9298750195508614,2.245422636831384,0.9655172413793104,3.378606541769901,0.0,0.148137,0.92,0.9466666666666667,0.9866666666666667,0.49706948699572395,0.09877971663639795
150,26,3,26,MCMC,active,17,0.11333333333333333,0.028246301229520127,0.15810846787809077,1.9298750195508614,2.245422636831384,0.9655172413793104,1.1374084484462512,0.5862068965517242,1.1639121323529413,0.29411764705882354,0.5294117647058824,0.8823529411764706,0.7546450430645948,0.577314145723293
150,26,3,26,MLE_plugin,all,17,0.11333333333333333,0.028246301229520127,0.15810846787809077,1.9298750195508614,2.245422636831384,1.0,3.404899596229569,0.0,0.1460547083333333,0.9266666666666666,0.9733333333333334,0.9866666666666667,0.5435147461354567,0.11642234902467907
150,26,3,26,MLE_plugin,active,17,0.11333333333333333,0.028246301229520127,0.15810846787809077,1.9298750195508614,2.245422636831384,0.9655172413793104,1.1374084484462512,0.5862068965517242,1.0737216911764706,0.35294117647058826,0.7647058823529411,0.8823529411764706,0.8026611065471569,0.5252115409659445
150,26,3,26,heuristic,all,17,0.11333333333333333,0.028246301229520127,0.15810846787809077,1.9298750195508614,2.245422636831384,1.206896551724138,3.243946159004617,0.0,0.23333333333333334,0.8266666666666667,0.8266666666666667,0.8266666666666667,0.0,0.13046250897929532
150,26,3,26,heuristic,active,17,0.11333333333333333,0.028246301229520127,0.15810846787809077,1.9298750195508614,2.245422636831384,0.5172413793103449,0.6197310605383252,0.5862068965517242,0.8823529411764706,0.23529411764705882,0.23529411764705882,0.23529411764705882,0.0,0.47058823529411764
150,26,3,52,MCMC,all,24,0.16,0.028246301229520127,0.15810846787809077,1.9298750195508614,2.245422636831384,0.9444444444444445,3.0513438987563117,0.0,0.2676182916666667,0.88,0.96,0.9733333333333334,0.7597841441677217,0.09464872873050334
150,26,3,52,MCMC,active,24,0.16,0.028246301229520127,0.15810846787809077,1.9298750195508614,2.245422636831384,0.925925925925926,1.2171612389003692,0.4444444444444444,1.4755278645833334,0.25,0.75,0.8333333333333334,1.1051821934505386,0.6241881807116696
150,26,3,52,MLE_plugin,all,24,0.16,0.028246301229520127,0.15810846787809077,1.9298750195508614,2.245422636831384,0.8796296296296297,2.86214472519884,0.0,0.2700793333333333,0.8866666666666667,0.9666666666666667,0.9733333333333334,0.8330417532904002,0.12432335394876726
150,26,3,52,MLE_plugin,active,24,0.16,0.028246301229520127,0.15810846787809077,1.9298750195508614,2.245422636831384,0.8518518518518519,1.1403558754326408,0.4444444444444444,1.3786427083333332,0.2916666666666667,0.7916666666666666,0.8333333333333334,1.1382355797735164,0.5443147942650448
150,26,3,52,heuristic,all,24,0.16,0.028246301229520127,0.15810846787809077,1.9298750195508614,2.245422636831384,1.3148148148148149,3.1671539586087167,0.0,0.47333333333333333,0.7666666666666667,0.7666666666666667,0.7666666666666667,0.0,0.15046250897929533
150,26,3,52,heuristic,active,24,0.16,0.028246301229520127,0.15810846787809077,1.9298750195508614,2.245422636831384,0.7222222222222222,0.816496580927726,0.4444444444444444,1.625,0.0,0.0,0.0,0.0,0.5833333333333333
150,26,4,13,MCMC,all,49,0.32666666666666666,0.19976875062094368,0.039420591102112046,2.4919369757458156,2.3223140565909985,0.39836065573770496,0.931617867826064,0.0,0.5940249166666668,0.8466666666666667,0.9133333333333333,0.9733333333333334,1.2130912028422554,0.0428925707210267
150,26,4,13,MCMC,active,49,0.32666666666666666,0.19976875062094368,0.039420591102112046,2.4919369757458156,2.3223140565909985,0.3688524590163935,0.5219734944839942,0.16065573770491803,1.6944508928571431,0.5510204081632653,0.7346938775510204,0.9183673469387755,2.758031790018594,0.17726156817808553
150,26,4,13,MLE_plugin,all,49,0.32666666666666666,0.19976875062094368,0.039420591102112046,2.4919369757458156,2.3223140565909985,0.39836065573770496,0.9246686398506475,0.0,0.6127094583333333,0.8466666666666667,0.8933333333333333,0.96,1.1788806206962519,0.04327239873511579
150,26,4,13,MLE_plugin,active,49,0.32666666666666666,0.19976875062094368,0.039420591102112046,2.4919369757458156,2.3223140565909985,0.36229508196721316,0.5097200859068514,0.16065573770491803,1.7079604591836735,0.5714285714285714,0.7142857142857143,0.8979591836734694,2.6338777298964224,0.16671906543676474
150,26,4,13,heuristic,all,49,0.32666666666666666,0.19976875062094368,0.039420591102112046,2.4919369757458156,2.3223140565909985,0.42950819672131146,0.9712336553179426,0.0,0.8733333333333333,0.6666666666666666,0.6666666666666666,0.6666666666666666,0.0,0.18065499198271953
150,26,4,13,heuristic,active,49,0.32666666666666666,0.19976875062094368,0.039420591102112046,2.4919369757458156,2.3223140565909985,0.38032786885245906,0.5343155874607195,0.16065573770491803,2.36734693877551,0.14285714285714285,0.14285714285714285,0.14285714285714285,0.0,0.44897959183673475
150,26,4,26,MCMC,all,57,0.38,0.19976875062094368,0.039420591102112046,2.4919369757458156,2.3223140565909985,0.36963696369636967,0.8368386883354934,0.0,1.062659625,0.7933333333333333,0.8733333333333333,0.9866666666666667,2.1117679176724673,0.058192528404813704
150,26,4,26,MCMC,active,57,0.38,0.19976875062094368,0.039420591102112046,2.4919369757458156,2.3223140565909985,0.3481848184818482,0.5019852428776382,0.18811881188118812,2.647097368421053,0.47368421052631576,0.6666666666666666,0.9649122807017544,4.4206538312448815,0.22876957917046098
150,26,4,26,MLE_plugin,all,57,0.38,0.19976875062094368,0.039420591102112046,2.4919369757458156,2.3223140565909985,0.3613861386138614,0.8363504510195252,0.0,1.0823707916666667,0.7933333333333333,0.8533333333333334,0.9666666666666667,1.961611851090093,0.04213458703020456
150,26,4,26,MLE_plugin,active,57,0.38,0.19976875062094368,0.039420591102112046,2.4919369757458156,2.3223140565909985,0.3333333333333333,0.49450878060094033,0.18811881188118812,2.606081030701754,0.49122807017543857,0.6491228070175439,0.9473684210526315,4.009798465887541,0.1814938507850976
150,26,4,26,heuristic,all,57,0.38,0.19976875062094368,0.039420591102112046,2.4919369757458156,2.3223140565909985,0.36963696369636967,0.8521948075033239,0.0,1.4933333333333334,0.64,0.64,0.64,0.0,0.19659754731171397
150,26,4,26,heuristic,active,57,0.38,0.19976875062094368,0.039420591102112046,2.4919369757458156,2.3223140565909985,0.33663366336633666,0.4989614414104337,0.09405940594059406,3.5789473684210527,0.10526315789473684,0.10526315789473684,0.10526315789473684,0.0,0.49122807017543857
150,26,4,52,MCMC,all,63,0.42,0.19976875062094368,0.039420591102112046,2.4919369757458156,2.3223140565909985,0.3626050420168067,0.816721776888042,0.0,2.0665547083333333,0.7333333333333333,0.8933333333333333,0.9733333333333334,3.996717249317725,0.07023925814175924
150,26,4,52,MCMC,active,63,0.42,0.19976875062094368,0.039420591102112046,2.4919369757458156,2.3223140565909985,0.34243697478991597,0.513944214348391,0.1588235294117647,4.670017261904762,0.38095238095238093,0.746031746031746,0.9365079365079365,7.813419062569206,0.2233253958569269
150,26,4,52,MLE_plugin,all,63,0.42,0.19976875062094368,0.039420591102112046,2.4919369757458156,2.3223140565909985,0.3596638655462185,0.8099005161911468,0.0,2.143123625,0.7266666666666667,0.8533333333333334,0.94,3.484083173655286,0.044127582426737755
150,26,4,52,MLE_plugin,active,63,0.42,0.19976875062094368,0.039420591102112046,2.4919369757458156,2.3223140565909985,0.33277310924369746,0.501290968102298,0.1588235294117647,4.66684623015873,0.38095238095238093,0.6825396825396826,0.8888888888888888,6.583320728474808,0.2273340917879234
150,26,4,52,heuristic,all,63,0.42,0.19976875062094368,0.039420591102112046,2.4919369757458156,2.3223140565909985,0.38235294117647056,0.8373265434785957,0.0,3.033333333333333,0.5733333333333334,0.5733333333333334,0.5733333333333334,0.0,0.2232642139783806
150,26,4,52,heuristic,active,63,0.42,0.19976875062094368,0.039420591102112046,2.4919369757458156,2.3223140565909985,0.35294117647058826,0.51518705000258,0.1588235294117647,6.666666666666667,0.015873015873015872,0.015873015873015872,0.015873015873015872,0.0,0.5079365079365079
150,26,5,13,MCMC,all,51,0.34,0.25672792231421077,0.04325894098955159,1.9782718415502203,2.022284107598737,0.35844155844155845,0.7921013341286705,0.0,0.7369313333333332,0.8133333333333334,0.9133333333333333,0.9733333333333334,1.573470587102485,0.08673111779929632
150,26,5,13,MCMC,active,51,0.34,0.25672792231421077,0.04325894098955159,1.9782718415502203,2.022284107598737,0.34545454545454546,0.4570026349288676,0.26493506493506497,2.0427281862745095,0.49019607843137253,0.7450980392156863,0.9215686274509803,3.576671299201532,0.3358715908035703
150,26,5,13,MLE_plugin,all,51,0.34,0.25672792231421077,0.04325894098955159,1.9782718415502203,2.022284107598737,0.40519480519480516,0.8997666532825336,0.0,0.7710453333333334,0.8133333333333334,0.9066666666666666,0.9733333333333334,1.5833922606467166,0.0937748937824614
150,26,5,13,MLE_plugin,active,51,0.34,0.25672792231421077,0.04325894098955159,1.9782718415502203,2.022284107598737,0.3922077922077922,0.5203693694429088,0.26493506493506497,2.15413431372549,0.49019607843137253,0.7254901960784313,0.9215686274509803,3.6345333210802333,0.37365495364938217
150,26,5,13,heuristic,all,51,0.34,0.25672792231421077,0.04325894098955159,1.9782718415502203,2.022284107598737,0.5454545454545454,1.0983051694475832,0.0,1.4,0.5666666666666667,0.5666666666666667,0.5666666666666667,0.0,0.28035810606070843
150,26,5,13,heuristic,active,51,0.34,0.25672792231421077,0.04325894098955159,1.9782718415502203,2.022284107598737,0.3142857142857143,0.45017565582745533,0.26493506493506497,2.372549019607843,0.21568627450980393,0.21568627450980393,0.21568627450980393,0.0,0.4509803921568627
150,26,5,26,MCMC,all,58,0.38666666666666666,0.25672792231421077,0.04325894098955159,1.9782718415502203,2.022284107598737,0.42909896602658787,1.0018348794271559,0.0,1.4900698333333333,0.8066666666666666,0.8666666666666667,0.94,2.912337639826242,0.08796441078629813
150,26,5,26,MCMC,active,58,0.38666666666666666,0.25672792231421077,0.04325894098955159,1.9782718415502203,2.022284107598737,0.42023633677991135,0.6192990089426841,0.27843426883308714,3.7130237068965513,0.5172413793103449,0.6724137931034483,0.8448275862068966,6.173607472056634,0.31111092378115657
150,26,5,26,MLE_plugin,all,58,0.38666666666666666,0.25672792231421077,0.04325894098955159,1.9782718415502203,2.022284107598737,0.4689807976366322,1.1448396596116144,0.0,1.55766,0.7866666666666666,0.8866666666666667,0.9533333333333334,2.8931628853378846,0.10568003771726286
150,26,5,26,MLE_plugin,active,58,0.38666666666666666,0.25672792231421077,0.04325894098955159,1.9782718415502203,2.022284107598737,0.4601181683899557,0.7086833009904671,0.2570162481536189,3.9165098060344827,0.46551724137931033,0.7068965517241379,0.8793103448275862,6.1970157559191845,0.3452000403687592
150,26,5,26,heuristic,all,58,0.38666666666666666,0.25672792231421077,0.04325894098955159,1.9782718415502203,2.022284107598737,0.6661742983751846,1.4392111291885543,0.0,3.006666666666667,0.5133333333333333,0.5133333333333333,0.5133333333333333,0.0,0.3102910535547435
150,26,5,26,heuristic,active,58,0.38666666666666666,0.25672792231421077,0.04325894098955159,1.9782718415502203,2.022284107598737,0.43426883308714914,0.717666266111993,0.17134416543574593,5.068965517241379,0.10344827586206896,0.10344827586206896,0.10344827586206896,0.0,0.4482758620689655
150,26,5,52,MCMC,all,61,0.4066666666666667,0.25672792231421077,0.04325894098955159,1.9782718415502203,2.022284107598737,0.5041017227235439,1.4125507689127255,0.0,3.0152310416666666,0.7666666666666667,0.8933333333333333,0.96,5.461386450838168,0.11295512245776507
150,26,5,52,MCMC,active,61,0.4066666666666667,0.25672792231421077,0.04325894098955159,1.9782718415502203,2.022284107598737,0.4958982772764562,0.8985080857647721,0.20016406890894178,7.196252151639344,0.4426229508196721,0.7540983606557377,0.9016393442622951,11.314460663974312,0.37943216270231755
150,26,5,52,MLE_plugin,all,61,0.4066666666666667,0.25672792231421077,0.04325894098955159,1.9782718415502203,2.022284107598737,0.6242821985233797,1.9366864904261458,0.0,3.334681833333333,0.7266666666666667,0.86,0.9466666666666667,5.079469681730956,0.14831105249160026
150,26,5,52,MLE_plugin,active,61,0.4066666666666667,0.25672792231421077,0.04325894098955159,1.9782718415502203,2.022284107598737,0.6185397867104184,1.2342185229509037,0.3002461033634127,8.045952766393444,0.3442622950819672,0.6721311475409836,0.8688524590163934,10.606079949810884,0.43625765827712826
150,26,5,52,heuristic,all,61,0.4066666666666667,0.25672792231421077,0.04325894098955159,1.9782718415502203,2.022284107598737,0.7538966365873667,1.7172360745080986,0.12305168170631665,6.126666666666667,0.4866666666666667,0.4866666666666667,0.4866666666666667,0.0,0.3466666666666667
150,26,5,52,heuristic,active,61,0.4066666666666667,0.25672792231421077,0.04325894098955159,1.9782718415502203,2.022284107598737,0.494667760459393,0.907707068409676,0.20016406890894178,9.885245901639344,0.08196721311475409,0.08196721311475409,0.08196721311475409,0.0,0.5081967213114754
150,26,6,13,MCMC,all,25,0.16666666666666666,0.2073275823511067,0.19689712716336985,2.467481805285556,2.1095531883835044,0.31871345029239767,0.9080818803081602,0.0,0.47287245833333336,0.92,0.98,0.9933333333333333,1.0558819099546326,0.05114632396227892
150,26,6,13,MCMC,active,25,0.16666666666666666,0.2073275823511067,0.19689712716336985,2.467481805285556,2.1095531883835044,0.26608187134502925,0.33113308926626095,0.2192982456140351,2.36037075,0.6,0.92,0.96,4.706817899037196,0.24966577893853464
150,26,6,13,MLE_plugin,all,25,0.16666666666666666,0.2073275823511067,0.19689712716336985,2.467481805285556,2.1095531883835044,0.31578947368421056,0.9310925922860034,0.0,0.47546437499999994,0.9133333333333333,0.9733333333333334,0.9866666666666667,1.0074246216416771,0.07573133320159176
150,26,6,13,MLE_plugin,active,25,0.16666666666666666,0.2073275823511067,0.19689712716336985,2.467481805285556,2.1095531883835044,0.260233918128655,0.33434493058565123,0.14619883040935672,2.301772,0.56,0.88,0.96,4.52997832293391,0.23374045237543378
150,26,6,13,heuristic,all,25,0.16666666666666666,0.2073275823511067,0.19689712716336985,2.467481805285556,2.1095531883835044,0.347953216374269,0.9495048468496794,0.0,0.7933333333333333,0.7466666666666667,0.7466666666666667,0.7466666666666667,0.0,0.15333333333333332
150,26,6,13,heuristic,active,25,0.16666666666666666,0.2073275823511067,0.19689712716336985,2.467481805285556,2.1095531883835044,0.24561403508771928,0.3295154289352235,0.14619883040935672,3.36,0.12,0.12,0.12,0.0,0.56
150,26,6,26,MCMC,all,30,0.2,0.2073275823511067,0.19689712716336985,2.467481805285556,2.1095531883835044,0.23750000000000002,0.7902991546915953,0.0,0.7406501249999999,0.9266666666666666,0.96,0.9866666666666667,1.932693510678616,0.0876364870077122
150,26,6,26,MCMC,active,30,0.2,0.2073275823511067,0.19689712716336985,2.467481805285556,2.1095531883835044,0.19140625,0.29476014812364815,0.140625,2.9934370833333332,0.6666666666666666,0.8333333333333334,0.9333333333333333,7.537328811516191,0.17011151401718766
150,26,6,26,MLE_plugin,all,30,0.2,0.2073275823511067,0.19689712716336985,2.467481805285556,2.1095531883835044,0.225,0.768807162508909,0.0,0.7409037083333332,0.9,0.96,0.9733333333333334,1.8177608314039568,0.10239799986825848
150,26,6,26,MLE_plugin,active,30,0.2,0.2073275823511067,0.19689712716336985,2.467481805285556,2.1095531883835044,0.1765625,0.28007567336793104,0.140625,2.862399166666667,0.6333333333333333,0.8333333333333334,0.9,7.103198820069545,0.14024017925614496
150,26,6,26,heuristic,all,30,0.2,0.2073275823511067,0.19689712716336985,2.467481805285556,2.1095531883835044,0.271875,0.8605106133133977,0.0,1.16,0.72,0.72,0.72,0.0,0.18666666666666668
150,26,6,26,heuristic,active,30,0.2,0.2073275823511067,0.19689712716336985,2.467481805285556,2.1095531883835044,0.178125,0.30160702391522654,0.09375,3.8,0.06666666666666667,0.06666666666666667,0.06666666666666667,0.0,0.4666666666666667
150,26,6,52,MCMC,all,32,0.21333333333333335,0.2073275823511067,0.19689712716336985,2.467481805285556,2.1095531883835044,0.3022222222222222,1.1210577016239485,0.0,1.7553296666666665,0.8666666666666667,0.94,0.98,3.7960168805715897,0.08403509747227844
150,26,6,52,MCMC,active,32,0.21333333333333335,0.2073275823511067,0.19689712716336985,2.467481805285556,2.1095531883835044,0.24844444444444444,0.46526859360753214,0.09955555555555555,6.902091992187499,0.53125,0.75,0.90625,14.301997293457667,0.08527133852733582
150,26,6,52,MLE_plugin,all,32,0.21333333333333335,0.2073275823511067,0.19689712716336985,2.467481805285556,2.1095531883835044,0.3191111111111111,1.1452963388152884,0.0,1.7792111666666668,0.86,0.9266666666666666,0.9666666666666667,3.5834110278923563,0.10044661982549041
150,26,6,52,MLE_plugin,active,32,0.21333333333333335,0.2073275823511067,0.19689712716336985,2.467481805285556,2.1095531883835044,0.25866666666666666,0.47109433932409955,0.14222222222222222,6.708909179687501,0.53125,0.71875,0.875,13.399383693924111,0.11340657969641466
150,26,6,52,heuristic,all,32,0.21333333333333335,0.2073275823511067,0.19689712716336985,2.467481805285556,2.1095531883835044,0.3928888888888889,1.2836983607847607,0.0,2.9466666666666668,0.7066666666666667,0.7066666666666667,0.7066666666666667,0.0,0.22
150,26,6,52,heuristic,active,32,0.21333333333333335,0.2073275823511067,0.19689712716336985,2.467481805285556,2.1095531883835044,0.2862222222222222,0.5240073508107531,0.11377777777777778,10.0625,0.0625,0.0625,0.0625,0.0,0.6109376906238957
150,26,7,13,MCMC,all,30,0.2,0.20119030329311888,0.1081268468886585,2.2367379494315007,2.0690077402904055,0.4036144578313253,1.2581086493585316,0.0,0.4639826666666666,0.92,0.9666666666666667,0.9933333333333333,1.1466367021821355,0.1177045047584862
150,26,7,13,MCMC,active,30,0.2,0.20119030329311888,0.1081268468886585,2.2367379494315007,2.0690077402904055,0.3092369477911647,0.4190970392994237,0.24096385542168672,1.7036597916666665,0.6666666666666666,0.9,0.9666666666666667,3.548167995646445,0.20131789936404587
150,26,7,13,MLE_plugin,all,30,0.2,0.20119030329311888,0.1081268468886585,2.2367379494315007,2.0690077402904055,0.41365461847389556,1.281684610219514,0.0,0.47901774999999985,0.92,0.9666666666666667,0.9933333333333333,1.1601599638677305,0.11767804255705488
150,26,7,13,MLE_plugin,active,30,0.2,0.20119030329311888,0.1081268468886585,2.2367379494315007,2.0690077402904055,0.3132530120481928,0.4185193725337519,0.24096385542168672,1.7309987499999997,0.6666666666666666,0.9,0.9666666666666667,3.634889503048629,0.18320669612681123
150,26,7,13,heuristic,all,30,0.2,0.20119030329311888,0.1081268468886585,2.2367379494315007,2.0690077402904055,0.7028112449799198,2.571379032579885,0.0,1.1666666666666667,0.6666666666666666,0.6666666666666666,0.6666666666666666,0.0,0.2753649390786768
150,26,7,13,heuristic,active,30,0.2,0.20119030329311888,0.1081268468886585,2.2367379494315007,2.0690077402904055,0.28112449799196787,0.4645459836440563,0.18072289156626503,2.3333333333333335,0.26666666666666666,0.26666666666666666,0.26666666666666666,0.0,0.38869827241201016
150,26,7,26,MCMC,all,37,0.24666666666666667,0.20119030329311888,0.1081268468886585,2.2367379494315007,2.0690077402904055,0.3546617915904936,1.1710533013419384,0.0,0.9318526249999999,0.8666666666666667,0.9266666666666666,1.0,2.136942394268953,0.09207091230626635
150,26,7,26,MCMC,active,37,0.24666666666666667,0.20119030329311888,0.1081268468886585,2.2367379494315007,2.0690077402904055,0.28884826325411334,0.45081503319942445,0.1352833638025594,2.998432601351351,0.4864864864864865,0.7297297297297297,1.0,5.948030063940331,0.20001928321971452
150,26,7,26,MLE_plugin,all,37,0.24666666666666667,0.20119030329311888,0.1081268468886585,2.2367379494315007,2.0690077402904055,0.3656307129798903,1.238666793615423,0.0,0.9783712083333334,0.86,0.92,1.0,2.1575772198451135,0.08774560252837638
150,26,7,26,MLE_plugin,active,37,0.24666666666666667,0.20119030329311888,0.1081268468886585,2.2367379494315007,2.0690077402904055,0.2979890310786106,0.48491062546590163,0.1352833638025594,3.1152006756756756,0.4594594594594595,0.7027027027027027,1.0,6.053062627170978,0.20956817030332658
150,26,7,26,heuristic,all,37,0.24666666666666667,0.20119030329311888,0.1081268468886585,2.2367379494315007,2.0690077402904055,0.6252285191956124,2.2936589030705465,0.0,2.28,0.6133333333333333,0.6133333333333333,0.6133333333333333,0.0,0.28554952781952925
150,26,7,26,heuristic,active,37,0.24666666666666667,0.20119030329311888,0.1081268468886585,2.2367379494315007,2.0690077402904055,0.28884826325411334,0.43297531449943744,0.20292504570383912,4.27027027027027,0.10810810810810811,0.10810810810810811,0.10810810810810811,0.0,0.4481577318714696
150,26,7,52,MCMC,all,41,0.2733333333333333,0.20119030329311888,0.1081268468886585,2.2367379494315007,2.0690077402904055,0.30537534754402224,1.0462864594965933,0.0,1.6413051249999997,0.8466666666666667,0.9333333333333333,1.0,4.17828286322542,0.08191993571623857
150,26,7,52,MCMC,active,41,0.2733333333333333,0.20119030329311888,0.1081268468886585,2.2367379494315007,2.0690077402904055,0.23957367933271548,0.3986052341379261,0.1519925857275255,4.7777663109756086,0.4634146341463415,0.7804878048780488,1.0,11.080302514142229,0.21653298751385963
150,26,7,52,MLE_plugin,all,41,0.2733333333333333,0.20119030329311888,0.1081268468886585,2.2367379494315007,2.0690077402904055,0.314643188137164,1.1282287501236403,0.0,1.7603054166666667,0.8466666666666667,0.9266666666666666,0.9933333333333333,4.239173279695148,0.08768051455219628
150,26,7,52,MLE_plugin,active,41,0.2733333333333333,0.20119030329311888,0.1081268468886585,2.2367379494315007,2.0690077402904055,0.24698795180722893,0.43530323117426545,0.11399443929564412,5.0234047256097565,0.4634146341463415,0.7560975609756098,0.975609756097561,11.387577048488744,0.20964524124033956
150,26,7,52,heuristic,all,41,0.2733333333333333,0.20119030329311888,0.1081268468886585,2.2367379494315007,2.0690077402904055,0.5903614457831325,2.2708006208345726,0.0,4.246666666666667,0.58,0.58,0.58,0.0,0.29888286115286256
150,26,7,52,heuristic,active,41,0.2733333333333333,0.20119030329311888,0.1081268468886585,2.2367379494315007,2.0690077402904055,0.2511584800741427,0.37102512399314436,0.11399443929564412,6.609756097560975,0.024390243902439025,0.024390243902439025,0.024390243902439025,0.0,0.4878048780487805
150,26,8,13,MCMC,all,27,0.18,0.05696134463151256,0.08979694883158948,1.9547235834719945,2.334947202253515,0.7916666666666667,2.211344906679258,0.0,0.29504595833333325,0.8533333333333334,0.9,0.9733333333333334,0.5786161159219307,0.0623671807753482
150,26,8,13,MCMC,active,27,0.18,0.05696134463151256,0.08979694883158948,1.9547235834719945,2.334947202253515,0.6944444444444445,0.9013878188659974,0.375,1.3936673611111112,0.2962962962962963,0.4444444444444444,0.8518518518518519,1.2695756152211672,0.5656965464112856
150,26,8,13,MLE_plugin,all,27,0.18,0.05696134463151256,0.08979694883158948,1.9547235834719945,2.334947202253515,0.8055555555555556,2.1916296997304863,0.0,0.29067333333333334,0.8533333333333334,0.9066666666666666,0.9866666666666667,0.607257574928064,0.05064069783238845
150,26,8,13,MLE_plugin,active,27,0.18,0.05696134463151256,0.08979694883158948,1.9547235834719945,2.334947202253515,0.6944444444444445,0.8897565210026094,0.375,1.3484622685185186,0.2962962962962963,0.48148148148148145,0.9259259259259259,1.3544620651571118,0.5265606547542738
150,26,8,13,heuristic,all,27,0.18,0.05696134463151256,0.08979694883158948,1.9547235834719945,2.334947202253515,0.9444444444444444,2.178387102966406,0.0,0.4533333333333333,0.7266666666666667,0.7266666666666667,0.7266666666666667,0.0,0.16786673199736984
150,26,8,13,heuristic,active,27,0.18,0.05696134463151256,0.08979694883158948,1.9547235834719945,2.334947202253515,0.6111111111111112,0.7839536550927826,0.375,1.6296296296296295,0.1111111111111111,0.1111111111111111,0.1111111111111111,0.0,0.6666666666666667
150,26,8,26,MCMC,all,36,0.24,0.05696134463151256,0.08979694883158948,1.9547235834719945,2.334947202253515,0.7307692307692307,1.857265511499207,0.0,0.5078439166666665,0.8066666666666666,0.8666666666666667,0.9733333333333334,0.968059367323228,0.0847797056188011
150,26,8,26,MCMC,active,36,0.24,0.05696134463151256,0.08979694883158948,1.9547235834719945,2.334947202253515,0.6538461538461539,0.8793688915441128,0.5034965034965034,1.8858831597222223,0.2222222222222222,0.4722222222222222,0.8888888888888888,1.9724742165495692,0.5129235153624516
150,26,8,26,MLE_plugin,all,36,0.24,0.05696134463151256,0.08979694883158948,1.9547235834719945,2.334947202253515,0.7202797202797202,1.8188540984111823,0.0,0.48245925,0.8133333333333334,0.9,0.9866666666666667,1.0133218122306376,0.05749618226516828
150,26,8,26,MLE_plugin,active,36,0.24,0.05696134463151256,0.08979694883158948,1.9547235834719945,2.334947202253515,0.6433566433566433,0.8578341944165401,0.5034965034965034,1.7545409722222218,0.2777777777777778,0.6111111111111112,0.9444444444444444,2.063022818032198,0.45689903564525886
150,26,8,26,heuristic,all,36,0.24,0.05696134463151256,0.08979694883158948,1.9547235834719945,2.334947202253515,0.7692307692307692,1.7842448702339964,0.0,0.7333333333333333,0.6933333333333334,0.6933333333333334,0.6933333333333334,0.0,0.17622928794394954
150,26,8,26,heuristic,active,36,0.24,0.05696134463151256,0.08979694883158948,1.9547235834719945,2.334947202253515,0.5874125874125874,0.7782057478737653,0.3776223776223776,2.3333333333333335,0.08333333333333333,0.08333333333333333,0.08333333333333333,0.0,0.6944444444444444
150,26,8,52,MCMC,all,42,0.28,0.05696134463151256,0.08979694883158948,1.9547235834719945,2.334947202253515,0.6493055555555556,1.839950180484968,0.0,0.9356724166666667,0.7933333333333333,0.84,0.98,1.7267831458829368,0.08742914756153541
150,26,8,52,MCMC,active,42,0.28,0.05696134463151256,0.08979694883158948,1.9547235834719945,2.334947202253515,0.5833333333333334,0.9426939455623973,0.2916666666666667,2.957378720238095,0.2857142857142857,0.4523809523809524,0.9285714285714286,3.2956821332805335,0.5101261751897781
150,26,8,52,MLE_plugin,all,42,0.28,0.05696134463151256,0.08979694883158948,1.9547235834719945,2.334947202253515,0.6128472222222223,1.7309384747795695,0.0,0.8884255833333334,0.78,0.8933333333333333,0.9866666666666667,1.7871133414193365,0.0619298792187124
150,26,8,52,MLE_plugin,active,42,0.28,0.05696134463151256,0.08979694883158948,1.9547235834719945,2.334947202253515,0.5364583333333334,0.8762288824263602,0.2916666666666667,2.7259266369047617,0.2619047619047619,0.6428571428571429,0.9523809523809523,3.3635530140067327,0.452409367925397
150,26,8,52,heuristic,all,42,0.28,0.05696134463151256,0.08979694883158948,1.9547235834719945,2.334947202253515,0.6597222222222222,1.6260235380511243,0.0,1.2666666666666666,0.6666666666666666,0.6666666666666666,0.6666666666666666,0.0,0.18956262127728285
150,26,8,52,heuristic,active,42,0.28,0.05696134463151256,0.08979694883158948,1.9547235834719945,2.334947202253515,0.4930555555555556,0.7564345887365523,0.21875,3.380952380952381,0.09523809523809523,0.09523809523809523,0.09523809523809523,0.0,0.6428571428571428
150,26,9,13,MCMC,all,44,0.29333333333333333,0.26629202277523245,0.058277788197961866,2.44595632523557,2.141112683311512,0.35600000000000004,0.9699484522385713,0.0,0.86453875,0.84,0.9066666666666666,0.98,1.6344299995509906,0.08051741883759747
150,26,9,13,MCMC,active,44,0.29333333333333333,0.26629202277523245,0.058277788197961866,2.44595632523557,2.141112683311512,0.32,0.4985097792420928,0.17600000000000002,2.6220626420454547,0.5,0.7045454545454546,0.9318181818181818,4.302417912545126,0.19801149899908566
150,26,9,13,MLE_plugin,all,44,0.29333333333333333,0.26629202277523245,0.058277788197961866,2.44595632523557,2.141112683311512,0.36200000000000004,0.9848350115628506,0.0,0.8918775416666666,0.8666666666666667,0.9066666666666666,0.9733333333333334,1.7028196974198881,0.07663308953997569
150,26,9,13,MLE_plugin,active,44,0.29333333333333333,0.26629202277523245,0.058277788197961866,2.44595632523557,2.141112683311512,0.328,0.5071725544624828,0.17600000000000002,2.7309477272727274,0.5909090909090909,0.7045454545454546,0.9090909090909091,4.524624357325405,0.23911764167576854
150,26,9,13,heuristic,all,44,0.29333333333333333,0.26629202277523245,0.058277788197961866,2.44595632523557,2.141112683311512,0.37999999999999995,0.8852118390532291,0.0,1.2666666666666666,0.6133333333333333,0.6133333333333333,0.6133333333333333,0.0,0.27955069727804044
150,26,9,13,heuristic,active,44,0.29333333333333333,0.26629202277523245,0.058277788197961866,2.44595632523557,2.141112683311512,0.264,0.41019019978541665,0.132,3.0,0.1590909090909091,0.1590909090909091,0.1590909090909091,0.0,0.46314113262388723
150,26,9,26,MCMC,all,48,0.32,0.26629202277523245,0.058277788197961866,2.44595632523557,2.141112683311512,0.30780780780780775,0.8895894825848626,0.0,1.558249708333333,0.8333333333333334,0.9066666666666666,0.9733333333333334,3.0909324996553824,0.08246382376787464
150,26,9,26,MCMC,active,48,0.32,0.26629202277523245,0.058277788197961866,2.44595632523557,2.141112683311512,0.26976976976976974,0.47236642232894877,0.0960960960960961,4.298172786458333,0.5416666666666666,0.7291666666666666,0.9166666666666666,7.831298092283087,0.17642313378442354
150,26,9,26,MLE_plugin,all,48,0.32,0.26629202277523245,0.058277788197961866,2.44595632523557,2.141112683311512,0.3083083083083083,0.8907081051029364,0.0,1.5996925416666665,0.86,0.9,0.9666666666666667,3.283831847105426,0.07428018270308179
150,26,9,26,MLE_plugin,active,48,0.32,0.26629202277523245,0.058277788197961866,2.44595632523557,2.141112683311512,0.27427427427427425,0.4757777870401043,0.0960960960960961,4.493216666666666,0.6041666666666666,0.7083333333333334,0.8958333333333334,8.436983713726358,0.20669220193930055
150,26,9,26,heuristic,all,48,0.32,0.26629202277523245,0.058277788197961866,2.44595632523557,2.141112683311512,0.34134134134134136,0.7929103258647481,0.0,2.2733333333333334,0.6,0.6,0.6,0.0,0.29955069727804046
150,26,9,26,heuristic,active,48,0.32,0.26629202277523245,0.058277788197961866,2.44595632523557,2.141112683311512,0.24124124124124122,0.3714671421371443,0.0960960960960961,5.020833333333333,0.125,0.125,0.125,0.0,0.5
150,26,9,52,MCMC,all,54,0.36,0.26629202277523245,0.058277788197961866,2.44595632523557,2.141112683311512,0.3242392444910808,0.9533285956229555,0.0,3.08693325,0.7933333333333333,0.9,0.9866666666666667,6.334205572181815,0.08373368178991526
150,26,9,52,MCMC,active,54,0.36,0.26629202277523245,0.058277788197961866,2.44595632523557,2.141112683311512,0.2880377754459601,0.540284628178343,0.08499475341028331,7.685617824074074,0.48148148148148145,0.7407407407407407,0.9629629629629629,14.94597393792803,0.19553465304806883
150,26,9,52,MLE_plugin,all,54,0.36,0.26629202277523245,0.058277788197961866,2.44595632523557,2.141112683311512,0.3268625393494229,0.9530361984119063,0.0,3.276472958333333,0.82,0.8933333333333333,0.9733333333333334,6.636766870170328,0.06706609165953756
150,26,9,52,MLE_plugin,active,54,0.36,0.26629202277523245,0.058277788197961866,2.44595632523557,2.141112683311512,0.29616998950682055,0.5473673036428471,0.10624344176285413,8.380722916666665,0.5370370370370371,0.7222222222222222,0.9259259259259259,15.897003011745735,0.26903387738901063
150,26,9,52,heuristic,all,54,0.36,0.26629202277523245,0.058277788197961866,2.44595632523557,2.141112683311512,0.3583420776495278,0.8874261818449465,0.0,4.553333333333334,0.54,0.54,0.54,0.0,0.32621736394470713
150,26,9,52,heuristic,active,54,0.36,0.26629202277523245,0.058277788197961866,2.44595632523557,2.141112683311512,0.2602308499475341,0.45346927781028207,0.12749213011542496,9.185185185185185,0.018518518518518517,0.018518518518518517,0.018518518518518517,0.0,0.5740740740740741
150,26,10,13,MCMC,all,24,0.16,0.06694838584656802,0.14449447989211409,2.1302446462867777,2.4177889628871823,0.65,1.8945410299821204,0.0,0.22237466666666666,0.9,0.9333333333333333,1.0,0.6230288992765464,0.04925826856221671
150,26,10,13,MCMC,active,24,0.16,0.06694838584656802,0.14449447989211409,2.1302446462867777,2.4177889628871823,0.5785714285714286,0.7213932098830056,0.34285714285714286,1.1657218749999998,0.4166666666666667,0.625,1.0,1.8147608913574513,0.34379824036534873
150,26,10,13,MLE_plugin,all,24,0.16,0.06694838584656802,0.14449447989211409,2.1302446462867777,2.4177889628871823,0.6000000000000001,1.749635530559413,0.0,0.217044375,0.9066666666666666,0.94,0.9866666666666667,0.6158957220263294,0.05366632474460775
150,26,10,13,MLE_plugin,active,24,0.16,0.06694838584656802,0.14449447989211409,2.1302446462867777,2.4177889628871823,0.5142857142857143,0.6565214453186319,0.34285714285714286,1.1285072916666665,0.4583333333333333,0.6666666666666666,0.9166666666666666,1.827179410824647,0.32352089147069235
150,26,10,13,heuristic,all,24,0.16,0.06694838584656802,0.14449447989211409,2.1302446462867777,2.4177889628871823,1.0,2.3211538298959886,0.0,0.4666666666666667,0.74,0.74,0.74,0.0,0.17333333333333334
150,26,10,13,heuristic,active,24,0.16,0.06694838584656802,0.14449447989211409,2.1302446462867777,2.4177889628871823,0.5428571428571428,0.692820323027551,0.34285714285714286,1.5833333333333333,0.16666666666666666,0.16666666666666666,0.16666666666666666,0.0,0.5
150,26,10,26,MCMC,all,26,0.17333333333333334,0.06694838584656802,0.14449447989211409,2.1302446462867777,2.4177889628871823,0.7262773722627737,2.228221001513089,0.0,0.4649654166666665,0.8666666666666667,0.92,0.98,1.0553766229993826,0.03819210828794728
150,26,10,26,MCMC,active,26,0.17333333333333334,0.06694838584656802,0.14449447989211409,2.1302446462867777,2.4177889628871823,0.6094890510948906,0.8864481931067847,0.3795620437956204,2.248145192307692,0.34615384615384615,0.5769230769230769,0.8846153846153846,3.0360732033803357,0.395791594206224
150,26,10,26,MLE_plugin,all,26,0.17333333333333334,0.06694838584656802,0.14449447989211409,2.1302446462867777,2.4177889628871823,0.6934306569343065,2.0326861774663243,0.0,0.45294712499999995,0.8666666666666667,0.92,0.98,1.0520493864613758,0.03626573613025674
150,26,10,26,MLE_plugin,active,26,0.17333333333333334,0.06694838584656802,0.14449447989211409,2.1302446462867777,2.4177889628871823,0.5839416058394161,0.7947829248943766,0.3795620437956204,2.1676504807692307,0.34615384615384615,0.5769230769230769,0.8846153846153846,2.994231235301645,0.3723750317112867
150,26,10,26,heuristic,all,26,0.17333333333333334,0.06694838584656802,0.14449447989211409,2.1302446462867777,2.4177889628871823,0.9562043795620437,2.3533779481975925,0.0,0.8733333333333333,0.7266666666666667,0.7266666666666667,0.7266666666666667,0.0,0.18
150,26,10,26,heuristic,active,26,0.17333333333333334,0.06694838584656802,0.14449447989211409,2.1302446462867777,2.4177889628871823,0.5693430656934306,0.7645789416159707,0.3795620437956204,3.0,0.11538461538461539,0.11538461538461539,0.11538461538461539,0.0,0.5
150,26,10,52,MCMC,all,34,0.22666666666666666,0.06694838584656802,0.14449447989211409,2.1302446462867777,2.4177889628871823,0.7555555555555555,2.348495709760917,0.0,1.0013305,0.82,0.8933333333333333,0.9733333333333334,1.8838731975708234,0.05101651732258211
150,26,10,52,MCMC,active,34,0.22666666666666666,0.06694838584656802,0.14449447989211409,2.1302446462867777,2.4177889628871823,0.6574074074074074,1.0772653739311666,0.37777777777777777,3.8320174632352937,0.29411764705882354,0.5588235294117647,0.8823529411764706,4.630083628823352,0.3926220543460231
150,26,10,52,MLE_plugin,all,34,0.22666666666666666,0.06694838584656802,0.14449447989211409,2.1302446462867777,2.4177889628871823,0.7462962962962962,2.305499776210572,0.0,0.9809627500000001,0.8333333333333334,0.8933333333333333,0.9666666666666667,1.901293289706072,0.07047645770730904
150,26,10,52,MLE_plugin,active,34,0.22666666666666666,0.06694838584656802,0.14449447989211409,2.1302446462867777,2.4177889628871823,0.6425925925925925,1.0498579170966589,0.34629629629629627,3.694604963235294,0.35294117647058826,0.5588235294117647,0.8529411764705882,4.58798994267282,0.40660155795062924
150,26,10,52,heuristic,all,34,0.22666666666666666,0.06694838584656802,0.14449447989211409,2.1302446462867777,2.4177889628871823,1.0333333333333334,2.639132542357751,0.0,1.86,0.6666666666666666,0.6666666666666666,0.6666666666666666,0.0,0.19333333333333333
150,26,10,52,heuristic,active,34,0.22666666666666666,0.06694838584656802,0.14449447989211409,2.1302446462867777,2.4177889628871823,0.674074074074074,1.0562246092759129,0.2518518518518518,5.352941176470588,0.0,0.0,0.0,0.0,0.5882352941176471
150,26,11,13,MCMC,all,33,0.22,0.25285139642300447,0.13780280436505812,2.3258596070080806,2.3677414072113923,0.42830188679245285,1.2859982056109025,0.0,0.5275414166666667,0.8866666666666667,0.9333333333333333,0.9866666666666667,1.0760463835468435,0.03397837659781422
150,26,11,13,MCMC,active,33,0.22,0.25285139642300447,0.13780280436505812,2.3258596070080806,2.3677414072113923,0.37169811320754714,0.573227917707274,0.24905660377358488,2.0630659090909087,0.5151515151515151,0.7272727272727273,0.9696969696969697,3.3742385378647484,0.2673011976225973
150,26,11,13,MLE_plugin,all,33,0.22,0.25285139642300447,0.13780280436505812,2.3258596070080806,2.3677414072113923,0.4226415094339623,1.2741089068780478,0.0,0.5369177916666666,0.88,0.9266666666666666,1.0,1.07889612015628,0.044518604776327964
150,26,11,13,MLE_plugin,active,33,0.22,0.25285139642300447,0.13780280436505812,2.3258596070080806,2.3677414072113923,0.3773584905660377,0.5694238342623075,0.24905660377358488,2.1296577651515145,0.48484848484848486,0.696969696969697,1.0,3.3794840046886963,0.27586293664220124
150,26,11,13,heuristic,all,33,0.22,0.25285139642300447,0.13780280436505812,2.3258596070080806,2.3677414072113923,0.6000000000000001,1.8699246010275243,0.0,1.06,0.7,0.7,0.7,0.0,0.19333333333333333
150,26,11,13,heuristic,active,33,0.22,0.25285139642300447,0.13780280436505812,2.3258596070080806,2.3677414072113923,0.2716981132075471,0.4147168094493781,0.12452830188679244,2.1818181818181817,0.21212121212121213,0.21212121212121213,0.21212121212121213,0.0,0.4549972719057326
150,26,11,26,MCMC,all,41,0.2733333333333333,0.25285139642300447,0.13780280436505812,2.3258596070080806,2.3677414072113923,0.3841121495327103,1.177180620950695,0.0,1.0078622916666666,0.8266666666666667,0.8733333333333333,0.9866666666666667,1.9648618999136465,0.04497252611173452
150,26,11,26,MCMC,active,41,0.2733333333333333,0.25285139642300447,0.13780280436505812,2.3258596070080806,2.3677414072113923,0.3299065420560747,0.5803467418843599,0.15327102803738318,3.15851493902439,0.43902439024390244,0.5609756097560976,0.975609756097561,5.2415845365599445,0.34720331609887534
150,26,11,26,MLE_plugin,all,41,0.2733333333333333,0.25285139642300447,0.13780280436505812,2.3258596070080806,2.3677414072113923,0.37196261682242987,1.1486205635703577,0.0,1.0133630833333334,0.8466666666666667,0.8733333333333333,0.98,1.9463061112291902,0.06008467382316085
150,26,11,26,MLE_plugin,active,41,0.2733333333333333,0.25285139642300447,0.13780280436505812,2.3258596070080806,2.3677414072113923,0.3299065420560747,0.5738934181022447,0.15327102803738318,3.250587804878048,0.4878048780487805,0.5609756097560976,0.9512195121951219,5.239761185191259,0.3658309939309605
150,26,11,26,heuristic,all,41,0.2733333333333333,0.25285139642300447,0.13780280436505812,2.3258596070080806,2.3677414072113923,0.5588785046728972,1.7795825749239653,0.0,1.9933333333333334,0.62,0.62,0.62,0.0,0.2
150,26,11,26,heuristic,active,41,0.2733333333333333,0.25285139642300447,0.13780280436505812,2.3258596070080806,2.3677414072113923,0.25981308411214954,0.4032144403177738,0.15327102803738318,3.3902439024390243,0.04878048780487805,0.04878048780487805,0.04878048780487805,0.0,0.6341463414634146
150,26,11,52,MCMC,all,49,0.32666666666666666,0.25285139642300447,0.13780280436505812,2.3258596070080806,2.3677414072113923,0.3994197292069632,1.2376182106542462,0.0,2.022592833333333,0.7666666666666667,0.88,0.9733333333333334,3.805460782866018,0.05710541847616568
150,26,11,52,MCMC,active,49,0.32666666666666666,0.25285139642300447,0.13780280436505812,2.3258596070080806,2.3677414072113923,0.35396518375241776,0.6734020399583434,0.14216634429400385,5.474926147959183,0.32653061224489793,0.6530612244897959,0.9387755102040817,9.087811673986636,0.42772733254559425
150,26,11,52,MLE_plugin,all,49,0.32666666666666666,0.25285139642300447,0.13780280436505812,2.3258596070080806,2.3677414072113923,0.3955512572533849,1.224111232184164,0.0,2.0478433333333337,0.7733333333333333,0.8533333333333334,0.96,3.7709730093237477,0.06634542130329113
150,26,11,52,MLE_plugin,active,49,0.32666666666666666,0.25285139642300447,0.13780280436505812,2.3258596070080806,2.3677414072113923,0.3597678916827853,0.6742522309894993,0.14216634429400385,5.677451530612245,0.32653061224489793,0.5714285714285714,0.8979591836734694,9.065614069188532,0.413584771154087
150,26,11,52,heuristic,all,49,0.32666666666666666,0.25285139642300447,0.13780280436505812,2.3258596070080806,2.3677414072113923,0.5715667311411992,1.8414266815768472,0.0,3.94,0.58,0.58,0.58,0.0,0.22
150,26,11,52,heuristic,active,49,0.32666666666666666,0.25285139642300447,0.13780280436505812,2.3258596070080806,2.3677414072113923,0.2717601547388781,0.4641652534427606,0.14216634429400385,5.73469387755102,0.02040816326530612,0.02040816326530612,0.02040816326530612,0.0,0.5918367346938775
150,26,12,13,MCMC,all,40,0.26666666666666666,0.17720856868192425,0.020290068718357347,2.4617185682688802,1.8944461668824788,0.40551181102362205,1.0330426585355847,0.0,0.507189625,0.8533333333333334,0.94,0.98,1.218086160111079,0.05957967467981495
150,26,12,13,MCMC,active,40,0.26666666666666666,0.17720856868192425,0.020290068718357347,2.4617185682688802,1.8944461668824788,0.3582677165354331,0.5217092527079511,0.31496062992125984,1.6104084374999998,0.5,0.775,0.925,2.7729068163099853,0.2740616721169558
150,26,12,13,MLE_plugin,all,40,0.26666666666666666,0.17720856868192425,0.020290068718357347,2.4617185682688802,1.8944461668824788,0.41732283464566927,1.0889225736960104,0.0,0.515586,0.8733333333333333,0.9466666666666667,0.9866666666666667,1.2440715146730486,0.032561411033187715
150,26,12,13,MLE_plugin,active,40,0.26666666666666666,0.17720856868192425,0.020290068718357347,2.4617185682688802,1.8944461668824788,0.38582677165354334,0.5556623232874757,0.31496062992125984,1.7392042187499999,0.525,0.8,0.95,2.9402914578812576,0.32025437144404134
150,26,12,13,heuristic,all,40,0.26666666666666666,0.17720856868192425,0.020290068718357347,2.4617185682688802,1.8944461668824788,0.5118110236220472,1.0453478777442327,0.0,0.8666666666666667,0.58,0.58,0.58,0.0,0.2866666666666667
150,26,12,13,heuristic,active,40,0.26666666666666666,0.17720856868192425,0.020290068718357347,2.4617185682688802,1.8944461668824788,0.3267716535433071,0.47960448292412794,0.31496062992125984,2.075,0.2,0.2,0.2,0.0,0.475
150,26,12,26,MCMC,all,49,0.32666666666666666,0.17720856868192425,0.020290068718357347,2.4617185682688802,1.8944461668824788,0.31226053639846746,0.7252545669036761,0.0,0.8405678749999999,0.8533333333333334,0.9266666666666666,0.9733333333333334,2.123862550766482,0.05855656609665105
150,26,12,26,MCMC,active,49,0.32666666666666666,0.17720856868192425,0.020290068718357347,2.4617185682688802,1.8944461668824788,0.2681992337164751,0.4014038575849439,0.18773946360153254,2.232347831632653,0.5918367346938775,0.7755102040816326,0.9183673469387755,4.449507179010886,0.22822723135816836
150,26,12,26,MLE_plugin,all,49,0.32666666666666666,0.17720856868192425,0.020290068718357347,2.4617185682688802,1.8944461668824788,0.3304597701149425,0.841468417491168,0.0,0.9048336249999998,0.8466666666666667,0.9266666666666666,0.98,2.239416680075499,0.06169679972523237
150,26,12,26,MLE_plugin,active,49,0.32666666666666666,0.17720856868192425,0.020290068718357347,2.4617185682688802,1.8944461668824788,0.31513409961685823,0.4779386349056596,0.18773946360153254,2.565925382653061,0.5306122448979592,0.7755102040816326,0.9387755102040817,4.8763614575488194,0.2989944536433952
150,26,12,26,heuristic,all,49,0.32666666666666666,0.17720856868192425,0.020290068718357347,2.4617185682688802,1.8944461668824788,0.40804597701149425,0.7699862647686357,0.0,1.42,0.5533333333333333,0.5533333333333333,0.5533333333333333,0.0,0.2866666666666667
150,26,12,26,heuristic,active,49,0.32666666666666666,0.17720856868192425,0.020290068718357347,2.4617185682688802,1.8944461668824788,0.28352490421455934,0.3754789272030651,0.18773946360153254,3.020408163265306,0.12244897959183673,0.12244897959183673,0.12244897959183673,0.0,0.4836029386205163
150,26,12,52,MCMC,all,57,0.38,0.17720856868192425,0.020290068718357347,2.4617185682688802,1.8944461668824788,0.3436563436563437,0.8014298335811527,0.0,1.7077038333333334,0.7866666666666666,0.9133333333333333,0.9733333333333334,3.9543884691850977,0.07196420687805649
150,26,12,52,MCMC,active,57,0.38,0.17720856868192425,0.020290068718357347,2.4617185682688802,1.8944461668824788,0.31068931068931066,0.4842950362063703,0.17082917082917082,4.039027521929825,0.49122807017543857,0.7719298245614035,0.9298245614035088,7.62669315973977,0.20124600942751314
150,26,12,52,MLE_plugin,all,57,0.38,0.17720856868192425,0.020290068718357347,2.4617185682688802,1.8944461668824788,0.3556443556443557,0.935453888212604,0.0,1.9135107916666667,0.8066666666666666,0.9133333333333333,0.9733333333333334,4.2299843192694455,0.0535286409913682
150,26,12,52,MLE_plugin,active,57,0.38,0.17720856868192425,0.020290068718357347,2.4617185682688802,1.8944461668824788,0.3396603396603396,0.5736854024664153,0.17082917082917082,4.766942434210527,0.5087719298245614,0.7719298245614035,0.9298245614035088,8.583005616364593,0.342610102657178
150,26,12,52,heuristic,all,57,0.38,0.17720856868192425,0.020290068718357347,2.4617185682688802,1.8944461668824788,0.43956043956043955,0.8606496520855085,0.07492507492507493,2.933333333333333,0.5,0.5,0.5,0.0,0.32
150,26,12,52,heuristic,active,57,0.38,0.17720856868192425,0.020290068718357347,2.4617185682688802,1.8944461668824788,0.33166833166833165,0.4743855937685693,0.22777222777222775,5.824561403508772,0.03508771929824561,0.03508771929824561,0.03508771929824561,0.0,0.49122807017543857
150,26,13,13,MCMC,all,23,0.15333333333333332,0.09118171448540445,0.1052442469678844,2.300520821675921,2.278780139909557,0.6578947368421053,2.103617778074878,0.0,0.30790391666666667,0.8866666666666667,0.9133333333333333,0.98,0.5978841620113324,0.05453101937218324
150,26,13,13,MCMC,active,23,0.15333333333333332,0.09118171448540445,0.1052442469678844,2.300520821675921,2.278780139909557,0.6105263157894738,0.8140048391234193,0.48421052631578954,1.8430013586956517,0.30434782608695654,0.43478260869565216,0.8695652173913043,1.7812356831587,0.47905943409471546
150,26,13,13,MLE_plugin,all,23,0.15333333333333332,0.09118171448540445,0.1052442469678844,2.300520821675921,2.278780139909557,0.6421052631578947,2.074779299413371,0.0,0.30801625,0.8933333333333333,0.92,0.9733333333333334,0.5916811237505732,0.05453101937218324
150,26,13,13,MLE_plugin,active,23,0.15333333333333332,0.09118171448540445,0.1052442469678844,2.300520821675921,2.278780139909557,0.5894736842105264,0.7981974151633212,0.24210526315789477,1.8297578804347827,0.34782608695652173,0.4782608695652174,0.8260869565217391,1.7718854891543154,0.4521812523808278
150,26,13,13,heuristic,all,23,0.15333333333333332,0.09118171448540445,0.1052442469678844,2.300520821675921,2.278780139909557,0.7578947368421053,2.0220392328735315,0.0,0.48,0.76,0.76,0.76,0.0,0.153472089901411
150,26,13,13,heuristic,active,23,0.15333333333333332,0.09118171448540445,0.1052442469678844,2.300520821675921,2.278780139909557,0.5052631578947369,0.713929471907923,0.24210526315789477,2.0869565217391304,0.17391304347826086,0.17391304347826086,0.17391304347826086,0.0,0.6086956521739131
150,26,13,26,MCMC,all,32,0.21333333333333335,0.09118171448540445,0.1052442469678844,2.300520821675921,2.278780139909557,0.6292134831460674,1.98704934649746,0.0,0.569149125,0.8533333333333334,0.8866666666666667,0.96,1.0195035479059085,0.042043360967652044
150,26,13,26,MCMC,active,32,0.21333333333333335,0.09118171448540445,0.1052442469678844,2.300520821675921,2.278780139909557,0.6123595505617978,0.9150235088315655,0.3595505617977528,2.5395748046874997,0.34375,0.46875,0.8125,2.6133747427984835,0.44182827036104766
150,26,13,26,MLE_plugin,all,32,0.21333333333333335,0.09118171448540445,0.1052442469678844,2.300520821675921,2.278780139909557,0.6235955056179775,1.9055629894546773,0.0,0.5572810416666666,0.84,0.9,0.9533333333333334,1.0199912708253984,0.0469722725726901
150,26,13,26,MLE_plugin,active,32,0.21333333333333335,0.09118171448540445,0.1052442469678844,2.300520821675921,2.278780139909557,0.601123595505618,0.8766925484553331,0.3595505617977528,2.4790498046874996,0.28125,0.53125,0.78125,2.6424036819072096,0.4195296425312296
150,26,13,26,heuristic,all,32,0.21333333333333335,0.09118171448540445,0.1052442469678844,2.300520821675921,2.278780139909557,0.6797752808988763,2.009556137361789,0.0,0.8066666666666666,0.72,0.72,0.72,0.0,0.153472089901411
150,26,13,26,heuristic,active,32,0.21333333333333335,0.09118171448540445,0.1052442469678844,2.300520821675921,2.278780139909557,0.5449438202247191,0.8847199858440237,0.3595505617977528,3.03125,0.09375,0.09375,0.09375,0.0,0.625
150,26,13,52,MCMC,all,38,0.25333333333333335,0.09118171448540445,0.1052442469678844,2.300520821675921,2.278780139909557,0.6657223796033994,2.146207869548055,0.0,1.1632434166666668,0.8066666666666666,0.8933333333333333,0.96,1.8492693618008313,0.051058170882214704
150,26,13,52,MCMC,active,38,0.25333333333333335,0.09118171448540445,0.1052442469678844,2.300520821675921,2.278780139909557,0.6600566572237961,1.0796695173255826,0.3229461756373938,4.453886513157895,0.2631578947368421,0.5789473684210527,0.8421052631578947,4.411966593931383,0.46284361298745835
150,26,13,52,MLE_plugin,all,38,0.25333333333333335,0.09118171448540445,0.1052442469678844,2.300520821675921,2.278780139909557,0.6657223796033994,2.1424185834485323,0.0,1.1609267083333332,0.8,0.8733333333333333,0.9666666666666667,1.8458016950204335,0.059414300785555874
150,26,13,52,MLE_plugin,active,38,0.25333333333333335,0.09118171448540445,0.1052442469678844,2.300520821675921,2.278780139909557,0.651558073654391,1.0767705009789426,0.3229461756373938,4.42421957236842,0.23684210526315788,0.5,0.868421052631579,4.465316950380476,0.43116475064098564
150,26,13,52,heuristic,all,38,0.25333333333333335,0.09118171448540445,0.1052442469678844,2.300520821675921,2.278780139909557,0.6883852691218131,2.060504911075982,0.0,1.62,0.68,0.68,0.68,0.0,0.16666666666666663
150,26,13,52,heuristic,active,38,0.25333333333333335,0.09118171448540445,0.1052442469678844,2.300520821675921,2.278780139909557,0.5750708215297451,0.996917622658279,0.3229461756373938,5.342105263157895,0.02631578947368421,0.02631578947368421,0.02631578947368421,0.0,0.6578947368421053
150,26,14,13,MCMC,all,58,0.38666666666666666,0.27416340614243184,0.03337896501553887,2.0026423107652005,2.3176069765676495,0.42625,0.9247888272465233,0.0,0.7859219583333331,0.78,0.9133333333333333,0.9733333333333334,1.6049802206754957,0.06850667769161256
150,26,14,13,MCMC,active,58,0.38666666666666666,0.27416340614243184,0.03337896501553887,2.0026423107652005,2.3176069765676495,0.39375000000000004,0.5677615036263026,0.29000000000000004,1.8821913793103449,0.46551724137931033,0.7758620689655172,0.9310344827586207,3.134582419814652,0.2246359450348704
150,26,14,13,MLE_plugin,all,58,0.38666666666666666,0.27416340614243184,0.03337896501553887,2.0026423107652005,2.3176069765676495,0.41,0.9254222009439799,0.0,0.7835089166666666,0.78,0.9133333333333333,0.9733333333333334,1.623230781432228,0.07692191735965048
150,26,14,13,MLE_plugin,active,58,0.38666666666666666,0.27416340614243184,0.03337896501553887,2.0026423107652005,2.3176069765676495,0.38,0.5697532360592611,0.29000000000000004,1.8672286637931033,0.4827586206896552,0.7758620689655172,0.9310344827586207,3.1435432511254087,0.21716875194630625
150,26,14,13,heuristic,all,58,0.38666666666666666,0.27416340614243184,0.03337896501553887,2.0026423107652005,2.3176069765676495,0.5100000000000001,0.9457140159688869,0.375,1.36,0.48,0.48,0.48,0.0,0.34803340049180714
150,26,14,13,heuristic,active,58,0.38666666666666666,0.27416340614243184,0.03337896501553887,2.0026423107652005,2.3176069765676495,0.365,0.5351401685539967,0.29000000000000004,2.5172413793103448,0.1724137931034483,0.1724137931034483,0.1724137931034483,0.0,0.4482758620689655
150,26,14,26,MCMC,all,69,0.46,0.27416340614243184,0.03337896501553887,2.0026423107652005,2.3176069765676495,0.37746305418719217,0.8696992541625623,0.0,1.5065680416666665,0.7533333333333333,0.88,0.9666666666666667,2.9466760233944465,0.0703940066591221
150,26,14,26,MCMC,active,69,0.46,0.27416340614243184,0.03337896501553887,2.0026423107652005,2.3176069765676495,0.36022167487684725,0.5854065691030643,0.16995073891625614,3.1212711956521737,0.4927536231884058,0.7536231884057971,0.927536231884058,5.227336038007767,0.20854587931654478
150,26,14,26,MLE_plugin,all,69,0.46,0.27416340614243184,0.03337896501553887,2.0026423107652005,2.3176069765676495,0.38362068965517243,0.8666201992675029,0.0,1.4863451666666667,0.74,0.88,0.9733333333333334,2.9581283241266054,0.0767176997344653
150,26,14,26,MLE_plugin,active,69,0.46,0.27416340614243184,0.03337896501553887,2.0026423107652005,2.3176069765676495,0.36391625615763545,0.5824045792329625,0.16995073891625614,3.0613512681159416,0.4927536231884058,0.7536231884057971,0.9420289855072463,5.2298019663536195,0.2097108432783068
150,26,14,26,heuristic,all,69,0.46,0.27416340614243184,0.03337896501553887,2.0026423107652005,2.3176069765676495,0.46798029556650245,0.8521597976357732,0.18472906403940886,2.533333333333333,0.44,0.44,0.44,0.0,0.3547000671584738
150,26,14,26,heuristic,active,69,0.46,0.27416340614243184,0.03337896501553887,2.0026423107652005,2.3176069765676495,0.3571428571428571,0.5236235392084392,0.25492610837438423,4.202898550724638,0.08695652173913043,0.08695652173913043,0.08695652173913043,0.0,0.46581191248932396
150,26,14,52,MCMC,all,76,0.5066666666666667,0.27416340614243184,0.03337896501553887,2.0026423107652005,2.3176069765676495,0.3886168910648715,0.9023452228041503,0.0,3.0780229166666664,0.68,0.88,0.9733333333333334,5.72773687046239,0.0930073630125593
150,26,14,52,MCMC,active,76,0.5066666666666667,0.27416340614243184,0.03337896501553887,2.0026423107652005,2.3176069765676495,0.37484700122399023,0.639045100088894,0.16279069767441862,5.821616036184211,0.39473684210526316,0.7763157894736842,0.9473684210526315,9.577608313234272,0.26076452795152394
150,26,14,52,MLE_plugin,all,76,0.5066666666666667,0.27416340614243184,0.03337896501553887,2.0026423107652005,2.3176069765676495,0.3907588739290086,0.8848436561207629,0.06884944920440637,3.0134195,0.6733333333333333,0.8933333333333333,0.9666666666666667,5.693247008784042,0.10479571784859865
150,26,14,52,MLE_plugin,active,76,0.5066666666666667,0.27416340614243184,0.03337896501553887,2.0026423107652005,2.3176069765676495,0.37362301101591183,0.6251640074015846,0.16279069767441862,5.646778700657894,0.40789473684210525,0.8026315789473685,0.9342105263157895,9.463951918812745,0.27168079491649433
150,26,14,52,heuristic,all,76,0.5066666666666667,0.27416340614243184,0.03337896501553887,2.0026423107652005,2.3176069765676495,0.42839657282741744,0.8249684922396932,0.18359853121175032,4.666666666666667,0.36666666666666664,0.36666666666666664,0.36666666666666664,0.0,0.36803340049180716
150,26,14,52,heuristic,active,76,0.5066666666666667,0.27416340614243184,0.03337896501553887,2.0026423107652005,2.3176069765676495,0.3219094247246022,0.529992000231794,0.18604651162790697,6.921052631578948,0.013157894736842105,0.013157894736842105,0.013157894736842105,0.0,0.513157894736842
200,26,0,13,MCMC,all,51,0.255,0.12277152807854619,0.10867470702268238,2.155046914939505,2.4599205110356674,0.4707112970711297,1.3274219313150883,0.0,0.40180728125000004,0.88,0.94,0.99,0.9839810145190863,0.05776903913200754
200,26,0,13,MCMC,active,51,0.255,0.12277152807854619,0.10867470702268238,2.155046914939505,2.4599205110356674,0.44142259414225943,0.6602498528394966,0.3200836820083682,1.4250789215686277,0.5686274509803921,0.7647058823529411,0.9607843137254902,2.304345219397662,0.25023346632230603
200,26,0,13,MLE_plugin,all,51,0.255,0.12277152807854619,0.10867470702268238,2.155046914939505,2.4599205110356674,0.4707112970711297,1.3048088811307677,0.0,0.4033964374999999,0.87,0.935,0.99,0.9632407088805928,0.053344569723959456
200,26,0,13,MLE_plugin,active,51,0.255,0.12277152807854619,0.10867470702268238,2.155046914939505,2.4599205110356674,0.4372384937238493,0.6479650615278323,0.21338912133891214,1.4176259803921567,0.5294117647058824,0.7450980392156863,0.9607843137254902,2.2377981666327886,0.22698261565804512
200,26,0,13,heuristic,all,51,0.255,0.12277152807854619,0.10867470702268238,2.155046914939505,2.4599205110356674,0.5857740585774058,1.2440224893153562,0.0,0.7,0.64,0.64,0.64,0.0,0.245
200,26,0,13,heuristic,active,51,0.255,0.12277152807854619,0.10867470702268238,2.155046914939505,2.4599205110356674,0.3807531380753138,0.5598101201919102,0.21338912133891214,1.7843137254901962,0.2549019607843137,0.2549019607843137,0.2549019607843137,0.0,0.43137254901960786
200,26,0,26,MCMC,all,63,0.315,0.12277152807854619,0.10867470702268238,2.155046914939505,2.4599205110356674,0.3924050632911392,1.043610987850771,0.0,0.7000445,0.855,0.92,0.98,1.7296757093581587,0.06633716351872987
200,26,0,26,MCMC,active,63,0.315,0.12277152807854619,0.10867470702268238,2.155046914939505,2.4599205110356674,0.3691983122362869,0.5792263154409328,0.2658227848101266,2.0426132936507932,0.5714285714285714,0.746031746031746,0.9365079365079365,3.617215559318595,0.28662389814071876
200,26,0,26,MLE_plugin,all,63,0.315,0.12277152807854619,0.10867470702268238,2.155046914939505,2.4599205110356674,0.3681434599156118,0.9609004082714542,0.0,0.6716934999999999,0.865,0.93,0.98,1.6699861703234387,0.040141423970143364
200,26,0,26,MLE_plugin,active,63,0.315,0.12277152807854619,0.10867470702268238,2.155046914939505,2.4599205110356674,0.34071729957805913,0.5317114938029878,0.1329113924050633,1.9345152777777774,0.6031746031746031,0.7777777777777778,0.9365079365079365,3.48989308443982,0.23568024131380816
200,26,0,26,heuristic,all,63,0.315,0.12277152807854619,0.10867470702268238,2.155046914939505,2.4599205110356674,0.4472573839662447,0.952876775581115,0.0,1.06,0.62,0.62,0.62,0.0,0.245
200,26,0,26,heuristic,active,63,0.315,0.12277152807854619,0.10867470702268238,2.155046914939505,2.4599205110356674,0.3248945147679325,0.48358737961754594,0.1329113924050633,2.4444444444444446,0.23809523809523808,0.23809523809523808,0.23809523809523808,0.0,0.4126984126984127
200,26,0,52,MCMC,all,70,0.35,0.12277152807854619,0.10867470702268238,2.155046914939505,2.4599205110356674,0.38182831661092526,1.002198031998523,0.0,1.29923575,0.835,0.925,0.98,3.205560369089627,0.07099716315936005
200,26,0,52,MCMC,active,70,0.35,0.12277152807854619,0.10867470702268238,2.155046914939505,2.4599205110356674,0.36622073578595316,0.5883420681165907,0.19509476031215162,3.4805819642857148,0.5428571428571428,0.7857142857142857,0.9428571428571428,6.492427996848544,0.29910913244923926
200,26,0,52,MLE_plugin,all,70,0.35,0.12277152807854619,0.10867470702268238,2.155046914939505,2.4599205110356674,0.3534002229654403,0.9245675414321219,0.0,1.22812990625,0.855,0.91,0.985,3.093735561314627,0.044893473194539846
200,26,0,52,MLE_plugin,active,70,0.35,0.12277152807854619,0.10867470702268238,2.155046914939505,2.4599205110356674,0.3322185061315496,0.5393736317220447,0.15607580824972128,3.2370356249999994,0.6142857142857143,0.7571428571428571,0.9571428571428572,6.241050192277498,0.21040704359801315
200,26,0,52,heuristic,all,70,0.35,0.12277152807854619,0.10867470702268238,2.155046914939505,2.4599205110356674,0.4470457079152731,0.9704761289997932,0.0,2.005,0.57,0.57,0.57,0.0,0.27
200,26,0,52,heuristic,active,70,0.35,0.12277152807854619,0.10867470702268238,2.155046914939505,2.4599205110356674,0.32998885172798215,0.515455399519045,0.15607580824972128,4.228571428571429,0.08571428571428572,0.08571428571428572,0.08571428571428572,0.0,0.45714285714285713
200,26,1,13,MCMC,all,54,0.27,0.1602152977290567,0.033816058396048884,1.8449473681735826,2.4544486891208837,0.46124031007751937,1.0269489379450985,0.0,0.42631353125,0.88,0.95,0.985,1.1173069351451472,0.04958547301150129
200,26,1,13,MCMC,active,54,0.27,0.1602152977290567,0.033816058396048884,1.8449473681735826,2.4544486891208837,0.375968992248062,0.48754082077294486,0.20930232558139536,1.2410354166666664,0.5925925925925926,0.8333333333333334,0.9444444444444444,2.3058401092600724,0.41510414133575313
200,26,1,13,MLE_plugin,all,54,0.27,0.1602152977290567,0.033816058396048884,1.8449473681735826,2.4544486891208837,0.46705426356589147,1.0287759255803874,0.0,0.43091909375,0.885,0.95,0.98,1.127143244292002,0.043118337777947546
200,26,1,13,MLE_plugin,active,54,0.27,0.1602152977290567,0.033816058396048884,1.8449473681735826,2.4544486891208837,0.3856589147286822,0.48774877165498476,0.313953488372093,1.2660982638888891,0.6296296296296297,0.8333333333333334,0.9259259259259259,2.350461671926582,0.4306157093296645
200,26,1,13,heuristic,all,54,0.27,0.1602152977290567,0.033816058396048884,1.8449473681735826,2.4544486891208837,0.6007751937984496,1.3415556821609906,0.0,0.775,0.605,0.605,0.605,0.0,0.27887238320413793
200,26,1,13,heuristic,active,54,0.27,0.1602152977290567,0.033816058396048884,1.8449473681735826,2.4544486891208837,0.28294573643410853,0.38530329129723,0.20930232558139536,1.3518518518518519,0.24074074074074073,0.24074074074074073,0.24074074074074073,0.0,0.4444444444444444
200,26,1,26,MCMC,all,65,0.325,0.1602152977290567,0.033816058396048884,1.8449473681735826,2.4544486891208837,0.4734774066797643,0.9660739373787228,0.0,0.83621484375,0.805,0.935,0.975,1.9608543151793218,0.05427892461506012
200,26,1,26,MCMC,active,65,0.325,0.1602152977290567,0.033816058396048884,1.8449473681735826,2.4544486891208837,0.38310412573673874,0.4991298235766081,0.2554027504911591,2.0651800000000002,0.47692307692307695,0.8153846153846154,0.9384615384615385,3.7591568097453307,0.3842198278289889
200,26,1,26,MLE_plugin,all,65,0.325,0.1602152977290567,0.033816058396048884,1.8449473681735826,2.4544486891208837,0.4646365422396857,0.9581506433474694,0.0,0.8451689062499999,0.805,0.93,0.985,1.9718715915956244,0.04846051210943936
200,26,1,26,MLE_plugin,active,65,0.325,0.1602152977290567,0.033816058396048884,1.8449473681735826,2.4544486891208837,0.3850687622789784,0.5041312493286352,0.2554027504911591,2.135892692307692,0.47692307692307695,0.8,0.9538461538461539,3.80884110553622,0.41197132424459365
200,26,1,26,heuristic,all,65,0.325,0.1602152977290567,0.033816058396048884,1.8449473681735826,2.4544486891208837,0.5618860510805501,1.324345740381353,0.0,1.43,0.57,0.57,0.57,0.0,0.2623331515385747
200,26,1,26,heuristic,active,65,0.325,0.1602152977290567,0.033816058396048884,1.8449473681735826,2.4544486891208837,0.2888015717092338,0.42116144093366586,0.12770137524557956,2.2615384615384615,0.15384615384615385,0.15384615384615385,0.15384615384615385,0.0,0.523076923076923
200,26,1,52,MCMC,all,79,0.395,0.1602152977290567,0.033816058396048884,1.8449473681735826,2.4544486891208837,0.44044044044044045,0.9590822476078865,0.0,1.6026528437499998,0.76,0.935,0.98,3.665328223397488,0.056913845064605006
200,26,1,52,MCMC,active,79,0.395,0.1602152977290567,0.033816058396048884,1.8449473681735826,2.4544486891208837,0.38038038038038036,0.5649477965792119,0.23723723723723725,3.433620648734178,0.45569620253164556,0.8607594936708861,0.9620253164556962,6.425175859630514,0.3610985151519004
200,26,1,52,MLE_plugin,all,79,0.395,0.1602152977290567,0.033816058396048884,1.8449473681735826,2.4544486891208837,0.478978978978979,1.074736694668406,0.0,1.7039081562500002,0.75,0.905,0.99,3.587140896982398,0.09006989240054003
200,26,1,52,MLE_plugin,active,79,0.395,0.1602152977290567,0.033816058396048884,1.8449473681735826,2.4544486891208837,0.4299299299299299,0.6519965674360355,0.23723723723723725,3.7887166930379754,0.43037974683544306,0.7848101265822784,0.9746835443037974,6.389490767231472,0.43834937700395243
200,26,1,52,heuristic,all,79,0.395,0.1602152977290567,0.033816058396048884,1.8449473681735826,2.4544486891208837,0.5455455455455456,1.2999916409557575,0.0,2.725,0.505,0.505,0.505,0.0,0.2847840665985944
200,26,1,52,heuristic,active,79,0.395,0.1602152977290567,0.033816058396048884,1.8449473681735826,2.4544486891208837,0.30430430430430433,0.43459355061588245,0.15815815815815815,3.848101265822785,0.0379746835443038,0.0379746835443038,0.0379746835443038,0.0,0.5316455696202531
200,26,2,13,MCMC,all,46,0.23,0.14440481312939932,0.14251533577330194,1.8421631079602916,1.8542725102950237,0.53125,1.6103775868479486,0.0,0.35780825,0.925,0.95,0.995,0.9462812179031349,0.05431532750968493
200,26,2,13,MCMC,active,46,0.23,0.14440481312939932,0.14251533577330194,1.8421631079602916,1.8542725102950237,0.48437500000000006,0.7617354431931513,0.23958333333333334,1.4126724184782606,0.6739130434782609,0.782608695652174,0.9782608695652174,2.4229576932712322,0.31444022375385106
200,26,2,13,MLE_plugin,all,46,0.23,0.14440481312939932,0.14251533577330194,1.8421631079602916,1.8542725102950237,0.5390625,1.5989668159384116,0.0,0.3641686249999999,0.91,0.95,1.0,0.9331262118524138,0.06371185258428025
200,26,2,13,MLE_plugin,active,46,0.23,0.14440481312939932,0.14251533577330194,1.8421631079602916,1.8542725102950237,0.5078125,0.7586577116443884,0.23958333333333334,1.4469546195652172,0.6086956521739131,0.782608695652174,1.0,2.4176003129760053,0.3444788853591896
200,26,2,13,heuristic,all,46,0.23,0.14440481312939932,0.14251533577330194,1.8421631079602916,1.8542725102950237,0.7395833333333334,1.7368054167221945,0.0,0.71,0.675,0.675,0.675,0.0,0.255
200,26,2,13,heuristic,active,46,0.23,0.14440481312939932,0.14251533577330194,1.8421631079602916,1.8542725102950237,0.375,0.6475112611633356,0.23958333333333334,1.565217391304348,0.41304347826086957,0.41304347826086957,0.41304347826086957,0.0,0.28428132719668997
200,26,2,26,MCMC,all,54,0.27,0.14440481312939932,0.14251533577330194,1.8421631079602916,1.8542725102950237,0.5263888888888889,1.4154406459552524,0.0,0.6726043125,0.865,0.915,0.99,1.6547797630061771,0.03999394914897825
200,26,2,26,MCMC,active,54,0.27,0.14440481312939932,0.14251533577330194,1.8421631079602916,1.8542725102950237,0.4875,0.723489806424389,0.3,2.275015393518519,0.5,0.6851851851851852,0.9629629629629629,3.8846075063815966,0.29839955964613957
200,26,2,26,MLE_plugin,all,54,0.27,0.14440481312939932,0.14251533577330194,1.8421631079602916,1.8542725102950237,0.5444444444444444,1.4521695136230812,0.0,0.6675534375000001,0.86,0.93,0.99,1.6303212092344836,0.055267910253373354
200,26,2,26,MLE_plugin,active,54,0.27,0.14440481312939932,0.14251533577330194,1.8421631079602916,1.8542725102950237,0.5138888888888888,0.7454025757937787,0.3,2.279413194444445,0.5,0.7407407407407407,0.9629629629629629,3.877807397944167,0.32755427600035086
200,26,2,26,heuristic,all,54,0.27,0.14440481312939932,0.14251533577330194,1.8421631079602916,1.8542725102950237,0.7611111111111112,1.769948035785999,0.0,1.37,0.57,0.57,0.57,0.0,0.31
200,26,2,26,heuristic,active,54,0.27,0.14440481312939932,0.14251533577330194,1.8421631079602916,1.8542725102950237,0.4305555555555555,0.7109266253747053,0.3,2.8703703703703702,0.07407407407407407,0.07407407407407407,0.07407407407407407,0.0,0.48148148148148145
200,26,2,52,MCMC,all,62,0.31,0.14440481312939932,0.14251533577330194,1.8421631079602916,1.8542725102950237,0.5376955903271692,1.5070853556484418,0.0,1.3479380937499998,0.85,0.895,0.985,3.052879951568442,0.05930849812657496
200,26,2,52,MCMC,active,62,0.31,0.14440481312939932,0.14251533577330194,1.8421631079602916,1.8542725102950237,0.5064011379800853,0.8294859612371022,0.26458036984352773,4.073870866935484,0.5161290322580645,0.6612903225806451,0.9516129032258065,6.738359213940923,0.32261608830052235
200,26,2,52,MLE_plugin,all,62,0.31,0.14440481312939932,0.14251533577330194,1.8421631079602916,1.8542725102950237,0.5398293029871977,1.4942422241005195,0.0,1.35902709375,0.815,0.91,0.98,2.9737275668660543,0.07330969075860466
200,26,2,52,MLE_plugin,active,62,0.31,0.14440481312939932,0.14251533577330194,1.8421631079602916,1.8542725102950237,0.5170697012802277,0.8246890673787702,0.26458036984352773,4.1333221774193545,0.43548387096774194,0.7096774193548387,0.9354838709677419,6.665850957062997,0.3328696928946289
200,26,2,52,heuristic,all,62,0.31,0.14440481312939932,0.14251533577330194,1.8421631079602916,1.8542725102950237,0.7880512091038406,1.875726399075611,0.0,2.77,0.55,0.55,0.55,0.0,0.32
200,26,2,52,heuristic,active,62,0.31,0.14440481312939932,0.14251533577330194,1.8421631079602916,1.8542725102950237,0.46230440967283076,0.8240613269848674,0.26458036984352773,5.241935483870968,0.06451612903225806,0.06451612903225806,0.06451612903225806,0.0,0.5161290322580645
200,26,3,13,MCMC,all,46,0.23,0.11261189093821856,0.12620768213816677,2.1445384532559166,2.1012514716747246,0.5132275132275133,1.3067819084897851,0.0,0.34811178125,0.87,0.925,0.98,0.8156882873500743,0.1092935340854213
200,26,3,13,MCMC,active,46,0.23,0.11261189093821856,0.12620768213816677,2.1445384532559166,2.1012514716747246,0.48148148148148145,0.6184368171040685,0.24338624338624337,1.3774441576086955,0.45652173913043476,0.6739130434782609,0.9130434782608695,1.977782264168071,0.41638183400224305
200,26,3,13,MLE_plugin,all,46,0.23,0.11261189093821856,0.12620768213816677,2.1445384532559166,2.1012514716747246,0.4788359788359789,1.183696154560693,0.0,0.33303799999999995,0.875,0.925,0.98,0.8173724526730111,0.09045454991544144
200,26,3,13,MLE_plugin,active,46,0.23,0.11261189093821856,0.12620768213816677,2.1445384532559166,2.1012514716747246,0.4470899470899471,0.5585332144482469,0.24338624338624337,1.294340489130435,0.4782608695652174,0.6739130434782609,0.9130434782608695,1.9599323740612336,0.4133401787683491
200,26,3,13,heuristic,all,46,0.23,0.11261189093821856,0.12620768213816677,2.1445384532559166,2.1012514716747246,0.5714285714285715,1.1736017467099913,0.0,0.54,0.69,0.69,0.69,0.0,0.19722563922449157
200,26,3,13,heuristic,active,46,0.23,0.11261189093821856,0.12620768213816677,2.1445384532559166,2.1012514716747246,0.33333333333333337,0.4321167616739771,0.24338624338624337,1.3695652173913044,0.2391304347826087,0.2391304347826087,0.2391304347826087,0.0,0.5418184186595576
200,26,3,26,MCMC,all,53,0.265,0.11261189093821856,0.12620768213816677,2.1445384532559166,2.1012514716747246,0.4872159090909091,1.2630069659643135,0.0,0.6405659687499999,0.845,0.915,0.98,1.396915659728936,0.10355932688306635
200,26,3,26,MCMC,active,53,0.265,0.11261189093821856,0.12620768213816677,2.1445384532559166,2.1012514716747246,0.4588068181818182,0.6408958054917357,0.30113636363636365,2.2330653301886794,0.4339622641509434,0.6981132075471698,0.9245283018867925,3.3075753991874626,0.39660636447930714
200,26,3,26,MLE_plugin,all,53,0.265,0.11261189093821856,0.12620768213816677,2.1445384532559166,2.1012514716747246,0.453125,1.1315594469690018,0.0,0.59654090625,0.835,0.915,0.985,1.4070124196827987,0.08298552573698093
200,26,3,26,MLE_plugin,active,53,0.265,0.11261189093821856,0.12620768213816677,2.1445384532559166,2.1012514716747246,0.41761363636363635,0.5675351433579078,0.30113636363636365,2.028597995283019,0.4339622641509434,0.6981132075471698,0.9433962264150944,3.216307097286024,0.3477517637060094
200,26,3,26,heuristic,all,53,0.265,0.11261189093821856,0.12620768213816677,2.1445384532559166,2.1012514716747246,0.5681818181818182,1.259006807168201,0.0,1.0,0.69,0.69,0.69,0.0,0.1846736183236082
200,26,3,26,heuristic,active,53,0.265,0.11261189093821856,0.12620768213816677,2.1445384532559166,2.1012514716747246,0.3721590909090909,0.5195291867929578,0.30113636363636365,2.4716981132075473,0.22641509433962265,0.22641509433962265,0.22641509433962265,0.0,0.5066341818321971
200,26,3,52,MCMC,all,58,0.29,0.11261189093821856,0.12620768213816677,2.1445384532559166,2.1012514716747246,0.5741626794258373,1.5786251342608764,0.0,1.2977739687499998,0.815,0.88,0.975,2.5257161145110505,0.10726996574833125
200,26,3,52,MCMC,active,58,0.29,0.11261189093821856,0.12620768213816677,2.1445384532559166,2.1012514716747246,0.5454545454545454,0.8433201931395728,0.27751196172248804,4.183799892241379,0.3793103448275862,0.603448275862069,0.9137931034482759,5.745948005830093,0.4053192487854325
200,26,3,52,MLE_plugin,all,58,0.29,0.11261189093821856,0.12620768213816677,2.1445384532559166,2.1012514716747246,0.5063795853269537,1.4004697415327612,0.0,1.1606084062499997,0.81,0.92,0.98,2.588418207410183,0.07348197564347114
200,26,3,52,MLE_plugin,active,58,0.29,0.11261189093821856,0.12620768213816677,2.1445384532559166,2.1012514716747246,0.4649122807017544,0.7383603530307615,0.27751196172248804,3.6124710129310347,0.39655172413793105,0.7413793103448276,0.9310344827586207,5.730622645621017,0.330829244759415
200,26,3,52,heuristic,all,58,0.29,0.11261189093821856,0.12620768213816677,2.1445384532559166,2.1012514716747246,0.671451355661882,1.7536608621886394,0.0,2.105,0.63,0.63,0.63,0.0,0.21222563922449159
200,26,3,52,heuristic,active,58,0.29,0.11261189093821856,0.12620768213816677,2.1445384532559166,2.1012514716747246,0.45933014354066987,0.8309394582236329,0.27751196172248804,4.9655172413793105,0.06896551724137931,0.06896551724137931,0.06896551724137931,0.0,0.5344827586206897
200,26,4,13,MCMC,all,24,0.12,0.032445657378935074,0.16043398727262906,1.9718312796548505,2.1769666622866115,0.8604651162790697,2.5686886086482,0.0,0.12481578124999998,0.935,0.965,0.995,0.4590382257675005,0.03305104541087012
200,26,4,13,MCMC,active,24,0.12,0.032445657378935074,0.16043398727262906,1.9718312796548505,2.1769666622866115,0.7441860465116278,0.8372093023255813,0.5581395348837209,0.8596893229166667,0.5,0.7083333333333334,0.9583333333333334,1.3106363627553623,0.40304870782253177
200,26,4,13,MLE_plugin,all,24,0.12,0.032445657378935074,0.16043398727262906,1.9718312796548505,2.1769666622866115,0.7674418604651163,2.2547348174029436,0.0,0.12789809375,0.94,0.965,0.97,0.43306095452618854,0.0414361153017046
200,26,4,13,MLE_plugin,active,24,0.12,0.032445657378935074,0.16043398727262906,1.9718312796548505,2.1769666622866115,0.4883720930232558,0.6343340324179467,0.5581395348837209,0.7403481770833333,0.625,0.7083333333333334,0.75,1.2214835169803282,0.26993769663923894
200,26,4,13,heuristic,all,24,0.12,0.032445657378935074,0.16043398727262906,1.9718312796548505,2.1769666622866115,1.1395348837209303,3.239160064461423,0.0,0.245,0.825,0.825,0.825,0.0,0.13895503942679435
200,26,4,13,heuristic,active,24,0.12,0.032445657378935074,0.16043398727262906,1.9718312796548505,2.1769666622866115,0.46511627906976744,0.7557245027568334,0.5581395348837209,0.8333333333333334,0.4166666666666667,0.4166666666666667,0.4166666666666667,0.0,0.29166666666666663
200,26,4,26,MCMC,all,34,0.17,0.032445657378935074,0.16043398727262906,1.9718312796548505,2.1769666622866115,0.7777777777777777,2.1573875376608442,0.0,0.24932524999999997,0.875,0.93,0.995,0.7446092706912446,0.05527774571265154
200,26,4,26,MCMC,active,34,0.17,0.032445657378935074,0.16043398727262906,1.9718312796548505,2.1769666622866115,0.6888888888888889,0.8410017542296117,0.37777777777777777,1.2615834558823529,0.29411764705882354,0.5882352941176471,0.9705882352941176,1.8006449822550663,0.4658533919255047
200,26,4,26,MLE_plugin,all,34,0.17,0.032445657378935074,0.16043398727262906,1.9718312796548505,2.1769666622866115,0.75,1.9704608723297998,0.0,0.258891125,0.875,0.935,0.965,0.734407347447468,0.04874500524837408
200,26,4,26,MLE_plugin,active,34,0.17,0.032445657378935074,0.16043398727262906,1.9718312796548505,2.1769666622866115,0.5611111111111111,0.692508412392635,0.37777777777777777,1.1319222426470588,0.38235294117647056,0.6470588235294118,0.7941176470588235,1.7595018915510765,0.3402710938232839
200,26,4,26,heuristic,all,34,0.17,0.032445657378935074,0.16043398727262906,1.9718312796548505,2.1769666622866115,1.0555555555555556,2.935521069693979,0.0,0.475,0.76,0.76,0.76,0.0,0.145
200,26,4,26,heuristic,active,34,0.17,0.032445657378935074,0.16043398727262906,1.9718312796548505,2.1769666622866115,0.6111111111111112,0.9000685844923839,0.37777777777777777,1.6176470588235294,0.08823529411764706,0.08823529411764706,0.08823529411764706,0.0,0.5294117647058824
200,26,4,52,MCMC,all,42,0.21,0.032445657378935074,0.16043398727262906,1.9718312796548505,2.1769666622866115,0.7625698324022346,2.0006709027340763,0.0,0.49527696875,0.855,0.905,0.97,1.2672501688290736,0.0767182982780451
200,26,4,52,MCMC,active,42,0.21,0.032445657378935074,0.16043398727262906,1.9718312796548505,2.1769666622866115,0.6899441340782123,0.8706215943870016,0.4692737430167598,2.1015677083333335,0.3333333333333333,0.5476190476190477,0.8571428571428571,2.8637998282460053,0.4316657318231227
200,26,4,52,MLE_plugin,all,42,0.21,0.032445657378935074,0.16043398727262906,1.9718312796548505,2.1769666622866115,0.7569832402234636,1.8499129262344634,0.0,0.5082301875,0.84,0.91,0.94,1.293194433909144,0.07208469917537441
200,26,4,52,MLE_plugin,active,42,0.21,0.032445657378935074,0.16043398727262906,1.9718312796548505,2.1769666622866115,0.6005586592178771,0.7207028705166401,0.4692737430167598,1.9058046130952382,0.35714285714285715,0.5952380952380952,0.7142857142857143,2.8009211195155377,0.33957338659909003
200,26,4,52,heuristic,all,42,0.21,0.032445657378935074,0.16043398727262906,1.9718312796548505,2.1769666622866115,0.9720670391061452,2.660532044645957,0.0,0.87,0.745,0.745,0.745,0.0,0.155
200,26,4,52,heuristic,active,42,0.21,0.032445657378935074,0.16043398727262906,1.9718312796548505,2.1769666622866115,0.6033519553072626,0.8942038424454457,0.4692737430167598,2.5714285714285716,0.09523809523809523,0.09523809523809523,0.09523809523809523,0.0,0.45238095238095233
200,26,5,13,MCMC,all,44,0.22,0.29069938120269906,0.18874745504162574,2.277753698126477,2.040405487706726,0.3705035971223022,1.1040294426778998,0.0,0.38871734374999994,0.89,0.955,0.985,1.0580139193405662,0.046957280688041725
200,26,5,13,MCMC,active,44,0.22,0.29069938120269906,0.18874745504162574,2.277753698126477,2.040405487706726,0.33453237410071945,0.5044699527556319,0.23741007194244604,1.5520042613636362,0.5454545454545454,0.8181818181818182,0.9318181818181818,3.025140784001989,0.2601662426615706
200,26,5,13,MLE_plugin,all,44,0.22,0.29069938120269906,0.18874745504162574,2.277753698126477,2.040405487706726,0.3830935251798561,1.1217601532023507,0.0,0.39052040624999995,0.905,0.96,0.985,1.0481164759685497,0.049683386192527546
200,26,5,13,MLE_plugin,active,44,0.22,0.29069938120269906,0.18874745504162574,2.277753698126477,2.040405487706726,0.3435251798561151,0.512447916715846,0.23741007194244604,1.5482940340909088,0.6136363636363636,0.8409090909090909,0.9318181818181818,3.0583608314276223,0.2665046425007728
200,26,5,13,heuristic,all,44,0.22,0.29069938120269906,0.18874745504162574,2.277753698126477,2.040405487706726,0.6007194244604317,1.4805119156299769,0.0,0.835,0.605,0.605,0.605,0.0,0.3029897638039695
200,26,5,13,heuristic,active,44,0.22,0.29069938120269906,0.18874745504162574,2.277753698126477,2.040405487706726,0.302158273381295,0.5472356908125644,0.15827338129496402,1.9090909090909092,0.25,0.25,0.25,0.0,0.40909090909090906
200,26,5,26,MCMC,all,52,0.26,0.29069938120269906,0.18874745504162574,2.277753698126477,2.040405487706726,0.39169675090252704,1.03849457499224,0.0,0.7852120625000001,0.85,0.925,0.995,1.91112744034113,0.042611991781987935
200,26,5,26,MCMC,active,52,0.26,0.29069938120269906,0.18874745504162574,2.277753698126477,2.040405487706726,0.3537906137184116,0.51509553576581,0.18772563176895307,2.7142579326923073,0.4423076923076923,0.7307692307692307,0.9807692307692307,5.067183260122541,0.2719486600888934
200,26,5,26,MLE_plugin,all,52,0.26,0.29069938120269906,0.18874745504162574,2.277753698126477,2.040405487706726,0.398014440433213,1.0679607121184147,0.0,0.8001725625,0.86,0.915,0.985,1.8853019475758341,0.0472718943085097
200,26,5,26,MLE_plugin,active,52,0.26,0.29069938120269906,0.18874745504162574,2.277753698126477,2.040405487706726,0.35830324909747296,0.5281287391080667,0.18772563176895307,2.756776682692309,0.5,0.6923076923076923,0.9423076923076923,5.0051826713811485,0.21432932881613698
200,26,5,26,heuristic,all,52,0.26,0.29069938120269906,0.18874745504162574,2.277753698126477,2.040405487706726,0.592057761732852,1.497215982189727,0.0,1.64,0.565,0.565,0.565,0.0,0.325
200,26,5,26,heuristic,active,52,0.26,0.29069938120269906,0.18874745504162574,2.277753698126477,2.040405487706726,0.3574007220216606,0.6228875468209082,0.18772563176895307,3.8076923076923075,0.11538461538461539,0.11538461538461539,0.11538461538461539,0.0,0.46153846153846156
200,26,5,52,MCMC,all,55,0.275,0.29069938120269906,0.18874745504162574,2.277753698126477,2.040405487706726,0.38779527559055116,1.1767883814270894,0.0,1.45223946875,0.86,0.925,0.985,3.6488763856588933,0.047667961059598696
200,26,5,52,MCMC,active,55,0.275,0.29069938120269906,0.18874745504162574,2.277753698126477,2.040405487706726,0.35236220472440943,0.6014596997160664,0.10826771653543307,4.777625454545455,0.5272727272727272,0.7454545454545455,0.9454545454545454,9.726390659764792,0.25065738395786874
200,26,5,52,MLE_plugin,all,55,0.275,0.29069938120269906,0.18874745504162574,2.277753698126477,2.040405487706726,0.40108267716535434,1.2685591357853847,0.0,1.4958875,0.865,0.925,0.98,3.6239115567089932,0.049424756013699334
200,26,5,52,MLE_plugin,active,55,0.275,0.29069938120269906,0.18874745504162574,2.277753698126477,2.040405487706726,0.3636811023622047,0.6505795694571513,0.10826771653543307,4.8956125,0.5636363636363636,0.7454545454545455,0.9272727272727272,9.646959614428502,0.2543404657631213
200,26,5,52,heuristic,all,55,0.275,0.29069938120269906,0.18874745504162574,2.277753698126477,2.040405487706726,0.6584645669291339,1.8199348544180773,0.0,3.345,0.565,0.565,0.565,0.0,0.325
200,26,5,52,heuristic,active,55,0.275,0.29069938120269906,0.18874745504162574,2.277753698126477,2.040405487706726,0.39862204724409445,0.811023024806752,0.1624015748031496,7.363636363636363,0.10909090909090909,0.10909090909090909,0.10909090909090909,0.0,0.4909090909090909
200,26,6,13,MCMC,all,60,0.3,0.2633351593642023,0.17017728573440513,1.8247897979501506,1.8396745404605577,0.484375,1.1855478190264392,0.0,0.6536195624999999,0.83,0.895,0.95,1.2257183103595124,0.06126449046772908
200,26,6,13,MCMC,active,60,0.3,0.2633351593642023,0.17017728573440513,1.8247897979501506,1.8396745404605577,0.44034090909090917,0.6318708079783452,0.34090909090909094,1.9873633333333331,0.4666666666666667,0.65,0.8333333333333334,2.748693059962406,0.2602087019828999
200,26,6,13,MLE_plugin,all,60,0.3,0.2633351593642023,0.17017728573440513,1.8247897979501506,1.8396745404605577,0.4872159090909091,1.1953781193164346,0.0,0.6555015000000001,0.83,0.895,0.96,1.2240525821199109,0.06647396543688833
200,26,6,13,MLE_plugin,active,60,0.3,0.2633351593642023,0.17017728573440513,1.8247897979501506,1.8396745404605577,0.44318181818181823,0.6377825091091945,0.34090909090909094,1.9837487500000002,0.4666666666666667,0.65,0.8666666666666667,2.7074602052131107,0.2649181102072704
200,26,6,13,heuristic,all,60,0.3,0.2633351593642023,0.17017728573440513,1.8247897979501506,1.8396745404605577,0.6647727272727272,1.275565018218389,0.0,1.17,0.53,0.53,0.53,0.0,0.3420122615605681
200,26,6,13,heuristic,active,60,0.3,0.2633351593642023,0.17017728573440513,1.8247897979501506,1.8396745404605577,0.4005681818181819,0.5742572907246484,0.17045454545454547,2.35,0.2,0.2,0.2,0.0,0.44999999999999996
200,26,6,26,MCMC,all,70,0.35,0.2633351593642023,0.17017728573440513,1.8247897979501506,1.8396745404605577,0.49127906976744184,1.122766847928814,0.0,1.258235375,0.755,0.865,0.96,2.262490922126046,0.0847177811048363
200,26,6,26,MCMC,active,70,0.35,0.2633351593642023,0.17017728573440513,1.8247897979501506,1.8396745404605577,0.45058139534883723,0.6445774380852003,0.30523255813953487,3.287212857142857,0.32857142857142857,0.6142857142857143,0.8857142857142857,4.637394379584141,0.3682381650789417
200,26,6,26,MLE_plugin,all,70,0.35,0.2633351593642023,0.17017728573440513,1.8247897979501506,1.8396745404605577,0.4803779069767442,1.0935507911764497,0.0,1.2396792187499999,0.75,0.865,0.965,2.2232497312656294,0.07007532568029884
200,26,6,26,MLE_plugin,active,70,0.35,0.2633351593642023,0.17017728573440513,1.8247897979501506,1.8396745404605577,0.43677325581395343,0.6262789442805943,0.30523255813953487,3.2124344642857134,0.32857142857142857,0.6142857142857143,0.9,4.564747252100134,0.3500449210052502
200,26,6,26,heuristic,all,70,0.35,0.2633351593642023,0.17017728573440513,1.8247897979501506,1.8396745404605577,0.6613372093023255,1.2659541620881787,0.29069767441860467,2.275,0.49,0.49,0.49,0.0,0.33201226156056807
200,26,6,26,heuristic,active,70,0.35,0.2633351593642023,0.17017728573440513,1.8247897979501506,1.8396745404605577,0.42441860465116277,0.6121585040432515,0.20348837209302326,4.171428571428572,0.11428571428571428,0.11428571428571428,0.11428571428571428,0.0,0.5142857142857142
200,26,6,52,MCMC,all,78,0.39,0.2633351593642023,0.17017728573440513,1.8247897979501506,1.8396745404605577,0.45925361766945927,1.1432086653864355,0.0,2.351928,0.76,0.845,0.955,4.362155745216407,0.09430845386987807
200,26,6,52,MCMC,active,78,0.39,0.2633351593642023,0.17017728573440513,1.8247897979501506,1.8396745404605577,0.43069306930693074,0.699844481916978,0.23762376237623764,5.64696923076923,0.41025641025641024,0.6025641025641025,0.8846153846153846,8.571028591782824,0.3351710641460958
200,26,6,52,MLE_plugin,all,78,0.39,0.2633351593642023,0.17017728573440513,1.8247897979501506,1.8396745404605577,0.4424980959634424,1.1209456337141264,0.0,2.2631247500000002,0.745,0.86,0.96,4.3113168221075036,0.07852301240101389
200,26,6,52,MLE_plugin,active,78,0.39,0.2633351593642023,0.17017728573440513,1.8247897979501506,1.8396745404605577,0.41127189642041134,0.6864222649200825,0.17821782178217824,5.400779166666667,0.3717948717948718,0.6410256410256411,0.8974358974358975,8.453096599947141,0.315290019852119
200,26,6,52,heuristic,all,78,0.39,0.2633351593642023,0.17017728573440513,1.8247897979501506,1.8396745404605577,0.6466108149276466,1.3094899818547494,0.15232292460015232,4.245,0.455,0.455,0.455,0.0,0.3620122615605681
200,26,6,52,heuristic,active,78,0.39,0.2633351593642023,0.17017728573440513,1.8247897979501506,1.8396745404605577,0.41431835491241437,0.6685918026191736,0.17821782178217824,6.9743589743589745,0.0641025641025641,0.0641025641025641,0.0641025641025641,0.0,0.47435897435897434
200,26,7,13,MCMC,all,37,0.185,0.15724227430684243,0.17786925073676804,2.239606257480777,2.3563688479252782,0.4411764705882353,1.3933990591717544,0.0,0.33987231249999994,0.925,0.97,0.98,0.8873692633974585,0.04229135334383516
200,26,7,13,MCMC,active,37,0.185,0.15724227430684243,0.17786925073676804,2.239606257480777,2.3563688479252782,0.38235294117647056,0.5858202056442084,0.18137254901960786,1.5283587837837835,0.6756756756756757,0.8378378378378378,0.8918918918918919,2.50989723054013,0.28919342292427874
200,26,7,13,MLE_plugin,all,37,0.185,0.15724227430684243,0.17786925073676804,2.239606257480777,2.3563688479252782,0.43137254901960786,1.3495980292094318,0.0,0.33562409374999996,0.92,0.965,0.98,0.9018060878040342,0.05572938167697672
200,26,7,13,MLE_plugin,active,37,0.185,0.15724227430684243,0.17786925073676804,2.239606257480777,2.3563688479252782,0.37009803921568624,0.5623971989448449,0.18137254901960786,1.4945827702702703,0.6486486486486487,0.8108108108108109,0.8918918918918919,2.500399419336607,0.2736498576324774
200,26,7,13,heuristic,all,37,0.185,0.15724227430684243,0.17786925073676804,2.239606257480777,2.3563688479252782,0.6911764705882353,1.597467719294149,0.0,0.705,0.67,0.67,0.67,0.0,0.255
200,26,7,13,heuristic,active,37,0.185,0.15724227430684243,0.17786925073676804,2.239606257480777,2.3563688479252782,0.3186274509803922,0.4908573970480959,0.18137254901960786,1.7567567567567568,0.32432432432432434,0.32432432432432434,0.32432432432432434,0.0,0.3878953980713473
200,26,7,26,MCMC,all,50,0.25,0.15724227430684243,0.17786925073676804,2.239606257480777,2.3563688479252782,0.505420054200542,1.39678172410316,0.0,0.6578094687500001,0.86,0.94,0.99,1.5365917586775013,0.06618743148733142
200,26,7,26,MCMC,active,50,0.25,0.15724227430684243,0.17786925073676804,2.239606257480777,2.3563688479252782,0.453929539295393,0.6827036457268626,0.2710027100271003,2.3186882499999997,0.5,0.78,0.96,3.792534929743517,0.2595503852514997
200,26,7,26,MLE_plugin,all,50,0.25,0.15724227430684243,0.17786925073676804,2.239606257480777,2.3563688479252782,0.5149051490514905,1.422699701724302,0.0,0.6774164375000001,0.855,0.92,0.995,1.5559142914252178,0.07590903661724457
200,26,7,26,MLE_plugin,active,50,0.25,0.15724227430684243,0.17786925073676804,2.239606257480777,2.3563688479252782,0.45528455284552843,0.6951628909691415,0.2710027100271003,2.3645013749999997,0.5,0.7,0.98,3.730605679603387,0.2330567897401737
200,26,7,26,heuristic,all,50,0.25,0.15724227430684243,0.17786925073676804,2.239606257480777,2.3563688479252782,0.7154471544715447,1.831625501215805,0.0,1.32,0.62,0.62,0.62,0.0,0.255
200,26,7,26,heuristic,active,50,0.25,0.15724227430684243,0.17786925073676804,2.239606257480777,2.3563688479252782,0.41463414634146345,0.7069483718561291,0.13550135501355015,3.06,0.12,0.12,0.12,0.0,0.48507997946457604
200,26,7,52,MCMC,all,53,0.265,0.15724227430684243,0.17786925073676804,2.239606257480777,2.3563688479252782,0.5959183673469388,1.7475977310605646,0.0,1.5558075624999999,0.83,0.91,0.975,2.865450702340502,0.06001980742164609
200,26,7,52,MCMC,active,53,0.265,0.15724227430684243,0.17786925073676804,2.239606257480777,2.3563688479252782,0.5421768707482993,0.8863788952417225,0.28843537414965986,5.300863679245283,0.4339622641509434,0.6792452830188679,0.9056603773584906,6.945413905399238,0.3161429798061748
200,26,7,52,MLE_plugin,all,53,0.265,0.15724227430684243,0.17786925073676804,2.239606257480777,2.3563688479252782,0.5952380952380952,1.7743760550013035,0.0,1.5935305625,0.83,0.895,0.975,2.881149145752226,0.07623839008153971
200,26,7,52,MLE_plugin,active,53,0.265,0.15724227430684243,0.17786925073676804,2.239606257480777,2.3563688479252782,0.5380952380952381,0.8994537654700449,0.28843537414965986,5.3763896226415095,0.4528301886792453,0.6226415094339622,0.9056603773584906,6.784250730697737,0.2895797501544572
200,26,7,52,heuristic,all,53,0.265,0.15724227430684243,0.17786925073676804,2.239606257480777,2.3563688479252782,0.7904761904761904,2.1815426058301814,0.0,2.905,0.6,0.6,0.6,0.0,0.25
200,26,7,52,heuristic,active,53,0.265,0.15724227430684243,0.17786925073676804,2.239606257480777,2.3563688479252782,0.4857142857142857,0.9481333851836319,0.2163265306122449,6.735849056603773,0.07547169811320754,0.07547169811320754,0.07547169811320754,0.0,0.5471698113207547
200,26,8,13,MCMC,all,54,0.27,0.2671621566663952,0.04506100731974245,2.108750191210102,2.303452155667511,0.4584295612009238,1.3522723888265495,0.0,0.70863653125,0.835,0.915,0.975,1.2709734085059643,0.060172551918014905
200,26,8,13,MCMC,active,54,0.27,0.2671621566663952,0.04506100731974245,2.108750191210102,2.303452155667511,0.3660508083140877,0.6019944024983047,0.24942263279445726,2.1110197916666658,0.48148148148148145,0.7222222222222222,0.9074074074074074,3.1606435959614725,0.3292429786785492
200,26,8,13,MLE_plugin,all,54,0.27,0.2671621566663952,0.04506100731974245,2.108750191210102,2.303452155667511,0.46304849884526555,1.427860733916825,0.0,0.7404768749999999,0.82,0.92,0.975,1.2960025530399297,0.04002278923080965
200,26,8,13,MLE_plugin,active,54,0.27,0.2671621566663952,0.04506100731974245,2.108750191210102,2.303452155667511,0.39838337182448036,0.6714301512559715,0.24942263279445726,2.319234837962963,0.42592592592592593,0.7222222222222222,0.9074074074074074,3.3395627653322757,0.3431412282611638
200,26,8,13,heuristic,all,54,0.27,0.2671621566663952,0.04506100731974245,2.108750191210102,2.303452155667511,0.6651270207852193,1.915606591531429,0.0,1.44,0.62,0.62,0.62,0.0,0.25306663077145225
200,26,8,13,heuristic,active,54,0.27,0.2671621566663952,0.04506100731974245,2.108750191210102,2.303452155667511,0.31870669745958424,0.5169909867762853,0.18706697459584296,2.5555555555555554,0.16666666666666666,0.16666666666666666,0.16666666666666666,0.0,0.5185185185185186
200,26,8,26,MCMC,all,66,0.33,0.2671621566663952,0.04506100731974245,2.108750191210102,2.303452155667511,0.4447174447174447,1.290335725356352,0.0,1.300487375,0.815,0.895,0.97,2.3606325368657055,0.034569467351334815
200,26,8,26,MCMC,active,66,0.33,0.2671621566663952,0.04506100731974245,2.108750191210102,2.303452155667511,0.3611793611793611,0.6178176526847725,0.16216216216216214,3.259506818181818,0.48484848484848486,0.7121212121212122,0.9090909090909091,5.214522350391249,0.2748792173356267
200,26,8,26,MLE_plugin,all,66,0.33,0.2671621566663952,0.04506100731974245,2.108750191210102,2.303452155667511,0.457002457002457,1.420128291106726,0.0,1.41361615625,0.8,0.875,0.97,2.3858684601678233,0.0511887033150672
200,26,8,26,MLE_plugin,active,66,0.33,0.2671621566663952,0.04506100731974245,2.108750191210102,2.303452155667511,0.40663390663390664,0.7484960683266266,0.16216216216216214,3.784789109848485,0.4393939393939394,0.6363636363636364,0.9090909090909091,5.4872684223062125,0.3393381517551207
200,26,8,26,heuristic,all,66,0.33,0.2671621566663952,0.04506100731974245,2.108750191210102,2.303452155667511,0.6609336609336609,1.962220678928885,0.0,2.69,0.59,0.59,0.59,0.0,0.25306663077145225
200,26,8,26,heuristic,active,66,0.33,0.2671621566663952,0.04506100731974245,2.108750191210102,2.303452155667511,0.32923832923832924,0.532620104367144,0.16216216216216214,4.0606060606060606,0.13636363636363635,0.13636363636363635,0.13636363636363635,0.0,0.5
200,26,8,52,MCMC,all,76,0.38,0.2671621566663952,0.04506100731974245,2.108750191210102,2.303452155667511,0.41294498381877026,1.2157435085877464,0.0,2.38376746875,0.775,0.865,0.955,4.606204607893652,0.04517549047576375
200,26,8,52,MCMC,active,76,0.38,0.2671621566663952,0.04506100731974245,2.108750191210102,2.303452155667511,0.33333333333333337,0.6154689799919812,0.17216828478964402,5.22891208881579,0.4473684210526316,0.6710526315789473,0.881578947368421,9.257731549444934,0.34841733646768874
200,26,8,52,MLE_plugin,all,76,0.38,0.2671621566663952,0.04506100731974245,2.108750191210102,2.303452155667511,0.5398058252427185,1.7793349973374806,0.0,2.9542476250000003,0.72,0.825,0.93,4.4009167249448105,0.11233649458292683
200,26,8,52,MLE_plugin,active,76,0.38,0.2671621566663952,0.04506100731974245,2.108750191210102,2.303452155667511,0.5016181229773463,1.0647609204918653,0.19676375404530747,7.1463840460526304,0.3026315789473684,0.5526315789473685,0.8157894736842105,9.155768929974547,0.46826273588483736
200,26,8,52,heuristic,all,76,0.38,0.2671621566663952,0.04506100731974245,2.108750191210102,2.303452155667511,0.6537216828478964,2.0212007726441255,0.0,5.05,0.54,0.54,0.54,0.0,0.26806663077145226
200,26,8,52,heuristic,active,76,0.38,0.2671621566663952,0.04506100731974245,2.108750191210102,2.303452155667511,0.3029126213592233,0.5365504503521414,0.1475728155339806,6.157894736842105,0.09210526315789473,0.09210526315789473,0.09210526315789473,0.0,0.5394736842105263
200,26,9,13,MCMC,all,31,0.155,0.1796039184503211,0.15942027588501695,2.468667880928581,2.1169798060497453,0.4720496894409938,1.5565172777815734,0.0,0.28924468749999993,0.875,0.935,0.96,0.6301296436241764,0.06707310659952961
200,26,9,13,MCMC,active,31,0.155,0.1796039184503211,0.15942027588501695,2.468667880928581,2.1169798060497453,0.44720496894409945,0.606918434797819,0.38509316770186336,1.720856451612903,0.22580645161290322,0.5806451612903226,0.7419354838709677,2.243793645044451,0.5947785124712364
200,26,9,13,MLE_plugin,all,31,0.155,0.1796039184503211,0.15942027588501695,2.468667880928581,2.1169798060497453,0.4409937888198757,1.4619381734086734,0.0,0.27537753125000003,0.875,0.94,0.965,0.6354725462969575,0.06606722656528037
200,26,9,13,MLE_plugin,active,31,0.155,0.1796039184503211,0.15942027588501695,2.468667880928581,2.1169798060497453,0.4161490683229814,0.569297945242347,0.38509316770186336,1.6096237903225803,0.22580645161290322,0.6129032258064516,0.7741935483870968,2.2580451489885416,0.5629538939800136
200,26,9,13,heuristic,all,31,0.155,0.1796039184503211,0.15942027588501695,2.468667880928581,2.1169798060497453,0.9813664596273292,2.9000291999822987,0.0,0.79,0.71,0.71,0.71,0.0,0.2023485305740839
200,26,9,13,heuristic,active,31,0.155,0.1796039184503211,0.15942027588501695,2.468667880928581,2.1169798060497453,0.2670807453416149,0.35097289924438924,0.19254658385093168,1.3870967741935485,0.22580645161290322,0.22580645161290322,0.22580645161290322,0.0,0.5806451612903225
200,26,9,26,MCMC,all,42,0.21,0.1796039184503211,0.15942027588501695,2.468667880928581,2.1169798060497453,0.5636645962732919,2.068075825047875,0.0,0.687785875,0.835,0.875,0.935,1.0867575132666234,0.08483528085650127
200,26,9,26,MCMC,active,42,0.21,0.1796039184503211,0.15942027588501695,2.468667880928581,2.1169798060497453,0.5450310559006212,0.9434274537655233,0.2608695652173913,3.1168419642857144,0.23809523809523808,0.40476190476190477,0.6904761904761905,3.2996583111932116,0.573658926664391
200,26,9,26,MLE_plugin,all,42,0.21,0.1796039184503211,0.15942027588501695,2.468667880928581,2.1169798060497453,0.5186335403726707,1.8656817758851665,0.0,0.6496537187499999,0.84,0.88,0.96,1.121607603324975,0.07704485169010253
200,26,9,26,MLE_plugin,active,42,0.21,0.1796039184503211,0.15942027588501695,2.468667880928581,2.1169798060497453,0.5,0.8502116462212455,0.2608695652173913,2.9067,0.2619047619047619,0.42857142857142855,0.8095238095238095,3.3425180806267454,0.5329854324406933
200,26,9,26,heuristic,all,42,0.21,0.1796039184503211,0.15942027588501695,2.468667880928581,2.1169798060497453,1.015527950310559,2.986215001551706,0.0,1.635,0.66,0.66,0.66,0.0,0.2123485305740839
200,26,9,26,heuristic,active,42,0.21,0.1796039184503211,0.15942027588501695,2.468667880928581,2.1169798060497453,0.35093167701863354,0.5351536358735292,0.13043478260869565,2.6904761904761907,0.09523809523809523,0.09523809523809523,0.09523809523809523,0.0,0.6190476190476191
200,26,9,52,MCMC,all,46,0.23,0.1796039184503211,0.15942027588501695,2.468667880928581,2.1169798060497453,0.7290969899665551,3.2279445749080153,0.0,1.48678009375,0.81,0.85,0.95,1.9358592937782704,0.10609451491273492
200,26,9,52,MCMC,active,46,0.23,0.1796039184503211,0.15942027588501695,2.468667880928581,2.1169798060497453,0.717391304347826,1.5468625141772991,0.19230769230769232,6.249445923913043,0.1956521739130435,0.34782608695652173,0.782608695652174,5.631289499984061,0.5966908015475632
200,26,9,52,MLE_plugin,all,46,0.23,0.1796039184503211,0.15942027588501695,2.468667880928581,2.1169798060497453,0.6613712374581939,2.6928010100815465,0.0,1.3738734375000001,0.815,0.845,0.955,1.9820135591421615,0.09563603911174645
200,26,9,52,MLE_plugin,active,46,0.23,0.1796039184503211,0.15942027588501695,2.468667880928581,2.1169798060497453,0.6446488294314381,1.2887298178243671,0.19230769230769232,5.718988722826089,0.21739130434782608,0.32608695652173914,0.8043478260869565,5.758620228767512,0.5706610508032106
200,26,9,52,heuristic,all,46,0.23,0.1796039184503211,0.15942027588501695,2.468667880928581,2.1169798060497453,1.0668896321070234,3.2652830093535576,0.0,3.19,0.64,0.64,0.64,0.0,0.2273485305740839
200,26,9,52,heuristic,active,46,0.23,0.1796039184503211,0.15942027588501695,2.468667880928581,2.1169798060497453,0.35451505016722407,0.6529109975903118,0.15384615384615385,4.608695652173913,0.06521739130434782,0.06521739130434782,0.06521739130434782,0.0,0.5869565217391304
200,26,10,13,MCMC,all,44,0.22,0.17462057781071091,0.13773875951594258,2.1628819000594515,2.1681731851073005,0.3761609907120743,1.1610939066624877,0.0,0.45634071875,0.915,0.96,0.99,1.1303126488861848,0.06513388718545399
200,26,10,13,MCMC,active,44,0.22,0.17462057781071091,0.13773875951594258,2.1628819000594515,2.1681731851073005,0.34520123839009287,0.5328586215281305,0.2724458204334365,1.8536680397727272,0.6818181818181818,0.8181818181818182,0.9545454545454546,3.3173126843183196,0.24504711738003215
200,26,10,13,MLE_plugin,all,44,0.22,0.17462057781071091,0.13773875951594258,2.1628819000594515,2.1681731851073005,0.3792569659442725,1.1182000810128916,0.0,0.4560176875,0.91,0.955,0.985,1.1400636756333564,0.06076305459976353
200,26,10,13,MLE_plugin,active,44,0.22,0.17462057781071091,0.13773875951594258,2.1628819000594515,2.1681731851073005,0.3390092879256966,0.510216342540966,0.2724458204334365,1.8377765625000002,0.6818181818181818,0.8181818181818182,0.9318181818181818,3.3068195296151264,0.20689663237694528
200,26,10,13,heuristic,all,44,0.22,0.17462057781071091,0.13773875951594258,2.1628819000594515,2.1681731851073005,0.5541795665634675,1.5670651064821999,0.0,0.895,0.665,0.665,0.665,0.0,0.24
200,26,10,13,heuristic,active,44,0.22,0.17462057781071091,0.13773875951594258,2.1628819000594515,2.1681731851073005,0.28792569659442724,0.44946054350364106,0.2043343653250774,2.1136363636363638,0.22727272727272727,0.22727272727272727,0.22727272727272727,0.0,0.40909090909090906
200,26,10,26,MCMC,all,53,0.265,0.17462057781071091,0.13773875951594258,2.1628819000594515,2.1681731851073005,0.3601694915254237,0.9837081379457677,0.0,0.798499,0.88,0.945,0.99,2.036615370170877,0.07419471902454058
200,26,10,26,MCMC,active,53,0.265,0.17462057781071091,0.13773875951594258,2.1628819000594515,2.1681731851073005,0.3228813559322034,0.4917511170913453,0.17966101694915254,2.6980497641509436,0.6037735849056604,0.8113207547169812,0.9622641509433962,5.412319577465735,0.24792550320114926
200,26,10,26,MLE_plugin,all,53,0.265,0.17462057781071091,0.13773875951594258,2.1628819000594515,2.1681731851073005,0.3389830508474576,0.9100605938073761,0.0,0.7834364375,0.88,0.94,0.985,2.03891929565214,0.062336975212022694
200,26,10,26,MLE_plugin,active,53,0.265,0.17462057781071091,0.13773875951594258,2.1628819000594515,2.1681731851073005,0.3,0.4494067077477673,0.17966101694915254,2.616725117924528,0.6037735849056604,0.7924528301886793,0.9433962264150944,5.3448905087886045,0.19344816174646412
200,26,10,26,heuristic,all,53,0.265,0.17462057781071091,0.13773875951594258,2.1628819000594515,2.1681731851073005,0.5559322033898304,1.6132886826157005,0.0,1.64,0.635,0.635,0.635,0.0,0.265
200,26,10,26,heuristic,active,53,0.265,0.17462057781071091,0.13773875951594258,2.1628819000594515,2.1681731851073005,0.2983050847457627,0.43799706035304464,0.17966101694915254,3.3207547169811322,0.1509433962264151,0.1509433962264151,0.1509433962264151,0.0,0.4716981132075472
200,26,10,52,MCMC,all,61,0.305,0.17462057781071091,0.13773875951594258,2.1628819000594515,2.1681731851073005,0.4559082892416226,1.263333313512961,0.0,1.88731346875,0.81,0.89,0.98,3.9053875128956035,0.06986825450263234
200,26,10,52,MCMC,active,61,0.305,0.17462057781071091,0.13773875951594258,2.1628819000594515,2.1681731851073005,0.4215167548500882,0.6863542921272404,0.2689594356261023,5.692164036885246,0.4262295081967213,0.6721311475409836,0.9344262295081968,9.488171457749809,0.3101105957283016
200,26,10,52,MLE_plugin,all,61,0.305,0.17462057781071091,0.13773875951594258,2.1628819000594515,2.1681731851073005,0.4545855379188713,1.20186918883723,0.0,1.8726452187500002,0.775,0.905,0.98,3.8938896396225937,0.05054193317087763
200,26,10,52,MLE_plugin,active,61,0.305,0.17462057781071091,0.13773875951594258,2.1628819000594515,2.1681731851073005,0.4131393298059965,0.6485360091577067,0.21516754850088185,5.5831950819672125,0.32786885245901637,0.7213114754098361,0.9344262295081968,9.30042808682332,0.30129984039252633
200,26,10,52,heuristic,all,61,0.305,0.17462057781071091,0.13773875951594258,2.1628819000594515,2.1681731851073005,0.6684303350970018,1.8461320922806255,0.0,3.79,0.57,0.57,0.57,0.0,0.265
200,26,10,52,heuristic,active,61,0.305,0.17462057781071091,0.13773875951594258,2.1628819000594515,2.1681731851073005,0.3994708994708995,0.6473005531842384,0.21516754850088185,7.426229508196721,0.01639344262295082,0.01639344262295082,0.01639344262295082,0.0,0.5245901639344263
200,26,11,13,MCMC,all,40,0.2,0.14765337374672083,0.18087010833126582,1.9399581252243867,2.3918088850474426,0.6342105263157896,1.8220715129593432,0.0,0.4321753124999999,0.87,0.91,0.98,0.864578569720459,0.054109145932574834
200,26,11,13,MCMC,active,40,0.2,0.14765337374672083,0.18087010833126582,1.9399581252243867,2.3918088850474426,0.5289473684210527,0.7614318047939688,0.21052631578947367,1.7906445312500001,0.4,0.575,0.9,2.1898521871334955,0.3871610316022164
200,26,11,13,MLE_plugin,all,40,0.2,0.14765337374672083,0.18087010833126582,1.9399581252243867,2.3918088850474426,0.618421052631579,1.7123472089470992,0.0,0.43208315625,0.86,0.925,0.985,0.870979162352204,0.05432807946832254
200,26,11,13,MLE_plugin,active,40,0.2,0.14765337374672083,0.18087010833126582,1.9399581252243867,2.3918088850474426,0.4921052631578947,0.6976414559843999,0.3157894736842105,1.69591390625,0.425,0.65,0.925,2.1380834630625243,0.3492239919114757
200,26,11,13,heuristic,all,40,0.2,0.14765337374672083,0.18087010833126582,1.9399581252243867,2.3918088850474426,0.731578947368421,1.6858544608470492,0.0,0.695,0.665,0.665,0.665,0.0,0.22315629948331608
200,26,11,13,heuristic,active,40,0.2,0.14765337374672083,0.18087010833126582,1.9399581252243867,2.3918088850474426,0.37894736842105264,0.5688107825728966,0.21052631578947367,1.8,0.25,0.25,0.25,0.0,0.575
200,26,11,26,MCMC,all,53,0.265,0.14765337374672083,0.18087010833126582,1.9399581252243867,2.3918088850474426,0.6606145251396649,1.8479084005324853,0.0,0.8265270312499999,0.825,0.89,0.97,1.4922930315651926,0.08885099814569641
200,26,11,26,MCMC,active,53,0.265,0.14765337374672083,0.18087010833126582,1.9399581252243867,2.3918088850474426,0.5712290502793297,0.891115083936175,0.29608938547486036,2.7034398584905657,0.37735849056603776,0.6037735849056604,0.8867924528301887,3.4241426798938854,0.4111688244508213
200,26,11,26,MLE_plugin,all,53,0.265,0.14765337374672083,0.18087010833126582,1.9399581252243867,2.3918088850474426,0.6215083798882681,1.7085978208839963,0.0,0.7929752187499999,0.82,0.89,0.985,1.5119574967466067,0.05721487294266564
200,26,11,26,MLE_plugin,active,53,0.265,0.14765337374672083,0.18087010833126582,1.9399581252243867,2.3918088850474426,0.5083798882681565,0.7958173601693139,0.29608938547486036,2.4274193396226407,0.41509433962264153,0.6226415094339622,0.9433962264150944,3.3080757568400636,0.34383080146432177
200,26,11,26,heuristic,all,53,0.265,0.14765337374672083,0.18087010833126582,1.9399581252243867,2.3918088850474426,0.7039106145251397,1.817145918133027,0.0,1.26,0.61,0.61,0.61,0.0,0.24815629948331608
200,26,11,26,heuristic,active,53,0.265,0.14765337374672083,0.18087010833126582,1.9399581252243867,2.3918088850474426,0.4245810055865922,0.7471740712343719,0.29608938547486036,2.8679245283018866,0.05660377358490566,0.05660377358490566,0.05660377358490566,0.0,0.5471698113207547
200,26,11,52,MCMC,all,56,0.28,0.14765337374672083,0.18087010833126582,1.9399581252243867,2.3918088850474426,0.6866359447004609,1.9946223250620914,0.0,1.5236806875000002,0.805,0.89,0.98,2.723464515943816,0.09242191141793288
200,26,11,52,MCMC,active,56,0.28,0.14765337374672083,0.18087010833126582,1.9399581252243867,2.3918088850474426,0.6036866359447005,0.9983220979299062,0.34408602150537637,4.789989174107142,0.3392857142857143,0.625,0.9285714285714286,6.229089902347297,0.4377870894355545
200,26,11,52,MLE_plugin,all,56,0.28,0.14765337374672083,0.18087010833126582,1.9399581252243867,2.3918088850474426,0.6251920122887865,1.8887139235323749,0.0,1.43454809375,0.805,0.9,0.985,2.7902544764749506,0.052675315495770626
200,26,11,52,MLE_plugin,active,56,0.28,0.14765337374672083,0.18087010833126582,1.9399581252243867,2.3918088850474426,0.5069124423963134,0.9112365122384399,0.34408602150537637,4.168370982142856,0.39285714285714285,0.6785714285714286,0.9464285714285714,6.159511297483505,0.33379652836866475
200,26,11,52,heuristic,all,56,0.28,0.14765337374672083,0.18087010833126582,1.9399581252243867,2.3918088850474426,0.708141321044547,2.053206716464198,0.0,2.305,0.61,0.61,0.61,0.0,0.24815629948331608
200,26,11,52,heuristic,active,56,0.28,0.14765337374672083,0.18087010833126582,1.9399581252243867,2.3918088850474426,0.4208909370199693,0.8951434151262336,0.25806451612903225,4.892857142857143,0.05357142857142857,0.05357142857142857,0.05357142857142857,0.0,0.5178571428571428
200,26,12,13,MCMC,all,26,0.13,0.0431926153249159,0.1313556186221222,2.296605015431405,2.3215626784641934,0.7796610169491526,2.3969721396154156,0.0,0.16984728125,0.92,0.945,0.98,0.48388727844728163,0.04749552683120717
200,26,12,13,MCMC,active,26,0.13,0.0431926153249159,0.1313556186221222,2.296605015431405,2.3215626784641934,0.6779661016949153,0.8198906184710391,0.4406779661016949,1.1038915865384615,0.46153846153846156,0.5769230769230769,0.8461538461538461,1.193357040977463,0.43246090539123466
200,26,12,13,MLE_plugin,all,26,0.13,0.0431926153249159,0.1313556186221222,2.296605015431405,2.3215626784641934,0.8135593220338984,2.3969721396154156,0.0,0.16471615625,0.925,0.95,0.99,0.48162723489366455,0.0495354855584188
200,26,12,13,MLE_plugin,active,26,0.13,0.0431926153249159,0.1313556186221222,2.296605015431405,2.3215626784641934,0.6779661016949153,0.8107295419051795,0.4406779661016949,1.0489507211538462,0.46153846153846156,0.6153846153846154,0.9230769230769231,1.22574417825742,0.4286076810408741
200,26,12,13,heuristic,all,26,0.13,0.0431926153249159,0.1313556186221222,2.296605015431405,2.3215626784641934,1.1016949152542375,2.6583707019251057,0.0,0.325,0.77,0.77,0.77,0.0,0.17325980406074798
200,26,12,13,heuristic,active,26,0.13,0.0431926153249159,0.1313556186221222,2.296605015431405,2.3215626784641934,0.5423728813559322,0.7230755595831031,0.4406779661016949,1.2307692307692308,0.2692307692307692,0.2692307692307692,0.2692307692307692,0.0,0.5
200,26,12,26,MCMC,all,36,0.18,0.0431926153249159,0.1313556186221222,2.296605015431405,2.3215626784641934,0.7706422018348623,2.254716647237524,0.0,0.32469693749999995,0.885,0.91,0.975,0.8065918282135439,0.04429182861681835
200,26,12,26,MCMC,active,36,0.18,0.0431926153249159,0.1313556186221222,2.296605015431405,2.3215626784641934,0.6788990825688073,0.9210936071934777,0.4954128440366973,1.5611043402777778,0.3888888888888889,0.5,0.8611111111111112,1.7322710178539036,0.44046822071271396
200,26,12,26,MLE_plugin,all,36,0.18,0.0431926153249159,0.1313556186221222,2.296605015431405,2.3215626784641934,0.7706422018348623,2.254716647237524,0.0,0.32546781249999995,0.88,0.915,0.975,0.809542416949371,0.050287956193957595
200,26,12,26,MLE_plugin,active,36,0.18,0.0431926153249159,0.1313556186221222,2.296605015431405,2.3215626784641934,0.6513761467889909,0.8994569525707262,0.4954128440366973,1.5247925347222222,0.3611111111111111,0.5277777777777778,0.8611111111111112,1.7759766670511816,0.4305672172907973
200,26,12,26,heuristic,all,36,0.18,0.0431926153249159,0.1313556186221222,2.296605015431405,2.3215626784641934,1.091743119266055,2.63671703911925,0.0,0.595,0.72,0.72,0.72,0.0,0.17825980406074798
200,26,12,26,heuristic,active,36,0.18,0.0431926153249159,0.1313556186221222,2.296605015431405,2.3215626784641934,0.6880733944954129,0.9227369512425804,0.3302752293577982,2.0833333333333335,0.08333333333333333,0.08333333333333333,0.08333333333333333,0.0,0.6111111111111112
200,26,12,52,MCMC,all,43,0.215,0.0431926153249159,0.1313556186221222,2.296605015431405,2.3215626784641934,0.7488262910798122,2.2935125235820157,0.0,0.6263901562499999,0.855,0.89,0.975,1.4064264989444981,0.05008945540786236
200,26,12,52,MCMC,active,43,0.215,0.0431926153249159,0.1313556186221222,2.296605015431405,2.3215626784641934,0.6643192488262911,1.0179216874127053,0.40375586854460094,2.6023662790697673,0.37209302325581395,0.4883720930232558,0.8837209302325582,2.94195121998302,0.4433948260788328
200,26,12,52,MLE_plugin,all,43,0.215,0.0431926153249159,0.1313556186221222,2.296605015431405,2.3215626784641934,0.7605633802816902,2.2338736626047546,0.0,0.6181394375,0.85,0.895,0.975,1.4010385346855079,0.06501621297883009
200,26,12,52,MLE_plugin,active,43,0.215,0.0431926153249159,0.1313556186221222,2.296605015431405,2.3215626784641934,0.6619718309859155,0.9779129728860018,0.40375586854460094,2.5049151162790695,0.3488372093023256,0.5116279069767442,0.8837209302325582,2.95848148284949,0.4212558406027368
200,26,12,52,heuristic,all,43,0.215,0.0431926153249159,0.1313556186221222,2.296605015431405,2.3215626784641934,1.0610328638497653,2.6986118052957586,0.0,1.13,0.705,0.705,0.705,0.0,0.18825980406074797
200,26,12,52,heuristic,active,43,0.215,0.0431926153249159,0.1313556186221222,2.296605015431405,2.3215626784641934,0.6995305164319249,1.0408250584136516,0.40375586854460094,3.4651162790697674,0.046511627906976744,0.046511627906976744,0.046511627906976744,0.0,0.5348837209302326
200,26,13,13,MCMC,all,38,0.19,0.25301500028743423,0.1839887900846433,2.1928639655617257,1.8927007635948363,0.3873517786561265,1.1102428383547938,0.0,0.3766766875,0.91,0.97,0.99,1.0403214469735422,0.09951537630267104
200,26,13,13,MCMC,active,38,0.19,0.25301500028743423,0.1839887900846433,2.1928639655617257,1.8927007635948363,0.3043478260869565,0.4449581811451725,0.30039525691699603,1.585351644736842,0.6578947368421053,0.868421052631579,0.9473684210526315,3.4630415829185286,0.17036387035716416
200,26,13,13,MLE_plugin,all,38,0.19,0.25301500028743423,0.1839887900846433,2.1928639655617257,1.8927007635948363,0.4169960474308301,1.170187457951578,0.0,0.38636728124999997,0.915,0.965,0.99,1.042017407512312,0.10951537630267105
200,26,13,13,MLE_plugin,active,38,0.19,0.25301500028743423,0.1839887900846433,2.1928639655617257,1.8927007635948363,0.3181818181818182,0.4682001291140073,0.22529644268774704,1.5799616776315786,0.6842105263157895,0.868421052631579,0.9473684210526315,3.4020222258155135,0.14073123203316185
200,26,13,13,heuristic,all,38,0.19,0.25301500028743423,0.1839887900846433,2.1928639655617257,1.8927007635948363,0.8142292490118578,1.8922860400926205,0.0,1.03,0.63,0.63,0.63,0.0,0.30783793799225007
200,26,13,13,heuristic,active,38,0.19,0.25301500028743423,0.1839887900846433,2.1928639655617257,1.8927007635948363,0.36363636363636365,0.5327031016231287,0.15019762845849802,2.4210526315789473,0.10526315789473684,0.10526315789473684,0.10526315789473684,0.0,0.5479452083862821
200,26,13,26,MCMC,all,46,0.23,0.25301500028743423,0.1839887900846433,2.1928639655617257,1.8927007635948363,0.41699218749999994,1.2215231620600646,0.0,0.7827166249999999,0.895,0.95,0.985,1.90067960677423,0.09091583735045994
200,26,13,26,MCMC,active,46,0.23,0.25301500028743423,0.1839887900846433,2.1928639655617257,1.8927007635948363,0.3681640625,0.5636872372083669,0.1796875,2.993219972826087,0.6086956521739131,0.8260869565217391,0.9347826086956522,5.957788188583651,0.20207786196802313
200,26,13,26,MLE_plugin,all,46,0.23,0.25301500028743423,0.1839887900846433,2.1928639655617257,1.8927007635948363,0.40917968750000006,1.245949859443025,0.0,0.798600375,0.89,0.94,0.99,1.8832114765147676,0.09794132597720756
200,26,13,26,MLE_plugin,active,46,0.23,0.25301500028743423,0.1839887900846433,2.1928639655617257,1.8927007635948363,0.3486328125,0.5718772012636938,0.1796875,2.9961523097826084,0.6086956521739131,0.782608695652174,0.9565217391304348,5.712778206110977,0.13941033182969925
200,26,13,26,heuristic,all,46,0.23,0.25301500028743423,0.1839887900846433,2.1928639655617257,1.8927007635948363,0.7832031249999999,1.9622832160322512,0.0,2.005,0.635,0.635,0.635,0.0,0.29783793799225006
200,26,13,26,heuristic,active,46,0.23,0.25301500028743423,0.1839887900846433,2.1928639655617257,1.8927007635948363,0.41210937500000006,0.6866616426055713,0.1796875,4.586956521739131,0.15217391304347827,0.15217391304347827,0.15217391304347827,0.0,0.5217391304347826
200,26,13,52,MCMC,all,50,0.25,0.25301500028743423,0.1839887900846433,2.1928639655617257,1.8927007635948363,0.46311066799601197,1.4633802771834743,0.0,1.6798404999999996,0.87,0.925,0.98,3.67030381579763,0.07480304039989871
200,26,13,52,MCMC,active,50,0.25,0.25301500028743423,0.1839887900846433,2.1928639655617257,1.8927007635948363,0.4277168494516451,0.7183136565417445,0.1744765702891326,6.156048000000001,0.54,0.74,0.92,11.277723972682441,0.1901628229681665
200,26,13,52,MLE_plugin,all,50,0.25,0.25301500028743423,0.1839887900846433,2.1928639655617257,1.8927007635948363,0.4541375872382851,1.4587539442664392,0.0,1.6404148125,0.87,0.93,0.98,3.6172261233075096,0.10574884948698487
200,26,13,52,MLE_plugin,active,50,0.25,0.25301500028743423,0.1839887900846433,2.1928639655617257,1.8927007635948363,0.4067796610169492,0.7128962753540122,0.19940179461615157,5.8718175,0.58,0.76,0.92,10.71539236668529,0.1192711660725423
200,26,13,52,heuristic,all,50,0.25,0.25301500028743423,0.1839887900846433,2.1928639655617257,1.8927007635948363,0.8205383848454637,2.1754452497668813,0.0,4.115,0.6,0.6,0.6,0.0,0.31283793799225007
200,26,13,52,heuristic,active,50,0.25,0.25301500028743423,0.1839887900846433,2.1928639655617257,1.8927007635948363,0.45962113659022935,0.8507063412332148,0.19940179461615157,9.22,0.04,0.04,0.04,0.0,0.58
200,26,14,13,MCMC,all,12,0.06,0.025213412922682917,0.16838311931438477,1.8979940702130071,2.0845868983836984,0.9047619047619048,4.902681019517619,0.0,0.08866021875000002,0.95,0.965,0.985,0.30022073053901716,0.10080036253499097
200,26,14,13,MLE_plugin,all,12,0.06,0.025213412922682917,0.16838311931438477,1.8979940702130071,2.0845868983836984,0.9523809523809524,4.856209060564558,0.0,0.09211171875,0.955,0.965,0.975,0.3211314788158286,0.08703709250122343
200,26,14,13,heuristic,all,12,0.06,0.025213412922682917,0.16838311931438477,1.8979940702130071,2.0845868983836984,1.7142857142857142,5.128728387747147,0.0,0.18,0.86,0.86,0.86,0.0,0.105
200,26,14,26,MCMC,all,20,0.1,0.025213412922682917,0.16838311931438477,1.8979940702130071,2.0845868983836984,1.0526315789473684,3.9385867229199385,0.0,0.15326678124999998,0.915,0.94,0.99,0.457754294610679,0.09580036253499097
200,26,14,26,MCMC,active,20,0.1,0.025213412922682917,0.16838311931438477,1.8979940702130071,2.0845868983836984,0.9736842105263159,1.2286965820977636,0.5263157894736842,1.3512803125,0.15,0.4,0.9,0.8314845080222251,0.7438935950219268
200,26,14,26,MLE_plugin,all,20,0.1,0.025213412922682917,0.16838311931438477,1.8979940702130071,2.0845868983836984,1.131578947368421,3.5501940955873796,0.0,0.15610393749999996,0.93,0.96,0.985,0.5190987266805027,0.07586174824515707
200,26,14,26,MLE_plugin,active,20,0.1,0.025213412922682917,0.16838311931438477,1.8979940702130071,2.0845868983836984,0.7894736842105263,1.0123886348248077,0.5263157894736842,1.1219753125,0.4,0.6,0.85,0.9855209726781962,0.599020794766847
200,26,14,26,heuristic,all,20,0.1,0.025213412922682917,0.16838311931438477,1.8979940702130071,2.0845868983836984,1.4473684210526316,4.573196630784938,0.0,0.275,0.86,0.86,0.86,0.0,0.09080961544180521
200,26,14,26,heuristic,active,20,0.1,0.025213412922682917,0.16838311931438477,1.8979940702130071,2.0845868983836984,0.5526315789473685,0.9039770545956668,0.5263157894736842,1.05,0.35,0.35,0.35,0.0,0.5964392536976255
200,26,14,52,MCMC,all,31,0.155,0.025213412922682917,0.16838311931438477,1.8979940702130071,2.0845868983836984,0.9655172413793103,3.6056062393926718,0.0,0.35195468750000003,0.87,0.89,0.97,0.6984090757822529,0.11297979917503753
200,26,14,52,MCMC,active,31,0.155,0.025213412922682917,0.16838311931438477,1.8979940702130071,2.0845868983836984,0.954022988505747,1.418085251836813,0.3563218390804597,2.127780443548387,0.16129032258064516,0.2903225806451613,0.8064516129032258,1.241816802935134,0.7135570551040954
200,26,14,52,MLE_plugin,all,31,0.155,0.025213412922682917,0.16838311931438477,1.8979940702130071,2.0845868983836984,1.0229885057471264,3.2632343831214694,0.0,0.34344078124999994,0.865,0.92,0.97,0.8596759934689275,0.06661975606795839
200,26,14,52,MLE_plugin,active,31,0.155,0.025213412922682917,0.16838311931438477,1.8979940702130071,2.0845868983836984,0.8275862068965517,1.2243402779176993,0.3563218390804597,1.750636491935484,0.2903225806451613,0.4838709677419355,0.8064516129032258,1.5274562865864338,0.47281621749186986
200,26,14,52,heuristic,all,31,0.155,0.025213412922682917,0.16838311931438477,1.8979940702130071,2.0845868983836984,1.32183908045977,3.9982820990634678,0.0,0.575,0.8,0.8,0.8,0.0,0.13580961544180525
200,26,14,52,heuristic,active,31,0.155,0.025213412922682917,0.16838311931438477,1.8979940702130071,2.0845868983836984,0.7701149425287356,1.1852464257309614,0.3563218390804597,2.161290322580645,0.06451612903225806,0.06451612903225806,0.06451612903225806,0.0,0.6451612903225806
300,39,0,13,MCMC,all,31,0.10333333333333333,0.022500937221537214,0.06839974190447784,2.132970075316721,2.10564285563182,0.8392857142857143,3.0146326814525235,0.0,0.11760293749999998,0.9433333333333334,0.9766666666666667,0.9833333333333333,0.38354536287702207,0.03255376838988963
300,39,0,13,MCMC,active,31,0.10333333333333333,0.022500937221537214,0.06839974190447784,2.132970075316721,2.10564285563182,0.75,0.9432223318745898,0.5535714285714286,0.9419153225806451,0.45161290322580644,0.7741935483870968,0.8387096774193549,1.0218651868203086,0.3893624648726639
300,39,0,13,MLE_plugin,all,31,0.10333333333333333,0.022500937221537214,0.06839974190447784,2.132970075316721,2.10564285563182,0.8839285714285714,3.050123366524772,0.0,0.12337910416666664,0.9533333333333334,0.9733333333333334,0.9866666666666667,0.3801348545187397,0.042461930237739864
300,39,0,13,MLE_plugin,active,31,0.10333333333333333,0.022500937221537214,0.06839974190447784,2.132970075316721,2.10564285563182,0.7321428571428571,0.9379675704763498,0.5535714285714286,0.9157080645161289,0.5483870967741935,0.7419354838709677,0.8709677419354839,1.0153938787953902,0.35610086116340883
300,39,0,13,heuristic,all,31,0.10333333333333333,0.022500937221537214,0.06839974190447784,2.132970075316721,2.10564285563182,0.9642857142857142,2.8007834180996647,0.0,0.18,0.86,0.86,0.86,0.0,0.0946282317114642
300,39,0,13,heuristic,active,31,0.10333333333333333,0.022500937221537214,0.06839974190447784,2.132970075316721,2.10564285563182,0.5714285714285714,0.7306168766242422,0.5535714285714286,1.032258064516129,0.25806451612903225,0.25806451612903225,0.25806451612903225,0.0,0.5572203917099569
300,39,0,26,MCMC,all,56,0.18666666666666668,0.022500937221537214,0.06839974190447784,2.132970075316721,2.10564285563182,0.7518248175182481,2.0366140771246286,0.0,0.26177612499999997,0.8666666666666667,0.9266666666666666,0.99,0.6083909487251398,0.07019950612353443
300,39,0,26,MCMC,active,56,0.18666666666666668,0.022500937221537214,0.06839974190447784,2.132970075316721,2.10564285563182,0.7116788321167883,0.8675390525343659,0.4087591240875912,1.2679960937499999,0.30357142857142855,0.6071428571428571,0.9464285714285714,1.3298689595093764,0.5070371193635147
300,39,0,26,MLE_plugin,all,56,0.18666666666666668,0.022500937221537214,0.06839974190447784,2.132970075316721,2.10564285563182,0.8175182481751825,2.0385751888713783,0.0,0.26426477083333333,0.8633333333333333,0.93,0.98,0.6112383260519728,0.05516781808799598
300,39,0,26,MLE_plugin,active,56,0.18666666666666668,0.022500937221537214,0.06839974190447784,2.132970075316721,2.10564285563182,0.6788321167883211,0.8337798721923291,0.4087591240875912,1.2048011160714285,0.32142857142857145,0.625,0.8928571428571429,1.3289178619689825,0.47257288392593627
300,39,0,26,heuristic,all,56,0.18666666666666668,0.022500937221537214,0.06839974190447784,2.132970075316721,2.10564285563182,0.8759124087591241,1.900615557122852,0.0,0.4,0.74,0.74,0.74,0.0,0.15796156504479753
300,39,0,26,heuristic,active,56,0.18666666666666668,0.022500937221537214,0.06839974190447784,2.132970075316721,2.10564285563182,0.5620437956204379,0.6756459249872195,0.4087591240875912,1.375,0.16071428571428573,0.16071428571428573,0.16071428571428573,0.0,0.5892857142857143
300,39,0,52,MCMC,all,66,0.22,0.022500937221537214,0.06839974190447784,2.132970075316721,2.10564285563182,0.7105263157894736,1.8897604117821196,0.0,0.4357233333333333,0.8533333333333334,0.91,0.9866666666666667,1.023007530750285,0.06523982176262855
300,39,0,52,MCMC,active,66,0.22,0.022500937221537214,0.06839974190447784,2.132970075316721,2.10564285563182,0.6538461538461539,0.8753229313960288,0.5344129554655871,1.8023139204545453,0.3333333333333333,0.5909090909090909,0.9393939393939394,2.116314629784359,0.49245574165805395
300,39,0,52,MLE_plugin,all,66,0.22,0.022500937221537214,0.06839974190447784,2.132970075316721,2.10564285563182,0.7267206477732794,1.824896259269237,0.0,0.4376055208333333,0.8533333333333334,0.9066666666666666,0.9833333333333333,1.0405205391414625,0.05549512461702244
300,39,0,52,MLE_plugin,active,66,0.22,0.022500937221537214,0.06839974190447784,2.132970075316721,2.10564285563182,0.6214574898785425,0.8198005689434917,0.5344129554655871,1.6660574810606061,0.4090909090909091,0.5757575757575758,0.9242424242424242,2.0920651857279347,0.41292129923059995
300,39,0,52,heuristic,all,66,0.22,0.022500937221537214,0.06839974190447784,2.132970075316721,2.10564285563182,0.8259109311740891,1.8339678790131373,0.0,0.68,0.7033333333333334,0.7033333333333334,0.7033333333333334,0.0,0.1746282317114642
300,39,0,52,heuristic,active,66,0.22,0.022500937221537214,0.06839974190447784,2.132970075316721,2.10564285563182,0.5587044534412956,0.7280698627583474,0.26720647773279355,2.090909090909091,0.07575757575757576,0.07575757575757576,0.07575757575757576,0.0,0.5909090909090908
300,39,1,13,MCMC,all,88,0.29333333333333333,0.1326579218147022,0.07967634582779093,1.9803037027969697,2.458789347363787,0.49570200573065903,1.121878048736498,0.0,0.4130652291666666,0.85,0.9266666666666666,0.9866666666666667,0.863497064227023,0.03795691282959479
300,39,1,13,MCMC,active,88,0.29333333333333333,0.1326579218147022,0.07967634582779093,1.9803037027969697,2.458789347363787,0.4369627507163324,0.5896594735603633,0.2521489971346705,1.2394387784090908,0.5227272727272727,0.7613636363636364,0.9545454545454546,1.9222361762493982,0.25362967575912226
300,39,1,13,MLE_plugin,all,88,0.29333333333333333,0.1326579218147022,0.07967634582779093,1.9803037027969697,2.458789347363787,0.4842406876790831,1.0929645342556247,0.0,0.4063110208333333,0.8566666666666667,0.93,0.99,0.8549045810679587,0.037045220424795855
300,39,1,13,MLE_plugin,active,88,0.29333333333333333,0.1326579218147022,0.07967634582779093,1.9803037027969697,2.458789347363787,0.4240687679083095,0.5739820756698643,0.2521489971346705,1.2200465198863635,0.5454545454545454,0.7727272727272727,0.9659090909090909,1.9180920208964058,0.25600803100173863
300,39,1,13,heuristic,all,88,0.29333333333333333,0.1326579218147022,0.07967634582779093,1.9803037027969697,2.458789347363787,0.5787965616045845,1.2397310975807414,0.0,0.6733333333333333,0.6733333333333333,0.6733333333333333,0.6733333333333333,0.0,0.18
300,39,1,13,heuristic,active,88,0.29333333333333333,0.1326579218147022,0.07967634582779093,1.9803037027969697,2.458789347363787,0.4068767908309455,0.563822298051523,0.2521489971346705,1.6136363636363635,0.26136363636363635,0.26136363636363635,0.26136363636363635,0.0,0.48863636363636365
300,39,1,26,MCMC,all,103,0.3433333333333333,0.1326579218147022,0.07967634582779093,1.9803037027969697,2.458789347363787,0.38017118402282457,0.8385360142816528,0.0,0.6305625416666666,0.8333333333333334,0.92,0.99,1.4295074258480773,0.0350066371115999
300,39,1,26,MCMC,active,103,0.3433333333333333,0.1326579218147022,0.07967634582779093,1.9803037027969697,2.458789347363787,0.3352353780313837,0.47035927599955624,0.22039942938659057,1.6045700849514561,0.5825242718446602,0.7864077669902912,0.9805825242718447,2.9707837054813133,0.25888528259727484
300,39,1,26,MLE_plugin,all,103,0.3433333333333333,0.1326579218147022,0.07967634582779093,1.9803037027969697,2.458789347363787,0.36947218259629105,0.8259739971020879,0.0,0.6237698749999999,0.8266666666666667,0.9266666666666666,0.99,1.413276288416982,0.03751760578122476
300,39,1,26,MLE_plugin,active,103,0.3433333333333333,0.1326579218147022,0.07967634582779093,1.9803037027969697,2.458789347363787,0.3338088445078459,0.46700511428991975,0.29386590584878747,1.5913868325242717,0.5728155339805825,0.8058252427184466,0.9805825242718447,2.942090211506732,0.24508959982202172
300,39,1,26,heuristic,all,103,0.3433333333333333,0.1326579218147022,0.07967634582779093,1.9803037027969697,2.458789347363787,0.4736091298145507,0.9821349202886451,0.0,1.1066666666666667,0.5666666666666667,0.5666666666666667,0.5666666666666667,0.0,0.26
300,39,1,26,heuristic,active,103,0.3433333333333333,0.1326579218147022,0.07967634582779093,1.9803037027969697,2.458789347363787,0.29529243937232524,0.4158412509885423,0.14693295292439373,2.0097087378640777,0.17475728155339806,0.17475728155339806,0.17475728155339806,0.0,0.49514563106796117
300,39,1,52,MCMC,all,121,0.4033333333333333,0.1326579218147022,0.07967634582779093,1.9803037027969697,2.458789347363787,0.3411067193675889,0.7126801174029219,0.0,1.0498879791666664,0.8,0.94,0.9833333333333333,2.5467023244365614,0.04745173156483373
300,39,1,52,MCMC,active,121,0.4033333333333333,0.1326579218147022,0.07967634582779093,1.9803037027969697,2.458789347363787,0.3019762845849802,0.4256430695833188,0.19130434782608693,2.301196384297521,0.5537190082644629,0.8677685950413223,0.9752066115702479,4.8843892808846014,0.18302519991310146
300,39,1,52,MLE_plugin,all,121,0.4033333333333333,0.1326579218147022,0.07967634582779093,1.9803037027969697,2.458789347363787,0.3430830039525692,0.729096356013439,0.0,1.0501782291666666,0.8,0.91,0.99,2.5186827093941377,0.04965037094948754
300,39,1,52,MLE_plugin,active,121,0.4033333333333333,0.1326579218147022,0.07967634582779093,1.9803037027969697,2.458789347363787,0.30592885375494067,0.4356946954862524,0.19130434782608693,2.297258574380165,0.5537190082644629,0.8099173553719008,0.9834710743801653,4.793907661804235,0.18209651915014358
300,39,1,52,heuristic,all,121,0.4033333333333333,0.1326579218147022,0.07967634582779093,1.9803037027969697,2.458789347363787,0.46403162055335967,0.9883952245458358,0.0,1.9566666666666668,0.5233333333333333,0.5233333333333333,0.5233333333333333,0.0,0.29333333333333333
300,39,1,52,heuristic,active,121,0.4033333333333333,0.1326579218147022,0.07967634582779093,1.9803037027969697,2.458789347363787,0.3035573122529644,0.4337378752466062,0.19130434782608693,3.1735537190082646,0.09917355371900827,0.09917355371900827,0.09917355371900827,0.0,0.4462809917355372
300,39,2,13,MCMC,all,78,0.26,0.21140651583543038,0.053624543334573505,2.3144987297963797,2.2788180252213275,0.5335365853658537,1.3597014098157172,0.0,0.40950804166666666,0.8666666666666667,0.93,0.9833333333333333,0.8321610324588474,0.0704958620656001
300,39,2,13,MCMC,active,78,0.26,0.21140651583543038,0.053624543334573505,2.3144987297963797,2.2788180252213275,0.5030487804878049,0.6848975268232916,0.23780487804878048,1.4606164262820511,0.5,0.7307692307692307,0.9358974358974359,2.1310085039449844,0.35682543231071856
300,39,2,13,MLE_plugin,all,78,0.26,0.21140651583543038,0.053624543334573505,2.3144987297963797,2.2788180252213275,0.513719512195122,1.3256937561735909,0.0,0.40689447916666666,0.87,0.9333333333333333,0.98,0.8217158559683566,0.05337191465077429
300,39,2,13,MLE_plugin,active,78,0.26,0.21140651583543038,0.053624543334573505,2.3144987297963797,2.2788180252213275,0.47560975609756095,0.666114931318285,0.23780487804878048,1.4180290865384615,0.5384615384615384,0.7435897435897436,0.9230769230769231,2.041141229798101,0.31998708588899966
300,39,2,13,heuristic,all,78,0.26,0.21140651583543038,0.053624543334573505,2.3144987297963797,2.2788180252213275,0.6158536585365854,1.4442340588203673,0.0,0.6733333333333333,0.6833333333333333,0.6833333333333333,0.6833333333333333,0.0,0.16568145299407996
300,39,2,13,heuristic,active,78,0.26,0.21140651583543038,0.053624543334573505,2.3144987297963797,2.2788180252213275,0.4451219512195122,0.6769116627501424,0.23780487804878048,1.8717948717948718,0.20512820512820512,0.20512820512820512,0.20512820512820512,0.0,0.5769230769230769
300,39,2,26,MCMC,all,92,0.30666666666666664,0.21140651583543038,0.053624543334573505,2.3144987297963797,2.2788180252213275,0.44410876132930516,1.2127473014589232,0.0,0.7480228333333332,0.85,0.9066666666666666,0.9633333333333334,1.4354728800507015,0.0674661434756555
300,39,2,26,MCMC,active,92,0.30666666666666664,0.21140651583543038,0.053624543334573505,2.3144987297963797,2.2788180252213275,0.43353474320241686,0.6701809358925532,0.2779456193353474,2.339803872282608,0.5217391304347826,0.6956521739130435,0.8804347826086957,3.4476078238891272,0.3268605964174208
300,39,2,26,MLE_plugin,all,92,0.30666666666666664,0.21140651583543038,0.053624543334573505,2.3144987297963797,2.2788180252213275,0.4350453172205438,1.1830311917407805,0.0,0.723463125,0.8333333333333334,0.9133333333333333,0.9633333333333334,1.3824614277805949,0.0514166600062092
300,39,2,26,MLE_plugin,active,92,0.30666666666666664,0.21140651583543038,0.053624543334573505,2.3144987297963797,2.2788180252213275,0.41540785498489424,0.6517597378134439,0.2779456193353474,2.2147767663043476,0.4782608695652174,0.717391304347826,0.8804347826086957,3.203196859797777,0.264589296405215
300,39,2,26,heuristic,all,92,0.30666666666666664,0.21140651583543038,0.053624543334573505,2.3144987297963797,2.2788180252213275,0.5468277945619336,1.2672626695567581,0.0,1.2066666666666668,0.6,0.6,0.6,0.0,0.24568145299407995
300,39,2,26,heuristic,active,92,0.30666666666666664,0.21140651583543038,0.053624543334573505,2.3144987297963797,2.2788180252213275,0.3957703927492447,0.6511958271751777,0.2779456193353474,2.847826086956522,0.17391304347826086,0.17391304347826086,0.17391304347826086,0.0,0.5
300,39,2,52,MCMC,all,101,0.33666666666666667,0.21140651583543038,0.053624543334573505,2.3144987297963797,2.2788180252213275,0.44610542879622345,1.2010737773256575,0.0,1.4262532708333333,0.8033333333333333,0.8866666666666667,0.9733333333333334,2.6155415454699598,0.0753179780784416
300,39,2,52,MCMC,active,101,0.33666666666666667,0.21140651583543038,0.053624543334573505,2.3144987297963797,2.2788180252213275,0.43981117230527145,0.6962705634119114,0.23839496459480725,4.129528403465346,0.42574257425742573,0.6633663366336634,0.9207920792079208,6.133625565451512,0.3459930070694633
300,39,2,52,MLE_plugin,all,101,0.33666666666666667,0.21140651583543038,0.053624543334573505,2.3144987297963797,2.2788180252213275,0.42525570416994496,1.1648294468523155,0.0,1.33020125,0.79,0.9033333333333333,0.9633333333333334,2.5253051842404237,0.04143459611808731
300,39,2,52,MLE_plugin,active,101,0.33666666666666667,0.21140651583543038,0.053624543334573505,2.3144987297963797,2.2788180252213275,0.4103068450039339,0.6735986038819863,0.23839496459480725,3.766804393564356,0.40594059405940597,0.7128712871287128,0.8910891089108911,5.674832995012714,0.26919774723874046
300,39,2,52,heuristic,all,101,0.33666666666666667,0.21140651583543038,0.053624543334573505,2.3144987297963797,2.2788180252213275,0.5452399685287176,1.284673207799799,0.0,2.31,0.57,0.57,0.57,0.0,0.2523481196607466
300,39,2,52,heuristic,active,101,0.33666666666666667,0.21140651583543038,0.053624543334573505,2.3144987297963797,2.2788180252213275,0.4107002360346184,0.6904997676970025,0.23839496459480725,5.1683168316831685,0.07920792079207921,0.07920792079207921,0.07920792079207921,0.0,0.5247524752475248
300,39,3,13,MCMC,all,51,0.17,0.19087612779319432,0.1301031775347131,1.8621260752064148,1.8915900650929316,0.5361216730038022,1.6906261654308523,0.0,0.32468022916666667,0.91,0.9633333333333334,0.9933333333333333,0.7468270068804367,0.033535522845294416
300,39,3,13,MCMC,active,51,0.17,0.19087612779319432,0.1301031775347131,1.8621260752064148,1.8915900650929316,0.43346007604562736,0.665127592567905,0.19391634980988592,1.5506096813725492,0.5490196078431373,0.803921568627451,0.9607843137254902,2.420818508045266,0.24376278739193702
300,39,3,13,MLE_plugin,all,51,0.17,0.19087612779319432,0.1301031775347131,1.8621260752064148,1.8915900650929316,0.5247148288973384,1.6575940856074003,0.0,0.32043445833333334,0.92,0.97,0.99,0.7532118305858055,0.030813585439970814
300,39,3,13,MLE_plugin,active,51,0.17,0.19087612779319432,0.1301031775347131,1.8621260752064148,1.8915900650929316,0.43346007604562736,0.6550747079252272,0.19391634980988592,1.5496776960784309,0.5686274509803921,0.8235294117647058,0.9411764705882353,2.4814805936851383,0.24179829931853347
300,39,3,13,heuristic,all,51,0.17,0.19087612779319432,0.1301031775347131,1.8621260752064148,1.8915900650929316,0.9011406844106464,2.5718154483780764,0.0,0.79,0.7033333333333334,0.7033333333333334,0.7033333333333334,0.0,0.23197702289285105
300,39,3,13,heuristic,active,51,0.17,0.19087612779319432,0.1301031775347131,1.8621260752064148,1.8915900650929316,0.3840304182509506,0.6601202872804692,0.19391634980988592,1.9803921568627452,0.29411764705882354,0.29411764705882354,0.29411764705882354,0.0,0.45659056126438313
300,39,3,26,MCMC,all,60,0.2,0.19087612779319432,0.1301031775347131,1.8621260752064148,1.8915900650929316,0.5306122448979592,1.9166296949998198,0.0,0.6235643958333333,0.88,0.95,0.9833333333333333,1.2864645342992946,0.03156458339872231
300,39,3,26,MCMC,active,60,0.2,0.19087612779319432,0.1301031775347131,1.8621260752064148,1.8915900650929316,0.4408163265306123,0.8292849044375703,0.2448979591836735,2.5662122916666665,0.5166666666666667,0.7833333333333333,0.9166666666666666,3.8723314910323077,0.22101549485046684
300,39,3,26,MLE_plugin,all,60,0.2,0.19087612779319432,0.1301031775347131,1.8621260752064148,1.8915900650929316,0.5224489795918368,1.8944998098080572,0.0,0.6087093541666667,0.8766666666666667,0.9566666666666667,0.99,1.3085967627893094,0.02697432695201618
300,39,3,26,MLE_plugin,active,60,0.2,0.19087612779319432,0.1301031775347131,1.8621260752064148,1.8915900650929316,0.4418367346938776,0.8232740076235179,0.2448979591836735,2.5394275,0.5166666666666667,0.7833333333333333,0.95,3.995666392548015,0.23432206267893652
300,39,3,26,heuristic,all,60,0.2,0.19087612779319432,0.1301031775347131,1.8621260752064148,1.8915900650929316,1.0224489795918368,2.903917416155298,0.0,1.67,0.5633333333333334,0.5633333333333334,0.5633333333333334,0.0,0.3586436895595177
300,39,3,26,heuristic,active,60,0.2,0.19087612779319432,0.1301031775347131,1.8621260752064148,1.8915900650929316,0.4408163265306123,0.8821427095997327,0.2448979591836735,3.6,0.11666666666666667,0.11666666666666667,0.11666666666666667,0.0,0.45
300,39,3,52,MCMC,all,70,0.23333333333333334,0.19087612779319432,0.1301031775347131,1.8621260752064148,1.8915900650929316,0.5843439911797133,2.3185911758785545,0.0,1.2783178333333332,0.8666666666666667,0.94,0.9866666666666667,2.3790501082918545,0.03256301497142023
300,39,3,52,MCMC,active,70,0.23333333333333334,0.19087612779319432,0.1301031775347131,1.8621260752064148,1.8915900650929316,0.5066152149944873,1.0968306081130097,0.23153252480705622,4.780854017857143,0.5285714285714286,0.7714285714285715,0.9428571428571428,6.813866287142152,0.1463388040987259
300,39,3,52,MLE_plugin,all,70,0.23333333333333334,0.19087612779319432,0.1301031775347131,1.8621260752064148,1.8915900650929316,0.5672546857772878,2.237855793169517,0.0,1.2275790833333333,0.8633333333333333,0.9433333333333334,0.9866666666666667,2.4299372294854735,0.031236669935573544
300,39,3,52,MLE_plugin,active,70,0.23333333333333334,0.19087612779319432,0.1301031775347131,1.8621260752064148,1.8915900650929316,0.5060639470782801,1.0632384773210863,0.23153252480705622,4.6516238392857145,0.5,0.7714285714285715,0.9428571428571428,7.036198021246761,0.15948303008151288
300,39,3,52,heuristic,all,70,0.23333333333333334,0.19087612779319432,0.1301031775347131,1.8621260752064148,1.8915900650929316,1.0948180815876516,3.341447618588968,0.0,3.31,0.5466666666666666,0.5466666666666666,0.5466666666666666,0.0,0.3653103562261844
300,39,3,52,heuristic,active,70,0.23333333333333334,0.19087612779319432,0.1301031775347131,1.8621260752064148,1.8915900650929316,0.5226019845644984,1.1794350978945152,0.23153252480705622,6.771428571428571,0.04285714285714286,0.04285714285714286,0.04285714285714286,0.0,0.5428571428571428
300,39,4,13,MCMC,all,54,0.18,0.07003707365867891,0.033872358470838526,2.17336513913167,2.3920569733241757,0.6148648648648649,1.62583911020486,0.0,0.21808120833333328,0.9166666666666666,0.96,1.0,0.6051553676449632,0.039203834787182146
300,39,4,13,MCMC,active,54,0.18,0.07003707365867891,0.033872358470838526,2.17336513913167,2.3920569733241757,0.5135135135135135,0.6435611297184138,0.36486486486486486,0.977290625,0.5925925925925926,0.7962962962962963,1.0,1.6321271456369006,0.27817186544148076
300,39,4,13,MLE_plugin,all,54,0.18,0.07003707365867891,0.033872358470838526,2.17336513913167,2.3920569733241757,0.6216216216216216,1.6467645414802623,0.0,0.22210320833333336,0.9033333333333333,0.9666666666666667,0.9866666666666667,0.5948911201264974,0.033747019789817645
300,39,4,13,MLE_plugin,active,54,0.18,0.07003707365867891,0.033872358470838526,2.17336513913167,2.3920569733241757,0.5067567567567567,0.6454736484361078,0.36486486486486486,0.9758417824074073,0.5370370370370371,0.8148148148148148,0.9259259259259259,1.6092114390977883,0.27350269864380977
300,39,4,13,heuristic,all,54,0.18,0.07003707365867891,0.033872358470838526,2.17336513913167,2.3920569733241757,0.9662162162162162,2.722059064659957,0.0,0.4766666666666667,0.7333333333333333,0.7333333333333333,0.7333333333333333,0.0,0.1742637759916666
300,39,4,13,heuristic,active,54,0.18,0.07003707365867891,0.033872358470838526,2.17336513913167,2.3920569733241757,0.5,0.7091698250487527,0.36486486486486486,1.3703703703703705,0.2222222222222222,0.2222222222222222,0.2222222222222222,0.0,0.5185185185185186
300,39,4,26,MCMC,all,68,0.22666666666666666,0.07003707365867891,0.033872358470838526,2.17336513913167,2.3920569733241757,0.441358024691358,1.102720375614188,0.0,0.35628518750000004,0.8966666666666666,0.9566666666666667,0.9933333333333333,1.0121321778188772,0.041409835921156435
300,39,4,26,MCMC,active,68,0.22666666666666666,0.07003707365867891,0.033872358470838526,2.17336513913167,2.3920569733241757,0.375,0.4890685073456532,0.20987654320987656,1.3039523897058825,0.5735294117647058,0.8235294117647058,0.9852941176470589,2.5640146049729178,0.27101572674573005
300,39,4,26,MLE_plugin,all,68,0.22666666666666666,0.07003707365867891,0.033872358470838526,2.17336513913167,2.3920569733241757,0.47067901234567894,1.1381107449069314,0.0,0.3627008333333333,0.8766666666666667,0.95,0.99,0.9965148930386805,0.04173594271940362
300,39,4,26,MLE_plugin,active,68,0.22666666666666666,0.07003707365867891,0.033872358470838526,2.17336513913167,2.3920569733241757,0.3904320987654321,0.4982536948169273,0.20987654320987656,1.2958007352941174,0.5294117647058824,0.7941176470588235,0.9558823529411765,2.4938771804777886,0.2620903309274046
300,39,4,26,heuristic,all,68,0.22666666666666666,0.07003707365867891,0.033872358470838526,2.17336513913167,2.3920569733241757,0.7407407407407407,2.158288115684826,0.0,0.8,0.6566666666666666,0.6566666666666666,0.6566666666666666,0.0,0.2478644886186736
300,39,4,26,heuristic,active,68,0.22666666666666666,0.07003707365867891,0.033872358470838526,2.17336513913167,2.3920569733241757,0.345679012345679,0.48021358861177094,0.20987654320987656,1.6470588235294117,0.22058823529411764,0.22058823529411764,0.22058823529411764,0.0,0.4117647058823529
300,39,4,52,MCMC,all,90,0.3,0.07003707365867891,0.033872358470838526,2.17336513913167,2.3920569733241757,0.39906103286384975,0.9377926927435766,0.0,0.6564722083333333,0.8533333333333334,0.9333333333333333,0.98,1.7920159782281053,0.05953364763078761
300,39,4,52,MCMC,active,90,0.3,0.07003707365867891,0.033872358470838526,2.17336513913167,2.3920569733241757,0.3599374021909233,0.47924132038215383,0.28169014084507044,1.9605080555555554,0.5555555555555556,0.7888888888888889,0.9444444444444444,4.032665374529882,0.25848663679336703
300,39,4,52,MLE_plugin,all,90,0.3,0.07003707365867891,0.033872358470838526,2.17336513913167,2.3920569733241757,0.40610328638497656,0.9441367860030104,0.0,0.6656251666666666,0.84,0.92,0.9833333333333333,1.7638637630614904,0.044870998899070036
300,39,4,52,MLE_plugin,active,90,0.3,0.07003707365867891,0.033872358470838526,2.17336513913167,2.3920569733241757,0.35915492957746475,0.4711823724870916,0.28169014084507044,1.9412877083333335,0.5222222222222223,0.7555555555555555,0.9555555555555556,3.9333511508092873,0.205251383301147
300,39,4,52,heuristic,all,90,0.3,0.07003707365867891,0.033872358470838526,2.17336513913167,2.3920569733241757,0.6697965571205009,2.0788458138380057,0.0,1.4266666666666667,0.6033333333333334,0.6033333333333334,0.6033333333333334,0.0,0.2711978219520069
300,39,4,52,heuristic,active,90,0.3,0.07003707365867891,0.033872358470838526,2.17336513913167,2.3920569733241757,0.36932707355242567,0.4888043224345679,0.28169014084507044,2.6222222222222222,0.08888888888888889,0.08888888888888889,0.08888888888888889,0.0,0.48923144814427555
300,39,5,13,MCMC,all,83,0.27666666666666667,0.2448902213935366,0.17178081361198883,2.1761747035820043,2.432621525216398,0.34591194968553457,0.931728158243535,0.0,0.5266566666666667,0.86,0.9433333333333334,0.9766666666666667,1.0951534398538452,0.04572996307721966
300,39,5,13,MCMC,active,83,0.27666666666666667,0.2448902213935366,0.17178081361198883,2.1761747035820043,2.432621525216398,0.30424528301886794,0.4496298674696978,0.13050314465408805,1.6493294427710843,0.5421686746987951,0.8192771084337349,0.927710843373494,3.0007313501402755,0.26577576051092794
300,39,5,13,MLE_plugin,all,83,0.27666666666666667,0.2448902213935366,0.17178081361198883,2.1761747035820043,2.432621525216398,0.3372641509433962,0.8948806513093313,0.0,0.5187203541666666,0.8633333333333333,0.9433333333333334,0.9733333333333334,1.0319336161557116,0.03196203061509961
300,39,5,13,MLE_plugin,active,83,0.27666666666666667,0.2448902213935366,0.17178081361198883,2.1761747035820043,2.432621525216398,0.2885220125786163,0.4228178622320061,0.13050314465408805,1.5898055722891564,0.5542168674698795,0.8192771084337349,0.9156626506024096,2.7766105553547167,0.23063526919378563
300,39,5,13,heuristic,all,83,0.27666666666666667,0.2448902213935366,0.17178081361198883,2.1761747035820043,2.432621525216398,0.440251572327044,1.096803775257565,0.0,0.9333333333333333,0.6633333333333333,0.6633333333333333,0.6633333333333333,0.0,0.20929305796836598
300,39,5,13,heuristic,active,83,0.27666666666666667,0.2448902213935366,0.17178081361198883,2.1761747035820043,2.432621525216398,0.27672955974842767,0.4210549736683282,0.13050314465408805,2.1204819277108435,0.21686746987951808,0.21686746987951808,0.21686746987951808,0.0,0.45783132530120485
300,39,5,26,MCMC,all,91,0.30333333333333334,0.2448902213935366,0.17178081361198883,2.1761747035820043,2.432621525216398,0.26561232765612325,0.6860637976982812,0.0,0.8189030208333334,0.8533333333333334,0.9233333333333333,0.9766666666666667,1.9925121078691623,0.03189759892969701
300,39,5,26,MCMC,active,91,0.30333333333333334,0.2448902213935366,0.17178081361198883,2.1761747035820043,2.432621525216398,0.22181670721816707,0.3140055886421211,0.14760746147607462,2.277553365384615,0.5714285714285714,0.7692307692307693,0.9340659340659341,5.25342134337323,0.2701737870844372
300,39,5,26,MLE_plugin,all,91,0.30333333333333334,0.2448902213935366,0.17178081361198883,2.1761747035820043,2.432621525216398,0.25101378751013786,0.6481266528184331,0.0,0.7736063541666666,0.85,0.9333333333333333,0.98,1.8070889285618774,0.025585232404250258
300,39,5,26,MLE_plugin,active,91,0.30333333333333334,0.2448902213935366,0.17178081361198883,2.1761747035820043,2.432621525216398,0.20478507704785076,0.2829730653499584,0.14760746147607462,2.0524174450549446,0.5824175824175825,0.8021978021978022,0.945054945054945,4.633639970603567,0.1978052515846624
300,39,5,26,heuristic,all,91,0.30333333333333334,0.2448902213935366,0.17178081361198883,2.1761747035820043,2.432621525216398,0.3722627737226277,0.9195449505044373,0.0,1.53,0.5733333333333334,0.5733333333333334,0.5733333333333334,0.0,0.2823913569796428
300,39,5,26,heuristic,active,91,0.30333333333333334,0.2448902213935366,0.17178081361198883,2.1761747035820043,2.432621525216398,0.1978913219789132,0.2746267846135759,0.14760746147607462,2.681318681318681,0.12087912087912088,0.12087912087912088,0.12087912087912088,0.0,0.4725274725274725
300,39,5,52,MCMC,all,102,0.34,0.2448902213935366,0.17178081361198883,2.1761747035820043,2.432621525216398,0.3099208003334723,0.8661682699155766,0.0,1.84718525,0.8066666666666666,0.9,0.97,3.9490162956679327,0.0668524235676185
300,39,5,52,MCMC,active,102,0.34,0.2448902213935366,0.17178081361198883,2.1761747035820043,2.432621525216398,0.2736556898707795,0.45807976093263536,0.1275531471446436,4.832402450980393,0.5,0.7254901960784313,0.9215686274509803,9.791914823611767,0.28727638592092664
300,39,5,52,MLE_plugin,all,102,0.34,0.2448902213935366,0.17178081361198883,2.1761747035820043,2.432621525216398,0.29074614422676115,0.8572304318369149,0.0,1.711460020833333,0.8,0.92,0.9733333333333334,3.4627772486355024,0.03458165451340378
300,39,5,52,MLE_plugin,active,102,0.34,0.2448902213935366,0.17178081361198883,2.1761747035820043,2.432621525216398,0.24656106711129636,0.438095737625114,0.1275531471446436,4.236504166666666,0.49019607843137253,0.7941176470588235,0.9313725490196079,8.34460454702351,0.1898228330946441
300,39,5,52,heuristic,all,102,0.34,0.2448902213935366,0.17178081361198883,2.1761747035820043,2.432621525216398,0.4097540641934139,1.1187097295274981,0.0,3.276666666666667,0.5433333333333333,0.5433333333333333,0.5433333333333333,0.0,0.30333333333333334
300,39,5,52,heuristic,active,102,0.34,0.2448902213935366,0.17178081361198883,2.1761747035820043,2.432621525216398,0.24301792413505627,0.4606117933642843,0.1275531471446436,5.715686274509804,0.06862745098039216,0.06862745098039216,0.06862745098039216,0.0,0.4803921568627451
300,39,6,13,MCMC,all,79,0.2633333333333333,0.17501301061941515,0.09302122146909217,1.8501858787589103,2.296187773069155,0.4552845528455285,1.2204152031650626,0.0,0.401872375,0.8833333333333333,0.9533333333333334,0.98,0.8843784180483002,0.06699533765974156
300,39,6,13,MCMC,active,79,0.2633333333333333,0.17501301061941515,0.09302122146909217,1.8501858787589103,2.296187773069155,0.43089430894308944,0.6126879230018175,0.4281842818428184,1.4300954113924051,0.569620253164557,0.8227848101265823,0.9240506329113924,2.3326809825575396,0.32945598660641495
300,39,6,13,MLE_plugin,all,79,0.2633333333333333,0.17501301061941515,0.09302122146909217,1.8501858787589103,2.296187773069155,0.4403794037940379,1.1727718598428107,0.0,0.39285924999999994,0.89,0.95,0.9833333333333333,0.8836915481556605,0.05659850873541064
300,39,6,13,MLE_plugin,active,79,0.2633333333333333,0.17501301061941515,0.09302122146909217,1.8501858787589103,2.296187773069155,0.4159891598915989,0.5876745474052261,0.2140921409214092,1.376089319620253,0.5949367088607594,0.8227848101265823,0.9367088607594937,2.3203483077341027,0.3064815255961253
300,39,6,13,heuristic,all,79,0.2633333333333333,0.17501301061941515,0.09302122146909217,1.8501858787589103,2.296187773069155,0.5989159891598916,1.3612323419918007,0.0,0.7366666666666667,0.6666666666666666,0.6666666666666666,0.6666666666666666,0.0,0.2027483978910024
300,39,6,13,heuristic,active,79,0.2633333333333333,0.17501301061941515,0.09302122146909217,1.8501858787589103,2.296187773069155,0.34959349593495936,0.5182957826217599,0.2140921409214092,1.6329113924050633,0.22784810126582278,0.22784810126582278,0.22784810126582278,0.0,0.49367088607594933
300,39,6,26,MCMC,all,87,0.29,0.17501301061941515,0.09302122146909217,1.8501858787589103,2.296187773069155,0.43694362017804156,1.1554853849488012,0.0,0.7019433958333333,0.8533333333333334,0.95,0.98,1.5386407500236639,0.07269869584654495
300,39,6,26,MCMC,active,87,0.29,0.17501301061941515,0.09302122146909217,1.8501858787589103,2.296187773069155,0.41617210682492584,0.6088697021431191,0.25816023738872407,2.271182183908046,0.5057471264367817,0.8275862068965517,0.9310344827586207,3.9438777129455276,0.33738370084198305
300,39,6,26,MLE_plugin,all,87,0.29,0.17501301061941515,0.09302122146909217,1.8501858787589103,2.296187773069155,0.422106824925816,1.107629122088662,0.0,0.6713167916666667,0.86,0.95,0.9833333333333333,1.5299735325159087,0.05962520856422035
300,39,6,26,MLE_plugin,active,87,0.29,0.17501301061941515,0.09302122146909217,1.8501858787589103,2.296187773069155,0.39688427299703266,0.579044308565526,0.25816023738872407,2.1275248563218394,0.5287356321839081,0.8390804597701149,0.9425287356321839,3.8732725267435377,0.2871328581465573
300,39,6,26,heuristic,all,87,0.29,0.17501301061941515,0.09302122146909217,1.8501858787589103,2.296187773069155,0.6439169139465876,1.421547723086467,0.0,1.4466666666666668,0.57,0.57,0.57,0.0,0.3127483978910024
300,39,6,26,heuristic,active,87,0.29,0.17501301061941515,0.09302122146909217,1.8501858787589103,2.296187773069155,0.33827893175074186,0.5356185832957463,0.25816023738872407,2.6206896551724137,0.21839080459770116,0.21839080459770116,0.21839080459770116,0.0,0.4061681101488114
300,39,6,52,MCMC,all,100,0.3333333333333333,0.17501301061941515,0.09302122146909217,1.8501858787589103,2.296187773069155,0.4840891010342084,1.4342497274428108,0.0,1.4611797708333334,0.8266666666666667,0.93,0.9733333333333334,2.8127528088386704,0.08354876655060053
300,39,6,52,MCMC,active,100,0.3333333333333333,0.17501301061941515,0.09302122146909217,1.8501858787589103,2.296187773069155,0.4689737470167064,0.8167906901502435,0.21877486077963404,4.209936999999999,0.5,0.79,0.92,6.769075548013724,0.3125767703652828
300,39,6,52,MLE_plugin,all,100,0.3333333333333333,0.17501301061941515,0.09302122146909217,1.8501858787589103,2.296187773069155,0.4669848846459825,1.3110209037682354,0.0,1.3897230624999999,0.83,0.9333333333333333,0.98,2.8463134311547957,0.05697901908093084
300,39,6,52,MLE_plugin,active,100,0.3333333333333333,0.17501301061941515,0.09302122146909217,1.8501858787589103,2.296187773069155,0.4431185361972952,0.7394075675691197,0.2386634844868735,3.9242375,0.51,0.81,0.94,6.730620161166948,0.25435996192422927
300,39,6,52,heuristic,all,100,0.3333333333333333,0.17501301061941515,0.09302122146909217,1.8501858787589103,2.296187773069155,0.7000795544948288,1.6325931452950009,0.0,2.933333333333333,0.5266666666666666,0.5266666666666666,0.5266666666666666,0.0,0.3427483978910024
300,39,6,52,heuristic,active,100,0.3333333333333333,0.17501301061941515,0.09302122146909217,1.8501858787589103,2.296187773069155,0.41368337311058073,0.7200450914230555,0.15910898965791567,5.2,0.09,0.09,0.09,0.0,0.51
300,39,7,13,MCMC,all,39,0.13,0.05196822044658593,0.15830650560630322,1.9122289336973777,1.987830779658344,0.7083333333333333,2.282177322938192,0.0,0.17327052083333333,0.9266666666666666,0.9533333333333334,0.9866666666666667,0.4909991270539564,0.09298505615583175
300,39,7,13,MCMC,active,39,0.13,0.05196822044658593,0.15830650560630322,1.9122289336973777,1.987830779658344,0.5729166666666666,0.7614148699406038,0.40625,1.0530073717948716,0.48717948717948717,0.6410256410256411,0.8974358974358975,1.4541013430086906,0.29391612638390696
300,39,7,13,MLE_plugin,all,39,0.13,0.05196822044658593,0.15830650560630322,1.9122289336973777,1.987830779658344,0.6770833333333334,2.1875,0.0,0.17238912499999998,0.9333333333333333,0.9533333333333334,0.98,0.48363885085444897,0.08423131929122746
300,39,7,13,MLE_plugin,active,39,0.13,0.05196822044658593,0.15830650560630322,1.9122289336973777,1.987830779658344,0.5625,0.7473912964438374,0.40625,1.0746423076923077,0.5128205128205128,0.6410256410256411,0.8461538461538461,1.4444894769797725,0.2822246585834838
300,39,7,13,heuristic,all,39,0.13,0.05196822044658593,0.15830650560630322,1.9122289336973777,1.987830779658344,0.9166666666666666,2.5515518153991437,0.0,0.29333333333333333,0.8233333333333334,0.8233333333333334,0.8233333333333334,0.0,0.1384359457767361
300,39,7,13,heuristic,active,39,0.13,0.05196822044658593,0.15830650560630322,1.9122289336973777,1.987830779658344,0.5520833333333334,0.7330995129130378,0.40625,1.358974358974359,0.2564102564102564,0.2564102564102564,0.2564102564102564,0.0,0.4358974358974359
300,39,7,26,MCMC,all,52,0.17333333333333334,0.05196822044658593,0.15830650560630322,1.9122289336973777,1.987830779658344,0.7121951219512195,2.1265719244621772,0.0,0.3646422291666667,0.8966666666666666,0.9233333333333333,0.9666666666666667,0.7966992117411948,0.09250543893116192
300,39,7,26,MCMC,active,52,0.17333333333333334,0.05196822044658593,0.15830650560630322,1.9122289336973777,1.987830779658344,0.573170731707317,0.8228879369704125,0.3804878048780488,1.7109343750000003,0.4423076923076923,0.5576923076923077,0.8076923076923077,2.018478860389187,0.34790111723677364
300,39,7,26,MLE_plugin,all,52,0.17333333333333334,0.05196822044658593,0.15830650560630322,1.9122289336973777,1.987830779658344,0.7073170731707317,2.1590532659834856,0.0,0.3638871875,0.8966666666666666,0.9233333333333333,0.97,0.7870841486341129,0.08579613950591691
300,39,7,26,MLE_plugin,active,52,0.17333333333333334,0.05196822044658593,0.15830650560630322,1.9122289336973777,1.987830779658344,0.6,0.8565942551902768,0.5073170731707317,1.7554920673076921,0.4423076923076923,0.5576923076923077,0.8269230769230769,2.0058231864694074,0.3649539395592249
300,39,7,26,heuristic,all,52,0.17333333333333334,0.05196822044658593,0.15830650560630322,1.9122289336973777,1.987830779658344,0.9804878048780488,2.4326746614227672,0.0,0.67,0.6866666666666666,0.6866666666666666,0.6866666666666666,0.0,0.22802494152301528
300,39,7,26,heuristic,active,52,0.17333333333333334,0.05196822044658593,0.15830650560630322,1.9122289336973777,1.987830779658344,0.5756097560975609,0.8324186929834747,0.25365853658536586,2.269230769230769,0.11538461538461539,0.11538461538461539,0.11538461538461539,0.0,0.5769230769230769
300,39,7,52,MCMC,all,58,0.19333333333333333,0.05196822044658593,0.15830650560630322,1.9122289336973777,1.987830779658344,0.7222222222222222,2.227011057488611,0.0,0.6394095416666666,0.8766666666666667,0.92,0.96,1.3827316475340106,0.11227059270790779
300,39,7,52,MCMC,active,58,0.19333333333333333,0.05196822044658593,0.15830650560630322,1.9122289336973777,1.987830779658344,0.5669515669515669,0.8978880062290269,0.33048433048433046,2.648752370689655,0.4827586206896552,0.5862068965517241,0.7931034482758621,3.3520666943255004,0.3201156450625888
300,39,7,52,MLE_plugin,all,58,0.19333333333333333,0.05196822044658593,0.15830650560630322,1.9122289336973777,1.987830779658344,0.717948717948718,2.245115476335675,0.0,0.637588625,0.8833333333333333,0.9166666666666666,0.96,1.3657883172994438,0.09306624736805508
300,39,7,52,MLE_plugin,active,58,0.19333333333333333,0.05196822044658593,0.15830650560630322,1.9122289336973777,1.987830779658344,0.5655270655270656,0.9135464353566514,0.33048433048433046,2.701814655172414,0.5,0.5689655172413793,0.7931034482758621,3.379502289025636,0.3250713894306151
300,39,7,52,heuristic,all,58,0.19333333333333333,0.05196822044658593,0.15830650560630322,1.9122289336973777,1.987830779658344,1.0598290598290598,2.7598589261110735,0.0,1.24,0.67,0.67,0.67,0.0,0.253870152502543
300,39,7,52,heuristic,active,58,0.19333333333333333,0.05196822044658593,0.15830650560630322,1.9122289336973777,1.987830779658344,0.6353276353276353,0.9950078719559663,0.4131054131054131,3.8448275862068964,0.06896551724137931,0.06896551724137931,0.06896551724137931,0.0,0.46551724137931033
300,39,8,13,MCMC,all,71,0.23666666666666666,0.29993190250703583,0.06384280709081336,2.19580214312211,2.058694504104075,0.422,1.149695611890382,0.0,0.49090677083333334,0.8433333333333334,0.9233333333333333,0.99,0.9776297070796939,0.08187678116290265
300,39,8,13,MCMC,active,71,0.23666666666666666,0.29993190250703583,0.06384280709081336,2.19580214312211,2.058694504104075,0.366,0.5187388553019717,0.284,1.7791983274647885,0.39436619718309857,0.6901408450704225,0.9577464788732394,2.778621500140446,0.3943796939114761
300,39,8,13,MLE_plugin,all,71,0.23666666666666666,0.29993190250703583,0.06384280709081336,2.19580214312211,2.058694504104075,0.41999999999999993,1.0946232228488484,0.0,0.48802549999999995,0.8433333333333334,0.9266666666666666,0.99,0.9631311963135006,0.07682314521614331
300,39,8,13,MLE_plugin,active,71,0.23666666666666666,0.29993190250703583,0.06384280709081336,2.19580214312211,2.058694504104075,0.347,0.4707345324065359,0.284,1.6875905809859155,0.4225352112676056,0.7183098591549296,0.9577464788732394,2.6605784463441084,0.3835022462258367
300,39,8,13,heuristic,all,71,0.23666666666666666,0.29993190250703583,0.06384280709081336,2.19580214312211,2.058694504104075,0.558,1.3304134695650072,0.0,0.93,0.64,0.64,0.64,0.0,0.20333333333333334
300,39,8,13,heuristic,active,71,0.23666666666666666,0.29993190250703583,0.06384280709081336,2.19580214312211,2.058694504104075,0.30599999999999994,0.43064138212670644,0.142,2.1549295774647885,0.11267605633802817,0.11267605633802817,0.11267605633802817,0.0,0.647887323943662
300,39,8,26,MCMC,all,84,0.28,0.29993190250703583,0.06384280709081336,2.19580214312211,2.058694504104075,0.36788617886178865,1.0786968539109212,0.0,0.8548252291666665,0.8433333333333334,0.9166666666666666,0.9766666666666667,1.7699434567963388,0.07932748033865988
300,39,8,26,MCMC,active,84,0.28,0.29993190250703583,0.06384280709081336,2.19580214312211,2.058694504104075,0.32063008130081305,0.5241863613863057,0.17073170731707318,2.6983399553571425,0.47619047619047616,0.7142857142857143,0.9166666666666666,4.683457227653147,0.3392826341786809
300,39,8,26,MLE_plugin,all,84,0.28,0.29993190250703583,0.06384280709081336,2.19580214312211,2.058694504104075,0.3592479674796748,0.9739807919998281,0.0,0.8336098124999999,0.82,0.9233333333333333,0.98,1.6814065894250196,0.0613284536061075
300,39,8,26,MLE_plugin,active,84,0.28,0.29993190250703583,0.06384280709081336,2.19580214312211,2.058694504104075,0.30335365853658536,0.4492823998297151,0.17073170731707318,2.4844318452380953,0.4166666666666667,0.7380952380952381,0.9285714285714286,4.343762834825725,0.29760166407970196
300,39,8,26,heuristic,all,84,0.28,0.29993190250703583,0.06384280709081336,2.19580214312211,2.058694504104075,0.524390243902439,1.2590146882885025,0.0,1.72,0.5666666666666667,0.5666666666666667,0.5666666666666667,0.0,0.29333333333333333
300,39,8,26,heuristic,active,84,0.28,0.29993190250703583,0.06384280709081336,2.19580214312211,2.058694504104075,0.27947154471544716,0.4158131253641045,0.17073170731707318,3.2738095238095237,0.16666666666666666,0.16666666666666666,0.16666666666666666,0.0,0.48809523809523814
300,39,8,52,MCMC,all,91,0.30333333333333334,0.29993190250703583,0.06384280709081336,2.19580214312211,2.058694504104075,0.376063829787234,1.118710728463429,0.0,1.6823910624999998,0.8166666666666667,0.9066666666666666,0.9766666666666667,3.3971986698122327,0.08724388252977633
300,39,8,52,MCMC,active,91,0.30333333333333334,0.29993190250703583,0.06384280709081336,2.19580214312211,2.058694504104075,0.33670212765957447,0.5785526334009815,0.19361702127659575,5.02212864010989,0.42857142857142855,0.7032967032967034,0.9230769230769231,8.821790927437124,0.3636897265377458
300,39,8,52,MLE_plugin,all,91,0.30333333333333334,0.29993190250703583,0.06384280709081336,2.19580214312211,2.058694504104075,0.34893617021276596,1.0096579791929248,0.0,1.5634832291666665,0.8133333333333334,0.9133333333333333,0.98,3.217894524224596,0.06875672741791422
300,39,8,52,MLE_plugin,active,91,0.30333333333333334,0.29993190250703583,0.06384280709081336,2.19580214312211,2.058694504104075,0.28962765957446807,0.4855627723192761,0.1452127659574468,4.324455563186813,0.45054945054945056,0.7362637362637363,0.9340659340659341,8.068498905795408,0.26356062414177145
300,39,8,52,heuristic,all,91,0.30333333333333334,0.29993190250703583,0.06384280709081336,2.19580214312211,2.058694504104075,0.5037234042553191,1.305945851740294,0.0,3.1566666666666667,0.5333333333333333,0.5333333333333333,0.5333333333333333,0.0,0.31333333333333335
300,39,8,52,heuristic,active,91,0.30333333333333334,0.29993190250703583,0.06384280709081336,2.19580214312211,2.058694504104075,0.26170212765957446,0.4497993869007772,0.1452127659574468,5.406593406593407,0.06593406593406594,0.06593406593406594,0.06593406593406594,0.0,0.4945054945054945
300,39,9,13,MCMC,all,51,0.17,0.05703424395335785,0.047194266793703685,1.9603867917183828,1.8674367075019143,0.8813559322033899,3.0579014496048673,0.0,0.25923627083333334,0.8866666666666667,0.9433333333333334,0.9933333333333333,0.5847659504394122,0.06819379297943806
300,39,9,13,MCMC,active,51,0.17,0.05703424395335785,0.047194266793703685,1.9603867917183828,1.8674367075019143,0.6610169491525423,0.8298163840605861,0.43220338983050843,1.0943861519607845,0.4117647058823529,0.6862745098039216,0.9607843137254902,1.3112399696287131,0.40866217567431934
300,39,9,13,MLE_plugin,all,51,0.17,0.05703424395335785,0.047194266793703685,1.9603867917183828,1.8674367075019143,0.9491525423728815,3.230914837408178,0.0,0.26801987499999996,0.8966666666666666,0.9466666666666667,0.9933333333333333,0.5902650063937575,0.06896501585436482
300,39,9,13,MLE_plugin,active,51,0.17,0.05703424395335785,0.047194266793703685,1.9603867917183828,1.8674367075019143,0.6779661016949152,0.8472881186406771,0.43220338983050843,1.0834063725490195,0.47058823529411764,0.7058823529411765,0.9607843137254902,1.3048568553257918,0.42776964934461664
300,39,9,13,heuristic,all,51,0.17,0.05703424395335785,0.047194266793703685,1.9603867917183828,1.8674367075019143,1.0847457627118646,3.6959258453146653,0.0,0.4266666666666667,0.7633333333333333,0.7633333333333333,0.7633333333333333,0.0,0.1396617806393381
300,39,9,13,heuristic,active,51,0.17,0.05703424395335785,0.047194266793703685,1.9603867917183828,1.8674367075019143,0.5677966101694915,0.7583206926558731,0.43220338983050843,1.3137254901960784,0.21568627450980393,0.21568627450980393,0.21568627450980393,0.0,0.5686274509803921
300,39,9,26,MCMC,all,75,0.25,0.05703424395335785,0.047194266793703685,1.9603867917183828,1.8674367075019143,0.8135245901639343,2.7232519498712984,0.0,0.46315585416666666,0.8466666666666667,0.9266666666666666,0.9833333333333333,0.9654070567242847,0.029962768950426044
300,39,9,26,MCMC,active,75,0.25,0.05703424395335785,0.047194266793703685,1.9603867917183828,1.8674367075019143,0.625,0.8280184696809365,0.6147540983606558,1.4394035833333336,0.41333333333333333,0.7066666666666667,0.9333333333333333,1.9084738839885362,0.3668856902993759
300,39,9,26,MLE_plugin,all,75,0.25,0.05703424395335785,0.047194266793703685,1.9603867917183828,1.8674367075019143,0.8176229508196722,2.809320853926509,0.0,0.4813962083333333,0.85,0.92,0.98,0.9594558398101544,0.03443900450569076
300,39,9,26,MLE_plugin,active,75,0.25,0.05703424395335785,0.047194266793703685,1.9603867917183828,1.8674367075019143,0.6270491803278688,0.8301077500216841,0.6147540983606558,1.4267564166666664,0.44,0.6933333333333334,0.92,1.9123525103415806,0.36790681244327805
300,39,9,26,heuristic,all,75,0.25,0.05703424395335785,0.047194266793703685,1.9603867917183828,1.8674367075019143,1.0163934426229508,3.37760619312074,0.0,0.8266666666666667,0.64,0.64,0.64,0.0,0.23966178063933807
300,39,9,26,heuristic,active,75,0.25,0.05703424395335785,0.047194266793703685,1.9603867917183828,1.8674367075019143,0.5286885245901639,0.7848654918936704,0.3073770491803279,1.72,0.22666666666666666,0.22666666666666666,0.22666666666666666,0.0,0.48
300,39,9,52,MCMC,all,82,0.2733333333333333,0.05703424395335785,0.047194266793703685,1.9603867917183828,1.8674367075019143,0.7016985138004246,2.602062198207562,0.0,0.7799996666666665,0.8533333333333334,0.93,0.9766666666666667,1.6666622554909793,0.032173925650766266
300,39,9,52,MCMC,active,82,0.2733333333333333,0.05703424395335785,0.047194266793703685,1.9603867917183828,1.8674367075019143,0.5307855626326964,0.7322255613229703,0.3481953290870488,2.2118468749999995,0.5,0.7439024390243902,0.9146341463414634,3.2820654199500274,0.3537735477464441
300,39,9,52,MLE_plugin,all,82,0.2733333333333333,0.05703424395335785,0.047194266793703685,1.9603867917183828,1.8674367075019143,0.7112526539278131,2.723007535428463,0.0,0.8098236249999999,0.8466666666666667,0.9133333333333333,0.98,1.6699535136548098,0.04276622428280652
300,39,9,52,MLE_plugin,active,82,0.2733333333333333,0.05703424395335785,0.047194266793703685,1.9603867917183828,1.8674367075019143,0.5159235668789809,0.7242311773697953,0.3481953290870488,2.1624689024390245,0.5121951219512195,0.7073170731707317,0.926829268292683,3.2921699456696323,0.32068995980462056
300,39,9,52,heuristic,all,82,0.2733333333333333,0.05703424395335785,0.047194266793703685,1.9603867917183828,1.8674367075019143,0.8938428874734606,3.3257517197367625,0.0,1.4033333333333333,0.6066666666666667,0.6066666666666667,0.6066666666666667,0.0,0.2696617806393381
300,39,9,52,heuristic,active,82,0.2733333333333333,0.05703424395335785,0.047194266793703685,1.9603867917183828,1.8674367075019143,0.4692144373673036,0.6982459362884474,0.1740976645435244,2.6951219512195124,0.10975609756097561,0.10975609756097561,0.10975609756097561,0.0,0.4512195121951219
300,39,10,13,MCMC,all,77,0.25666666666666665,0.08501455301612379,0.03178069290199318,1.9306975298286861,2.3888638678370553,0.6337209302325582,1.7803106580876615,0.0,0.3952995416666667,0.86,0.9466666666666667,0.99,0.8225875185518823,0.07506593754339358
300,39,10,13,MCMC,active,77,0.25666666666666665,0.08501455301612379,0.03178069290199318,1.9306975298286861,2.3888638678370553,0.5717054263565892,0.8877259477630645,0.29844961240310075,1.3419314935064937,0.5064935064935064,0.7922077922077922,0.961038961038961,1.7947101616366279,0.25214455305097044
300,39,10,13,MLE_plugin,all,77,0.25666666666666665,0.08501455301612379,0.03178069290199318,1.9306975298286861,2.3888638678370553,0.6492248062015504,1.79292371454759,0.0,0.38928037499999996,0.8666666666666667,0.9466666666666667,0.99,0.8306432841881632,0.07325596631594622
300,39,10,13,MLE_plugin,active,77,0.25666666666666665,0.08501455301612379,0.03178069290199318,1.9306975298286861,2.3888638678370553,0.5658914728682171,0.8869111463543304,0.29844961240310075,1.2992011363636364,0.5324675324675324,0.7922077922077922,0.961038961038961,1.8024670013758568,0.23301701526719004
300,39,10,13,heuristic,all,77,0.25666666666666665,0.08501455301612379,0.03178069290199318,1.9306975298286861,2.3888638678370553,0.686046511627907,1.5264626874042804,0.0,0.59,0.68,0.68,0.68,0.0,0.19
300,39,10,13,heuristic,active,77,0.25666666666666665,0.08501455301612379,0.03178069290199318,1.9306975298286861,2.3888638678370553,0.5116279069767442,0.7182788621187459,0.29844961240310075,1.7142857142857142,0.19480519480519481,0.19480519480519481,0.19480519480519481,0.0,0.49350649350649356
300,39,10,26,MCMC,all,103,0.3433333333333333,0.08501455301612379,0.03178069290199318,1.9306975298286861,2.3888638678370553,0.5708955223880597,1.594412634318371,0.0,0.7494293333333334,0.8166666666666667,0.9166666666666666,0.9733333333333334,1.3749057638950593,0.0356577065708954
300,39,10,26,MCMC,active,103,0.3433333333333333,0.08501455301612379,0.03178069290199318,1.9306975298286861,2.3888638678370553,0.5242537313432836,0.9205166027200542,0.3843283582089552,1.965677123786408,0.5145631067961165,0.7766990291262136,0.9223300970873787,2.6647311417717243,0.27828536015999017
300,39,10,26,MLE_plugin,all,103,0.3433333333333333,0.08501455301612379,0.03178069290199318,1.9306975298286861,2.3888638678370553,0.5792910447761194,1.5778718685459456,0.0,0.735054125,0.8266666666666667,0.91,0.9733333333333334,1.3717018277028359,0.039327643706302706
300,39,10,26,MLE_plugin,active,103,0.3433333333333333,0.08501455301612379,0.03178069290199318,1.9306975298286861,2.3888638678370553,0.523320895522388,0.9104816905532488,0.3843283582089552,1.9012467839805827,0.5436893203883495,0.7669902912621359,0.9320388349514563,2.6238579922721947,0.25870488796759183
300,39,10,26,heuristic,all,103,0.3433333333333333,0.08501455301612379,0.03178069290199318,1.9306975298286861,2.3888638678370553,0.5895522388059701,1.30062873566667,0.0,1.0533333333333332,0.5733333333333334,0.5733333333333334,0.5733333333333334,0.0,0.2633333333333333
300,39,10,26,heuristic,active,103,0.3433333333333333,0.08501455301612379,0.03178069290199318,1.9306975298286861,2.3888638678370553,0.4421641791044776,0.7102330393253004,0.1921641791044776,2.3009708737864076,0.17475728155339806,0.17475728155339806,0.17475728155339806,0.0,0.46601941747572817
300,39,10,52,MCMC,all,121,0.4033333333333333,0.08501455301612379,0.03178069290199318,1.9306975298286861,2.3888638678370553,0.5413424124513618,1.5494203609771862,0.0,1.4056575,0.7733333333333333,0.9166666666666666,0.9666666666666667,2.447377233959995,0.023304903558071022
300,39,10,52,MCMC,active,121,0.4033333333333333,0.08501455301612379,0.03178069290199318,1.9306975298286861,2.3888638678370553,0.5014591439688717,0.970835518138569,0.23540856031128407,3.19395041322314,0.48760330578512395,0.8181818181818182,0.9173553719008265,4.419751558753545,0.275541844121478
300,39,10,52,MLE_plugin,all,121,0.4033333333333333,0.08501455301612379,0.03178069290199318,1.9306975298286861,2.3888638678370553,0.5505836575875487,1.528646280640635,0.0,1.3838096875,0.7866666666666666,0.9033333333333333,0.9666666666666667,2.4486095885085715,0.028621615148209434
300,39,10,52,MLE_plugin,active,121,0.4033333333333333,0.08501455301612379,0.03178069290199318,1.9306975298286861,2.3888638678370553,0.5014591439688717,0.9546912105487189,0.23540856031128407,3.0906063016528926,0.5206611570247934,0.7933884297520661,0.9256198347107438,4.323758674562845,0.23506769883548928
300,39,10,52,heuristic,all,121,0.4033333333333333,0.08501455301612379,0.03178069290199318,1.9306975298286861,2.3888638678370553,0.5797665369649805,1.3681760509413667,0.0,1.9866666666666666,0.5433333333333333,0.5433333333333333,0.5433333333333333,0.0,0.2733333333333333
300,39,10,52,heuristic,active,121,0.4033333333333333,0.08501455301612379,0.03178069290199318,1.9306975298286861,2.3888638678370553,0.4562256809338522,0.8165315414109686,0.23540856031128407,3.87603305785124,0.1322314049586777,0.1322314049586777,0.1322314049586777,0.0,0.44628099173553715
300,39,11,13,MCMC,all,77,0.25666666666666665,0.280831376762898,0.13640696767905128,1.8680136615364584,1.9211399325539944,0.36434108527131787,0.9960373080820822,0.0,0.47669018750000003,0.88,0.9466666666666667,0.9833333333333333,1.1116057329529074,0.05518424169639935
300,39,11,13,MCMC,active,77,0.25666666666666665,0.280831376762898,0.13640696767905128,1.8680136615364584,1.9211399325539944,0.3449612403100775,0.49125709016165503,0.14922480620155038,1.7277017857142858,0.5584415584415584,0.7922077922077922,0.935064935064935,3.161874071745113,0.20205595838834578
300,39,11,13,MLE_plugin,all,77,0.25666666666666665,0.280831376762898,0.13640696767905128,1.8680136615364584,1.9211399325539944,0.3594961240310077,1.0149471075637262,0.0,0.47508295833333325,0.8833333333333333,0.9466666666666667,0.99,1.1180442363068044,0.0657067684147204
300,39,11,13,MLE_plugin,active,77,0.25666666666666665,0.280831376762898,0.13640696767905128,1.8680136615364584,1.9211399325539944,0.34011627906976744,0.5010926781175085,0.29844961240310075,1.7326545454545454,0.5714285714285714,0.7922077922077922,0.961038961038961,3.205471156664431,0.19410255876590737
300,39,11,13,heuristic,all,77,0.25666666666666665,0.280831376762898,0.13640696767905128,1.8680136615364584,1.9211399325539944,0.6414728682170543,1.5444411155733937,0.0,1.1033333333333333,0.6233333333333333,0.6233333333333333,0.6233333333333333,0.0,0.25666666666666665
300,39,11,13,heuristic,active,77,0.25666666666666665,0.280831376762898,0.13640696767905128,1.8680136615364584,1.9211399325539944,0.34689922480620156,0.5391116189250575,0.14922480620155038,2.324675324675325,0.15584415584415584,0.15584415584415584,0.15584415584415584,0.0,0.4545454545454546
300,39,11,26,MCMC,all,88,0.29333333333333333,0.280831376762898,0.13640696767905128,1.8680136615364584,1.9211399325539944,0.35242518059855527,1.1446388894079884,0.0,0.8632865208333332,0.8633333333333333,0.9333333333333333,0.9833333333333333,2.021002976883061,0.06202519332891057
300,39,11,26,MCMC,active,88,0.29333333333333333,0.280831376762898,0.13640696767905128,1.8680136615364584,1.9211399325539944,0.33900928792569657,0.6088803763920043,0.18163054695562436,2.7722851562499997,0.5454545454545454,0.7727272727272727,0.9431818181818182,5.313524365174215,0.18655332648428513
300,39,11,26,MLE_plugin,all,88,0.29333333333333333,0.280831376762898,0.13640696767905128,1.8680136615364584,1.9211399325539944,0.3581011351909185,1.1615065933315214,0.0,0.8733420416666666,0.8633333333333333,0.9333333333333333,0.98,2.0224012028939335,0.06301758444689934
300,39,11,26,MLE_plugin,active,88,0.29333333333333333,0.280831376762898,0.13640696767905128,1.8680136615364584,1.9211399325539944,0.3446852425180598,0.6181794216267519,0.18163054695562436,2.8201001420454546,0.5454545454545454,0.7727272727272727,0.9318181818181818,5.339519024578194,0.20041793477722214
300,39,11,26,heuristic,all,88,0.29333333333333333,0.280831376762898,0.13640696767905128,1.8680136615364584,1.9211399325539944,0.6842105263157895,1.7205193532247847,0.0,2.21,0.52,0.52,0.52,0.0,0.37333333333333335
300,39,11,26,heuristic,active,88,0.29333333333333333,0.280831376762898,0.13640696767905128,1.8680136615364584,1.9211399325539944,0.3591331269349845,0.6813896933089456,0.18163054695562436,3.9545454545454546,0.20454545454545456,0.20454545454545456,0.20454545454545456,0.0,0.4318181818181818
300,39,11,52,MCMC,all,97,0.3233333333333333,0.280831376762898,0.13640696767905128,1.8680136615364584,1.9211399325539944,0.4062983995869902,1.3168179560578719,0.0,1.9300617291666662,0.8,0.9133333333333333,0.98,3.9532707016202675,0.07366625054297582
300,39,11,52,MCMC,active,97,0.3233333333333333,0.280831376762898,0.13640696767905128,1.8680136615364584,1.9211399325539944,0.39029426948890034,0.7386061347637761,0.20030975735673723,5.6803106958762895,0.3917525773195876,0.7319587628865979,0.9381443298969072,9.792249597338344,0.27666437251024656
300,39,11,52,MLE_plugin,all,97,0.3233333333333333,0.280831376762898,0.13640696767905128,1.8680136615364584,1.9211399325539944,0.4078471863706763,1.3157549159366866,0.0,1.9381235208333336,0.8033333333333333,0.9033333333333333,0.9766666666666667,3.949325384228738,0.07102462286476974
300,39,11,52,MLE_plugin,active,97,0.3233333333333333,0.280831376762898,0.13640696767905128,1.8680136615364584,1.9211399325539944,0.39339184305627256,0.7396205119186009,0.20030975735673723,5.734784149484536,0.4020618556701031,0.7010309278350515,0.9278350515463918,9.860589357299618,0.2943274944215152
300,39,11,52,heuristic,all,97,0.3233333333333333,0.280831376762898,0.13640696767905128,1.8680136615364584,1.9211399325539944,0.7139907072792979,1.8534821790281397,0.15487867836861124,4.61,0.45,0.45,0.45,0.0,0.38666666666666666
300,39,11,52,heuristic,active,97,0.3233333333333333,0.280831376762898,0.13640696767905128,1.8680136615364584,1.9211399325539944,0.39597315436241615,0.8179560927544397,0.20030975735673723,7.907216494845361,0.020618556701030927,0.020618556701030927,0.020618556701030927,0.0,0.4948453608247423
300,39,12,13,MCMC,all,50,0.16666666666666666,0.0849966114052215,0.12901433296740272,2.0650711731167837,1.9666655508525699,0.5668449197860963,1.687672068241658,0.0,0.2554356041666667,0.9066666666666666,0.96,0.9833333333333333,0.570081240688786,0.030845552514018104
300,39,12,13,MCMC,active,50,0.16666666666666666,0.0849966114052215,0.12901433296740272,2.0650711731167837,1.9666655508525699,0.5133689839572192,0.6679142244276361,0.267379679144385,1.364627375,0.48,0.76,0.9,1.826019747576241,0.39386102016404134
300,39,12,13,MLE_plugin,all,50,0.16666666666666666,0.0849966114052215,0.12901433296740272,2.0650711731167837,1.9666655508525699,0.5962566844919787,1.728480893999357,0.0,0.25438002083333333,0.9,0.9566666666666667,0.9833333333333333,0.5843037949022797,0.03589625156785958
300,39,12,13,MLE_plugin,active,50,0.16666666666666666,0.0849966114052215,0.12901433296740272,2.0650711731167837,1.9666655508525699,0.516042780748663,0.6798493120369582,0.267379679144385,1.3031484999999998,0.46,0.76,0.9,1.7833993498071852,0.34981305076285857
300,39,12,13,heuristic,all,50,0.16666666666666666,0.0849966114052215,0.12901433296740272,2.0650711731167837,1.9666655508525699,0.679144385026738,1.8031781069612158,0.0,0.42333333333333334,0.7766666666666666,0.7766666666666666,0.7766666666666666,0.0,0.12224163324330309
300,39,12,13,heuristic,active,50,0.16666666666666666,0.0849966114052215,0.12901433296740272,2.0650711731167837,1.9666655508525699,0.4652406417112299,0.6201825403605989,0.267379679144385,1.74,0.14,0.14,0.14,0.0,0.6297595591483982
300,39,12,26,MCMC,all,59,0.19666666666666666,0.0849966114052215,0.12901433296740272,2.0650711731167837,1.9666655508525699,0.4387755102040817,1.2777364994104725,0.0,0.37611735416666664,0.9066666666666666,0.9433333333333334,0.98,0.9611539899130113,0.04799658995031997
300,39,12,26,MCMC,active,59,0.19666666666666666,0.0849966114052215,0.12901433296740272,2.0650711731167837,1.9666655508525699,0.392128279883382,0.5394354212095593,0.34402332361516036,1.6794529661016953,0.5423728813559322,0.7288135593220338,0.8983050847457628,2.886573419935326,0.3055332714401747
300,39,12,26,MLE_plugin,all,59,0.19666666666666666,0.0849966114052215,0.12901433296740272,2.0650711731167837,1.9666655508525699,0.4548104956268222,1.2265704937587538,0.0,0.3679588125,0.8966666666666666,0.9466666666666667,0.98,0.9779746239170962,0.06938695800812822
300,39,12,26,MLE_plugin,active,59,0.19666666666666666,0.0849966114052215,0.12901433296740272,2.0650711731167837,1.9666655508525699,0.3819241982507289,0.5012458023950446,0.34402332361516036,1.5462304025423728,0.5423728813559322,0.7457627118644068,0.8983050847457628,2.7713159309523387,0.238055226577787
300,39,12,26,heuristic,all,59,0.19666666666666666,0.0849966114052215,0.12901433296740272,2.0650711731167837,1.9666655508525699,0.6472303206997084,1.572723493791391,0.0,0.74,0.71,0.71,0.71,0.0,0.20890829990996976
300,39,12,26,heuristic,active,59,0.19666666666666666,0.0849966114052215,0.12901433296740272,2.0650711731167837,1.9666655508525699,0.37900874635568516,0.49672319141567506,0.34402332361516036,2.2033898305084745,0.1864406779661017,0.1864406779661017,0.1864406779661017,0.0,0.423728813559322
300,39,12,52,MCMC,all,70,0.23333333333333334,0.0849966114052215,0.12901433296740272,2.0650711731167837,1.9666655508525699,0.4120300751879699,1.1482362527678156,0.0,0.6903108124999999,0.8833333333333333,0.9333333333333333,0.98,1.7266546116512518,0.04796836512552233
300,39,12,52,MCMC,active,70,0.23333333333333334,0.0849966114052215,0.12901433296740272,2.0650711731167837,1.9666655508525699,0.3774436090225564,0.5293895208075047,0.2631578947368421,2.669775714285714,0.5142857142857142,0.7285714285714285,0.9142857142857143,4.879880952543327,0.3077699062490458
300,39,12,52,MLE_plugin,all,70,0.23333333333333334,0.0849966114052215,0.12901433296740272,2.0650711731167837,1.9666655508525699,0.4007518796992481,1.0471122756482851,0.0,0.6448280833333333,0.8833333333333333,0.9433333333333334,0.9733333333333334,1.7226851091609832,0.07234715395380747
300,39,12,52,MLE_plugin,active,70,0.23333333333333334,0.0849966114052215,0.12901433296740272,2.0650711731167837,1.9666655508525699,0.3398496240601504,0.45917632421050725,0.21052631578947367,2.3359766964285718,0.5428571428571428,0.7714285714285715,0.9,4.540451820342406,0.21432114128201551
300,39,12,52,heuristic,all,70,0.23333333333333334,0.0849966114052215,0.12901433296740272,2.0650711731167837,1.9666655508525699,0.5774436090225564,1.4793507750313843,0.0,1.28,0.6866666666666666,0.6866666666666666,0.6866666666666666,0.0,0.20890829990996976
300,39,12,52,heuristic,active,70,0.23333333333333334,0.0849966114052215,0.12901433296740272,2.0650711731167837,1.9666655508525699,0.35037593984962406,0.48646093592847556,0.3157894736842105,3.3285714285714287,0.11428571428571428,0.11428571428571428,0.11428571428571428,0.0,0.4571428571428572
300,39,13,13,MCMC,all,80,0.26666666666666666,0.2330586202290299,0.12576822779225383,1.846799446003001,1.9351196392888683,0.5,1.196232214936796,0.0,0.4372087916666667,0.86,0.9266666666666666,0.98,0.9134201649985288,0.03346648306946037
300,39,13,13,MCMC,active,80,0.26666666666666666,0.2330586202290299,0.12576822779225383,1.846799446003001,1.9351196392888683,0.4432432432432432,0.5861812632097713,0.32432432432432434,1.432352734375,0.525,0.75,0.925,2.2902045667941477,0.19262280480582977
300,39,13,13,MLE_plugin,all,80,0.26666666666666666,0.2330586202290299,0.12576822779225383,1.846799446003001,1.9351196392888683,0.49459459459459454,1.1684306119576913,0.0,0.4345130625,0.8566666666666667,0.9333333333333333,0.9733333333333334,0.9023958226921138,0.04147871692570315
300,39,13,13,MLE_plugin,active,80,0.26666666666666666,0.2330586202290299,0.12576822779225383,1.846799446003001,1.9351196392888683,0.44054054054054054,0.5715433465031915,0.21621621621621623,1.43143125,0.5125,0.775,0.9,2.2794399971602823,0.21398028840237487
300,39,13,13,heuristic,all,80,0.26666666666666666,0.2330586202290299,0.12576822779225383,1.846799446003001,1.9351196392888683,0.7891891891891892,2.0714060817686186,0.0,0.9733333333333334,0.6366666666666667,0.6366666666666667,0.6366666666666667,0.0,0.23666666666666666
300,39,13,13,heuristic,active,80,0.26666666666666666,0.2330586202290299,0.12576822779225383,1.846799446003001,1.9351196392888683,0.4378378378378378,0.5730749526788572,0.21621621621621623,2.025,0.125,0.125,0.125,0.0,0.4625
300,39,13,26,MCMC,all,94,0.31333333333333335,0.2330586202290299,0.12576822779225383,1.846799446003001,1.9351196392888683,0.37449118046132973,0.8442520890439604,0.0,0.684323125,0.8466666666666667,0.9266666666666666,0.97,1.553080597348121,0.036050796525665174
300,39,13,26,MCMC,active,94,0.31333333333333335,0.2330586202290299,0.12576822779225383,1.846799446003001,1.9351196392888683,0.34124830393487116,0.4414828535083116,0.25508819538670285,1.9499001329787236,0.5425531914893617,0.776595744680851,0.9042553191489362,3.6438167183292833,0.15864688676350047
300,39,13,26,MLE_plugin,all,94,0.31333333333333335,0.2330586202290299,0.12576822779225383,1.846799446003001,1.9351196392888683,0.36295793758480327,0.8162285899264562,0.0,0.6742187708333333,0.8533333333333334,0.9233333333333333,0.97,1.5673868878929265,0.032064111560690334
300,39,13,26,MLE_plugin,active,94,0.31333333333333335,0.2330586202290299,0.12576822779225383,1.846799446003001,1.9351196392888683,0.33378561736770695,0.4258700319361119,0.25508819538670285,1.9399524601063831,0.5531914893617021,0.7659574468085106,0.9042553191489362,3.7053106559400186,0.17367895628851804
300,39,13,26,heuristic,all,94,0.31333333333333335,0.2330586202290299,0.12576822779225383,1.846799446003001,1.9351196392888683,0.6757123473541384,1.9057856028308753,0.0,1.66,0.5333333333333333,0.5333333333333333,0.5333333333333333,0.0,0.33666666666666667
300,39,13,26,heuristic,active,94,0.31333333333333335,0.2330586202290299,0.12576822779225383,1.846799446003001,1.9351196392888683,0.3202170963364993,0.4488207520335765,0.25508819538670285,2.5106382978723403,0.19148936170212766,0.19148936170212766,0.19148936170212766,0.0,0.4042553191489362
300,39,13,52,MCMC,all,104,0.3466666666666667,0.2330586202290299,0.12576822779225383,1.846799446003001,1.9351196392888683,0.35529081990189204,0.8125014153945792,0.0,1.2669782708333333,0.82,0.91,0.97,2.866683656412307,0.03655599982735419
300,39,13,52,MCMC,active,104,0.3466666666666667,0.2330586202290299,0.12576822779225383,1.846799446003001,1.9351196392888683,0.31955150665732307,0.4411184110272504,0.2186405045550105,3.2619255408653847,0.5288461538461539,0.75,0.9134615384615384,6.379088971671006,0.13541652587103076
300,39,13,52,MLE_plugin,all,104,0.3466666666666667,0.2330586202290299,0.12576822779225383,1.846799446003001,1.9351196392888683,0.34898388227049754,0.8136791512416381,0.0,1.2706583124999997,0.8333333333333334,0.91,0.96,2.908513036712756,0.03863567813165664
300,39,13,52,MLE_plugin,active,104,0.3466666666666667,0.2330586202290299,0.12576822779225383,1.846799446003001,1.9351196392888683,0.3167484232655921,0.443427947289597,0.2186405045550105,3.30183515625,0.5576923076923077,0.7596153846153846,0.8846153846153846,6.544175501070142,0.1668905782369987
300,39,13,52,heuristic,all,104,0.3466666666666667,0.2330586202290299,0.12576822779225383,1.846799446003001,1.9351196392888683,0.6860546601261387,1.958011936819436,0.2102312543798178,3.263333333333333,0.4866666666666667,0.4866666666666667,0.4866666666666667,0.0,0.36333333333333334
300,39,13,52,heuristic,active,104,0.3466666666666667,0.2330586202290299,0.12576822779225383,1.846799446003001,1.9351196392888683,0.3447792571829012,0.48184506153739803,0.2186405045550105,4.730769230769231,0.057692307692307696,0.057692307692307696,0.057692307692307696,0.0,0.5096153846153846
300,39,14,13,MCMC,all,69,0.23,0.25099816515412177,0.17611390258417617,1.919632540714486,2.135059007252983,0.3834134615384615,1.0510471981066924,0.0,0.39001810416666666,0.9066666666666666,0.9566666666666667,0.98,0.8844316027061704,0.03885228188436857
300,39,14,13,MCMC,active,69,0.23,0.25099816515412177,0.17611390258417617,1.919632540714486,2.135059007252983,0.3473557692307692,0.49246148861608496,0.1658653846153846,1.5055445652173913,0.6231884057971014,0.8260869565217391,0.927536231884058,2.513960825990334,0.2267617067094071
300,39,14,13,MLE_plugin,all,69,0.23,0.25099816515412177,0.17611390258417617,1.919632540714486,2.135059007252983,0.4026442307692308,1.0819310711988281,0.0,0.3888706458333333,0.9066666666666666,0.9533333333333334,0.9866666666666667,0.8854216048321558,0.03220202542091022
300,39,14,13,MLE_plugin,active,69,0.23,0.25099816515412177,0.17611390258417617,1.919632540714486,2.135059007252983,0.3641826923076923,0.5064319678991513,0.3317307692307692,1.4989059782608694,0.6231884057971014,0.8115942028985508,0.9420289855072463,2.5054097878735972,0.2568303514366197
300,39,14,13,heuristic,all,69,0.23,0.25099816515412177,0.17611390258417617,1.919632540714486,2.135059007252983,0.5360576923076923,1.292053331766989,0.0,0.7433333333333333,0.6766666666666666,0.6766666666666666,0.6766666666666666,0.0,0.21467236106783566
300,39,14,13,heuristic,active,69,0.23,0.25099816515412177,0.17611390258417617,1.919632540714486,2.135059007252983,0.3173076923076923,0.44827702695923227,0.1658653846153846,1.9130434782608696,0.18840579710144928,0.18840579710144928,0.18840579710144928,0.0,0.46376811594202894
300,39,14,26,MCMC,all,81,0.27,0.25099816515412177,0.17611390258417617,1.919632540714486,2.135059007252983,0.3385481852315394,0.8899098544048558,0.0,0.6737866666666666,0.87,0.9366666666666666,0.9833333333333333,1.5152598033683498,0.03167276544262501
300,39,14,26,MCMC,active,81,0.27,0.25099816515412177,0.17611390258417617,1.919632540714486,2.135059007252983,0.3160200250312891,0.4515828574933914,0.2027534418022528,2.2444759259259257,0.5555555555555556,0.7777777777777778,0.9506172839506173,3.993446148750832,0.19965464324386073
300,39,14,26,MLE_plugin,all,81,0.27,0.25099816515412177,0.17611390258417617,1.919632540714486,2.135059007252983,0.34042553191489355,0.8957652369099792,0.0,0.6702285208333333,0.8633333333333333,0.94,0.9833333333333333,1.5360052768788035,0.032562109406019335
300,39,14,26,MLE_plugin,active,81,0.27,0.25099816515412177,0.17611390258417617,1.919632540714486,2.135059007252983,0.3204005006257822,0.4549768181666743,0.2027534418022528,2.233419212962963,0.5308641975308642,0.7901234567901234,0.9506172839506173,4.013560586877632,0.19178210577686017
300,39,14,26,heuristic,all,81,0.27,0.25099816515412177,0.17611390258417617,1.919632540714486,2.135059007252983,0.5356695869837297,1.2346795950076117,0.0,1.4266666666666667,0.56,0.56,0.56,0.0,0.31467236106783564
300,39,14,26,heuristic,active,81,0.27,0.25099816515412177,0.17611390258417617,1.919632540714486,2.135059007252983,0.28911138923654567,0.418896585321861,0.2027534418022528,2.8518518518518516,0.12345679012345678,0.12345679012345678,0.12345679012345678,0.0,0.45679012345679015
300,39,14,52,MCMC,all,87,0.29,0.25099816515412177,0.17611390258417617,1.919632540714486,2.135059007252983,0.3539765319426337,0.9166308082542677,0.0,1.3310982083333334,0.8133333333333334,0.9133333333333333,0.9766666666666667,2.840776456008226,0.03011063791701718
300,39,14,52,MCMC,active,87,0.29,0.25099816515412177,0.17611390258417617,1.919632540714486,2.135059007252983,0.3318122555410691,0.48332722801885153,0.22685788787483702,4.166290445402297,0.41379310344827586,0.7126436781609196,0.9310344827586207,7.322347297990305,0.2743064237272519
300,39,14,52,MLE_plugin,all,87,0.29,0.25099816515412177,0.17611390258417617,1.919632540714486,2.135059007252983,0.35853976531942633,0.9048371400026535,0.0,1.3196873333333334,0.8166666666666667,0.9233333333333333,0.98,2.884839193100717,0.028978504747933675
300,39,14,52,MLE_plugin,active,87,0.29,0.25099816515412177,0.17611390258417617,1.919632540714486,2.135059007252983,0.3360495436766623,0.4770619220379342,0.22685788787483702,4.112287931034482,0.42528735632183906,0.7471264367816092,0.9425287356321839,7.357318679136176,0.2722202774908946
300,39,14,52,heuristic,all,87,0.29,0.25099816515412177,0.17611390258417617,1.919632540714486,2.135059007252983,0.5554106910039113,1.3122929440883229,0.0,2.84,0.5266666666666666,0.5266666666666666,0.5266666666666666,0.0,0.32133902773450235
300,39,14,52,heuristic,active,87,0.29,0.25099816515412177,0.17611390258417617,1.919632540714486,2.135059007252983,0.31225554106910036,0.4791980380924345,0.17014341590612778,5.505747126436781,0.04597701149425287,0.04597701149425287,0.04597701149425287,0.0,0.5172413793103448
