estimator,kind,pehe,rank,coverage90,policy_pct,target,structure,assignment,delta,seed
econml_T,cate,366.31883112456984,-0.06919488242817289,,0.4046425516191178,mu,homogeneous,randomized,0.2,0
econml_X,cate,308.3580402044536,-0.08903251465614376,,0.4378413519207523,mu,homogeneous,randomized,0.2,0
econml_DR,cate,844.5909120360858,-0.039979507579321345,,0.4560139425872282,mu,homogeneous,randomized,0.2,0
econml_CausalForest,cate,39.41905603499048,0.13173920230915429,0.8738888888888889,0.6918498900221868,mu,homogeneous,randomized,0.2,0
causalml_T,cate,366.31883112456984,-0.06919488242817289,,0.4046425516191178,mu,homogeneous,randomized,0.2,0
causalml_X,cate,307.1041246158512,-0.0995452822040461,,0.408184336783024,mu,homogeneous,randomized,0.2,0
structural_BTYD,cate,53.74439546003265,-0.21857119120182186,,0.09342147336879317,mu,homogeneous,randomized,0.2,0
conformal_ITE,cate,350.92781418889155,0.03851316669854819,0.9722222222222222,0.6512672477469601,mu,homogeneous,randomized,0.2,0
base_value,baseline,,,,0.989868180230575,mu,homogeneous,randomized,0.2,0
base_risk,baseline,,,,6.3325151493061666e-06,mu,homogeneous,randomized,0.2,0
random,baseline,,,,0.22085998628321826,mu,homogeneous,randomized,0.2,0
econml_T,cate,343.4586852581102,0.013608678037092271,,0.504220771699933,mu,homogeneous,randomized,0.2,1
econml_X,cate,285.1464982048499,0.004023893176741331,,0.5090571695857047,mu,homogeneous,randomized,0.2,1
econml_DR,cate,801.7472316426175,-0.005962876160434731,,0.4973530852329117,mu,homogeneous,randomized,0.2,1
econml_CausalForest,cate,112.48949930583025,0.48283600982438485,0.8933333333333333,0.9792758422443646,mu,homogeneous,randomized,0.2,1
causalml_T,cate,343.4586852581102,0.013608678037092271,,0.504220771699933,mu,homogeneous,randomized,0.2,1
causalml_X,cate,264.6626799481587,0.017612146643479158,,0.5023966873827367,mu,homogeneous,randomized,0.2,1
structural_BTYD,cate,43.836171699569775,0.42354680206642886,,0.9559243409435636,mu,homogeneous,randomized,0.2,1
conformal_ITE,cate,342.4218934796726,0.0574738665284695,0.9744444444444444,0.49318729605285955,mu,homogeneous,randomized,0.2,1
base_value,baseline,,,,0.9931451682881902,mu,homogeneous,randomized,0.2,1
base_risk,baseline,,,,3.315062435444524e-05,mu,homogeneous,randomized,0.2,1
random,baseline,,,,0.2853366454579424,mu,homogeneous,randomized,0.2,1
econml_T,cate,449.3528473342442,-0.021855517338872983,,0.5416809098467761,mu,homogeneous,randomized,0.2,2
econml_X,cate,390.4143842681562,-0.0073949029218544765,,0.5696776148056827,mu,homogeneous,randomized,0.2,2
econml_DR,cate,1412.2961132054697,-0.04485169277616927,,0.6257777520014738,mu,homogeneous,randomized,0.2,2
econml_CausalForest,cate,178.69773055974622,0.12271043066880799,0.8516666666666667,0.8239011120204125,mu,homogeneous,randomized,0.2,2
causalml_T,cate,449.3528473342442,-0.021855517338872983,,0.5416809098467761,mu,homogeneous,randomized,0.2,2
causalml_X,cate,385.9688299290469,-0.00986981920794275,,0.5550099151130192,mu,homogeneous,randomized,0.2,2
structural_BTYD,cate,37.773170900616485,0.30758986338450395,,0.9338531131111092,mu,homogeneous,randomized,0.2,2
conformal_ITE,cate,511.93300939944714,-0.032669589867234394,0.9438888888888889,0.668944337764539,mu,homogeneous,randomized,0.2,2
base_value,baseline,,,,0.9950356281950914,mu,homogeneous,randomized,0.2,2
base_risk,baseline,,,,0.00016162192343187884,mu,homogeneous,randomized,0.2,2
random,baseline,,,,0.2993934778875808,mu,homogeneous,randomized,0.2,2
econml_T,cate,442.3282461672393,0.06579335282146155,,0.501037046766446,mu,homogeneous,randomized,0.2,3
econml_X,cate,350.43094085984967,0.08156547071030618,,0.4970460091102788,mu,homogeneous,randomized,0.2,3
econml_DR,cate,1146.6340477496658,0.03064749409758152,,0.5038958831412209,mu,homogeneous,randomized,0.2,3
econml_CausalForest,cate,120.14954247530758,0.2542139897304611,0.9438888888888889,0.4425090692595178,mu,homogeneous,randomized,0.2,3
causalml_T,cate,442.3282461672393,0.06579335282146155,,0.501037046766446,mu,homogeneous,randomized,0.2,3
causalml_X,cate,350.29927962644473,0.10178515368000708,,0.537933025689996,mu,homogeneous,randomized,0.2,3
structural_BTYD,cate,43.77786812586974,-0.20673637714874749,,0.0821588230238111,mu,homogeneous,randomized,0.2,3
conformal_ITE,cate,413.26444121882196,0.09324747493771447,0.96,0.5871574119142776,mu,homogeneous,randomized,0.2,3
base_value,baseline,,,,0.9879752039820702,mu,homogeneous,randomized,0.2,3
base_risk,baseline,,,,0.00016813327968266721,mu,homogeneous,randomized,0.2,3
random,baseline,,,,0.22869001092051125,mu,homogeneous,randomized,0.2,3
econml_T,cate,489.5502936668735,0.0028047457298346463,,0.5556122064021449,mu,homogeneous,randomized,0.2,4
econml_X,cate,391.50924293740803,-0.013894972355504421,,0.5119149139132636,mu,homogeneous,randomized,0.2,4
econml_DR,cate,1357.5773528013394,-0.004782643734992363,,0.4712692532859684,mu,homogeneous,randomized,0.2,4
econml_CausalForest,cate,45.54723033541205,0.04143091749459589,0.9272222222222222,0.5477329593220889,mu,homogeneous,randomized,0.2,4
causalml_T,cate,489.5502936668735,0.0028047457298346463,,0.5556122064021449,mu,homogeneous,randomized,0.2,4
causalml_X,cate,397.804342768126,-0.0246169528449917,,0.5217329549769174,mu,homogeneous,randomized,0.2,4
structural_BTYD,cate,53.36370191525935,-0.42247296336971885,,0.00682516481809358,mu,homogeneous,randomized,0.2,4
conformal_ITE,cate,425.72911747433074,0.11011730004700217,0.9661111111111111,0.6038422435691075,mu,homogeneous,randomized,0.2,4
base_value,baseline,,,,0.9946539146625281,mu,homogeneous,randomized,0.2,4
base_risk,baseline,,,,0.0017612986672516,mu,homogeneous,randomized,0.2,4
random,baseline,,,,0.28094811121043034,mu,homogeneous,randomized,0.2,4
econml_T,cate,407.6650470832469,0.013617242096779633,,0.5208973087413786,mu,homogeneous,randomized,0.2,5
econml_X,cate,324.72674710123607,0.002003445486994536,,0.5192238939998193,mu,homogeneous,randomized,0.2,5
econml_DR,cate,1013.9785272045623,0.04258805733037401,,0.4935395885009618,mu,homogeneous,randomized,0.2,5
econml_CausalForest,cate,115.48283065969939,-0.42781296100751404,0.9188888888888889,0.036923789483683876,mu,homogeneous,randomized,0.2,5
causalml_T,cate,407.6650470832469,0.013617242096779633,,0.5208973087413786,mu,homogeneous,randomized,0.2,5
causalml_X,cate,328.73394996379335,0.006789507764629726,,0.5760545924834556,mu,homogeneous,randomized,0.2,5
structural_BTYD,cate,52.08730066618105,0.3012803583945277,,0.944214775324154,mu,homogeneous,randomized,0.2,5
conformal_ITE,cate,375.9523137056998,0.03317619649139503,0.9777777777777777,0.6246332386262448,mu,homogeneous,randomized,0.2,5
base_value,baseline,,,,0.9929329362963221,mu,homogeneous,randomized,0.2,5
base_risk,baseline,,,,7.67319484915703e-05,mu,homogeneous,randomized,0.2,5
random,baseline,,,,0.2043228570330641,mu,homogeneous,randomized,0.2,5
econml_T,cate,390.8398789359131,0.007732245237182535,,0.49572639559923587,mu,homogeneous,randomized,0.2,6
econml_X,cate,304.6130134850642,-0.0026896823257356504,,0.4455435447947992,mu,homogeneous,randomized,0.2,6
econml_DR,cate,1102.7804184827874,-0.036381019255885765,,0.4009947841385323,mu,homogeneous,randomized,0.2,6
econml_CausalForest,cate,81.7741204914668,0.056527474714822466,0.9372222222222222,0.20897025604562658,mu,homogeneous,randomized,0.2,6
causalml_T,cate,390.8398789359131,0.007732245237182535,,0.49572639559923587,mu,homogeneous,randomized,0.2,6
causalml_X,cate,311.9319404930576,3.115919298609819e-05,,0.45937039888486114,mu,homogeneous,randomized,0.2,6
structural_BTYD,cate,34.6878341134601,0.379672855704144,,0.9195413798315631,mu,homogeneous,randomized,0.2,6
conformal_ITE,cate,434.0604796763245,-0.0036642463543454526,0.9633333333333334,0.3811594066703956,mu,homogeneous,randomized,0.2,6
base_value,baseline,,,,0.9836967542465249,mu,homogeneous,randomized,0.2,6
base_risk,baseline,,,,0.0003714685895061355,mu,homogeneous,randomized,0.2,6
random,baseline,,,,0.25915974436999417,mu,homogeneous,randomized,0.2,6
econml_T,cate,425.4351497512538,0.01573405688459476,,0.595672000606903,mu,homogeneous,randomized,0.2,7
econml_X,cate,331.8858716335759,-0.0308336476297083,,0.5058183181406648,mu,homogeneous,randomized,0.2,7
econml_DR,cate,860.0006060792592,0.014687557137188568,,0.5644518183962127,mu,homogeneous,randomized,0.2,7
econml_CausalForest,cate,52.22114416774369,0.2549809891116632,0.8833333333333333,0.8567420525435789,mu,homogeneous,randomized,0.2,7
causalml_T,cate,425.4351497512538,0.01573405688459476,,0.595672000606903,mu,homogeneous,randomized,0.2,7
causalml_X,cate,337.4755344525484,-0.013682314497031434,,0.5188631411223937,mu,homogeneous,randomized,0.2,7
structural_BTYD,cate,74.26066324891944,0.23749637600901677,,0.9211286654383389,mu,homogeneous,randomized,0.2,7
conformal_ITE,cate,516.4974962476925,0.03729436916286553,0.9622222222222222,0.5989207572807679,mu,homogeneous,randomized,0.2,7
base_value,baseline,,,,0.9814009847683643,mu,homogeneous,randomized,0.2,7
base_risk,baseline,,,,0.0006586080135771304,mu,homogeneous,randomized,0.2,7
random,baseline,,,,0.395808109830206,mu,homogeneous,randomized,0.2,7
econml_T,cate,545.876570399874,0.010849749057249244,,0.554066624519296,mu,homogeneous,randomized,0.2,8
econml_X,cate,498.0436433749427,-0.0039597366860946405,,0.5933754560967023,mu,homogeneous,randomized,0.2,8
econml_DR,cate,1333.999489306219,0.05453867083493396,,0.6238551974239989,mu,homogeneous,randomized,0.2,8
econml_CausalForest,cate,193.90417792432842,0.49702524749436455,0.8561111111111112,0.9831815860242872,mu,homogeneous,randomized,0.2,8
causalml_T,cate,545.876570399874,0.010849749057249244,,0.554066624519296,mu,homogeneous,randomized,0.2,8
causalml_X,cate,500.02332693299945,-0.008696986224620137,,0.5888483453760147,mu,homogeneous,randomized,0.2,8
structural_BTYD,cate,48.55022233549557,-0.4255619001572599,,0.00592139826465283,mu,homogeneous,randomized,0.2,8
conformal_ITE,cate,620.6225830747401,-0.08159279117390383,0.9572222222222222,0.5526321243584944,mu,homogeneous,randomized,0.2,8
base_value,baseline,,,,0.9914164869698404,mu,homogeneous,randomized,0.2,8
base_risk,baseline,,,,0.0012234772308494812,mu,homogeneous,randomized,0.2,8
random,baseline,,,,0.334354328087701,mu,homogeneous,randomized,0.2,8
econml_T,cate,469.0025114093072,-0.03866765607211072,,0.4402285486556471,mu,homogeneous,randomized,0.2,9
econml_X,cate,397.7290762794339,-0.0008997943584180076,,0.462081010399722,mu,homogeneous,randomized,0.2,9
econml_DR,cate,920.8365711997893,-0.07212263718023,,0.3930534246452756,mu,homogeneous,randomized,0.2,9
econml_CausalForest,cate,152.2661232697565,-0.19284914440630416,0.8588888888888889,0.37216736538384343,mu,homogeneous,randomized,0.2,9
causalml_T,cate,469.0025114093072,-0.03866765607211072,,0.4402285486556471,mu,homogeneous,randomized,0.2,9
causalml_X,cate,402.00801932476134,-0.00245601719583372,,0.4682997848907235,mu,homogeneous,randomized,0.2,9
structural_BTYD,cate,32.24300083990292,-0.4290353031767877,,0.0022485903187159755,mu,homogeneous,randomized,0.2,9
conformal_ITE,cate,493.27315883081246,-0.04004495858969012,0.9527777777777777,0.4447820715716358,mu,homogeneous,randomized,0.2,9
base_value,baseline,,,,0.9773197975590565,mu,homogeneous,randomized,0.2,9
base_risk,baseline,,,,0.0005781692219373102,mu,homogeneous,randomized,0.2,9
random,baseline,,,,0.3135504826301512,mu,homogeneous,randomized,0.2,9
econml_T,cate,368.7389558524441,-0.03878440279716532,,0.4263147182067777,mu,homogeneous,randomized,0.35,0
econml_X,cate,300.42354346026656,-0.033812816218565286,,0.4504896881028015,mu,homogeneous,randomized,0.35,0
econml_DR,cate,805.3937919653574,0.021531559526820482,,0.5028729013490059,mu,homogeneous,randomized,0.35,0
econml_CausalForest,cate,68.52616102072184,-0.04892152170603571,0.8455555555555555,0.6127172133945733,mu,homogeneous,randomized,0.35,0
causalml_T,cate,368.7389558524441,-0.03878440279716532,,0.4263147182067777,mu,homogeneous,randomized,0.35,0
causalml_X,cate,306.10599336552855,-0.044456911944034304,,0.4331234111395684,mu,homogeneous,randomized,0.35,0
structural_BTYD,cate,65.50791290634176,-0.2072431454662267,,0.09645937635707862,mu,homogeneous,randomized,0.35,0
conformal_ITE,cate,344.39032911558456,0.05026457416170981,0.9705555555555555,0.563409013850208,mu,homogeneous,randomized,0.35,0
base_value,baseline,,,,0.9903786825472932,mu,homogeneous,randomized,0.35,0
base_risk,baseline,,,,6.088348734810257e-06,mu,homogeneous,randomized,0.35,0
random,baseline,,,,0.26823354336574085,mu,homogeneous,randomized,0.35,0
econml_T,cate,402.7251267069846,0.04572717261300185,,0.5538562538722366,mu,homogeneous,randomized,0.35,1
econml_X,cate,329.55034562773557,0.07471697396672308,,0.5952566001347848,mu,homogeneous,randomized,0.35,1
econml_DR,cate,711.3886289485041,0.042206234206636405,,0.5406310828815905,mu,homogeneous,randomized,0.35,1
econml_CausalForest,cate,85.56237439807781,0.4728205996979584,0.8888888888888888,0.97563544622343,mu,homogeneous,randomized,0.35,1
causalml_T,cate,402.7251267069846,0.04572717261300185,,0.5538562538722366,mu,homogeneous,randomized,0.35,1
causalml_X,cate,314.4705712419302,0.0862080323815591,,0.5956289651799839,mu,homogeneous,randomized,0.35,1
structural_BTYD,cate,61.715309234808714,0.4029149589834978,,0.957138757421586,mu,homogeneous,randomized,0.35,1
conformal_ITE,cate,333.17877112066094,0.02340888948094787,0.9716666666666667,0.5741741933596624,mu,homogeneous,randomized,0.35,1
base_value,baseline,,,,0.9941939572156505,mu,homogeneous,randomized,0.35,1
base_risk,baseline,,,,3.244288630359699e-05,mu,homogeneous,randomized,0.35,1
random,baseline,,,,0.29394355264291894,mu,homogeneous,randomized,0.35,1
econml_T,cate,442.3408877772895,-0.022266087217484704,,0.5363845658933438,mu,homogeneous,randomized,0.35,2
econml_X,cate,390.04386487887064,-0.014950247729035162,,0.5768021745730675,mu,homogeneous,randomized,0.35,2
econml_DR,cate,870.7017438416298,-0.07927535386411513,,0.4687922431288874,mu,homogeneous,randomized,0.35,2
econml_CausalForest,cate,181.73480187250172,0.12422677167673585,0.8444444444444444,0.8274091619361832,mu,homogeneous,randomized,0.35,2
causalml_T,cate,442.3408877772895,-0.022266087217484704,,0.5363845658933438,mu,homogeneous,randomized,0.35,2
causalml_X,cate,384.09801269379244,-0.012303352604377217,,0.561477391988573,mu,homogeneous,randomized,0.35,2
structural_BTYD,cate,72.92535035043903,0.2788141186751249,,0.9325221385874057,mu,homogeneous,randomized,0.35,2
conformal_ITE,cate,502.7231913128583,-0.029869392729000497,0.9505555555555556,0.6694885786788587,mu,homogeneous,randomized,0.35,2
base_value,baseline,,,,0.9953348893415165,mu,homogeneous,randomized,0.35,2
base_risk,baseline,,,,0.00015846951661701195,mu,homogeneous,randomized,0.35,2
random,baseline,,,,0.29772811357437623,mu,homogeneous,randomized,0.35,2
econml_T,cate,388.61100678399373,0.040729342287453014,,0.501498177847821,mu,homogeneous,randomized,0.35,3
econml_X,cate,319.9773638337055,0.07232134065162928,,0.4967735156647352,mu,homogeneous,randomized,0.35,3
econml_DR,cate,856.7876950928463,0.037871532530551776,,0.5223987998410324,mu,homogeneous,randomized,0.35,3
econml_CausalForest,cate,165.56086515682054,0.25375654109067575,0.8661111111111112,0.3509443873630314,mu,homogeneous,randomized,0.35,3
causalml_T,cate,388.61100678399373,0.040729342287453014,,0.501498177847821,mu,homogeneous,randomized,0.35,3
causalml_X,cate,323.36356450902906,0.07006792257007642,,0.5132154590830859,mu,homogeneous,randomized,0.35,3
structural_BTYD,cate,63.342191944600536,-0.20642055315695948,,0.08210226051204048,mu,homogeneous,randomized,0.35,3
conformal_ITE,cate,300.1171897570604,0.026800522289082182,0.9716666666666667,0.5575411467567963,mu,homogeneous,randomized,0.35,3
base_value,baseline,,,,0.9887942851367901,mu,homogeneous,randomized,0.35,3
base_risk,baseline,,,,0.00016223953015922888,mu,homogeneous,randomized,0.35,3
random,baseline,,,,0.2504409979016421,mu,homogeneous,randomized,0.35,3
econml_T,cate,448.9848497944256,-0.05135438596172854,,0.540980487062939,mu,homogeneous,randomized,0.35,4
econml_X,cate,357.3329483080767,-0.08455713220141353,,0.5099374275753648,mu,homogeneous,randomized,0.35,4
econml_DR,cate,881.1357976538404,-0.06378165718403177,,0.5624941602586472,mu,homogeneous,randomized,0.35,4
econml_CausalForest,cate,67.88989045855281,0.11215232267947645,0.8983333333333333,0.762576550153586,mu,homogeneous,randomized,0.35,4
causalml_T,cate,448.9848497944256,-0.05135438596172854,,0.540980487062939,mu,homogeneous,randomized,0.35,4
causalml_X,cate,364.87802624771257,-0.07588804400040192,,0.5099114155593055,mu,homogeneous,randomized,0.35,4
structural_BTYD,cate,73.07123687103619,-0.37846284436671823,,0.006724141129181502,mu,homogeneous,randomized,0.35,4
conformal_ITE,cate,506.1654157326169,0.007633003543882394,0.9522222222222222,0.5270276551958751,mu,homogeneous,randomized,0.35,4
base_value,baseline,,,,0.9950141583960938,mu,homogeneous,randomized,0.35,4
base_risk,baseline,,,,0.0017451281233326246,mu,homogeneous,randomized,0.35,4
random,baseline,,,,0.21356782917389583,mu,homogeneous,randomized,0.35,4
econml_T,cate,409.4937016382224,0.019408623493871464,,0.5538015055016182,mu,homogeneous,randomized,0.35,5
econml_X,cate,322.41980162536515,0.0023864007963498284,,0.5113057229358078,mu,homogeneous,randomized,0.35,5
econml_DR,cate,877.9822380910279,0.03486362068137442,,0.49430003619190194,mu,homogeneous,randomized,0.35,5
econml_CausalForest,cate,132.2259484906951,-0.3398661400453302,0.8316666666666667,0.08539107114578118,mu,homogeneous,randomized,0.35,5
causalml_T,cate,409.4937016382224,0.019408623493871464,,0.5538015055016182,mu,homogeneous,randomized,0.35,5
causalml_X,cate,326.80171763449306,0.012509052706601968,,0.5748194512865884,mu,homogeneous,randomized,0.35,5
structural_BTYD,cate,69.39582376856534,0.3027835420088363,,0.9448747668259346,mu,homogeneous,randomized,0.35,5
conformal_ITE,cate,369.10815619117426,0.06603437193604664,0.9722222222222222,0.6501345457817488,mu,homogeneous,randomized,0.35,5
base_value,baseline,,,,0.9936726361267169,mu,homogeneous,randomized,0.35,5
base_risk,baseline,,,,7.322793835197657e-05,mu,homogeneous,randomized,0.35,5
random,baseline,,,,0.2046356660649195,mu,homogeneous,randomized,0.35,5
econml_T,cate,400.16265147826044,0.049426808383389045,,0.5161234931827445,mu,homogeneous,randomized,0.35,6
econml_X,cate,292.07578910794524,0.02182979589660045,,0.5500327310446821,mu,homogeneous,randomized,0.35,6
econml_DR,cate,956.513842489919,0.037918055434920904,,0.595788196068976,mu,homogeneous,randomized,0.35,6
econml_CausalForest,cate,97.96365264125518,0.16432213374198773,0.9011111111111111,0.29966036324101314,mu,homogeneous,randomized,0.35,6
causalml_T,cate,400.16265147826044,0.049426808383389045,,0.5161234931827445,mu,homogeneous,randomized,0.35,6
causalml_X,cate,300.4540772637419,0.013062229905463579,,0.5466789388961746,mu,homogeneous,randomized,0.35,6
structural_BTYD,cate,62.08679796803814,0.4213400810046894,,0.956669749988048,mu,homogeneous,randomized,0.35,6
conformal_ITE,cate,448.01464266246154,-0.01822409673655522,0.9627777777777777,0.3415288500276346,mu,homogeneous,randomized,0.35,6
base_value,baseline,,,,0.9845145000038695,mu,homogeneous,randomized,0.35,6
base_risk,baseline,,,,0.00037416971707100234,mu,homogeneous,randomized,0.35,6
random,baseline,,,,0.23555392308720624,mu,homogeneous,randomized,0.35,6
econml_T,cate,430.8054928540173,0.04175746525802317,,0.6441912875935611,mu,homogeneous,randomized,0.35,7
econml_X,cate,352.7490909456608,0.028075267726324994,,0.6815175659178598,mu,homogeneous,randomized,0.35,7
econml_DR,cate,749.59240487547,-0.001619900903972022,,0.5828898644020244,mu,homogeneous,randomized,0.35,7
econml_CausalForest,cate,66.0086612503629,0.2820298134544722,0.9138888888888889,0.9118148125536087,mu,homogeneous,randomized,0.35,7
causalml_T,cate,430.8054928540173,0.04175746525802317,,0.6441912875935611,mu,homogeneous,randomized,0.35,7
causalml_X,cate,362.904876807244,0.029635090848692976,,0.6633010058486632,mu,homogeneous,randomized,0.35,7
structural_BTYD,cate,83.17368106571391,0.23720637975237668,,0.9216027017672869,mu,homogeneous,randomized,0.35,7
conformal_ITE,cate,474.9304155588856,0.030785568832632004,0.9666666666666667,0.6070986528868253,mu,homogeneous,randomized,0.35,7
base_value,baseline,,,,0.9822271889751231,mu,homogeneous,randomized,0.35,7
base_risk,baseline,,,,0.0007077738150545002,mu,homogeneous,randomized,0.35,7
random,baseline,,,,0.2586346558640856,mu,homogeneous,randomized,0.35,7
econml_T,cate,414.66710989539524,0.05189942846978755,,0.6356349857432844,mu,homogeneous,randomized,0.35,8
econml_X,cate,363.4909928173221,0.021463067614009308,,0.6330788134778715,mu,homogeneous,randomized,0.35,8
econml_DR,cate,987.479875544271,0.05140482466031948,,0.6101177180778393,mu,homogeneous,randomized,0.35,8
econml_CausalForest,cate,176.55849930581613,0.4683219369623419,0.8155555555555556,0.9798424621194517,mu,homogeneous,randomized,0.35,8
causalml_T,cate,414.66710989539524,0.05189942846978755,,0.6356349857432844,mu,homogeneous,randomized,0.35,8
causalml_X,cate,360.25523811795784,0.029908244473111367,,0.6479152851924401,mu,homogeneous,randomized,0.35,8
structural_BTYD,cate,70.46580289688386,-0.28817268726132017,,0.06114986730657535,mu,homogeneous,randomized,0.35,8
conformal_ITE,cate,434.16051321407906,0.005534480828929257,0.9661111111111111,0.5834748322430368,mu,homogeneous,randomized,0.35,8
base_value,baseline,,,,0.9917443665277429,mu,homogeneous,randomized,0.35,8
base_risk,baseline,,,,0.0012258687845064747,mu,homogeneous,randomized,0.35,8
random,baseline,,,,0.2721587391714725,mu,homogeneous,randomized,0.35,8
econml_T,cate,422.56208304721355,-0.008427575082039743,,0.44317731108999764,mu,homogeneous,randomized,0.35,9
econml_X,cate,343.5128075537568,-0.005956121984652847,,0.45681525556932195,mu,homogeneous,randomized,0.35,9
econml_DR,cate,1164.784786137843,-0.04531422833088852,,0.450396317620636,mu,homogeneous,randomized,0.35,9
econml_CausalForest,cate,137.3430575512647,-0.13105042592460187,0.8411111111111111,0.3763248943237804,mu,homogeneous,randomized,0.35,9
causalml_T,cate,422.56208304721355,-0.008427575082039743,,0.44317731108999764,mu,homogeneous,randomized,0.35,9
causalml_X,cate,347.27203320007334,-0.01965550403030994,,0.45271471634070776,mu,homogeneous,randomized,0.35,9
structural_BTYD,cate,43.46058599807706,0.4112701037087761,,0.9538869938427107,mu,homogeneous,randomized,0.35,9
conformal_ITE,cate,483.7315292755556,-0.029166609589999174,0.9566666666666667,0.3994924632643651,mu,homogeneous,randomized,0.35,9
base_value,baseline,,,,0.9775811277171829,mu,homogeneous,randomized,0.35,9
base_risk,baseline,,,,0.0005619455511490571,mu,homogeneous,randomized,0.35,9
random,baseline,,,,0.30184348406412637,mu,homogeneous,randomized,0.35,9
econml_T,cate,393.99105749268233,-0.05443341512132411,,0.4206472786168572,mu,homogeneous,randomized,0.5,0
econml_X,cate,312.8841002608279,-0.0727941119958113,,0.46347672376586313,mu,homogeneous,randomized,0.5,0
econml_DR,cate,778.6915908785201,-0.039354532564530566,,0.4413034304786483,mu,homogeneous,randomized,0.5,0
econml_CausalForest,cate,98.90037458988964,0.07037840080953549,0.9061111111111111,0.6298357262253187,mu,homogeneous,randomized,0.5,0
causalml_T,cate,393.99105749268233,-0.05443341512132411,,0.4206472786168572,mu,homogeneous,randomized,0.5,0
causalml_X,cate,316.3673447997129,-0.07116904019970904,,0.4283607226679766,mu,homogeneous,randomized,0.5,0
structural_BTYD,cate,90.62682336230772,0.39691641246641185,,0.8565101420846368,mu,homogeneous,randomized,0.5,0
conformal_ITE,cate,457.4307562734953,0.07232003311426237,0.9661111111111111,0.6269898943557385,mu,homogeneous,randomized,0.5,0
base_value,baseline,,,,0.9905750444541821,mu,homogeneous,randomized,0.5,0
base_risk,baseline,,,,5.842037817063993e-06,mu,homogeneous,randomized,0.5,0
random,baseline,,,,0.3717375564780651,mu,homogeneous,randomized,0.5,0
econml_T,cate,436.0141510291963,0.0640968186465306,,0.5753672367217936,mu,homogeneous,randomized,0.5,1
econml_X,cate,365.1992878421719,0.10503415288504601,,0.6476385156154701,mu,homogeneous,randomized,0.5,1
econml_DR,cate,938.2052444731358,0.11408554170710945,,0.5612341674082872,mu,homogeneous,randomized,0.5,1
econml_CausalForest,cate,103.4826735657089,0.40073659139913526,0.9077777777777778,0.9708810167434541,mu,homogeneous,randomized,0.5,1
causalml_T,cate,436.0141510291963,0.0640968186465306,,0.5753672367217936,mu,homogeneous,randomized,0.5,1
causalml_X,cate,350.56966257147025,0.1097948292549848,,0.6473401088790426,mu,homogeneous,randomized,0.5,1
structural_BTYD,cate,82.71211585875864,0.4231267013398696,,0.9578101105865251,mu,homogeneous,randomized,0.5,1
conformal_ITE,cate,388.62104607300074,0.017746666786190617,0.9716666666666667,0.6015859630301384,mu,homogeneous,randomized,0.5,1
base_value,baseline,,,,0.9946414098559084,mu,homogeneous,randomized,0.5,1
base_risk,baseline,,,,3.166685940525041e-05,mu,homogeneous,randomized,0.5,1
random,baseline,,,,0.369524191862115,mu,homogeneous,randomized,0.5,1
econml_T,cate,455.68412748659057,0.010773636357741308,,0.544401891461675,mu,homogeneous,randomized,0.5,2
econml_X,cate,371.66634200842475,-0.01956720533723927,,0.5377712142933841,mu,homogeneous,randomized,0.5,2
econml_DR,cate,1121.5526287673922,-0.02848289717703701,,0.606724694512045,mu,homogeneous,randomized,0.5,2
econml_CausalForest,cate,213.3057285526114,0.05206156048397647,0.8044444444444444,0.7579734621728005,mu,homogeneous,randomized,0.5,2
causalml_T,cate,455.68412748659057,0.010773636357741308,,0.544401891461675,mu,homogeneous,randomized,0.5,2
causalml_X,cate,375.4929244591912,-0.01928665475312373,,0.5367078569904034,mu,homogeneous,randomized,0.5,2
structural_BTYD,cate,112.96433284330918,0.30691273940482755,,0.9351675555456921,mu,homogeneous,randomized,0.5,2
conformal_ITE,cate,518.3323369727452,-0.026360132678145198,0.9488888888888889,0.6321506897769228,mu,homogeneous,randomized,0.5,2
base_value,baseline,,,,0.9955048478119769,mu,homogeneous,randomized,0.5,2
base_risk,baseline,,,,0.00015492177776300805,mu,homogeneous,randomized,0.5,2
random,baseline,,,,0.2409552260272412,mu,homogeneous,randomized,0.5,2
econml_T,cate,404.0477844289083,0.10454287096687118,,0.58169815379318,mu,homogeneous,randomized,0.5,3
econml_X,cate,323.78711741579235,0.12142464947483682,,0.6032412663818987,mu,homogeneous,randomized,0.5,3
econml_DR,cate,1045.6051280416593,0.13310508779832014,,0.5952033592356559,mu,homogeneous,randomized,0.5,3
econml_CausalForest,cate,123.9307928179585,0.2943171746811372,0.86,0.40291783257643987,mu,homogeneous,randomized,0.5,3
causalml_T,cate,404.0477844289083,0.10454287096687118,,0.58169815379318,mu,homogeneous,randomized,0.5,3
causalml_X,cate,327.6969188279929,0.12860345824803707,,0.6067615633118227,mu,homogeneous,randomized,0.5,3
structural_BTYD,cate,82.72443814376987,0.32827850866578395,,0.8455628015812694,mu,homogeneous,randomized,0.5,3
conformal_ITE,cate,344.0481938653993,0.10019832675778359,0.9772222222222222,0.6291474403133998,mu,homogeneous,randomized,0.5,3
base_value,baseline,,,,0.9891951766093954,mu,homogeneous,randomized,0.5,3
base_risk,baseline,,,,0.00015615737280016737,mu,homogeneous,randomized,0.5,3
random,baseline,,,,0.33011134916077106,mu,homogeneous,randomized,0.5,3
econml_T,cate,526.3420570649622,0.038641728652114855,,0.5445983580943436,mu,homogeneous,randomized,0.5,4
econml_X,cate,435.4032057032451,-0.010001586799684483,,0.4793584468958514,mu,homogeneous,randomized,0.5,4
econml_DR,cate,886.631282003277,0.026518438223983212,,0.5456371147750998,mu,homogeneous,randomized,0.5,4
econml_CausalForest,cate,114.24471209233398,-0.09265289446321977,0.8966666666666666,0.43996077520407645,mu,homogeneous,randomized,0.5,4
causalml_T,cate,526.3420570649622,0.038641728652114855,,0.5445983580943436,mu,homogeneous,randomized,0.5,4
causalml_X,cate,440.11411903313484,0.022957517184532938,,0.5016354135104575,mu,homogeneous,randomized,0.5,4
structural_BTYD,cate,101.54084440830555,0.22647679731912046,,0.7451753846860351,mu,homogeneous,randomized,0.5,4
conformal_ITE,cate,466.7718144524516,0.10222788901463178,0.9594444444444444,0.5431851736717261,mu,homogeneous,randomized,0.5,4
base_value,baseline,,,,0.995186364848619,mu,homogeneous,randomized,0.5,4
base_risk,baseline,,,,0.001726131740191302,mu,homogeneous,randomized,0.5,4
random,baseline,,,,0.35750430247174675,mu,homogeneous,randomized,0.5,4
econml_T,cate,433.6156605805116,-0.046285272642109174,,0.3862410717983252,mu,homogeneous,randomized,0.5,5
econml_X,cate,347.2806682696965,-0.0283182096184182,,0.4110442385661659,mu,homogeneous,randomized,0.5,5
econml_DR,cate,1239.9652463179307,0.010310019236392578,,0.4404970800752533,mu,homogeneous,randomized,0.5,5
econml_CausalForest,cate,166.68960983712904,-0.31198903619536267,0.83,0.10530129477398348,mu,homogeneous,randomized,0.5,5
causalml_T,cate,433.6156605805116,-0.046285272642109174,,0.3862410717983252,mu,homogeneous,randomized,0.5,5
causalml_X,cate,345.3310371066049,-0.04077858349787999,,0.40956893348368634,mu,homogeneous,randomized,0.5,5
structural_BTYD,cate,101.67569554911717,0.41709000449343875,,0.9584620258069886,mu,homogeneous,randomized,0.5,5
conformal_ITE,cate,416.4046396904481,-0.009755465899400191,0.9661111111111111,0.45722159739933615,mu,homogeneous,randomized,0.5,5
base_value,baseline,,,,0.9940834213607972,mu,homogeneous,randomized,0.5,5
base_risk,baseline,,,,6.966002319378098e-05,mu,homogeneous,randomized,0.5,5
random,baseline,,,,0.26447113224942487,mu,homogeneous,randomized,0.5,5
econml_T,cate,437.78769605284697,-0.03216156653464359,,0.493634066580149,mu,homogeneous,randomized,0.5,6
econml_X,cate,366.81087062225106,-0.07257609222894733,,0.4789058999473647,mu,homogeneous,randomized,0.5,6
econml_DR,cate,1159.7819736192607,-0.002672957515573549,,0.5608445754645061,mu,homogeneous,randomized,0.5,6
econml_CausalForest,cate,118.54607269205259,0.3031267933510187,0.9094444444444445,0.5511783147013161,mu,homogeneous,randomized,0.5,6
causalml_T,cate,437.78769605284697,-0.03216156653464359,,0.493634066580149,mu,homogeneous,randomized,0.5,6
causalml_X,cate,364.4835461159779,-0.06249959560952495,,0.4883449288251252,mu,homogeneous,randomized,0.5,6
structural_BTYD,cate,92.5818993238245,0.42101526029178504,,0.9568428772713418,mu,homogeneous,randomized,0.5,6
conformal_ITE,cate,444.1782853897845,0.013353564820424692,0.9611111111111111,0.4920036097465471,mu,homogeneous,randomized,0.5,6
base_value,baseline,,,,0.984877009919421,mu,homogeneous,randomized,0.5,6
base_risk,baseline,,,,0.0003764162825147297,mu,homogeneous,randomized,0.5,6
random,baseline,,,,0.33444953687128615,mu,homogeneous,randomized,0.5,6
econml_T,cate,385.5492723706921,0.038533600536851925,,0.5912907360644837,mu,homogeneous,randomized,0.5,7
econml_X,cate,365.96631027413434,-0.018041195925879903,,0.5488860435657833,mu,homogeneous,randomized,0.5,7
econml_DR,cate,991.7123360494592,0.06781536336880332,,0.5968872953826841,mu,homogeneous,randomized,0.5,7
econml_CausalForest,cate,78.823668114509,0.0869165758140333,0.875,0.7096903205735139,mu,homogeneous,randomized,0.5,7
causalml_T,cate,385.5492723706921,0.038533600536851925,,0.5912907360644837,mu,homogeneous,randomized,0.5,7
causalml_X,cate,352.48193312602785,0.014623119840830395,,0.5828138780832139,mu,homogeneous,randomized,0.5,7
structural_BTYD,cate,83.66165490467074,0.2368069300825704,,0.9215977490569639,mu,homogeneous,randomized,0.5,7
conformal_ITE,cate,410.6930822212666,0.041511953055769324,0.96,0.5351968810021043,mu,homogeneous,randomized,0.5,7
base_value,baseline,,,,0.9825754696615769,mu,homogeneous,randomized,0.5,7
base_risk,baseline,,,,0.0007670311602447363,mu,homogeneous,randomized,0.5,7
random,baseline,,,,0.29980656908211295,mu,homogeneous,randomized,0.5,7
econml_T,cate,490.6640268924577,-0.012742414533488917,,0.5583607491634875,mu,homogeneous,randomized,0.5,8
econml_X,cate,412.4268507205619,0.031322077510409975,,0.581692570539496,mu,homogeneous,randomized,0.5,8
econml_DR,cate,821.9978726737556,0.015283410376876819,,0.549383561521871,mu,homogeneous,randomized,0.5,8
econml_CausalForest,cate,145.82967647280273,0.5269015405695489,0.8994444444444445,0.9890955724409967,mu,homogeneous,randomized,0.5,8
causalml_T,cate,490.6640268924577,-0.012742414533488917,,0.5583607491634875,mu,homogeneous,randomized,0.5,8
causalml_X,cate,405.3430663768781,0.032070113381904825,,0.5943828343331559,mu,homogeneous,randomized,0.5,8
structural_BTYD,cate,93.01427431935481,0.3948352535938608,,0.9558463401025624,mu,homogeneous,randomized,0.5,8
conformal_ITE,cate,511.1872697543325,-0.007027613325840618,0.9633333333333334,0.5811966683785493,mu,homogeneous,randomized,0.5,8
base_value,baseline,,,,0.9917832054030427,mu,homogeneous,randomized,0.5,8
base_risk,baseline,,,,0.0012275530856815824,mu,homogeneous,randomized,0.5,8
random,baseline,,,,0.3375951485363853,mu,homogeneous,randomized,0.5,8
econml_T,cate,490.35819555830363,0.07066134439985523,,0.5417556999709595,mu,homogeneous,randomized,0.5,9
econml_X,cate,385.1040373731755,0.07279689191743313,,0.49928263102432674,mu,homogeneous,randomized,0.5,9
econml_DR,cate,1089.748703289521,0.01791129235853778,,0.555517547357339,mu,homogeneous,randomized,0.5,9
econml_CausalForest,cate,208.9316633534768,-0.02762285027604638,0.8233333333333334,0.4178780478776407,mu,homogeneous,randomized,0.5,9
causalml_T,cate,490.35819555830363,0.07066134439985523,,0.5417556999709595,mu,homogeneous,randomized,0.5,9
causalml_X,cate,386.8954970198856,0.05814865192224343,,0.48129503845703003,mu,homogeneous,randomized,0.5,9
structural_BTYD,cate,65.94602719941413,0.4109346652865294,,0.9542166225672559,mu,homogeneous,randomized,0.5,9
conformal_ITE,cate,488.98657840696444,0.009370938661926079,0.9594444444444444,0.4361061948798778,mu,homogeneous,randomized,0.5,9
base_value,baseline,,,,0.9776983490103026,mu,homogeneous,randomized,0.5,9
base_risk,baseline,,,,0.0005454393050123525,mu,homogeneous,randomized,0.5,9
random,baseline,,,,0.29889975997457885,mu,homogeneous,randomized,0.5,9
econml_T,cate,391.87081848486434,0.022260768010394685,,0.5803056681104548,mu,homogeneous,randomized,0.65,0
econml_X,cate,283.7091198324318,0.043375438725643305,,0.5908676349809379,mu,homogeneous,randomized,0.65,0
econml_DR,cate,877.5430171801656,0.02441682853596586,,0.5417637933549808,mu,homogeneous,randomized,0.65,0
econml_CausalForest,cate,107.42450160973242,0.4971550863940305,0.8883333333333333,0.9736531405443063,mu,homogeneous,randomized,0.65,0
causalml_T,cate,391.87081848486434,0.022260768010394685,,0.5803056681104548,mu,homogeneous,randomized,0.65,0
causalml_X,cate,290.67703560277096,0.04263272117432481,,0.5853069618207071,mu,homogeneous,randomized,0.65,0
structural_BTYD,cate,116.78814634913738,0.43157323551206345,,0.9322882162150236,mu,homogeneous,randomized,0.65,0
conformal_ITE,cate,348.61682404212047,0.0933855256522037,0.9783333333333334,0.6515611876502633,mu,homogeneous,randomized,0.65,0
base_value,baseline,,,,0.9906735329437543,mu,homogeneous,randomized,0.65,0
base_risk,baseline,,,,5.593067336734168e-06,mu,homogeneous,randomized,0.65,0
random,baseline,,,,0.24063381168130898,mu,homogeneous,randomized,0.65,0
econml_T,cate,430.6853545489563,0.07898323710540556,,0.643913511206393,mu,homogeneous,randomized,0.65,1
econml_X,cate,370.63622598407784,0.14586494815306236,,0.7066995200942494,mu,homogeneous,randomized,0.65,1
econml_DR,cate,1148.667359925648,0.07723939589176486,,0.6251035347627517,mu,homogeneous,randomized,0.65,1
econml_CausalForest,cate,200.65292450977023,0.511737759582367,0.8666666666666667,0.984555459356593,mu,homogeneous,randomized,0.65,1
causalml_T,cate,430.6853545489563,0.07898323710540556,,0.643913511206393,mu,homogeneous,randomized,0.65,1
causalml_X,cate,350.99200923070987,0.17580723976041643,,0.7194264437143014,mu,homogeneous,randomized,0.65,1
structural_BTYD,cate,117.72869172057676,0.4229232095135908,,0.9583654259699352,mu,homogeneous,randomized,0.65,1
conformal_ITE,cate,391.7013822531343,0.05994635171303264,0.9722222222222222,0.6155444771351665,mu,homogeneous,randomized,0.65,1
base_value,baseline,,,,0.9949113850794807,mu,homogeneous,randomized,0.65,1
base_risk,baseline,,,,3.081414706915404e-05,mu,homogeneous,randomized,0.65,1
random,baseline,,,,0.2272007113259664,mu,homogeneous,randomized,0.65,1
econml_T,cate,489.4702515291458,0.06031645130919411,,0.6024695868394764,mu,homogeneous,randomized,0.65,2
econml_X,cate,440.40933019559037,0.07813246275867881,,0.7340146920220841,mu,homogeneous,randomized,0.65,2
econml_DR,cate,1143.975204976766,0.02379748003177078,,0.6587401111437224,mu,homogeneous,randomized,0.65,2
econml_CausalForest,cate,193.6038876303152,0.22912573061939287,0.8638888888888889,0.8950169749833807,mu,homogeneous,randomized,0.65,2
causalml_T,cate,489.4702515291458,0.06031645130919411,,0.6024695868394764,mu,homogeneous,randomized,0.65,2
causalml_X,cate,438.0818927512829,0.06273287224804587,,0.7130463691151074,mu,homogeneous,randomized,0.65,2
structural_BTYD,cate,164.17715680159137,0.30657637151925343,,0.9358916442226718,mu,homogeneous,randomized,0.65,2
conformal_ITE,cate,615.1454687038525,-0.004682461444746485,0.9483333333333334,0.6897526208069121,mu,homogeneous,randomized,0.65,2
base_value,baseline,,,,0.9956416704844219,mu,homogeneous,randomized,0.65,2
base_risk,baseline,,,,0.0001509377211248396,mu,homogeneous,randomized,0.65,2
random,baseline,,,,0.2207565534084345,mu,homogeneous,randomized,0.65,2
econml_T,cate,434.3456648693156,0.08030758315409361,,0.5452463163386692,mu,homogeneous,randomized,0.65,3
econml_X,cate,341.66622006828624,0.13780910706110422,,0.5897239427420894,mu,homogeneous,randomized,0.65,3
econml_DR,cate,996.5031423816582,0.09483919468442555,,0.5631755166049774,mu,homogeneous,randomized,0.65,3
econml_CausalForest,cate,166.61540132995415,0.2785490645506147,0.8805555555555555,0.41478339237213235,mu,homogeneous,randomized,0.65,3
causalml_T,cate,434.3456648693156,0.08030758315409361,,0.5452463163386692,mu,homogeneous,randomized,0.65,3
causalml_X,cate,346.6362590484421,0.1518474159201424,,0.598792232947132,mu,homogeneous,randomized,0.65,3
structural_BTYD,cate,109.14712668095625,0.36613912699416745,,0.9209518102851967,mu,homogeneous,randomized,0.65,3
conformal_ITE,cate,356.53482973181883,0.0756021834252229,0.9694444444444444,0.7075828110403708,mu,homogeneous,randomized,0.65,3
base_value,baseline,,,,0.9894749765141662,mu,homogeneous,randomized,0.65,3
base_risk,baseline,,,,0.00014987827647201747,mu,homogeneous,randomized,0.65,3
random,baseline,,,,0.26249272128119217,mu,homogeneous,randomized,0.65,3
econml_T,cate,522.8882354823833,0.047889472614805716,,0.5941133061605853,mu,homogeneous,randomized,0.65,4
econml_X,cate,402.9676348786209,0.03416019635483354,,0.6028595804091004,mu,homogeneous,randomized,0.65,4
econml_DR,cate,1074.4087552720775,0.019558453817642422,,0.5447166354606283,mu,homogeneous,randomized,0.65,4
econml_CausalForest,cate,112.77365463320342,0.3861529550204408,0.9577777777777777,0.9567796804059823,mu,homogeneous,randomized,0.65,4
causalml_T,cate,522.8882354823833,0.047889472614805716,,0.5941133061605853,mu,homogeneous,randomized,0.65,4
causalml_X,cate,401.32411287736386,0.053040476646568274,,0.6401181877380249,mu,homogeneous,randomized,0.65,4
structural_BTYD,cate,124.83134177884095,0.34442325287754066,,0.9408152257337808,mu,homogeneous,randomized,0.65,4
conformal_ITE,cate,534.2619572731119,0.15725572737854546,0.955,0.6338870875844285,mu,homogeneous,randomized,0.65,4
base_value,baseline,,,,0.9953095081910379,mu,homogeneous,randomized,0.65,4
base_risk,baseline,,,,0.0017040682982477073,mu,homogeneous,randomized,0.65,4
random,baseline,,,,0.2570999981106885,mu,homogeneous,randomized,0.65,4
econml_T,cate,537.308802216598,0.05507012886711465,,0.4799276183296531,mu,homogeneous,randomized,0.65,5
econml_X,cate,417.46607589543856,0.07397075161649662,,0.4685935119107668,mu,homogeneous,randomized,0.65,5
econml_DR,cate,921.3020477799254,0.05221319528141658,,0.41384383827878973,mu,homogeneous,randomized,0.65,5
econml_CausalForest,cate,214.39971670799187,-0.23902302036199483,0.8377777777777777,0.1457587218261127,mu,homogeneous,randomized,0.65,5
causalml_T,cate,537.308802216598,0.05507012886711465,,0.4799276183296531,mu,homogeneous,randomized,0.65,5
causalml_X,cate,421.79744219856684,0.06580360520641285,,0.46473145225217455,mu,homogeneous,randomized,0.65,5
structural_BTYD,cate,141.3461730334915,0.43625828161908586,,0.958660720296621,mu,homogeneous,randomized,0.65,5
conformal_ITE,cate,325.068938261525,0.041756035139845576,0.9766666666666667,0.5734825347976763,mu,homogeneous,randomized,0.65,5
base_value,baseline,,,,0.9944000631147962,mu,homogeneous,randomized,0.65,5
base_risk,baseline,,,,6.602876001650486e-05,mu,homogeneous,randomized,0.65,5
random,baseline,,,,0.28851415832995336,mu,homogeneous,randomized,0.65,5
econml_T,cate,451.1701866237222,0.06616427219971432,,0.515495539225508,mu,homogeneous,randomized,0.65,6
econml_X,cate,397.7178778303139,0.013281397861954099,,0.4838471705886419,mu,homogeneous,randomized,0.65,6
econml_DR,cate,1502.305223855611,0.09039219143232968,,0.5411766997055707,mu,homogeneous,randomized,0.65,6
econml_CausalForest,cate,182.64303525060146,0.30203331759570773,0.8755555555555555,0.48133065373427864,mu,homogeneous,randomized,0.65,6
causalml_T,cate,451.1701866237222,0.06616427219971432,,0.515495539225508,mu,homogeneous,randomized,0.65,6
causalml_X,cate,398.9723890986241,0.022707310321500696,,0.4782202125452113,mu,homogeneous,randomized,0.65,6
structural_BTYD,cate,127.52981493251355,0.4207048217003782,,0.9568888830256965,mu,homogeneous,randomized,0.65,6
conformal_ITE,cate,428.7793403218847,0.04329907770998669,0.9655555555555555,0.47594782340897973,mu,homogeneous,randomized,0.65,6
base_value,baseline,,,,0.985114441305457,mu,homogeneous,randomized,0.65,6
base_risk,baseline,,,,0.0003780688917771786,mu,homogeneous,randomized,0.65,6
random,baseline,,,,0.23327228668614902,mu,homogeneous,randomized,0.65,6
econml_T,cate,440.69961120316975,0.08803841045253237,,0.6726183647475186,mu,homogeneous,randomized,0.65,7
econml_X,cate,330.9596829022696,0.08971362801459815,,0.6260330602165491,mu,homogeneous,randomized,0.65,7
econml_DR,cate,853.67832949471,0.044711215137419984,,0.5692525722502856,mu,homogeneous,randomized,0.65,7
econml_CausalForest,cate,101.1039129323016,0.48864034516436483,0.8833333333333333,0.9804739572843487,mu,homogeneous,randomized,0.65,7
causalml_T,cate,440.69961120316975,0.08803841045253237,,0.6726183647475186,mu,homogeneous,randomized,0.65,7
causalml_X,cate,332.6373024922814,0.09576810561811323,,0.6673766286440198,mu,homogeneous,randomized,0.65,7
structural_BTYD,cate,118.92727651474216,0.23637290721177584,,0.9214277948911324,mu,homogeneous,randomized,0.65,7
conformal_ITE,cate,521.8777672382961,0.13329972878813123,0.9605555555555556,0.7171009406065234,mu,homogeneous,randomized,0.65,7
base_value,baseline,,,,0.9827820895453391,mu,homogeneous,randomized,0.65,7
base_risk,baseline,,,,0.0008403702680028248,mu,homogeneous,randomized,0.65,7
random,baseline,,,,0.39906007701417234,mu,homogeneous,randomized,0.65,7
econml_T,cate,563.6071093755196,0.05127866050194772,,0.5949477139736764,mu,homogeneous,randomized,0.65,8
econml_X,cate,492.6728638428754,0.03596962189778465,,0.6079862195439657,mu,homogeneous,randomized,0.65,8
econml_DR,cate,1072.5178233573838,0.011190359234536193,,0.5335597044202449,mu,homogeneous,randomized,0.65,8
econml_CausalForest,cate,230.3111212906545,0.5114543723940808,0.8477777777777777,0.9834626379676226,mu,homogeneous,randomized,0.65,8
causalml_T,cate,563.6071093755196,0.05127866050194772,,0.5949477139736764,mu,homogeneous,randomized,0.65,8
causalml_X,cate,495.64022077932293,0.029396401629051955,,0.6054590785656714,mu,homogeneous,randomized,0.65,8
structural_BTYD,cate,123.2503915989925,0.4254141115959692,,0.9553962825137982,mu,homogeneous,randomized,0.65,8
conformal_ITE,cate,635.7283057558458,-0.03166177030289844,0.9561111111111111,0.5855327205743234,mu,homogeneous,randomized,0.65,8
base_value,baseline,,,,0.9917177717745966,mu,homogeneous,randomized,0.65,8
base_risk,baseline,,,,0.001228462391743153,mu,homogeneous,randomized,0.65,8
random,baseline,,,,0.3338271559718563,mu,homogeneous,randomized,0.65,8
econml_T,cate,487.1910054111787,0.09560611340937715,,0.5448660289318241,mu,homogeneous,randomized,0.65,9
econml_X,cate,378.0604756658029,0.07272525167977646,,0.502445079680639,mu,homogeneous,randomized,0.65,9
econml_DR,cate,1059.920393824734,-0.009237725754108589,,0.43033899100876755,mu,homogeneous,randomized,0.65,9
econml_CausalForest,cate,206.01503009377785,0.08113264133449456,0.8561111111111112,0.48033569137814713,mu,homogeneous,randomized,0.65,9
causalml_T,cate,487.1910054111787,0.09560611340937715,,0.5448660289318241,mu,homogeneous,randomized,0.65,9
causalml_X,cate,377.32902964382794,0.07853125698876848,,0.5230386260809339,mu,homogeneous,randomized,0.65,9
structural_BTYD,cate,88.08930349953461,0.4105141216778775,,0.9545401880850851,mu,homogeneous,randomized,0.65,9
conformal_ITE,cate,473.2605492875548,0.031762460237895335,0.9616666666666667,0.45357654375836726,mu,homogeneous,randomized,0.65,9
base_value,baseline,,,,0.9777901994090143,mu,homogeneous,randomized,0.65,9
base_risk,baseline,,,,0.0005281827708638145,mu,homogeneous,randomized,0.65,9
random,baseline,,,,0.29976955098299657,mu,homogeneous,randomized,0.65,9
econml_T,cate,403.5336952990167,0.013105460258956201,,0.6007716934244892,mu,homogeneous,confounded,0.2,0
econml_X,cate,279.2523640212645,0.0434053803486887,,0.5741720315098591,mu,homogeneous,confounded,0.2,0
econml_DR,cate,1322.0711578813991,0.04459975637075545,,0.5542338304204832,mu,homogeneous,confounded,0.2,0
econml_CausalForest,cate,82.39522062900986,0.25767266898694646,0.7744444444444445,0.4150569237565606,mu,homogeneous,confounded,0.2,0
causalml_T,cate,403.5336952990167,0.013105460258956201,,0.6007716934244892,mu,homogeneous,confounded,0.2,0
causalml_X,cate,272.84009161496107,0.04103234780593835,,0.5629461014910011,mu,homogeneous,confounded,0.2,0
structural_BTYD,cate,142.4960542772564,-0.4315447754302258,,0.0008794993667529135,mu,homogeneous,confounded,0.2,0
conformal_ITE,cate,342.7261888670562,0.059323911653769774,0.975,0.6317781036839908,mu,homogeneous,confounded,0.2,0
base_value,baseline,,,,0.9779621589946564,mu,homogeneous,confounded,0.2,0
base_risk,baseline,,,,0.00018673873774044812,mu,homogeneous,confounded,0.2,0
random,baseline,,,,0.22085998628321826,mu,homogeneous,confounded,0.2,0
econml_T,cate,403.8930908240888,0.049729764885856266,,0.5578027880321618,mu,homogeneous,confounded,0.2,1
econml_X,cate,249.40798513155255,-0.05157214861464676,,0.44547076718654055,mu,homogeneous,confounded,0.2,1
econml_DR,cate,1473.809436021948,-0.021586143898857157,,0.49464902428573976,mu,homogeneous,confounded,0.2,1
econml_CausalForest,cate,51.46219167456833,0.10356904335221455,0.9438888888888889,0.7247676210405946,mu,homogeneous,confounded,0.2,1
causalml_T,cate,403.8930908240888,0.049729764885856266,,0.5578027880321618,mu,homogeneous,confounded,0.2,1
causalml_X,cate,248.6430153316265,-0.06126957305845045,,0.39585071742076533,mu,homogeneous,confounded,0.2,1
structural_BTYD,cate,120.9514723610764,-0.4234822826765271,,0.0012861460879606283,mu,homogeneous,confounded,0.2,1
conformal_ITE,cate,480.2123032997019,-0.0030598406371668673,0.9638888888888889,0.5835821379957884,mu,homogeneous,confounded,0.2,1
base_value,baseline,,,,0.9889622836752453,mu,homogeneous,confounded,0.2,1
base_risk,baseline,,,,0.0004897077966199356,mu,homogeneous,confounded,0.2,1
random,baseline,,,,0.2853366454579424,mu,homogeneous,confounded,0.2,1
econml_T,cate,362.18374584681237,0.07781329914999661,,0.5710537039820561,mu,homogeneous,confounded,0.2,2
econml_X,cate,281.8325551760179,-0.022211950052463778,,0.42349537924174974,mu,homogeneous,confounded,0.2,2
econml_DR,cate,2760.7083005504924,0.0041623874035374864,,0.5550629013209945,mu,homogeneous,confounded,0.2,2
econml_CausalForest,cate,54.84627516579931,0.35938898758251325,0.8561111111111112,0.9211020590105324,mu,homogeneous,confounded,0.2,2
causalml_T,cate,362.18374584681237,0.07781329914999661,,0.5710537039820561,mu,homogeneous,confounded,0.2,2
causalml_X,cate,282.8190353245763,-0.02894928200398546,,0.4292738447050712,mu,homogeneous,confounded,0.2,2
structural_BTYD,cate,158.20797620823723,-0.44355647142675675,,0.0018155206846122087,mu,homogeneous,confounded,0.2,2
conformal_ITE,cate,481.3646057825733,0.0804307537481417,0.94,0.6255089609117135,mu,homogeneous,confounded,0.2,2
base_value,baseline,,,,0.9906729790803184,mu,homogeneous,confounded,0.2,2
base_risk,baseline,,,,3.7288277561043966e-05,mu,homogeneous,confounded,0.2,2
random,baseline,,,,0.2993934778875808,mu,homogeneous,confounded,0.2,2
econml_T,cate,388.18720761905536,0.027612204276727795,,0.6654696577790569,mu,homogeneous,confounded,0.2,3
econml_X,cate,254.3333366295486,-0.04139022685739661,,0.6112542870936414,mu,homogeneous,confounded,0.2,3
econml_DR,cate,2239.827709885369,-0.013058638693018066,,0.619193385566619,mu,homogeneous,confounded,0.2,3
econml_CausalForest,cate,48.238801232371,0.2149174041100997,0.8544444444444445,0.8757035431522492,mu,homogeneous,confounded,0.2,3
causalml_T,cate,388.18720761905536,0.027612204276727795,,0.6654696577790569,mu,homogeneous,confounded,0.2,3
causalml_X,cate,252.05993606460095,-0.022026038345789062,,0.6668165966134947,mu,homogeneous,confounded,0.2,3
structural_BTYD,cate,116.26839882391052,-0.3743797241359845,,0.0039687407351338844,mu,homogeneous,confounded,0.2,3
conformal_ITE,cate,409.3905089234686,0.06243982935615848,0.9511111111111111,0.6609825027461509,mu,homogeneous,confounded,0.2,3
base_value,baseline,,,,0.9894958053658858,mu,homogeneous,confounded,0.2,3
base_risk,baseline,,,,8.158611310980896e-05,mu,homogeneous,confounded,0.2,3
random,baseline,,,,0.22869001092051125,mu,homogeneous,confounded,0.2,3
econml_T,cate,437.2849886676673,0.05345479906442728,,0.5652852968078353,mu,homogeneous,confounded,0.2,4
econml_X,cate,293.9366360997397,0.031004054938334025,,0.5680313028164317,mu,homogeneous,confounded,0.2,4
econml_DR,cate,1077.5984077141713,-0.030360669074974325,,0.5155034573668325,mu,homogeneous,confounded,0.2,4
econml_CausalForest,cate,55.480707273372545,0.11995844106249945,0.865,0.6754615775640974,mu,homogeneous,confounded,0.2,4
causalml_T,cate,437.2849886676673,0.05345479906442728,,0.5652852968078353,mu,homogeneous,confounded,0.2,4
causalml_X,cate,290.12429926688884,0.026120076246456545,,0.5634029822422135,mu,homogeneous,confounded,0.2,4
structural_BTYD,cate,145.52814767726676,-0.4338964047050077,,0.0015128514269984335,mu,homogeneous,confounded,0.2,4
conformal_ITE,cate,423.2562670162963,0.031027376112890935,0.9683333333333334,0.5797952505103382,mu,homogeneous,confounded,0.2,4
base_value,baseline,,,,0.9877905927582765,mu,homogeneous,confounded,0.2,4
base_risk,baseline,,,,0.000804207184910046,mu,homogeneous,confounded,0.2,4
random,baseline,,,,0.28094811121043034,mu,homogeneous,confounded,0.2,4
econml_T,cate,642.8041583964969,0.16492660128492034,,0.7191719132172346,mu,homogeneous,confounded,0.2,5
econml_X,cate,379.0755455198365,0.2204149851639319,,0.8432863830766637,mu,homogeneous,confounded,0.2,5
econml_DR,cate,1076.3631357137062,0.060504275789759254,,0.5690979852920715,mu,homogeneous,confounded,0.2,5
econml_CausalForest,cate,155.46277543740848,0.5457352041032524,0.7805555555555556,0.9926493116640697,mu,homogeneous,confounded,0.2,5
causalml_T,cate,642.8041583964969,0.16492660128492034,,0.7191719132172346,mu,homogeneous,confounded,0.2,5
causalml_X,cate,369.62864035604935,0.21704149111026222,,0.8357107091688065,mu,homogeneous,confounded,0.2,5
structural_BTYD,cate,211.29733754383548,-0.43478921481578575,,0.0011897393784863057,mu,homogeneous,confounded,0.2,5
conformal_ITE,cate,619.4206138049842,0.21470580943685075,0.9594444444444444,0.6284947557846763,mu,homogeneous,confounded,0.2,5
base_value,baseline,,,,0.9919815689051104,mu,homogeneous,confounded,0.2,5
base_risk,baseline,,,,0.00013993786848634005,mu,homogeneous,confounded,0.2,5
random,baseline,,,,0.2043228570330641,mu,homogeneous,confounded,0.2,5
econml_T,cate,322.90731594623617,0.05994167666624941,,0.6204882201283649,mu,homogeneous,confounded,0.2,6
econml_X,cate,266.5543464379787,0.04418421801451079,,0.6330014045035495,mu,homogeneous,confounded,0.2,6
econml_DR,cate,2071.527111728383,0.03946014336026748,,0.6333984539642715,mu,homogeneous,confounded,0.2,6
econml_CausalForest,cate,53.98656345407211,0.31903120675570146,0.9111111111111111,0.8813379127213239,mu,homogeneous,confounded,0.2,6
causalml_T,cate,322.90731594623617,0.05994167666624941,,0.6204882201283649,mu,homogeneous,confounded,0.2,6
causalml_X,cate,262.89322759225155,0.04721876894985105,,0.6521713366775926,mu,homogeneous,confounded,0.2,6
structural_BTYD,cate,203.1870020038352,-0.42181560183428746,,0.0023626981332588635,mu,homogeneous,confounded,0.2,6
conformal_ITE,cate,334.83460733300643,-0.01118544854587969,0.9666666666666667,0.4590126725570972,mu,homogeneous,confounded,0.2,6
base_value,baseline,,,,0.9912898904034197,mu,homogeneous,confounded,0.2,6
base_risk,baseline,,,,0.00016531996104089276,mu,homogeneous,confounded,0.2,6
random,baseline,,,,0.25915974436999417,mu,homogeneous,confounded,0.2,6
econml_T,cate,482.84168293190277,0.042811499419553756,,0.5731884831674642,mu,homogeneous,confounded,0.2,7
econml_X,cate,279.66158421697327,0.03103650775129216,,0.44978445208830864,mu,homogeneous,confounded,0.2,7
econml_DR,cate,3455.093852209341,-0.04323730712341022,,0.45896241923635267,mu,homogeneous,confounded,0.2,7
econml_CausalForest,cate,68.69770713137106,-0.05748753901534475,0.8944444444444445,0.497495218916721,mu,homogeneous,confounded,0.2,7
causalml_T,cate,482.84168293190277,0.042811499419553756,,0.5731884831674642,mu,homogeneous,confounded,0.2,7
causalml_X,cate,290.5545312100085,0.00023415981640734793,,0.438311336990783,mu,homogeneous,confounded,0.2,7
structural_BTYD,cate,196.2845077786798,-0.4356754726889146,,0.0023997588306624586,mu,homogeneous,confounded,0.2,7
conformal_ITE,cate,633.0765108663668,0.16396351012875807,0.9427777777777778,0.7135378482709397,mu,homogeneous,confounded,0.2,7
base_value,baseline,,,,0.9895496350462266,mu,homogeneous,confounded,0.2,7
base_risk,baseline,,,,0.002346765181410446,mu,homogeneous,confounded,0.2,7
random,baseline,,,,0.395808109830206,mu,homogeneous,confounded,0.2,7
econml_T,cate,486.9515111716987,0.05223680760307673,,0.6405248204302968,mu,homogeneous,confounded,0.2,8
econml_X,cate,334.6715832629611,-0.01813951766278182,,0.510514748983052,mu,homogeneous,confounded,0.2,8
econml_DR,cate,907.2190650052837,0.07168392088773905,,0.6504613870324574,mu,homogeneous,confounded,0.2,8
econml_CausalForest,cate,108.54505799100185,-0.1094110263304173,0.8427777777777777,0.4788015259556577,mu,homogeneous,confounded,0.2,8
causalml_T,cate,486.9515111716987,0.05223680760307673,,0.6405248204302968,mu,homogeneous,confounded,0.2,8
causalml_X,cate,329.869368911019,-0.020042741846302923,,0.500851298385137,mu,homogeneous,confounded,0.2,8
structural_BTYD,cate,196.92672663851548,-0.4276935180101687,,0.003213301494249836,mu,homogeneous,confounded,0.2,8
conformal_ITE,cate,640.2296659370433,-0.00465652742488411,0.95,0.5837725897791277,mu,homogeneous,confounded,0.2,8
base_value,baseline,,,,0.9894992630196717,mu,homogeneous,confounded,0.2,8
base_risk,baseline,,,,0.0009054799964873369,mu,homogeneous,confounded,0.2,8
random,baseline,,,,0.334354328087701,mu,homogeneous,confounded,0.2,8
econml_T,cate,530.0301176824722,-0.10596647273588931,,0.443335933118337,mu,homogeneous,confounded,0.2,9
econml_X,cate,364.94552373085247,-0.0687355753833132,,0.49957915770958355,mu,homogeneous,confounded,0.2,9
econml_DR,cate,1524.8710705780927,-0.13304881539012778,,0.37446909874608103,mu,homogeneous,confounded,0.2,9
econml_CausalForest,cate,82.42168277937691,-0.046049225180367005,0.8205555555555556,0.6867295301452301,mu,homogeneous,confounded,0.2,9
causalml_T,cate,530.0301176824722,-0.10596647273588931,,0.443335933118337,mu,homogeneous,confounded,0.2,9
causalml_X,cate,371.74388845800945,-0.11333082843680835,,0.4074533493577849,mu,homogeneous,confounded,0.2,9
structural_BTYD,cate,136.90428065705828,-0.42256285798043797,,0.0022485903187159755,mu,homogeneous,confounded,0.2,9
conformal_ITE,cate,476.5761512237436,-0.05812711288630507,0.9611111111111111,0.5348755378487342,mu,homogeneous,confounded,0.2,9
base_value,baseline,,,,0.9865814238921126,mu,homogeneous,confounded,0.2,9
base_risk,baseline,,,,0.00011342987638714317,mu,homogeneous,confounded,0.2,9
random,baseline,,,,0.3135504826301512,mu,homogeneous,confounded,0.2,9
econml_T,cate,426.1256055728588,0.018237184094656394,,0.5685400300934886,mu,homogeneous,confounded,0.35,0
econml_X,cate,259.09163453160505,0.04354483466735302,,0.4817743293751663,mu,homogeneous,confounded,0.35,0
econml_DR,cate,2625.7060645998504,0.042628953145028,,0.5889901476032409,mu,homogeneous,confounded,0.35,0
econml_CausalForest,cate,86.78122874580896,0.41211534886952533,0.8166666666666667,0.6830294922681138,mu,homogeneous,confounded,0.35,0
causalml_T,cate,426.1256055728588,0.018237184094656394,,0.5685400300934886,mu,homogeneous,confounded,0.35,0
causalml_X,cate,256.8655828341091,0.022191172361959548,,0.4572806541834056,mu,homogeneous,confounded,0.35,0
structural_BTYD,cate,142.93099806035377,-0.427341111760221,,0.0008598561459069469,mu,homogeneous,confounded,0.35,0
conformal_ITE,cate,370.44303156269365,0.045976798171921976,0.9766666666666667,0.5249063158814756,mu,homogeneous,confounded,0.35,0
base_value,baseline,,,,0.9783097264088645,mu,homogeneous,confounded,0.35,0
base_risk,baseline,,,,0.00018188007179495872,mu,homogeneous,confounded,0.35,0
random,baseline,,,,0.26823354336574085,mu,homogeneous,confounded,0.35,0
econml_T,cate,422.0436867380072,0.11599684654259262,,0.637111164269703,mu,homogeneous,confounded,0.35,1
econml_X,cate,302.4144636140784,0.053310688028973145,,0.5264669156988384,mu,homogeneous,confounded,0.35,1
econml_DR,cate,2013.1238713981588,-0.012884810656779364,,0.5507328077618491,mu,homogeneous,confounded,0.35,1
econml_CausalForest,cate,91.11760207902638,0.21238783901967362,0.8983333333333333,0.7457457621102331,mu,homogeneous,confounded,0.35,1
causalml_T,cate,422.0436867380072,0.11599684654259262,,0.637111164269703,mu,homogeneous,confounded,0.35,1
causalml_X,cate,298.27159323442163,0.045860380845313325,,0.5165064682623788,mu,homogeneous,confounded,0.35,1
structural_BTYD,cate,130.1438466068112,-0.4219322604651047,,0.0012797983274967595,mu,homogeneous,confounded,0.35,1
conformal_ITE,cate,439.3532784849944,0.03336502019211555,0.9655555555555555,0.5979836584388709,mu,homogeneous,confounded,0.35,1
base_value,baseline,,,,0.9898532957668231,mu,homogeneous,confounded,0.35,1
base_risk,baseline,,,,0.00048178016344244926,mu,homogeneous,confounded,0.35,1
random,baseline,,,,0.29394355264291894,mu,homogeneous,confounded,0.35,1
econml_T,cate,374.7243447925755,0.05572681863128594,,0.5744135816266653,mu,homogeneous,confounded,0.35,2
econml_X,cate,292.2493549304113,-0.04301131607472687,,0.5023207805540102,mu,homogeneous,confounded,0.35,2
econml_DR,cate,1223.5127795736805,-0.010816037660944626,,0.4812453857509397,mu,homogeneous,confounded,0.35,2
econml_CausalForest,cate,81.1633731607276,0.34679281228134745,0.8505555555555555,0.798366618097046,mu,homogeneous,confounded,0.35,2
causalml_T,cate,374.7243447925755,0.05572681863128594,,0.5744135816266653,mu,homogeneous,confounded,0.35,2
causalml_X,cate,294.17241571367936,-0.042433082701403085,,0.5150832785207214,mu,homogeneous,confounded,0.35,2
structural_BTYD,cate,178.81986625013712,-0.44190259658910014,,0.0017943430789145935,mu,homogeneous,confounded,0.35,2
conformal_ITE,cate,517.5757577278564,0.08376476851837376,0.9483333333333334,0.5981519198690459,mu,homogeneous,confounded,0.35,2
base_value,baseline,,,,0.9910027675908772,mu,homogeneous,confounded,0.35,2
base_risk,baseline,,,,3.5823549593184614e-05,mu,homogeneous,confounded,0.35,2
random,baseline,,,,0.29772811357437623,mu,homogeneous,confounded,0.35,2
econml_T,cate,424.43739402710275,0.08805133089410459,,0.6279914481668017,mu,homogeneous,confounded,0.35,3
econml_X,cate,210.83060372844625,0.03343887758817557,,0.6420516682874022,mu,homogeneous,confounded,0.35,3
econml_DR,cate,1588.2020034964048,0.027642744451419156,,0.5367927965474218,mu,homogeneous,confounded,0.35,3
econml_CausalForest,cate,58.685057977147665,0.4305999715437783,0.8761111111111111,0.96099689149414,mu,homogeneous,confounded,0.35,3
causalml_T,cate,424.43739402710275,0.08805133089410459,,0.6279914481668017,mu,homogeneous,confounded,0.35,3
causalml_X,cate,209.22621643357527,0.03422449392491619,,0.6635647348814414,mu,homogeneous,confounded,0.35,3
structural_BTYD,cate,122.10512087483278,-0.3691501861643421,,0.003962543905209085,mu,homogeneous,confounded,0.35,3
conformal_ITE,cate,409.3463818647324,0.02555277037825178,0.965,0.5122066238750926,mu,homogeneous,confounded,0.35,3
base_value,baseline,,,,0.9901731986192709,mu,homogeneous,confounded,0.35,3
base_risk,baseline,,,,7.907015979676203e-05,mu,homogeneous,confounded,0.35,3
random,baseline,,,,0.2504409979016421,mu,homogeneous,confounded,0.35,3
econml_T,cate,435.15544346527497,0.07385035635878819,,0.5579359278535999,mu,homogeneous,confounded,0.35,4
econml_X,cate,361.6538979744858,0.045122324623561784,,0.5811459386208893,mu,homogeneous,confounded,0.35,4
econml_DR,cate,2009.8676983103062,0.00705666922782503,,0.48785979060960954,mu,homogeneous,confounded,0.35,4
econml_CausalForest,cate,83.16747437969518,0.4720674140511207,0.9044444444444445,0.9545265860077043,mu,homogeneous,confounded,0.35,4
causalml_T,cate,435.15544346527497,0.07385035635878819,,0.5579359278535999,mu,homogeneous,confounded,0.35,4
causalml_X,cate,360.85637578936405,0.055088714672371614,,0.583090795352057,mu,homogeneous,confounded,0.35,4
structural_BTYD,cate,156.2649705842623,-0.4275610985075407,,0.00149013702098622,mu,homogeneous,confounded,0.35,4
conformal_ITE,cate,392.2255285317571,0.11887714885401163,0.9616666666666667,0.7233237975769254,mu,homogeneous,confounded,0.35,4
base_value,baseline,,,,0.9882955353104504,mu,homogeneous,confounded,0.35,4
base_risk,baseline,,,,0.0007909168748217987,mu,homogeneous,confounded,0.35,4
random,baseline,,,,0.21356782917389583,mu,homogeneous,confounded,0.35,4
econml_T,cate,636.4327054881813,0.17232569110236287,,0.7511228092865032,mu,homogeneous,confounded,0.35,5
econml_X,cate,366.96408908241574,0.22761224573788205,,0.8330299555681048,mu,homogeneous,confounded,0.35,5
econml_DR,cate,1673.367811664797,-0.0180421579742107,,0.504659018975585,mu,homogeneous,confounded,0.35,5
econml_CausalForest,cate,163.3784788469786,0.5393921772985957,0.7433333333333333,0.9960000105824515,mu,homogeneous,confounded,0.35,5
causalml_T,cate,636.4327054881813,0.17232569110236287,,0.7511228092865032,mu,homogeneous,confounded,0.35,5
causalml_X,cate,355.9200460318767,0.2165079998487827,,0.8204084490037963,mu,homogeneous,confounded,0.35,5
structural_BTYD,cate,218.5908655702304,-0.4324824674157216,,0.0011692640921842025,mu,homogeneous,confounded,0.35,5
conformal_ITE,cate,625.9626112185736,0.2374248580335365,0.9516666666666667,0.7030491992949094,mu,homogeneous,confounded,0.35,5
base_value,baseline,,,,0.9927020896594992,mu,homogeneous,confounded,0.35,5
base_risk,baseline,,,,0.00013444444609407282,mu,homogeneous,confounded,0.35,5
random,baseline,,,,0.2046356660649195,mu,homogeneous,confounded,0.35,5
econml_T,cate,405.07032527726096,0.09379749897921313,,0.559828719726057,mu,homogeneous,confounded,0.35,6
econml_X,cate,332.2456246957631,0.05708478751103269,,0.5738731197432423,mu,homogeneous,confounded,0.35,6
econml_DR,cate,4691.645537952341,0.0015780202979041682,,0.5659600884796,mu,homogeneous,confounded,0.35,6
econml_CausalForest,cate,132.96675097524064,0.44116393246112773,0.8688888888888889,0.9727888335498426,mu,homogeneous,confounded,0.35,6
causalml_T,cate,405.07032527726096,0.09379749897921313,,0.559828719726057,mu,homogeneous,confounded,0.35,6
causalml_X,cate,332.90765724232,0.06199401232065159,,0.5756933879844518,mu,homogeneous,confounded,0.35,6
structural_BTYD,cate,214.04985981660903,-0.42150930540790255,,0.002402398318207298,mu,homogeneous,confounded,0.35,6
conformal_ITE,cate,442.05001432191875,0.04604657855682515,0.9661111111111111,0.5210950531433354,mu,homogeneous,confounded,0.35,6
base_value,baseline,,,,0.9920977005091233,mu,homogeneous,confounded,0.35,6
base_risk,baseline,,,,0.00016150016296306825,mu,homogeneous,confounded,0.35,6
random,baseline,,,,0.23555392308720624,mu,homogeneous,confounded,0.35,6
econml_T,cate,577.1096864600507,0.08114339963331374,,0.6463306834307287,mu,homogeneous,confounded,0.35,7
econml_X,cate,271.8831458728724,0.04994032871953156,,0.6325540193216022,mu,homogeneous,confounded,0.35,7
econml_DR,cate,1305.9744198571686,0.03791587218363746,,0.5249801396943236,mu,homogeneous,confounded,0.35,7
econml_CausalForest,cate,89.25831386133851,0.059668060763122824,0.8027777777777778,0.8035032964594908,mu,homogeneous,confounded,0.35,7
causalml_T,cate,577.1096864600507,0.08114339963331374,,0.6463306834307287,mu,homogeneous,confounded,0.35,7
causalml_X,cate,261.31445605211115,0.05285418281183815,,0.6447156100202691,mu,homogeneous,confounded,0.35,7
structural_BTYD,cate,209.79907602564148,-0.4353163935468259,,0.0024649295172468836,mu,homogeneous,confounded,0.35,7
conformal_ITE,cate,691.2223324994375,0.17557419363940363,0.9516666666666667,0.7185865588714562,mu,homogeneous,confounded,0.35,7
base_value,baseline,,,,0.9903015325867414,mu,homogeneous,confounded,0.35,7
base_risk,baseline,,,,0.0023699186961508374,mu,homogeneous,confounded,0.35,7
random,baseline,,,,0.2586346558640856,mu,homogeneous,confounded,0.35,7
econml_T,cate,433.5725995143762,0.03983022079237504,,0.5030507487354143,mu,homogeneous,confounded,0.35,8
econml_X,cate,321.1043787772248,-0.004446792089947696,,0.5059173637158277,mu,homogeneous,confounded,0.35,8
econml_DR,cate,1074.6327688244087,0.05930440089102001,,0.5281336276136626,mu,homogeneous,confounded,0.35,8
econml_CausalForest,cate,148.16290635725235,-0.01927300115584811,0.7961111111111111,0.5188233958293434,mu,homogeneous,confounded,0.35,8
causalml_T,cate,433.5725995143762,0.03983022079237504,,0.5030507487354143,mu,homogeneous,confounded,0.35,8
causalml_X,cate,327.40076470071455,-0.007484420929694269,,0.49123087294573226,mu,homogeneous,confounded,0.35,8
structural_BTYD,cate,205.78056873187333,-0.4273985673299805,,0.003306021459458408,mu,homogeneous,confounded,0.35,8
conformal_ITE,cate,537.7778691224083,-0.06626187672168657,0.9505555555555556,0.5362645930714696,mu,homogeneous,confounded,0.35,8
base_value,baseline,,,,0.9897810317866803,mu,homogeneous,confounded,0.35,8
base_risk,baseline,,,,0.0009130116653198359,mu,homogeneous,confounded,0.35,8
random,baseline,,,,0.2721587391714725,mu,homogeneous,confounded,0.35,8
econml_T,cate,504.5297573705057,-0.059647362632108965,,0.5049798491846926,mu,homogeneous,confounded,0.35,9
econml_X,cate,371.7773473466781,-0.10696296445287647,,0.38155964251687813,mu,homogeneous,confounded,0.35,9
econml_DR,cate,1081.2680253818635,-0.19307379788821086,,0.43852247561891744,mu,homogeneous,confounded,0.35,9
econml_CausalForest,cate,114.57223386554594,-0.19195720192233592,0.7622222222222222,0.5258084773867094,mu,homogeneous,confounded,0.35,9
causalml_T,cate,504.5297573705057,-0.059647362632108965,,0.5049798491846926,mu,homogeneous,confounded,0.35,9
causalml_X,cate,381.32659511340734,-0.1410510133572145,,0.3562244731667186,mu,homogeneous,confounded,0.35,9
structural_BTYD,cate,139.15183382229233,-0.4197698607618152,,0.002221332231723384,mu,homogeneous,confounded,0.35,9
conformal_ITE,cate,385.3546204738589,-0.020252215315682328,0.9638888888888889,0.5510721503951029,mu,homogeneous,confounded,0.35,9
base_value,baseline,,,,0.9866422344981627,mu,homogeneous,confounded,0.35,9
base_risk,baseline,,,,0.00011516280793463179,mu,homogeneous,confounded,0.35,9
random,baseline,,,,0.30184348406412637,mu,homogeneous,confounded,0.35,9
econml_T,cate,433.65166500493285,0.017457798197450487,,0.6231498054327326,mu,homogeneous,confounded,0.5,0
econml_X,cate,251.97931368502213,-0.0002487457240932979,,0.5191961022467441,mu,homogeneous,confounded,0.5,0
econml_DR,cate,1784.6035293337923,-0.004030825507581683,,0.4400427587230799,mu,homogeneous,confounded,0.5,0
econml_CausalForest,cate,95.57869262494654,0.5091978702648605,0.8172222222222222,0.9423115226207072,mu,homogeneous,confounded,0.5,0
causalml_T,cate,433.65166500493285,0.017457798197450487,,0.6231498054327326,mu,homogeneous,confounded,0.5,0
causalml_X,cate,250.44065092791035,-0.015633436506799183,,0.4966206469548038,mu,homogeneous,confounded,0.5,0
structural_BTYD,cate,154.4198093571652,-0.4204923741340991,,0.0008474422523451658,mu,homogeneous,confounded,0.5,0
conformal_ITE,cate,539.7383414189832,0.0876632591197167,0.9622222222222222,0.6911345573733121,mu,homogeneous,confounded,0.5,0
base_value,baseline,,,,0.9783178656498009,mu,homogeneous,confounded,0.5,0
base_risk,baseline,,,,0.00017681679450472064,mu,homogeneous,confounded,0.5,0
random,baseline,,,,0.3717375564780651,mu,homogeneous,confounded,0.5,0
econml_T,cate,467.706771825729,0.09043929080770706,,0.5497194832236706,mu,homogeneous,confounded,0.5,1
econml_X,cate,288.0080460137584,0.05849670494671337,,0.5026752739203444,mu,homogeneous,confounded,0.5,1
econml_DR,cate,2162.8064366431754,-0.013839379613514459,,0.5162953326905443,mu,homogeneous,confounded,0.5,1
econml_CausalForest,cate,87.8027676079821,0.35040824300922796,0.8727777777777778,0.8583788980836268,mu,homogeneous,confounded,0.5,1
causalml_T,cate,467.706771825729,0.09043929080770706,,0.5497194832236706,mu,homogeneous,confounded,0.5,1
causalml_X,cate,289.0251281953266,0.03156151487239301,,0.4460073984199052,mu,homogeneous,confounded,0.5,1
structural_BTYD,cate,150.99080911698607,-0.419963306619746,,0.0012668382199966775,mu,homogeneous,confounded,0.5,1
conformal_ITE,cate,409.47407123789145,0.08580839079689412,0.9744444444444444,0.5832296029726248,mu,homogeneous,confounded,0.5,1
base_value,baseline,,,,0.9901309204342505,mu,homogeneous,confounded,0.5,1
base_risk,baseline,,,,0.00047295331966466987,mu,homogeneous,confounded,0.5,1
random,baseline,,,,0.369524191862115,mu,homogeneous,confounded,0.5,1
econml_T,cate,359.1311566423695,0.06429793218314607,,0.6122016939206486,mu,homogeneous,confounded,0.5,2
econml_X,cate,302.74976509688616,-0.014600207092803873,,0.5195649521149475,mu,homogeneous,confounded,0.5,2
econml_DR,cate,1017.7964552299084,-0.039935994238974024,,0.5007911092216244,mu,homogeneous,confounded,0.5,2
econml_CausalForest,cate,114.89629689640445,0.45072495283911723,0.875,0.9273501904412813,mu,homogeneous,confounded,0.5,2
causalml_T,cate,359.1311566423695,0.06429793218314607,,0.6122016939206486,mu,homogeneous,confounded,0.5,2
causalml_X,cate,301.18121258821714,-0.019678203292710313,,0.5054810621562975,mu,homogeneous,confounded,0.5,2
structural_BTYD,cate,199.58377714991317,-0.4392268718116829,,0.001768674216946777,mu,homogeneous,confounded,0.5,2
conformal_ITE,cate,468.6599982878224,0.16269654202034353,0.9511111111111111,0.6910884738681929,mu,homogeneous,confounded,0.5,2
base_value,baseline,,,,0.9912080722200796,mu,homogeneous,confounded,0.5,2
base_risk,baseline,,,,3.430095951290917e-05,mu,homogeneous,confounded,0.5,2
random,baseline,,,,0.2409552260272412,mu,homogeneous,confounded,0.5,2
econml_T,cate,487.7870279318088,0.11402901311932576,,0.7104399969569555,mu,homogeneous,confounded,0.5,3
econml_X,cate,302.8551809875369,0.05944761993051769,,0.7253252997707702,mu,homogeneous,confounded,0.5,3
econml_DR,cate,1378.6647303393388,0.07275877825385965,,0.5857458519821891,mu,homogeneous,confounded,0.5,3
econml_CausalForest,cate,109.22364588933084,0.510692045359926,0.8455555555555555,0.9828444537351693,mu,homogeneous,confounded,0.5,3
causalml_T,cate,487.7870279318088,0.11402901311932576,,0.7104399969569555,mu,homogeneous,confounded,0.5,3
causalml_X,cate,301.2571217304462,0.06799252529751171,,0.7516794488123216,mu,homogeneous,confounded,0.5,3
structural_BTYD,cate,140.92300771337858,-0.3611526344245742,,0.003951423653453244,mu,homogeneous,confounded,0.5,3
conformal_ITE,cate,439.9224442503001,0.05730593763934454,0.9511111111111111,0.5828375594628771,mu,homogeneous,confounded,0.5,3
base_value,baseline,,,,0.9904044903419965,mu,homogeneous,confounded,0.5,3
base_risk,baseline,,,,7.643998113467066e-05,mu,homogeneous,confounded,0.5,3
random,baseline,,,,0.33011134916077106,mu,homogeneous,confounded,0.5,3
econml_T,cate,426.8359937941818,0.17031471283850558,,0.6236225830222536,mu,homogeneous,confounded,0.5,4
econml_X,cate,327.59619662571833,0.16093712995488388,,0.6432854622172312,mu,homogeneous,confounded,0.5,4
econml_DR,cate,1757.4487006428358,-0.039169758724345125,,0.40294817243453607,mu,homogeneous,confounded,0.5,4
econml_CausalForest,cate,83.36177616363995,0.4947685606250138,0.9033333333333333,0.9496911432247247,mu,homogeneous,confounded,0.5,4
causalml_T,cate,426.8359937941818,0.17031471283850558,,0.6236225830222536,mu,homogeneous,confounded,0.5,4
causalml_X,cate,327.5016219799694,0.15215210080772895,,0.6461187825942623,mu,homogeneous,confounded,0.5,4
structural_BTYD,cate,181.6733825460055,-0.4244569920157875,,0.0014669004716853342,mu,homogeneous,confounded,0.5,4
conformal_ITE,cate,437.01024498918383,0.06206207225649021,0.9622222222222222,0.6419100480916878,mu,homogeneous,confounded,0.5,4
base_value,baseline,,,,0.9886179601063365,mu,homogeneous,confounded,0.5,4
base_risk,baseline,,,,0.0007762768005919162,mu,homogeneous,confounded,0.5,4
random,baseline,,,,0.35750430247174675,mu,homogeneous,confounded,0.5,4
econml_T,cate,506.1609105828645,0.12799522978001018,,0.7317852174658953,mu,homogeneous,confounded,0.5,5
econml_X,cate,372.3506696731266,0.1716223873998963,,0.8539619847973642,mu,homogeneous,confounded,0.5,5
econml_DR,cate,1150.2633562217522,0.07413774702078388,,0.6347680207286224,mu,homogeneous,confounded,0.5,5
econml_CausalForest,cate,186.83223110515794,0.45322990950946107,0.7094444444444444,0.9783704213532004,mu,homogeneous,confounded,0.5,5
causalml_T,cate,506.1609105828645,0.12799522978001018,,0.7317852174658953,mu,homogeneous,confounded,0.5,5
causalml_X,cate,354.92596868797165,0.17794839701382287,,0.8560526920524549,mu,homogeneous,confounded,0.5,5
structural_BTYD,cate,232.0965057122167,-0.4280030310440103,,0.001149343579263675,mu,homogeneous,confounded,0.5,5
conformal_ITE,cate,436.31691258329585,0.22886083037013896,0.9694444444444444,0.7025904601838034,mu,homogeneous,confounded,0.5,5
base_value,baseline,,,,0.9930930880538293,mu,homogeneous,confounded,0.5,5
base_risk,baseline,,,,0.00012856598488711427,mu,homogeneous,confounded,0.5,5
random,baseline,,,,0.26447113224942487,mu,homogeneous,confounded,0.5,5
econml_T,cate,323.81041979682414,0.11939358563718111,,0.6980238493982814,mu,homogeneous,confounded,0.5,6
econml_X,cate,279.0179877628538,0.10920691780608686,,0.7374584464817218,mu,homogeneous,confounded,0.5,6
econml_DR,cate,2108.9286809652053,0.03701199725786096,,0.5815448162357755,mu,homogeneous,confounded,0.5,6
econml_CausalForest,cate,128.31781311872294,0.4337968515080075,0.8511111111111112,0.9733140185103958,mu,homogeneous,confounded,0.5,6
causalml_T,cate,323.81041979682414,0.11939358563718111,,0.6980238493982814,mu,homogeneous,confounded,0.5,6
causalml_X,cate,275.26853508430474,0.10008486738812002,,0.7341425859095152,mu,homogeneous,confounded,0.5,6
structural_BTYD,cate,223.08550684055805,-0.421046128401116,,0.0024416392073578984,mu,homogeneous,confounded,0.5,6
conformal_ITE,cate,345.7560048036889,0.10714427700906713,0.9655555555555555,0.6510396635940959,mu,homogeneous,confounded,0.5,6
base_value,baseline,,,,0.9924391204046097,mu,homogeneous,confounded,0.5,6
base_risk,baseline,,,,0.0001573655693510742,mu,homogeneous,confounded,0.5,6
random,baseline,,,,0.33444953687128615,mu,homogeneous,confounded,0.5,6
econml_T,cate,408.1259821187637,0.0783928264166699,,0.5796517459412199,mu,homogeneous,confounded,0.5,7
econml_X,cate,246.83482752692515,0.0845582232148651,,0.5413546805947145,mu,homogeneous,confounded,0.5,7
econml_DR,cate,765.3269930899711,-0.033539833544069864,,0.4386553084760022,mu,homogeneous,confounded,0.5,7
econml_CausalForest,cate,77.14622078447309,0.07046721775697491,0.8794444444444445,0.7581486984815632,mu,homogeneous,confounded,0.5,7
causalml_T,cate,408.1259821187637,0.0783928264166699,,0.5796517459412199,mu,homogeneous,confounded,0.5,7
causalml_X,cate,244.3612708365202,0.07849078921963293,,0.5246887848688327,mu,homogeneous,confounded,0.5,7
structural_BTYD,cate,214.6429776881027,-0.43483420493806996,,0.0025350825562783937,mu,homogeneous,confounded,0.5,7
conformal_ITE,cate,451.55619229320763,0.20612864542637532,0.9544444444444444,0.7931129573745855,mu,homogeneous,confounded,0.5,7
base_value,baseline,,,,0.9905527338245574,mu,homogeneous,confounded,0.5,7
base_risk,baseline,,,,0.002405025284595064,mu,homogeneous,confounded,0.5,7
random,baseline,,,,0.29980656908211295,mu,homogeneous,confounded,0.5,7
econml_T,cate,383.3742698728989,0.05546700538350577,,0.6141298724886997,mu,homogeneous,confounded,0.5,8
econml_X,cate,315.7996161876918,-0.04517891183329205,,0.4520153880451215,mu,homogeneous,confounded,0.5,8
econml_DR,cate,954.2861172571947,-0.07855490050456354,,0.4857001627536143,mu,homogeneous,confounded,0.5,8
econml_CausalForest,cate,129.68232324686085,0.2523849535186412,0.8055555555555556,0.7868715801062569,mu,homogeneous,confounded,0.5,8
causalml_T,cate,383.3742698728989,0.05546700538350577,,0.6141298724886997,mu,homogeneous,confounded,0.5,8
causalml_X,cate,318.755640697333,-0.031876485033367194,,0.45532728596842414,mu,homogeneous,confounded,0.5,8
structural_BTYD,cate,222.31186275888203,-0.42694334100346343,,0.003414081771925212,mu,homogeneous,confounded,0.5,8
conformal_ITE,cate,555.9275004385928,-0.0148362269985854,0.9588888888888889,0.6428275444606351,mu,homogeneous,confounded,0.5,8
base_value,baseline,,,,0.9897580772856907,mu,homogeneous,confounded,0.5,8
base_risk,baseline,,,,0.0009208146007682661,mu,homogeneous,confounded,0.5,8
random,baseline,,,,0.3375951485363853,mu,homogeneous,confounded,0.5,8
econml_T,cate,508.65442370484203,-0.09087750036729038,,0.4655261703283059,mu,homogeneous,confounded,0.5,9
econml_X,cate,369.3170704394981,-0.10222227417502006,,0.44809149668207554,mu,homogeneous,confounded,0.5,9
econml_DR,cate,1379.4359334944932,-0.057796445890763895,,0.5016913386029613,mu,homogeneous,confounded,0.5,9
econml_CausalForest,cate,102.68685381215882,-0.05724337272341454,0.8338888888888889,0.5948958298054696,mu,homogeneous,confounded,0.5,9
causalml_T,cate,508.65442370484203,-0.09087750036729038,,0.4655261703283059,mu,homogeneous,confounded,0.5,9
causalml_X,cate,375.44129950402856,-0.12254395988077361,,0.38051688272495154,mu,homogeneous,confounded,0.5,9
structural_BTYD,cate,151.8728240593031,-0.41673336494045904,,0.0021917070137143584,mu,homogeneous,confounded,0.5,9
conformal_ITE,cate,557.1155129771903,-0.009252907816825395,0.9588888888888889,0.5498033695969047,mu,homogeneous,confounded,0.5,9
base_value,baseline,,,,0.9864762542160048,mu,homogeneous,confounded,0.5,9
base_risk,baseline,,,,0.00011683249492331165,mu,homogeneous,confounded,0.5,9
random,baseline,,,,0.29889975997457885,mu,homogeneous,confounded,0.5,9
econml_T,cate,392.19505388889195,0.09062026573904669,,0.6473078420250207,mu,homogeneous,confounded,0.65,0
econml_X,cate,308.1131430462756,0.0865093188160611,,0.6173430513812844,mu,homogeneous,confounded,0.65,0
econml_DR,cate,8165.7625803667415,-0.022430318625103304,,0.5848580425089683,mu,homogeneous,confounded,0.65,0
econml_CausalForest,cate,132.5687975303838,0.5426428426299996,0.7855555555555556,0.9906610539707035,mu,homogeneous,confounded,0.65,0
causalml_T,cate,392.19505388889195,0.09062026573904669,,0.6473078420250207,mu,homogeneous,confounded,0.65,0
causalml_X,cate,303.54665101409074,0.10219849383649109,,0.6283794468138979,mu,homogeneous,confounded,0.65,0
structural_BTYD,cate,166.3436617324353,-0.39636892187975664,,0.0008372708708206778,mu,homogeneous,confounded,0.65,0
conformal_ITE,cate,481.5792973514362,0.17438651625771923,0.9616666666666667,0.6443941433820715,mu,homogeneous,confounded,0.65,0
base_value,baseline,,,,0.9782046488703251,mu,homogeneous,confounded,0.65,0
base_risk,baseline,,,,0.00017152568808055906,mu,homogeneous,confounded,0.65,0
random,baseline,,,,0.24063381168130898,mu,homogeneous,confounded,0.65,0
econml_T,cate,483.43357879025206,0.12333917009856041,,0.6262956544957207,mu,homogeneous,confounded,0.65,1
econml_X,cate,282.415944662786,0.09856333348972347,,0.630457755698425,mu,homogeneous,confounded,0.65,1
econml_DR,cate,2496.9148561508237,0.029702617692583113,,0.5348718065032158,mu,homogeneous,confounded,0.65,1
econml_CausalForest,cate,119.46068858989175,0.1858511425385557,0.8894444444444445,0.8073962883908288,mu,homogeneous,confounded,0.65,1
causalml_T,cate,483.43357879025206,0.12333917009856041,,0.6262956544957207,mu,homogeneous,confounded,0.65,1
causalml_X,cate,281.708835755038,0.1006420696705617,,0.6513009162645901,mu,homogeneous,confounded,0.65,1
structural_BTYD,cate,177.93965064124365,-0.39947464906350183,,0.0012497067640661677,mu,homogeneous,confounded,0.65,1
conformal_ITE,cate,531.1266201680801,0.11611069203462011,0.9733333333333334,0.6680857750087735,mu,homogeneous,confounded,0.65,1
base_value,baseline,,,,0.9901780244139596,mu,homogeneous,confounded,0.65,1
base_risk,baseline,,,,0.0004630801471187477,mu,homogeneous,confounded,0.65,1
random,baseline,,,,0.2272007113259664,mu,homogeneous,confounded,0.65,1
econml_T,cate,434.9760264933174,0.11503459003114212,,0.702471830111682,mu,homogeneous,confounded,0.65,2
econml_X,cate,334.6563845771331,0.027283133519964187,,0.5942279344567584,mu,homogeneous,confounded,0.65,2
econml_DR,cate,1340.4207225000039,0.0801685050351371,,0.6745330257436701,mu,homogeneous,confounded,0.65,2
econml_CausalForest,cate,160.21691031173515,0.5166083005580671,0.8677777777777778,0.9899289435001594,mu,homogeneous,confounded,0.65,2
causalml_T,cate,434.9760264933174,0.11503459003114212,,0.702471830111682,mu,homogeneous,confounded,0.65,2
causalml_X,cate,337.4816286226645,0.016040998585417625,,0.5881386971472519,mu,homogeneous,confounded,0.65,2
structural_BTYD,cate,239.60560352401626,-0.43535979376368744,,0.0017379293178478579,mu,homogeneous,confounded,0.65,2
conformal_ITE,cate,655.1911626032398,0.1891096288272684,0.9355555555555556,0.7520938084137464,mu,homogeneous,confounded,0.65,2
base_value,baseline,,,,0.9913914012083392,mu,homogeneous,confounded,0.65,2
base_risk,baseline,,,,3.2717483852398745e-05,mu,homogeneous,confounded,0.65,2
random,baseline,,,,0.2207565534084345,mu,homogeneous,confounded,0.65,2
econml_T,cate,434.2851123763764,0.09388058584029008,,0.6180298349703106,mu,homogeneous,confounded,0.65,3
econml_X,cate,220.631625330192,0.09007284260081042,,0.7333124144780074,mu,homogeneous,confounded,0.65,3
econml_DR,cate,1083.3748906081714,0.09880849723956217,,0.6834515001301855,mu,homogeneous,confounded,0.65,3
econml_CausalForest,cate,104.96429078026378,0.3893668842249626,0.8727777777777778,0.9590630838985009,mu,homogeneous,confounded,0.65,3
causalml_T,cate,434.2851123763764,0.09388058584029008,,0.6180298349703106,mu,homogeneous,confounded,0.65,3
causalml_X,cate,217.11458070239632,0.08874664327838604,,0.7219283742276709,mu,homogeneous,confounded,0.65,3
structural_BTYD,cate,152.40203081217481,-0.3333148274832302,,0.003935702135493209,mu,homogeneous,confounded,0.65,3
conformal_ITE,cate,398.9851924652311,0.1345626671297748,0.955,0.6528808472548188,mu,homogeneous,confounded,0.65,3
base_value,baseline,,,,0.9905020998654239,mu,homogeneous,confounded,0.65,3
base_risk,baseline,,,,7.368983088806819e-05,mu,homogeneous,confounded,0.65,3
random,baseline,,,,0.26249272128119217,mu,homogeneous,confounded,0.65,3
econml_T,cate,491.3303835719283,0.16869864785850064,,0.6602483960490417,mu,homogeneous,confounded,0.65,4
econml_X,cate,316.78418713633494,0.13643886708589623,,0.6432213579536356,mu,homogeneous,confounded,0.65,4
econml_DR,cate,2775.551118419012,-0.06560446630795931,,0.4628463082057508,mu,homogeneous,confounded,0.65,4
econml_CausalForest,cate,115.54389919410822,0.5450117932198615,0.8588888888888889,0.9885926230596559,mu,homogeneous,confounded,0.65,4
causalml_T,cate,491.3303835719283,0.16869864785850064,,0.6602483960490417,mu,homogeneous,confounded,0.65,4
causalml_X,cate,317.96486760463125,0.13443908775243799,,0.6489648902269041,mu,homogeneous,confounded,0.65,4
structural_BTYD,cate,198.98146964204727,-0.4096476125753701,,0.0014409253336134299,mu,homogeneous,confounded,0.65,4
conformal_ITE,cate,580.3901383812765,0.1446429637178826,0.9455555555555556,0.6909712930884025,mu,homogeneous,confounded,0.65,4
base_value,baseline,,,,0.9888974685631481,mu,homogeneous,confounded,0.65,4
base_risk,baseline,,,,0.0007602125800698556,mu,homogeneous,confounded,0.65,4
random,baseline,,,,0.2570999981106885,mu,homogeneous,confounded,0.65,4
econml_T,cate,580.9412290623247,0.16158151669564555,,0.7240846393774555,mu,homogeneous,confounded,0.65,5
econml_X,cate,392.1976276001141,0.18387727344214239,,0.8486640542965772,mu,homogeneous,confounded,0.65,5
econml_DR,cate,1560.4011446030272,-0.007984197722740657,,0.6106275774236062,mu,homogeneous,confounded,0.65,5
econml_CausalForest,cate,160.5807550226087,0.5210362052078791,0.7716666666666666,0.989046414859346,mu,homogeneous,confounded,0.65,5
causalml_T,cate,580.9412290623247,0.16158151669564555,,0.7240846393774555,mu,homogeneous,confounded,0.65,5
causalml_X,cate,374.39907435750575,0.19386071991748113,,0.8503578358580054,mu,homogeneous,confounded,0.65,5
structural_BTYD,cate,276.15144422165923,-0.4277795186107935,,0.001128074273407842,mu,homogeneous,confounded,0.65,5
conformal_ITE,cate,536.1818724975724,0.2285415765017313,0.94,0.6839301668361321,mu,homogeneous,confounded,0.65,5
base_value,baseline,,,,0.9933922461299816,mu,homogeneous,confounded,0.65,5
base_risk,baseline,,,,0.00012280264261633708,mu,homogeneous,confounded,0.65,5
random,baseline,,,,0.28851415832995336,mu,homogeneous,confounded,0.65,5
econml_T,cate,368.72584622467303,0.12770935301911737,,0.7127907405042905,mu,homogeneous,confounded,0.65,6
econml_X,cate,357.1513924522954,0.16186858249356054,,0.723469157278674,mu,homogeneous,confounded,0.65,6
econml_DR,cate,3620.697024970167,0.04578271953693846,,0.6157042055520974,mu,homogeneous,confounded,0.65,6
econml_CausalForest,cate,149.69724338670832,0.45044711562861844,0.8566666666666667,0.9665217103660635,mu,homogeneous,confounded,0.65,6
causalml_T,cate,368.72584622467303,0.12770935301911737,,0.7127907405042905,mu,homogeneous,confounded,0.65,6
causalml_X,cate,354.4019631943994,0.14606187136895127,,0.7131450630985076,mu,homogeneous,confounded,0.65,6
structural_BTYD,cate,247.12669983699428,-0.42016716126853215,,0.0024823362117614707,mu,homogeneous,confounded,0.65,6
conformal_ITE,cate,449.4075921941415,0.16705020643351667,0.9588888888888889,0.6564720773579426,mu,homogeneous,confounded,0.65,6
base_value,baseline,,,,0.9926419622689283,mu,homogeneous,confounded,0.65,6
base_risk,baseline,,,,0.0001529024104213776,mu,homogeneous,confounded,0.65,6
random,baseline,,,,0.23327228668614902,mu,homogeneous,confounded,0.65,6
econml_T,cate,514.2327583886793,0.11061495446416975,,0.6721625700771309,mu,homogeneous,confounded,0.65,7
econml_X,cate,289.22140345662365,0.07025913042837491,,0.5687135470698312,mu,homogeneous,confounded,0.65,7
econml_DR,cate,1130.7116102423856,-0.053408158577149,,0.4007870870626501,mu,homogeneous,confounded,0.65,7
econml_CausalForest,cate,102.2025410409015,0.3581346172339834,0.8722222222222222,0.9410204359376958,mu,homogeneous,confounded,0.65,7
causalml_T,cate,514.2327583886793,0.11061495446416975,,0.6721625700771309,mu,homogeneous,confounded,0.65,7
causalml_X,cate,294.5452192175759,0.05761356733046986,,0.5461053862099275,mu,homogeneous,confounded,0.65,7
structural_BTYD,cate,215.29531245033252,-0.4327933524926271,,0.0026142995801967843,mu,homogeneous,confounded,0.65,7
conformal_ITE,cate,682.4584835221739,0.17508732858779696,0.9388888888888889,0.7362942966171948,mu,homogeneous,confounded,0.65,7
base_value,baseline,,,,0.9906345842782679,mu,homogeneous,confounded,0.65,7
base_risk,baseline,,,,0.0024534238345844824,mu,homogeneous,confounded,0.65,7
random,baseline,,,,0.39906007701417234,mu,homogeneous,confounded,0.65,7
econml_T,cate,492.2698170205377,0.10072694416422305,,0.6457472729294893,mu,homogeneous,confounded,0.65,8
econml_X,cate,331.98481204010375,0.09938584855961179,,0.5474190440544072,mu,homogeneous,confounded,0.65,8
econml_DR,cate,971.0037584725968,-0.005134291131956737,,0.564088428557538,mu,homogeneous,confounded,0.65,8
econml_CausalForest,cate,149.03805718342488,0.27186422659423154,0.8388888888888889,0.6670559443029572,mu,homogeneous,confounded,0.65,8
causalml_T,cate,492.2698170205377,0.10072694416422305,,0.6457472729294893,mu,homogeneous,confounded,0.65,8
causalml_X,cate,331.81917424066717,0.08697255521498459,,0.54758666276634,mu,homogeneous,confounded,0.65,8
structural_BTYD,cate,234.3353694560652,-0.4250987072116181,,0.003541221258598517,mu,homogeneous,confounded,0.65,8
conformal_ITE,cate,594.6169363918187,0.050360333886049165,0.9511111111111111,0.6301844553705502,mu,homogeneous,confounded,0.65,8
base_value,baseline,,,,0.9896074373984028,mu,homogeneous,confounded,0.65,8
base_risk,baseline,,,,0.0009289192753644602,mu,homogeneous,confounded,0.65,8
random,baseline,,,,0.3338271559718563,mu,homogeneous,confounded,0.65,8
econml_T,cate,530.8211841719597,-0.07213772221121047,,0.47824623267912963,mu,homogeneous,confounded,0.65,9
econml_X,cate,383.12877465042857,-0.04734878933727707,,0.4927341174952157,mu,homogeneous,confounded,0.65,9
econml_DR,cate,1215.4629554318783,-0.11217707602947784,,0.49936416556927793,mu,homogeneous,confounded,0.65,9
econml_CausalForest,cate,119.07889790094599,-0.027033353559024958,0.8527777777777777,0.6186164420545899,mu,homogeneous,confounded,0.65,9
causalml_T,cate,530.8211841719597,-0.07213772221121047,,0.47824623267912963,mu,homogeneous,confounded,0.65,9
causalml_X,cate,386.3715084685886,-0.055030628153996425,,0.4613989146501695,mu,homogeneous,confounded,0.65,9
structural_BTYD,cate,152.7990252640336,-0.39298625895917627,,0.002158447114048667,mu,homogeneous,confounded,0.65,9
conformal_ITE,cate,582.4403511541612,0.026479612675888574,0.9605555555555556,0.5644794270461423,mu,homogeneous,confounded,0.65,9
base_value,baseline,,,,0.9861595087402162,mu,homogeneous,confounded,0.65,9
base_risk,baseline,,,,0.00011832493267529282,mu,homogeneous,confounded,0.65,9
random,baseline,,,,0.29976955098299657,mu,homogeneous,confounded,0.65,9
econml_T,cate,421.1586127551639,-0.07038645983945992,,0.4357399796581278,mu,heterogeneous,randomized,0.2,0
econml_X,cate,341.31942335352767,-0.0735781605852056,,0.4820023992274135,mu,heterogeneous,randomized,0.2,0
econml_DR,cate,1173.0892486894354,-0.077507773253693,,0.46453202902630153,mu,heterogeneous,randomized,0.2,0
econml_CausalForest,cate,69.79439111761383,0.05560299772912544,0.8916666666666667,0.6990617534198208,mu,heterogeneous,randomized,0.2,0
causalml_T,cate,421.1586127551639,-0.07038645983945992,,0.4357399796581278,mu,heterogeneous,randomized,0.2,0
causalml_X,cate,349.33884369356815,-0.07009156680743435,,0.4768716632886372,mu,heterogeneous,randomized,0.2,0
structural_BTYD,cate,67.60062094982366,-0.2116405833974347,,0.07857933559720627,mu,heterogeneous,randomized,0.2,0
conformal_ITE,cate,443.0005899870626,-0.002933151957734318,0.9711111111111111,0.5576865183953301,mu,heterogeneous,randomized,0.2,0
base_value,baseline,,,,0.9923708047887456,mu,heterogeneous,randomized,0.2,0
base_risk,baseline,,,,2.6159669954831788e-06,mu,heterogeneous,randomized,0.2,0
random,baseline,,,,0.23434218780107113,mu,heterogeneous,randomized,0.2,0
econml_T,cate,388.172905411625,0.03596695095534302,,0.5577353345612228,mu,heterogeneous,randomized,0.2,1
econml_X,cate,315.44784092185847,0.09037206730409252,,0.6461077017898307,mu,heterogeneous,randomized,0.2,1
econml_DR,cate,1098.414788530398,0.029638833542406488,,0.47408857271506444,mu,heterogeneous,randomized,0.2,1
econml_CausalForest,cate,138.35321335023897,0.4467444707395526,0.8855555555555555,0.9834423989168385,mu,heterogeneous,randomized,0.2,1
causalml_T,cate,388.172905411625,0.03596695095534302,,0.5577353345612228,mu,heterogeneous,randomized,0.2,1
causalml_X,cate,294.5288668240683,0.08243728635539746,,0.6208688255065846,mu,heterogeneous,randomized,0.2,1
structural_BTYD,cate,61.24962203127437,0.4046149910274898,,0.9665287685518169,mu,heterogeneous,randomized,0.2,1
conformal_ITE,cate,347.3545551419898,0.028323149328006694,0.9733333333333334,0.6145995059921633,mu,heterogeneous,randomized,0.2,1
base_value,baseline,,,,0.995545927536531,mu,heterogeneous,randomized,0.2,1
base_risk,baseline,,,,1.2433610333338408e-05,mu,heterogeneous,randomized,0.2,1
random,baseline,,,,0.31772261864379053,mu,heterogeneous,randomized,0.2,1
econml_T,cate,526.2811000330919,0.04801100714940632,,0.7302326572472392,mu,heterogeneous,randomized,0.2,2
econml_X,cate,471.76543337025663,0.02944011170983457,,0.72453986781382,mu,heterogeneous,randomized,0.2,2
econml_DR,cate,820.720302109172,0.03101362493133301,,0.739178909753617,mu,heterogeneous,randomized,0.2,2
econml_CausalForest,cate,246.45666317312745,0.3015542157773301,0.8288888888888889,0.9430037796717771,mu,heterogeneous,randomized,0.2,2
causalml_T,cate,526.2811000330919,0.04801100714940632,,0.7302326572472392,mu,heterogeneous,randomized,0.2,2
causalml_X,cate,476.59600166655326,0.029525833202764397,,0.7142817429949215,mu,heterogeneous,randomized,0.2,2
structural_BTYD,cate,70.85239766200097,0.28067185066543027,,0.945700862220178,mu,heterogeneous,randomized,0.2,2
conformal_ITE,cate,519.2394788362107,-0.018638170339134286,0.9516666666666667,0.713933915228206,mu,heterogeneous,randomized,0.2,2
base_value,baseline,,,,0.9973627293941744,mu,heterogeneous,randomized,0.2,2
base_risk,baseline,,,,7.136177819275685e-05,mu,heterogeneous,randomized,0.2,2
random,baseline,,,,0.2454083031056504,mu,heterogeneous,randomized,0.2,2
econml_T,cate,389.28133178335304,0.04753705819363638,,0.5017988734111601,mu,heterogeneous,randomized,0.2,3
econml_X,cate,336.22388024700865,0.07801565593683987,,0.5491299261709437,mu,heterogeneous,randomized,0.2,3
econml_DR,cate,934.1971959905915,0.08712674579334677,,0.49891746027572387,mu,heterogeneous,randomized,0.2,3
econml_CausalForest,cate,167.7911935184428,0.24168235793896775,0.92,0.34911278417173297,mu,heterogeneous,randomized,0.2,3
causalml_T,cate,389.28133178335304,0.04753705819363638,,0.5017988734111601,mu,heterogeneous,randomized,0.2,3
causalml_X,cate,336.7485695867441,0.08163906064491447,,0.545216418994063,mu,heterogeneous,randomized,0.2,3
structural_BTYD,cate,56.17530855163515,0.2740969293016388,,0.7642062262708482,mu,heterogeneous,randomized,0.2,3
conformal_ITE,cate,292.4880584218491,0.04800206968318217,0.9755555555555555,0.5508496517708091,mu,heterogeneous,randomized,0.2,3
base_value,baseline,,,,0.9924715593067077,mu,heterogeneous,randomized,0.2,3
base_risk,baseline,,,,6.718627836802172e-05,mu,heterogeneous,randomized,0.2,3
random,baseline,,,,0.3770626486344009,mu,heterogeneous,randomized,0.2,3
econml_T,cate,514.4470186701903,0.014652291547359617,,0.5593220582799671,mu,heterogeneous,randomized,0.2,4
econml_X,cate,406.6288546115497,0.016425761132436146,,0.5462305744600315,mu,heterogeneous,randomized,0.2,4
econml_DR,cate,1326.928403107013,-0.039887732079793584,,0.4625860702121321,mu,heterogeneous,randomized,0.2,4
econml_CausalForest,cate,65.55470978307885,0.13028678962419088,0.9616666666666667,0.7013899889381111,mu,heterogeneous,randomized,0.2,4
causalml_T,cate,514.4470186701903,0.014652291547359617,,0.5593220582799671,mu,heterogeneous,randomized,0.2,4
causalml_X,cate,406.5636956517813,0.020424058311190846,,0.5543858904620053,mu,heterogeneous,randomized,0.2,4
structural_BTYD,cate,77.21593750938246,-0.41993167323766434,,0.0039010838227911885,mu,heterogeneous,randomized,0.2,4
conformal_ITE,cate,513.1733981815694,0.05623725967065699,0.9616666666666667,0.5942077248630258,mu,heterogeneous,randomized,0.2,4
base_value,baseline,,,,0.9970890133431852,mu,heterogeneous,randomized,0.2,4
base_risk,baseline,,,,0.0008592654338141221,mu,heterogeneous,randomized,0.2,4
random,baseline,,,,0.26703281361113623,mu,heterogeneous,randomized,0.2,4
econml_T,cate,471.61530725612107,0.012050577222190405,,0.5284435767711018,mu,heterogeneous,randomized,0.2,5
econml_X,cate,351.79792217928167,0.022372278367796625,,0.5476901156449205,mu,heterogeneous,randomized,0.2,5
econml_DR,cate,1377.3373705261276,0.058216171904992876,,0.4192357942460038,mu,heterogeneous,randomized,0.2,5
econml_CausalForest,cate,116.94543063342752,-0.3128848306195324,0.8688888888888889,0.08684654275379841,mu,heterogeneous,randomized,0.2,5
causalml_T,cate,471.61530725612107,0.012050577222190405,,0.5284435767711018,mu,heterogeneous,randomized,0.2,5
causalml_X,cate,358.479030987091,0.023222541411826773,,0.5662867575412925,mu,heterogeneous,randomized,0.2,5
structural_BTYD,cate,66.15256348404534,0.41924144172493993,,0.9675884735493971,mu,heterogeneous,randomized,0.2,5
conformal_ITE,cate,364.70719865255825,0.004367376367999137,0.9716666666666667,0.5872801887195632,mu,heterogeneous,randomized,0.2,5
base_value,baseline,,,,0.9950828812453871,mu,heterogeneous,randomized,0.2,5
base_risk,baseline,,,,5.213622733254494e-05,mu,heterogeneous,randomized,0.2,5
random,baseline,,,,0.21128808343626654,mu,heterogeneous,randomized,0.2,5
econml_T,cate,387.4845839147605,0.05030786575256659,,0.5442391311875987,mu,heterogeneous,randomized,0.2,6
econml_X,cate,270.9562217366643,-0.00823008989266825,,0.47700046328404394,mu,heterogeneous,randomized,0.2,6
econml_DR,cate,1393.7668540300156,-0.0279987425123646,,0.4187059176895953,mu,heterogeneous,randomized,0.2,6
econml_CausalForest,cate,86.23563888894813,0.3301146265894002,0.9022222222222223,0.5221078432381787,mu,heterogeneous,randomized,0.2,6
causalml_T,cate,387.4845839147605,0.05030786575256659,,0.5442391311875987,mu,heterogeneous,randomized,0.2,6
causalml_X,cate,280.3008909831695,-0.011542166816289185,,0.4834270366298791,mu,heterogeneous,randomized,0.2,6
structural_BTYD,cate,60.723036511078405,0.4235828495565279,,0.9673509354004456,mu,heterogeneous,randomized,0.2,6
conformal_ITE,cate,476.0277814627038,0.07515729657800167,0.9561111111111111,0.5180576222262981,mu,heterogeneous,randomized,0.2,6
base_value,baseline,,,,0.9882087247240625,mu,heterogeneous,randomized,0.2,6
base_risk,baseline,,,,0.00017365434007114697,mu,heterogeneous,randomized,0.2,6
random,baseline,,,,0.3349775067313499,mu,heterogeneous,randomized,0.2,6
econml_T,cate,377.17298504440333,-0.01948757921485701,,0.5042619720588982,mu,heterogeneous,randomized,0.2,7
econml_X,cate,327.71843391326445,-0.0077797865647823445,,0.5425013096789597,mu,heterogeneous,randomized,0.2,7
econml_DR,cate,1084.727166931601,-0.000848213336312372,,0.5243844642531712,mu,heterogeneous,randomized,0.2,7
econml_CausalForest,cate,55.634280990539594,0.33281388797283123,0.9227777777777778,0.9308453323403624,mu,heterogeneous,randomized,0.2,7
causalml_T,cate,377.17298504440333,-0.01948757921485701,,0.5042619720588982,mu,heterogeneous,randomized,0.2,7
causalml_X,cate,325.9236715989027,-0.01708150270156471,,0.5338781947305624,mu,heterogeneous,randomized,0.2,7
structural_BTYD,cate,67.79588372009499,0.23894536123757493,,0.9368404023708553,mu,heterogeneous,randomized,0.2,7
conformal_ITE,cate,331.31969033917954,-0.08102580689354554,0.9822222222222222,0.42372104810798605,mu,heterogeneous,randomized,0.2,7
base_value,baseline,,,,0.985257322681482,mu,heterogeneous,randomized,0.2,7
base_risk,baseline,,,,0.000260598767217866,mu,heterogeneous,randomized,0.2,7
random,baseline,,,,0.3637636776873822,mu,heterogeneous,randomized,0.2,7
econml_T,cate,644.777485095273,-0.036704303147465166,,0.5441554510537662,mu,heterogeneous,randomized,0.2,8
econml_X,cate,584.356614668479,-0.015326649677114742,,0.5970174329456135,mu,heterogeneous,randomized,0.2,8
econml_DR,cate,1366.5334898509702,0.08776050514318866,,0.5808342438737738,mu,heterogeneous,randomized,0.2,8
econml_CausalForest,cate,262.8035003762245,0.5232012236872128,0.8555555555555555,0.9911472713896115,mu,heterogeneous,randomized,0.2,8
causalml_T,cate,644.777485095273,-0.036704303147465166,,0.5441554510537662,mu,heterogeneous,randomized,0.2,8
causalml_X,cate,582.1969278440738,0.01748111147341214,,0.6379359152231039,mu,heterogeneous,randomized,0.2,8
structural_BTYD,cate,67.05833996189484,-0.18047599270625245,,0.050917019482423664,mu,heterogeneous,randomized,0.2,8
conformal_ITE,cate,802.3924518061995,-0.031180467782612124,0.9555555555555556,0.6066586387951273,mu,heterogeneous,randomized,0.2,8
base_value,baseline,,,,0.9952292344733293,mu,heterogeneous,randomized,0.2,8
base_risk,baseline,,,,0.0004976960214439663,mu,heterogeneous,randomized,0.2,8
random,baseline,,,,0.26243395109520884,mu,heterogeneous,randomized,0.2,8
econml_T,cate,461.7661267672679,0.017153678598975056,,0.46620375784880014,mu,heterogeneous,randomized,0.2,9
econml_X,cate,364.7785263100862,0.02395498562195923,,0.48378237450117323,mu,heterogeneous,randomized,0.2,9
econml_DR,cate,1167.9253138721842,-0.02252816230678598,,0.4347333635231829,mu,heterogeneous,randomized,0.2,9
econml_CausalForest,cate,163.2523922294467,-0.2148801032951506,0.8355555555555556,0.30120410099770517,mu,heterogeneous,randomized,0.2,9
causalml_T,cate,461.7661267672679,0.017153678598975056,,0.46620375784880014,mu,heterogeneous,randomized,0.2,9
causalml_X,cate,375.2797085300774,0.040749702311979386,,0.47706063749297073,mu,heterogeneous,randomized,0.2,9
structural_BTYD,cate,43.11419267981811,0.30408136592933244,,0.9405313223807815,mu,heterogeneous,randomized,0.2,9
conformal_ITE,cate,509.05936207608244,-0.021337143795528535,0.9566666666666667,0.4071703010615275,mu,heterogeneous,randomized,0.2,9
base_value,baseline,,,,0.9814019222518711,mu,heterogeneous,randomized,0.2,9
base_risk,baseline,,,,0.0003041604101236303,mu,heterogeneous,randomized,0.2,9
random,baseline,,,,0.3742925970146491,mu,heterogeneous,randomized,0.2,9
econml_T,cate,351.6492576742011,-0.05488289037009916,,0.48475399715598394,mu,heterogeneous,randomized,0.35,0
econml_X,cate,271.0945937061131,-0.07050203132732188,,0.49043026602539214,mu,heterogeneous,randomized,0.35,0
econml_DR,cate,1033.508094360235,0.06317563494656696,,0.5220493913277227,mu,heterogeneous,randomized,0.35,0
econml_CausalForest,cate,129.72026358597424,-0.018551214388601005,0.8811111111111111,0.39508339323148073,mu,heterogeneous,randomized,0.35,0
causalml_T,cate,351.6492576742011,-0.05488289037009916,,0.48475399715598394,mu,heterogeneous,randomized,0.35,0
causalml_X,cate,274.0866035550083,-0.06944002475025217,,0.4746218725903414,mu,heterogeneous,randomized,0.35,0
structural_BTYD,cate,111.41177531532209,0.43092352206453327,,0.9398731230576487,mu,heterogeneous,randomized,0.35,0
conformal_ITE,cate,337.1851257726466,0.05280263698916347,0.9727777777777777,0.6448766736789522,mu,heterogeneous,randomized,0.35,0
base_value,baseline,,,,0.9927461806268546,mu,heterogeneous,randomized,0.35,0
base_risk,baseline,,,,2.440207979156669e-06,mu,heterogeneous,randomized,0.35,0
random,baseline,,,,0.29779817338254344,mu,heterogeneous,randomized,0.35,0
econml_T,cate,436.34565758340324,0.06873585193059227,,0.5749832851314303,mu,heterogeneous,randomized,0.35,1
econml_X,cate,393.93775748144,0.041921323738632124,,0.47149748294700816,mu,heterogeneous,randomized,0.35,1
econml_DR,cate,1074.9425363063149,0.07535434702071596,,0.5440846458411359,mu,heterogeneous,randomized,0.35,1
econml_CausalForest,cate,104.30631989746958,0.3751412363886732,0.9161111111111111,0.9602214305570927,mu,heterogeneous,randomized,0.35,1
causalml_T,cate,436.34565758340324,0.06873585193059227,,0.5749832851314303,mu,heterogeneous,randomized,0.35,1
causalml_X,cate,383.0415503180032,0.05907743467699103,,0.47065884653440854,mu,heterogeneous,randomized,0.35,1
structural_BTYD,cate,103.68238492561255,0.4043373976086672,,0.9679424741418856,mu,heterogeneous,randomized,0.35,1
conformal_ITE,cate,366.72572294881877,0.022372444637648967,0.9738888888888889,0.5513193091785665,mu,heterogeneous,randomized,0.35,1
base_value,baseline,,,,0.9962519091074628,mu,heterogeneous,randomized,0.35,1
base_risk,baseline,,,,1.1695227568642533e-05,mu,heterogeneous,randomized,0.35,1
random,baseline,,,,0.32326364918066763,mu,heterogeneous,randomized,0.35,1
econml_T,cate,427.77544367770406,0.01877648091467177,,0.5634986764621632,mu,heterogeneous,randomized,0.35,2
econml_X,cate,379.7601353394919,0.003763555572598343,,0.5424289332738759,mu,heterogeneous,randomized,0.35,2
econml_DR,cate,1232.0733530136558,-0.0500316566253543,,0.47549711702245173,mu,heterogeneous,randomized,0.35,2
econml_CausalForest,cate,184.2573159261127,0.27372793682366847,0.8883333333333333,0.9301836428117054,mu,heterogeneous,randomized,0.35,2
causalml_T,cate,427.77544367770406,0.01877648091467177,,0.5634986764621632,mu,heterogeneous,randomized,0.35,2
causalml_X,cate,375.2181731881844,-0.006809256015422112,,0.5331135521075249,mu,heterogeneous,randomized,0.35,2
structural_BTYD,cate,147.8192553710162,0.308431163409845,,0.9487211969537741,mu,heterogeneous,randomized,0.35,2
conformal_ITE,cate,495.3991120184261,-0.02602241034597584,0.9455555555555556,0.6644520148427615,mu,heterogeneous,randomized,0.35,2
base_value,baseline,,,,0.9976221300265121,mu,heterogeneous,randomized,0.35,2
base_risk,baseline,,,,6.688506711695066e-05,mu,heterogeneous,randomized,0.35,2
random,baseline,,,,0.24988394569391315,mu,heterogeneous,randomized,0.35,2
econml_T,cate,431.0266567777613,0.12300895134547936,,0.53954182764627,mu,heterogeneous,randomized,0.35,3
econml_X,cate,368.9437651863143,0.15577758680308162,,0.552206144138087,mu,heterogeneous,randomized,0.35,3
econml_DR,cate,1527.9025181285715,0.0442480558249445,,0.5036797251848314,mu,heterogeneous,randomized,0.35,3
econml_CausalForest,cate,121.66918946476528,0.4810155604381451,0.9316666666666666,0.8656530329255232,mu,heterogeneous,randomized,0.35,3
causalml_T,cate,431.0266567777613,0.12300895134547936,,0.53954182764627,mu,heterogeneous,randomized,0.35,3
causalml_X,cate,372.0710369464295,0.15897254557410584,,0.5498501560015944,mu,heterogeneous,randomized,0.35,3
structural_BTYD,cate,99.95248535013341,0.3665253065781689,,0.9290486374803851,mu,heterogeneous,randomized,0.35,3
conformal_ITE,cate,448.345099736172,0.12783723565000665,0.96,0.671440386855102,mu,heterogeneous,randomized,0.35,3
base_value,baseline,,,,0.9932115575517234,mu,heterogeneous,randomized,0.35,3
base_risk,baseline,,,,6.24258154469446e-05,mu,heterogeneous,randomized,0.35,3
random,baseline,,,,0.35836321799140747,mu,heterogeneous,randomized,0.35,3
econml_T,cate,573.9729397099023,0.03337792186587186,,0.5415703393712424,mu,heterogeneous,randomized,0.35,4
econml_X,cate,473.637337125444,0.03609338555349896,,0.5632016813185483,mu,heterogeneous,randomized,0.35,4
econml_DR,cate,937.6867664504873,0.0081779136354002,,0.6024463205021349,mu,heterogeneous,randomized,0.35,4
econml_CausalForest,cate,122.71305067992405,0.46484810116799963,0.9166666666666666,0.9328031276994379,mu,heterogeneous,randomized,0.35,4
causalml_T,cate,573.9729397099023,0.03337792186587186,,0.5415703393712424,mu,heterogeneous,randomized,0.35,4
causalml_X,cate,473.87374455425964,0.041505496197002834,,0.5537224615219396,mu,heterogeneous,randomized,0.35,4
structural_BTYD,cate,119.30059542095346,0.3465021220212062,,0.9531113901914129,mu,heterogeneous,randomized,0.35,4
conformal_ITE,cate,594.4031491974262,0.1289496792488183,0.9577777777777777,0.6500603311200251,mu,heterogeneous,randomized,0.35,4
base_value,baseline,,,,0.9973784813419302,mu,heterogeneous,randomized,0.35,4
base_risk,baseline,,,,0.0008224287593658396,mu,heterogeneous,randomized,0.35,4
random,baseline,,,,0.27182693857278223,mu,heterogeneous,randomized,0.35,4
econml_T,cate,533.0631263258185,0.047788449941476206,,0.5192253488629159,mu,heterogeneous,randomized,0.35,5
econml_X,cate,445.92065788881376,0.05569958965915302,,0.5287884362405327,mu,heterogeneous,randomized,0.35,5
econml_DR,cate,1119.3499388331181,0.043670217778178665,,0.3746010289722696,mu,heterogeneous,randomized,0.35,5
econml_CausalForest,cate,157.57200624340652,0.1470488072477926,0.8488888888888889,0.6407343300327945,mu,heterogeneous,randomized,0.35,5
causalml_T,cate,533.0631263258185,0.047788449941476206,,0.5192253488629159,mu,heterogeneous,randomized,0.35,5
causalml_X,cate,445.71076940542684,0.05054084079140902,,0.5711059408444107,mu,heterogeneous,randomized,0.35,5
structural_BTYD,cate,127.53925585413832,0.4187652744655469,,0.9686404921532006,mu,heterogeneous,randomized,0.35,5
conformal_ITE,cate,392.1039327898058,0.051858240129534994,0.965,0.6788437969783676,mu,heterogeneous,randomized,0.35,5
base_value,baseline,,,,0.9957059677418227,mu,heterogeneous,randomized,0.35,5
base_risk,baseline,,,,4.781592169410467e-05,mu,heterogeneous,randomized,0.35,5
random,baseline,,,,0.34459928456381805,mu,heterogeneous,randomized,0.35,5
econml_T,cate,454.04269818783166,-0.034152306099067345,,0.43429600875418084,mu,heterogeneous,randomized,0.35,6
econml_X,cate,363.2406637596171,-0.06663202031472129,,0.44879908055497203,mu,heterogeneous,randomized,0.35,6
econml_DR,cate,1439.480508499902,-0.08187370602400172,,0.4403244688129585,mu,heterogeneous,randomized,0.35,6
econml_CausalForest,cate,151.41972685227617,0.12829799809395875,0.8894444444444445,0.4296372036642356,mu,heterogeneous,randomized,0.35,6
causalml_T,cate,454.04269818783166,-0.034152306099067345,,0.43429600875418084,mu,heterogeneous,randomized,0.35,6
causalml_X,cate,368.40189586395337,-0.05761043894924878,,0.4530484658791084,mu,heterogeneous,randomized,0.35,6
structural_BTYD,cate,116.3071578284961,0.42304434672291724,,0.9682553325427341,mu,heterogeneous,randomized,0.35,6
conformal_ITE,cate,420.9074269821604,0.014775365751099105,0.9688888888888889,0.46103769794609806,mu,heterogeneous,randomized,0.35,6
base_value,baseline,,,,0.9889452737642656,mu,heterogeneous,randomized,0.35,6
base_risk,baseline,,,,0.0001678971096347322,mu,heterogeneous,randomized,0.35,6
random,baseline,,,,0.3198378928852936,mu,heterogeneous,randomized,0.35,6
econml_T,cate,336.14270364821516,0.0572347955615011,,0.6292205622032044,mu,heterogeneous,randomized,0.35,7
econml_X,cate,282.19103964739304,0.0805885883754664,,0.654380252860252,mu,heterogeneous,randomized,0.35,7
econml_DR,cate,793.7848150040907,0.0537341226966884,,0.5664659212203493,mu,heterogeneous,randomized,0.35,7
econml_CausalForest,cate,84.3719999926117,0.5084925511033347,0.9261111111111111,0.9893891022217999,mu,heterogeneous,randomized,0.35,7
causalml_T,cate,336.14270364821516,0.0572347955615011,,0.6292205622032044,mu,heterogeneous,randomized,0.35,7
causalml_X,cate,276.89566709035586,0.06951707540783078,,0.6443040211580083,mu,heterogeneous,randomized,0.35,7
structural_BTYD,cate,104.72402927874582,0.23844880057082157,,0.9377877756968463,mu,heterogeneous,randomized,0.35,7
conformal_ITE,cate,333.9331810878331,0.02616562398277057,0.975,0.5105763414357637,mu,heterogeneous,randomized,0.35,7
base_value,baseline,,,,0.9859478017532406,mu,heterogeneous,randomized,0.35,7
base_risk,baseline,,,,0.00026385631986595667,mu,heterogeneous,randomized,0.35,7
random,baseline,,,,0.2534024717527573,mu,heterogeneous,randomized,0.35,7
econml_T,cate,403.14380157206915,0.05552587213359001,,0.573246977262067,mu,heterogeneous,randomized,0.35,8
econml_X,cate,338.23156213071667,0.06047325723244257,,0.5878472627542275,mu,heterogeneous,randomized,0.35,8
econml_DR,cate,1263.6434999831436,-0.021464435221336082,,0.5306851941364578,mu,heterogeneous,randomized,0.35,8
econml_CausalForest,cate,118.33921688208254,0.5471019393083169,0.8988888888888888,0.9949252026734332,mu,heterogeneous,randomized,0.35,8
causalml_T,cate,403.14380157206915,0.05552587213359001,,0.573246977262067,mu,heterogeneous,randomized,0.35,8
causalml_X,cate,340.4983629020855,0.06681512779084756,,0.5983234725693639,mu,heterogeneous,randomized,0.35,8
structural_BTYD,cate,113.73373187104521,0.3973240084152886,,0.9678763672013078,mu,heterogeneous,randomized,0.35,8
conformal_ITE,cate,400.78799795801456,0.03259443569282961,0.9733333333333334,0.5632954839502067,mu,heterogeneous,randomized,0.35,8
base_value,baseline,,,,0.9955690605837731,mu,heterogeneous,randomized,0.35,8
base_risk,baseline,,,,0.00047757618589205013,mu,heterogeneous,randomized,0.35,8
random,baseline,,,,0.391686930160835,mu,heterogeneous,randomized,0.35,8
econml_T,cate,407.0906880387483,0.04281528915860684,,0.584954337625915,mu,heterogeneous,randomized,0.35,9
econml_X,cate,334.8583693986547,0.026517068585262128,,0.5668168903520567,mu,heterogeneous,randomized,0.35,9
econml_DR,cate,849.7526187219835,0.01001599698974364,,0.49537172716550676,mu,heterogeneous,randomized,0.35,9
econml_CausalForest,cate,149.64952465524289,0.03496496132307033,0.8733333333333333,0.5030662603253984,mu,heterogeneous,randomized,0.35,9
causalml_T,cate,407.0906880387483,0.04281528915860684,,0.584954337625915,mu,heterogeneous,randomized,0.35,9
causalml_X,cate,339.52426660957263,0.03123831713411882,,0.5420562554951381,mu,heterogeneous,randomized,0.35,9
structural_BTYD,cate,76.2397686958091,0.41258987367187894,,0.9648490451655953,mu,heterogeneous,randomized,0.35,9
conformal_ITE,cate,481.8954673063503,0.05443395388856051,0.9566666666666667,0.5263455924166736,mu,heterogeneous,randomized,0.35,9
base_value,baseline,,,,0.9817341080414949,mu,heterogeneous,randomized,0.35,9
base_risk,baseline,,,,0.000286717313695017,mu,heterogeneous,randomized,0.35,9
random,baseline,,,,0.23833104832423976,mu,heterogeneous,randomized,0.35,9
econml_T,cate,409.5076909608467,0.010227854488960396,,0.5415970492087246,mu,heterogeneous,randomized,0.5,0
econml_X,cate,334.592835691322,0.03924258651019528,,0.5410218957962318,mu,heterogeneous,randomized,0.5,0
econml_DR,cate,1050.3377994201621,-0.01655095478538988,,0.5191686687158108,mu,heterogeneous,randomized,0.5,0
econml_CausalForest,cate,169.53983207790188,0.327537424003907,0.8972222222222223,0.8275919318136041,mu,heterogeneous,randomized,0.5,0
causalml_T,cate,409.5076909608467,0.010227854488960396,,0.5415970492087246,mu,heterogeneous,randomized,0.5,0
causalml_X,cate,337.395567905493,0.03317224008181095,,0.5514382309260687,mu,heterogeneous,randomized,0.5,0
structural_BTYD,cate,167.21829088103155,0.4328610877463462,,0.9467452660238785,mu,heterogeneous,randomized,0.5,0
conformal_ITE,cate,391.77870443004684,0.11388861919982561,0.965,0.6645466635088031,mu,heterogeneous,randomized,0.5,0
base_value,baseline,,,,0.9929349887213177,mu,heterogeneous,randomized,0.5,0
base_risk,baseline,,,,2.2631999274336165e-06,mu,heterogeneous,randomized,0.5,0
random,baseline,,,,0.21334196323829202,mu,heterogeneous,randomized,0.5,0
econml_T,cate,431.4240359032511,0.15092155325763426,,0.5631133452757217,mu,heterogeneous,randomized,0.5,1
econml_X,cate,369.3547426906022,0.2440616571326657,,0.6436203220150086,mu,heterogeneous,randomized,0.5,1
econml_DR,cate,1143.844292806386,0.1501468423917309,,0.6016317432418822,mu,heterogeneous,randomized,0.5,1
econml_CausalForest,cate,175.03735721267935,0.5177559546001822,0.8961111111111111,0.9918381645606837,mu,heterogeneous,randomized,0.5,1
causalml_T,cate,431.4240359032511,0.15092155325763426,,0.5631133452757217,mu,heterogeneous,randomized,0.5,1
causalml_X,cate,359.4728340497137,0.24656381301144875,,0.6342806583425138,mu,heterogeneous,randomized,0.5,1
structural_BTYD,cate,171.5703165763466,0.4039969113635923,,0.9692259014841162,mu,heterogeneous,randomized,0.5,1
conformal_ITE,cate,355.6841930698453,0.14223277595183723,0.9744444444444444,0.6721258052876209,mu,heterogeneous,randomized,0.5,1
base_value,baseline,,,,0.9966139858257782,mu,heterogeneous,randomized,0.5,1
base_risk,baseline,,,,1.0880271625866674e-05,mu,heterogeneous,randomized,0.5,1
random,baseline,,,,0.24491482202594173,mu,heterogeneous,randomized,0.5,1
econml_T,cate,522.1172226087643,0.07367774383383872,,0.6267417776495446,mu,heterogeneous,randomized,0.5,2
econml_X,cate,452.56979978636497,0.08272121069961365,,0.7622821054892122,mu,heterogeneous,randomized,0.5,2
econml_DR,cate,1016.9769879942797,0.11457592052238735,,0.6980791922777791,mu,heterogeneous,randomized,0.5,2
econml_CausalForest,cate,278.35448867222607,0.25418522524275544,0.8444444444444444,0.9319059945500174,mu,heterogeneous,randomized,0.5,2
causalml_T,cate,522.1172226087643,0.07367774383383872,,0.6267417776495446,mu,heterogeneous,randomized,0.5,2
causalml_X,cate,454.0392075822045,0.0681530844146277,,0.7499141926923273,mu,heterogeneous,randomized,0.5,2
structural_BTYD,cate,267.9283232447381,0.3079117414055181,,0.9506152611316568,mu,heterogeneous,randomized,0.5,2
conformal_ITE,cate,602.6459900332967,-0.018992631416450398,0.9538888888888889,0.7248539038473013,mu,heterogeneous,randomized,0.5,2
base_value,baseline,,,,0.9978133661471636,mu,heterogeneous,randomized,0.5,2
base_risk,baseline,,,,6.191884921138033e-05,mu,heterogeneous,randomized,0.5,2
random,baseline,,,,0.2102291818935229,mu,heterogeneous,randomized,0.5,2
econml_T,cate,403.67330659569683,0.1298325114472377,,0.6576181237452237,mu,heterogeneous,randomized,0.5,3
econml_X,cate,360.4480508017659,0.1727717765551339,,0.6637262314039918,mu,heterogeneous,randomized,0.5,3
econml_DR,cate,1000.3208438251434,0.07992148942983067,,0.5462216079760465,mu,heterogeneous,randomized,0.5,3
econml_CausalForest,cate,202.78519441961268,0.3360163866107034,0.9105555555555556,0.48574629983205825,mu,heterogeneous,randomized,0.5,3
causalml_T,cate,403.67330659569683,0.1298325114472377,,0.6576181237452237,mu,heterogeneous,randomized,0.5,3
causalml_X,cate,360.5007102850245,0.1794482886657554,,0.683769329058086,mu,heterogeneous,randomized,0.5,3
structural_BTYD,cate,157.93985709137925,0.3808666786356727,,0.964414888064033,mu,heterogeneous,randomized,0.5,3
conformal_ITE,cate,354.53109813136814,0.1319305183140194,0.9738888888888889,0.7817931086586816,mu,heterogeneous,randomized,0.5,3
base_value,baseline,,,,0.9937201930239175,mu,heterogeneous,randomized,0.5,3
base_risk,baseline,,,,5.7490210567737556e-05,mu,heterogeneous,randomized,0.5,3
random,baseline,,,,0.25282650532901924,mu,heterogeneous,randomized,0.5,3
econml_T,cate,453.425578593376,0.028797264574714532,,0.5488167147019813,mu,heterogeneous,randomized,0.5,4
econml_X,cate,410.14764431305844,0.030490829726207685,,0.5806435517266751,mu,heterogeneous,randomized,0.5,4
econml_DR,cate,979.1446368825203,0.04010022035328128,,0.514695874920684,mu,heterogeneous,randomized,0.5,4
econml_CausalForest,cate,201.26746574811082,0.14087323360521317,0.905,0.5521583876276879,mu,heterogeneous,randomized,0.5,4
causalml_T,cate,453.425578593376,0.028797264574714532,,0.5488167147019813,mu,heterogeneous,randomized,0.5,4
causalml_X,cate,412.11172055041504,0.04790157512490898,,0.5930601904188896,mu,heterogeneous,randomized,0.5,4
structural_BTYD,cate,173.56440718599487,0.34580629299039156,,0.9537431979450752,mu,heterogeneous,randomized,0.5,4
conformal_ITE,cate,458.66664950350753,0.13194730584063408,0.9666666666666667,0.5616244685202372,mu,heterogeneous,randomized,0.5,4
base_value,baseline,,,,0.997560294260695,mu,heterogeneous,randomized,0.5,4
base_risk,baseline,,,,0.0007818941565011526,mu,heterogeneous,randomized,0.5,4
random,baseline,,,,0.2729297977862728,mu,heterogeneous,randomized,0.5,4
econml_T,cate,577.9314908481292,0.016708103641796625,,0.5649274375057455,mu,heterogeneous,randomized,0.5,5
econml_X,cate,500.04154516101835,0.055800978913617315,,0.5311527817992059,mu,heterogeneous,randomized,0.5,5
econml_DR,cate,1242.5835881513574,0.05461012361607311,,0.5095277708855555,mu,heterogeneous,randomized,0.5,5
econml_CausalForest,cate,238.42715130813102,0.3393182699730829,0.8444444444444444,0.9249841206421151,mu,heterogeneous,randomized,0.5,5
causalml_T,cate,577.9314908481292,0.016708103641796625,,0.5649274375057455,mu,heterogeneous,randomized,0.5,5
causalml_X,cate,506.45219775329474,0.04758349035867756,,0.5394901144534884,mu,heterogeneous,randomized,0.5,5
structural_BTYD,cate,217.14458916582987,0.41815873184256186,,0.9696694942765695,mu,heterogeneous,randomized,0.5,5
conformal_ITE,cate,484.50925532985843,0.09427610505557878,0.9677777777777777,0.5964116714855132,mu,heterogeneous,randomized,0.5,5
base_value,baseline,,,,0.9961466930508337,mu,heterogeneous,randomized,0.5,5
base_risk,baseline,,,,4.335987329926334e-05,mu,heterogeneous,randomized,0.5,5
random,baseline,,,,0.4963675784392592,mu,heterogeneous,randomized,0.5,5
econml_T,cate,435.60565096082433,0.08905718382751444,,0.6315037330097774,mu,heterogeneous,randomized,0.5,6
econml_X,cate,354.8984298125335,0.06730016947702244,,0.5913068422286559,mu,heterogeneous,randomized,0.5,6
econml_DR,cate,975.5587088665741,0.08496797613412507,,0.5444598014970776,mu,heterogeneous,randomized,0.5,6
econml_CausalForest,cate,204.65234768959417,0.5773017081871704,0.8711111111111111,0.9963913085322723,mu,heterogeneous,randomized,0.5,6
causalml_T,cate,435.60565096082433,0.08905718382751444,,0.6315037330097774,mu,heterogeneous,randomized,0.5,6
causalml_X,cate,361.581502695917,0.07657759702985703,,0.6048374459166552,mu,heterogeneous,randomized,0.5,6
structural_BTYD,cate,182.68534791174773,0.4226226013440362,,0.9689905707566241,mu,heterogeneous,randomized,0.5,6
conformal_ITE,cate,456.68036608923705,0.07400304218337411,0.9588888888888889,0.45319321330932216,mu,heterogeneous,randomized,0.5,6
base_value,baseline,,,,0.9894582251939688,mu,heterogeneous,randomized,0.5,6
base_risk,baseline,,,,0.00016114569277828023,mu,heterogeneous,randomized,0.5,6
random,baseline,,,,0.2754334415312956,mu,heterogeneous,randomized,0.5,6
econml_T,cate,414.42193864075625,0.09801154294175732,,0.7180914605604366,mu,heterogeneous,randomized,0.5,7
econml_X,cate,321.651053357289,0.060577788370254945,,0.6471606600338355,mu,heterogeneous,randomized,0.5,7
econml_DR,cate,1318.0104036691218,0.03924995762934886,,0.5393076991892677,mu,heterogeneous,randomized,0.5,7
econml_CausalForest,cate,127.9044012375631,0.4915223760007134,0.8861111111111111,0.9838249730206668,mu,heterogeneous,randomized,0.5,7
causalml_T,cate,414.42193864075625,0.09801154294175732,,0.7180914605604366,mu,heterogeneous,randomized,0.5,7
causalml_X,cate,318.69514776865583,0.07249172599192315,,0.6709930650644932,mu,heterogeneous,randomized,0.5,7
structural_BTYD,cate,143.18677604498708,0.23770719313938524,,0.9385417260161345,mu,heterogeneous,randomized,0.5,7
conformal_ITE,cate,462.00461478760917,0.10852464615024753,0.9688888888888889,0.7159173727296315,mu,heterogeneous,randomized,0.5,7
base_value,baseline,,,,0.9863828866300288,mu,heterogeneous,randomized,0.5,7
base_risk,baseline,,,,0.00026666908086270063,mu,heterogeneous,randomized,0.5,7
random,baseline,,,,0.40708627427801153,mu,heterogeneous,randomized,0.5,7
econml_T,cate,476.4128765091906,0.06850478541537151,,0.6299861660646412,mu,heterogeneous,randomized,0.5,8
econml_X,cate,394.0562617844934,0.10212880524286538,,0.6462804046062071,mu,heterogeneous,randomized,0.5,8
econml_DR,cate,1261.1126314331882,0.1126042040496941,,0.61485776692639,mu,heterogeneous,randomized,0.5,8
econml_CausalForest,cate,236.9534731812835,0.5209710516006449,0.8577777777777778,0.9920229109487895,mu,heterogeneous,randomized,0.5,8
causalml_T,cate,476.4128765091906,0.06850478541537151,,0.6299861660646412,mu,heterogeneous,randomized,0.5,8
causalml_X,cate,395.6172693571362,0.11171160030093502,,0.6566950798697417,mu,heterogeneous,randomized,0.5,8
structural_BTYD,cate,172.26262523208555,0.39679018300973845,,0.9681250023487004,mu,heterogeneous,randomized,0.5,8
conformal_ITE,cate,600.4723076922038,0.032134140145194584,0.965,0.6287347482490391,mu,heterogeneous,randomized,0.5,8
base_value,baseline,,,,0.9957533744009043,mu,heterogeneous,randomized,0.5,8
base_risk,baseline,,,,0.000456040317193505,mu,heterogeneous,randomized,0.5,8
random,baseline,,,,0.24509000817201745,mu,heterogeneous,randomized,0.5,8
econml_T,cate,416.38438324622933,0.11273170239995438,,0.5632311605360253,mu,heterogeneous,randomized,0.5,9
econml_X,cate,356.9068599228026,0.09747354537650571,,0.5568161141623409,mu,heterogeneous,randomized,0.5,9
econml_DR,cate,869.2759230274552,0.04304957012984773,,0.4684291519443928,mu,heterogeneous,randomized,0.5,9
econml_CausalForest,cate,177.25968644661273,0.14945429176223277,0.845,0.6111810854069682,mu,heterogeneous,randomized,0.5,9
causalml_T,cate,416.38438324622933,0.11273170239995438,,0.5632311605360253,mu,heterogeneous,randomized,0.5,9
causalml_X,cate,360.77556702904076,0.08169332392545633,,0.5285528316002215,mu,heterogeneous,randomized,0.5,9
structural_BTYD,cate,121.09090448688517,0.4119699938162469,,0.9657646136437431,mu,heterogeneous,randomized,0.5,9
conformal_ITE,cate,427.47828914461485,0.08427879692954623,0.9644444444444444,0.5854513465953506,mu,heterogeneous,randomized,0.5,9
base_value,baseline,,,,0.9820402885576994,mu,heterogeneous,randomized,0.5,9
base_risk,baseline,,,,0.0002686189336614244,mu,heterogeneous,randomized,0.5,9
random,baseline,,,,0.2767450255521962,mu,heterogeneous,randomized,0.5,9
econml_T,cate,409.5852896249971,-0.015425825452876457,,0.5918081070523794,mu,heterogeneous,randomized,0.65,0
econml_X,cate,327.937001712111,0.051444514395087605,,0.619137844169966,mu,heterogeneous,randomized,0.65,0
econml_DR,cate,821.6962310783518,0.06029853303829148,,0.5218002490926826,mu,heterogeneous,randomized,0.65,0
econml_CausalForest,cate,184.371935810295,0.2778170565771763,0.9011111111111111,0.8576546383537553,mu,heterogeneous,randomized,0.65,0
causalml_T,cate,409.5852896249971,-0.015425825452876457,,0.5918081070523794,mu,heterogeneous,randomized,0.65,0
causalml_X,cate,340.20153730665623,0.02335971640172246,,0.6059279792693121,mu,heterogeneous,randomized,0.65,0
structural_BTYD,cate,194.9843825995493,0.4215359770547869,,0.9385467883058415,mu,heterogeneous,randomized,0.65,0
conformal_ITE,cate,427.59564913969143,0.019630032211342,0.9538888888888889,0.6016891484540386,mu,heterogeneous,randomized,0.65,0
base_value,baseline,,,,0.9920618133325605,mu,heterogeneous,randomized,0.65,0
base_risk,baseline,,,,2.4420339993822387e-06,mu,heterogeneous,randomized,0.65,0
random,baseline,,,,0.2880536222078533,mu,heterogeneous,randomized,0.65,0
econml_T,cate,421.6718402800139,0.10858516125774943,,0.6849899318854143,mu,heterogeneous,randomized,0.65,1
econml_X,cate,361.98878293571875,0.18041330952238313,,0.7254441922314752,mu,heterogeneous,randomized,0.65,1
econml_DR,cate,1004.0153266451337,0.09661736610708502,,0.6682920987717278,mu,heterogeneous,randomized,0.65,1
econml_CausalForest,cate,222.24564234653926,0.4128587035619451,0.8516666666666667,0.9698635934740875,mu,heterogeneous,randomized,0.65,1
causalml_T,cate,421.6718402800139,0.10858516125774943,,0.6849899318854143,mu,heterogeneous,randomized,0.65,1
causalml_X,cate,351.4779247735683,0.17668352428932876,,0.7144381960121601,mu,heterogeneous,randomized,0.65,1
structural_BTYD,cate,204.52652468679742,0.4237199584806456,,0.9647150875383542,mu,heterogeneous,randomized,0.65,1
conformal_ITE,cate,419.08593697654504,0.17148075529539092,0.9577777777777777,0.7776768664214219,mu,heterogeneous,randomized,0.65,1
base_value,baseline,,,,0.9962729026724029,mu,heterogeneous,randomized,0.65,1
base_risk,baseline,,,,1.2017173685973288e-05,mu,heterogeneous,randomized,0.65,1
random,baseline,,,,0.2995727247868469,mu,heterogeneous,randomized,0.65,1
econml_T,cate,506.2411489998656,0.07109632754936861,,0.7633906641684359,mu,heterogeneous,randomized,0.65,2
econml_X,cate,459.09296927885174,0.03228386407776587,,0.7073831952975118,mu,heterogeneous,randomized,0.65,2
econml_DR,cate,865.559065357138,-0.0012422768872413855,,0.46675728879118455,mu,heterogeneous,randomized,0.65,2
econml_CausalForest,cate,337.37439280874213,0.23207184215620486,0.8266666666666667,0.9060503656326255,mu,heterogeneous,randomized,0.65,2
causalml_T,cate,506.2411489998656,0.07109632754936861,,0.7633906641684359,mu,heterogeneous,randomized,0.65,2
causalml_X,cate,461.28138012927775,0.042927344924127905,,0.7202443959662095,mu,heterogeneous,randomized,0.65,2
structural_BTYD,cate,316.44985487210846,0.30620954215281293,,0.943289347098851,mu,heterogeneous,randomized,0.65,2
conformal_ITE,cate,561.5687295483992,0.01814576976154217,0.95,0.746090571590959,mu,heterogeneous,randomized,0.65,2
base_value,baseline,,,,0.997582887354437,mu,heterogeneous,randomized,0.65,2
base_risk,baseline,,,,6.804192649963387e-05,mu,heterogeneous,randomized,0.65,2
random,baseline,,,,0.2287312612175404,mu,heterogeneous,randomized,0.65,2
econml_T,cate,464.5700633417972,0.1720842347660405,,0.5955982289253534,mu,heterogeneous,randomized,0.65,3
econml_X,cate,397.3181293265186,0.2327601102169652,,0.6642391363931128,mu,heterogeneous,randomized,0.65,3
econml_DR,cate,1333.468210348465,0.1090985387644167,,0.5876631927234232,mu,heterogeneous,randomized,0.65,3
econml_CausalForest,cate,246.0582472269085,0.3914355006955441,0.8388888888888889,0.569645935749462,mu,heterogeneous,randomized,0.65,3
causalml_T,cate,464.5700633417972,0.1720842347660405,,0.5955982289253534,mu,heterogeneous,randomized,0.65,3
causalml_X,cate,397.95962378181804,0.23453885235714303,,0.6573589291539579,mu,heterogeneous,randomized,0.65,3
structural_BTYD,cate,185.4073928286078,0.37956493302632527,,0.9578845400578542,mu,heterogeneous,randomized,0.65,3
conformal_ITE,cate,407.19693926984297,0.1428053249731125,0.9572222222222222,0.7236180048424586,mu,heterogeneous,randomized,0.65,3
base_value,baseline,,,,0.993218815715686,mu,heterogeneous,randomized,0.65,3
base_risk,baseline,,,,6.258318294841433e-05,mu,heterogeneous,randomized,0.65,3
random,baseline,,,,0.32164226354340497,mu,heterogeneous,randomized,0.65,3
econml_T,cate,462.6335711450968,0.06682651392394405,,0.5674726766974738,mu,heterogeneous,randomized,0.65,4
econml_X,cate,429.4485481723917,0.09070786539918989,,0.5712787264717836,mu,heterogeneous,randomized,0.65,4
econml_DR,cate,1209.8177843497913,0.014524243509743715,,0.5933539862886734,mu,heterogeneous,randomized,0.65,4
econml_CausalForest,cate,234.30318166338262,0.10532925930189829,0.8944444444444445,0.5083518981831983,mu,heterogeneous,randomized,0.65,4
causalml_T,cate,462.6335711450968,0.06682651392394405,,0.5674726766974738,mu,heterogeneous,randomized,0.65,4
causalml_X,cate,430.163022218729,0.09400566283822281,,0.574444044705987,mu,heterogeneous,randomized,0.65,4
structural_BTYD,cate,202.26602826522256,0.34406404632298637,,0.9462554859488713,mu,heterogeneous,randomized,0.65,4
conformal_ITE,cate,483.2993404135729,0.06628796774667367,0.9633333333333334,0.5343205842488958,mu,heterogeneous,randomized,0.65,4
base_value,baseline,,,,0.9973092970237496,mu,heterogeneous,randomized,0.65,4
base_risk,baseline,,,,0.0008701005672721003,mu,heterogeneous,randomized,0.65,4
random,baseline,,,,0.2718039101173222,mu,heterogeneous,randomized,0.65,4
econml_T,cate,514.5284695434943,0.057655060030125056,,0.5343016942345781,mu,heterogeneous,randomized,0.65,5
econml_X,cate,432.48966919886027,0.1199547335732077,,0.5707523363501712,mu,heterogeneous,randomized,0.65,5
econml_DR,cate,1210.9472995836902,0.02866223517825641,,0.40778860119900356,mu,heterogeneous,randomized,0.65,5
econml_CausalForest,cate,300.8741055391851,0.1758031671056734,0.8194444444444444,0.6395275887204618,mu,heterogeneous,randomized,0.65,5
causalml_T,cate,514.5284695434943,0.057655060030125056,,0.5343016942345781,mu,heterogeneous,randomized,0.65,5
causalml_X,cate,427.9678084064897,0.1119532002968778,,0.6097353030369597,mu,heterogeneous,randomized,0.65,5
structural_BTYD,cate,253.842955651603,0.41698389117684637,,0.9642839722096234,mu,heterogeneous,randomized,0.65,5
conformal_ITE,cate,393.2611364645759,0.15853988011475095,0.9777777777777777,0.6292656983438726,mu,heterogeneous,randomized,0.65,5
base_value,baseline,,,,0.9959311639176054,mu,heterogeneous,randomized,0.65,5
base_risk,baseline,,,,4.481393682093794e-05,mu,heterogeneous,randomized,0.65,5
random,baseline,,,,0.34287573586738884,mu,heterogeneous,randomized,0.65,5
econml_T,cate,450.1313301919263,0.0695796492043648,,0.5224127961602689,mu,heterogeneous,randomized,0.65,6
econml_X,cate,366.2207959300584,0.05094051261970115,,0.5096562401628422,mu,heterogeneous,randomized,0.65,6
econml_DR,cate,1212.2080366341181,0.0296609225856728,,0.46796035945037295,mu,heterogeneous,randomized,0.65,6
econml_CausalForest,cate,238.25478140130684,0.510301468965745,0.9077777777777778,0.8817350450408855,mu,heterogeneous,randomized,0.65,6
causalml_T,cate,450.1313301919263,0.0695796492043648,,0.5224127961602689,mu,heterogeneous,randomized,0.65,6
causalml_X,cate,373.27014366709403,0.05428154508198777,,0.5120418883774738,mu,heterogeneous,randomized,0.65,6
structural_BTYD,cate,211.47803651638242,0.4215593463533348,,0.9639207408756497,mu,heterogeneous,randomized,0.65,6
conformal_ITE,cate,537.7407415081886,0.053475015464642575,0.9516666666666667,0.43469882836691986,mu,heterogeneous,randomized,0.65,6
base_value,baseline,,,,0.9883610357926774,mu,heterogeneous,randomized,0.65,6
base_risk,baseline,,,,0.00018300219883149284,mu,heterogeneous,randomized,0.65,6
random,baseline,,,,0.33482150741150685,mu,heterogeneous,randomized,0.65,6
econml_T,cate,464.2668345725386,0.08245921390514582,,0.6571230517156085,mu,heterogeneous,randomized,0.65,7
econml_X,cate,435.3327788262929,0.0925486292570535,,0.7051106898777049,mu,heterogeneous,randomized,0.65,7
econml_DR,cate,1021.5381072641761,0.08592459015241449,,0.6400636262030428,mu,heterogeneous,randomized,0.65,7
econml_CausalForest,cate,152.5864848189754,0.5217220454097125,0.8694444444444445,0.9886060197929113,mu,heterogeneous,randomized,0.65,7
causalml_T,cate,464.2668345725386,0.08245921390514582,,0.6571230517156085,mu,heterogeneous,randomized,0.65,7
causalml_X,cate,427.68102261750477,0.08869470545859409,,0.7235683351350479,mu,heterogeneous,randomized,0.65,7
structural_BTYD,cate,167.08704816253348,0.2357308446151515,,0.9288697829258098,mu,heterogeneous,randomized,0.65,7
conformal_ITE,cate,420.37742919020826,0.06278476487483939,0.9583333333333334,0.5628659893460484,mu,heterogeneous,randomized,0.65,7
base_value,baseline,,,,0.9865142998142592,mu,heterogeneous,randomized,0.65,7
base_risk,baseline,,,,0.0003157692763975643,mu,heterogeneous,randomized,0.65,7
random,baseline,,,,0.2997713515689522,mu,heterogeneous,randomized,0.65,7
econml_T,cate,465.5584786912921,0.03882593410731386,,0.6149459235782353,mu,heterogeneous,randomized,0.65,8
econml_X,cate,390.82460047377145,0.05947016306426337,,0.6297565766070288,mu,heterogeneous,randomized,0.65,8
econml_DR,cate,1024.0389558939073,0.14255338510848747,,0.6729159174038496,mu,heterogeneous,randomized,0.65,8
econml_CausalForest,cate,178.28146474091287,0.5475060528570951,0.8577777777777778,0.9940250185993168,mu,heterogeneous,randomized,0.65,8
causalml_T,cate,465.5584786912921,0.03882593410731386,,0.6149459235782353,mu,heterogeneous,randomized,0.65,8
causalml_X,cate,387.1317023314061,0.09540573472947662,,0.6573198185657815,mu,heterogeneous,randomized,0.65,8
structural_BTYD,cate,194.85330322902902,0.39549801524490946,,0.9623970603493606,mu,heterogeneous,randomized,0.65,8
conformal_ITE,cate,517.2787962916385,0.06883617780938435,0.9644444444444444,0.6490624118535628,mu,heterogeneous,randomized,0.65,8
base_value,baseline,,,,0.9951322461414642,mu,heterogeneous,randomized,0.65,8
base_risk,baseline,,,,0.0005138940433507697,mu,heterogeneous,randomized,0.65,8
random,baseline,,,,0.338999173079871,mu,heterogeneous,randomized,0.65,8
econml_T,cate,496.8362348038115,0.0718496288055645,,0.5640314282337962,mu,heterogeneous,randomized,0.65,9
econml_X,cate,454.25984657774535,0.13716911887271466,,0.611716181009678,mu,heterogeneous,randomized,0.65,9
econml_DR,cate,1608.3094603691209,0.011488772534305887,,0.5739578316339754,mu,heterogeneous,randomized,0.65,9
econml_CausalForest,cate,183.02650796962038,0.21956635928742135,0.8111111111111111,0.6737390452436959,mu,heterogeneous,randomized,0.65,9
causalml_T,cate,496.8362348038115,0.0718496288055645,,0.5640314282337962,mu,heterogeneous,randomized,0.65,9
causalml_X,cate,445.5301625334957,0.12868435233216022,,0.6025549643612477,mu,heterogeneous,randomized,0.65,9
structural_BTYD,cate,145.68810174983574,0.4108491587422863,,0.9613805787768455,mu,heterogeneous,randomized,0.65,9
conformal_ITE,cate,577.846097090072,0.06302817965013566,0.9577777777777777,0.530276947997428,mu,heterogeneous,randomized,0.65,9
base_value,baseline,,,,0.9799433255141227,mu,heterogeneous,randomized,0.65,9
base_risk,baseline,,,,0.000290479488267524,mu,heterogeneous,randomized,0.65,9
random,baseline,,,,0.3025094541109433,mu,heterogeneous,randomized,0.65,9
econml_T,cate,430.54344680385475,0.002124798845669661,,0.5516215589188814,mu,heterogeneous,confounded,0.2,0
econml_X,cate,273.7786784044737,-0.03074229764857887,,0.5063939144866237,mu,heterogeneous,confounded,0.2,0
econml_DR,cate,4751.205958637228,-0.01425590765903673,,0.4488796011322434,mu,heterogeneous,confounded,0.2,0
econml_CausalForest,cate,100.74954917825842,0.24157887378005616,0.7922222222222223,0.420261118994323,mu,heterogeneous,confounded,0.2,0
causalml_T,cate,430.54344680385475,0.002124798845669661,,0.5516215589188814,mu,heterogeneous,confounded,0.2,0
causalml_X,cate,268.6080404176455,-0.03033136593243238,,0.48375581943787893,mu,heterogeneous,confounded,0.2,0
structural_BTYD,cate,145.32449995167153,-0.430474684343528,,0.0003353878169974616,mu,heterogeneous,confounded,0.2,0
conformal_ITE,cate,371.36177358740775,0.09061313430757344,0.975,0.5909634367196106,mu,heterogeneous,confounded,0.2,0
base_value,baseline,,,,0.9823071910844032,mu,heterogeneous,confounded,0.2,0
base_risk,baseline,,,,0.00011151275245001492,mu,heterogeneous,confounded,0.2,0
random,baseline,,,,0.23434218780107113,mu,heterogeneous,confounded,0.2,0
econml_T,cate,392.5396546895281,0.11637826102385104,,0.6460004882163121,mu,heterogeneous,confounded,0.2,1
econml_X,cate,269.1146180542067,-0.005687035984863626,,0.46221221388224093,mu,heterogeneous,confounded,0.2,1
econml_DR,cate,2558.165443984766,0.01914834796458653,,0.47414998501170047,mu,heterogeneous,confounded,0.2,1
econml_CausalForest,cate,64.86998024281877,0.3167540866107218,0.8466666666666667,0.8765057561885268,mu,heterogeneous,confounded,0.2,1
causalml_T,cate,392.5396546895281,0.11637826102385104,,0.6460004882163121,mu,heterogeneous,confounded,0.2,1
causalml_X,cate,266.3727012844904,0.013813113357905504,,0.48425737861559137,mu,heterogeneous,confounded,0.2,1
structural_BTYD,cate,125.12703401852869,-0.42166687789196455,,0.00046853534676180147,mu,heterogeneous,confounded,0.2,1
conformal_ITE,cate,448.32803813872573,0.05931210491881131,0.9627777777777777,0.6304491443676091,mu,heterogeneous,confounded,0.2,1
base_value,baseline,,,,0.9923476522571588,mu,heterogeneous,confounded,0.2,1
base_risk,baseline,,,,0.00019625177973986923,mu,heterogeneous,confounded,0.2,1
random,baseline,,,,0.31772261864379053,mu,heterogeneous,confounded,0.2,1
econml_T,cate,424.81388838023724,0.11428372959865045,,0.6419630482444875,mu,heterogeneous,confounded,0.2,2
econml_X,cate,275.8820813815362,-0.0023205312153625713,,0.5538084727522108,mu,heterogeneous,confounded,0.2,2
econml_DR,cate,2167.704873521089,0.03142503468867239,,0.632800779070889,mu,heterogeneous,confounded,0.2,2
econml_CausalForest,cate,80.99994299458528,0.4224374288069712,0.8927777777777778,0.9456372786466145,mu,heterogeneous,confounded,0.2,2
causalml_T,cate,424.81388838023724,0.11428372959865045,,0.6419630482444875,mu,heterogeneous,confounded,0.2,2
causalml_X,cate,279.7425428577885,0.0023124010662046303,,0.5444730916877237,mu,heterogeneous,confounded,0.2,2
structural_BTYD,cate,180.66511331387602,-0.4442599319712831,,0.0007674763699417498,mu,heterogeneous,confounded,0.2,2
conformal_ITE,cate,672.4682718740826,0.11319247747924717,0.9472222222222222,0.6472967068493523,mu,heterogeneous,confounded,0.2,2
base_value,baseline,,,,0.9937635660137942,mu,heterogeneous,confounded,0.2,2
base_risk,baseline,,,,1.8912810194548303e-05,mu,heterogeneous,confounded,0.2,2
random,baseline,,,,0.2454083031056504,mu,heterogeneous,confounded,0.2,2
econml_T,cate,409.2136603929059,0.04000537076149813,,0.6713925744880602,mu,heterogeneous,confounded,0.2,3
econml_X,cate,256.2346983663583,0.017523097499224555,,0.6906078537885297,mu,heterogeneous,confounded,0.2,3
econml_DR,cate,1134.2305708759986,0.013609652269448758,,0.5029603600483846,mu,heterogeneous,confounded,0.2,3
econml_CausalForest,cate,53.21441120491883,0.23870447354593302,0.8944444444444445,0.8459409461095764,mu,heterogeneous,confounded,0.2,3
causalml_T,cate,409.2136603929059,0.04000537076149813,,0.6713925744880602,mu,heterogeneous,confounded,0.2,3
causalml_X,cate,251.48728951995506,0.02579264603324745,,0.7060544978440219,mu,heterogeneous,confounded,0.2,3
structural_BTYD,cate,122.27715613209385,-0.3704364213918097,,0.0019080552183791725,mu,heterogeneous,confounded,0.2,3
conformal_ITE,cate,425.1951820409903,0.12480824792724812,0.9672222222222222,0.6678542822092476,mu,heterogeneous,confounded,0.2,3
base_value,baseline,,,,0.9937487719989383,mu,heterogeneous,confounded,0.2,3
base_risk,baseline,,,,2.9747765755035002e-05,mu,heterogeneous,confounded,0.2,3
random,baseline,,,,0.3770626486344009,mu,heterogeneous,confounded,0.2,3
econml_T,cate,479.05942331990474,0.1453462488364883,,0.6467069579892065,mu,heterogeneous,confounded,0.2,4
econml_X,cate,360.2391026607206,0.16719866959568502,,0.703054852527534,mu,heterogeneous,confounded,0.2,4
econml_DR,cate,1374.1330770978752,0.04125317088450929,,0.5348413815783493,mu,heterogeneous,confounded,0.2,4
econml_CausalForest,cate,73.73263391779906,0.491528021216292,0.8766666666666667,0.9830928692626636,mu,heterogeneous,confounded,0.2,4
causalml_T,cate,479.05942331990474,0.1453462488364883,,0.6467069579892065,mu,heterogeneous,confounded,0.2,4
causalml_X,cate,353.79865701427434,0.13159011753119268,,0.6845268862360019,mu,heterogeneous,confounded,0.2,4
structural_BTYD,cate,165.01870269335126,-0.4308143425932237,,0.0005521916792731291,mu,heterogeneous,confounded,0.2,4
conformal_ITE,cate,500.4284101980742,0.05099218072661085,0.9594444444444444,0.5935227288016538,mu,heterogeneous,confounded,0.2,4
base_value,baseline,,,,0.9913303605337298,mu,heterogeneous,confounded,0.2,4
base_risk,baseline,,,,0.00033131510023697394,mu,heterogeneous,confounded,0.2,4
random,baseline,,,,0.26703281361113623,mu,heterogeneous,confounded,0.2,4
econml_T,cate,583.1236750754073,0.13473014814222936,,0.722091027471216,mu,heterogeneous,confounded,0.2,5
econml_X,cate,421.8097457929308,0.20739642959019933,,0.8757000582843121,mu,heterogeneous,confounded,0.2,5
econml_DR,cate,1760.062926918215,0.0420138106646322,,0.6365560856134668,mu,heterogeneous,confounded,0.2,5
econml_CausalForest,cate,159.29042968072824,0.5030041857015429,0.7433333333333333,0.9888135428525082,mu,heterogeneous,confounded,0.2,5
causalml_T,cate,583.1236750754073,0.13473014814222936,,0.722091027471216,mu,heterogeneous,confounded,0.2,5
causalml_X,cate,404.1402638026534,0.20473429549880437,,0.8690728805222943,mu,heterogeneous,confounded,0.2,5
structural_BTYD,cate,223.1966570905346,-0.4353604461972968,,0.0004469491968968999,mu,heterogeneous,confounded,0.2,5
conformal_ITE,cate,545.6102626413114,0.21901648139595878,0.96,0.7099461866270905,mu,heterogeneous,confounded,0.2,5
base_value,baseline,,,,0.9942980330528283,mu,heterogeneous,confounded,0.2,5
base_risk,baseline,,,,7.887902568096655e-05,mu,heterogeneous,confounded,0.2,5
random,baseline,,,,0.21128808343626654,mu,heterogeneous,confounded,0.2,5
econml_T,cate,388.3160026730018,0.13793951916268607,,0.5907148147784564,mu,heterogeneous,confounded,0.2,6
econml_X,cate,310.21889204157145,0.1617377835566338,,0.7027464925445827,mu,heterogeneous,confounded,0.2,6
econml_DR,cate,2102.2754561491265,0.06648685976606664,,0.6508818379467849,mu,heterogeneous,confounded,0.2,6
econml_CausalForest,cate,107.6301049135547,0.504869637182471,0.8788888888888889,0.9887648552102831,mu,heterogeneous,confounded,0.2,6
causalml_T,cate,388.3160026730018,0.13793951916268607,,0.5907148147784564,mu,heterogeneous,confounded,0.2,6
causalml_X,cate,305.00024234407505,0.16252570615644304,,0.7566451003464448,mu,heterogeneous,confounded,0.2,6
structural_BTYD,cate,218.06237636477027,-0.42357979068311524,,0.0008533246179242708,mu,heterogeneous,confounded,0.2,6
conformal_ITE,cate,381.6144926408814,0.17404787816188913,0.9744444444444444,0.6577644467990474,mu,heterogeneous,confounded,0.2,6
base_value,baseline,,,,0.994332609554275,mu,heterogeneous,confounded,0.2,6
base_risk,baseline,,,,5.974528649158427e-05,mu,heterogeneous,confounded,0.2,6
random,baseline,,,,0.3349775067313499,mu,heterogeneous,confounded,0.2,6
econml_T,cate,478.1951540042362,0.02997585329222969,,0.599177550942196,mu,heterogeneous,confounded,0.2,7
econml_X,cate,271.88032122710877,-0.06993239164751795,,0.42684064831298496,mu,heterogeneous,confounded,0.2,7
econml_DR,cate,2262.2607557467786,-0.038560702073206006,,0.45705353008363014,mu,heterogeneous,confounded,0.2,7
econml_CausalForest,cate,68.62036211952808,0.07974946008523731,0.8133333333333334,0.7787012262455403,mu,heterogeneous,confounded,0.2,7
causalml_T,cate,478.1951540042362,0.02997585329222969,,0.599177550942196,mu,heterogeneous,confounded,0.2,7
causalml_X,cate,272.26642551002794,-0.08683429146490668,,0.42297751556438296,mu,heterogeneous,confounded,0.2,7
structural_BTYD,cate,217.65156528905388,-0.4371615977636116,,0.001122439732946701,mu,heterogeneous,confounded,0.2,7
conformal_ITE,cate,523.4556367428994,0.03551459485261767,0.9627777777777777,0.6688780609253083,mu,heterogeneous,confounded,0.2,7
base_value,baseline,,,,0.994231193187493,mu,heterogeneous,confounded,0.2,7
base_risk,baseline,,,,0.0010180559094236474,mu,heterogeneous,confounded,0.2,7
random,baseline,,,,0.3637636776873822,mu,heterogeneous,confounded,0.2,7
econml_T,cate,501.369432508054,0.09075598856663235,,0.6089495502413702,mu,heterogeneous,confounded,0.2,8
econml_X,cate,370.9673282660267,-0.0030263613837445175,,0.4588058650629049,mu,heterogeneous,confounded,0.2,8
econml_DR,cate,885.3235835815663,0.007002196079073909,,0.5645862548558791,mu,heterogeneous,confounded,0.2,8
econml_CausalForest,cate,119.5109157447639,0.05810611868197457,0.815,0.5930429708741966,mu,heterogeneous,confounded,0.2,8
causalml_T,cate,501.369432508054,0.09075598856663235,,0.6089495502413702,mu,heterogeneous,confounded,0.2,8
causalml_X,cate,375.0359012264966,0.0005198788278090126,,0.46432539912020526,mu,heterogeneous,confounded,0.2,8
structural_BTYD,cate,213.31135052719898,-0.42970356715616215,,0.0012388530540309059,mu,heterogeneous,confounded,0.2,8
conformal_ITE,cate,776.7219558115213,0.04250689048630467,0.9338888888888889,0.6040856821672115,mu,heterogeneous,confounded,0.2,8
base_value,baseline,,,,0.9936658913040799,mu,heterogeneous,confounded,0.2,8
base_risk,baseline,,,,0.0003721480871466461,mu,heterogeneous,confounded,0.2,8
random,baseline,,,,0.26243395109520884,mu,heterogeneous,confounded,0.2,8
econml_T,cate,422.84825126039874,-0.09841122741144484,,0.43712748434937165,mu,heterogeneous,confounded,0.2,9
econml_X,cate,303.2012401250258,-0.12259929462298519,,0.45146634644828554,mu,heterogeneous,confounded,0.2,9
econml_DR,cate,1176.7330215865438,-0.08406001231689882,,0.5531831149675971,mu,heterogeneous,confounded,0.2,9
econml_CausalForest,cate,79.58161237517096,-0.33195277253742,0.7966666666666666,0.35707917344876333,mu,heterogeneous,confounded,0.2,9
causalml_T,cate,422.84825126039874,-0.09841122741144484,,0.43712748434937165,mu,heterogeneous,confounded,0.2,9
causalml_X,cate,308.12622157795005,-0.14998753931935455,,0.3870112702287073,mu,heterogeneous,confounded,0.2,9
structural_BTYD,cate,127.57560860518251,-0.4188637492435934,,0.001144323685252927,mu,heterogeneous,confounded,0.2,9
conformal_ITE,cate,446.2266358305041,-0.10561676904606941,0.95,0.4386706251560312,mu,heterogeneous,confounded,0.2,9
base_value,baseline,,,,0.9901266761806921,mu,heterogeneous,confounded,0.2,9
base_risk,baseline,,,,4.15251577540249e-05,mu,heterogeneous,confounded,0.2,9
random,baseline,,,,0.3742925970146491,mu,heterogeneous,confounded,0.2,9
econml_T,cate,424.75075114700394,0.06091655258153811,,0.6543167665625349,mu,heterogeneous,confounded,0.35,0
econml_X,cate,275.3233236491293,0.08565104960525013,,0.631969384791215,mu,heterogeneous,confounded,0.35,0
econml_DR,cate,2415.5735707735075,-0.01363451018718591,,0.5526022175681967,mu,heterogeneous,confounded,0.35,0
econml_CausalForest,cate,125.05900293150177,0.5548902558972487,0.7788888888888889,0.9972286632865304,mu,heterogeneous,confounded,0.35,0
causalml_T,cate,424.75075114700394,0.06091655258153811,,0.6543167665625349,mu,heterogeneous,confounded,0.35,0
causalml_X,cate,268.021919196247,0.0773708819038462,,0.6150378942379455,mu,heterogeneous,confounded,0.35,0
structural_BTYD,cate,161.8879995644767,-0.41224796528121577,,0.0003119665357582713,mu,heterogeneous,confounded,0.35,0
conformal_ITE,cate,481.17416488591965,0.23467201559157988,0.975,0.7597273394736679,mu,heterogeneous,confounded,0.35,0
base_value,baseline,,,,0.9826081098623786,mu,heterogeneous,confounded,0.35,0
base_risk,baseline,,,,0.00010543733790678482,mu,heterogeneous,confounded,0.35,0
random,baseline,,,,0.29779817338254344,mu,heterogeneous,confounded,0.35,0
econml_T,cate,473.59052951863765,0.15340442532239307,,0.6930238444552403,mu,heterogeneous,confounded,0.35,1
econml_X,cate,334.5042616223165,0.17540186295735707,,0.7765324430199742,mu,heterogeneous,confounded,0.35,1
econml_DR,cate,5086.477140479058,0.009101425892500526,,0.6055351392951173,mu,heterogeneous,confounded,0.35,1
econml_CausalForest,cate,138.3662674974878,0.46885938789426845,0.8972222222222223,0.9751030152582029,mu,heterogeneous,confounded,0.35,1
causalml_T,cate,473.59052951863765,0.15340442532239307,,0.6930238444552403,mu,heterogeneous,confounded,0.35,1
causalml_X,cate,331.05291465606507,0.17711521491592117,,0.7706503179490642,mu,heterogeneous,confounded,0.35,1
structural_BTYD,cate,161.9360566741089,-0.4011179677708204,,0.00044721970909645294,mu,heterogeneous,confounded,0.35,1
conformal_ITE,cate,472.70753352274613,0.19221500687024898,0.9666666666666667,0.770598350191718,mu,heterogeneous,confounded,0.35,1
base_value,baseline,,,,0.9930101406640187,mu,heterogeneous,confounded,0.35,1
base_risk,baseline,,,,0.00018505886860421572,mu,heterogeneous,confounded,0.35,1
random,baseline,,,,0.32326364918066763,mu,heterogeneous,confounded,0.35,1
econml_T,cate,374.8749909568554,0.07989258508750431,,0.6166132860788999,mu,heterogeneous,confounded,0.35,2
econml_X,cate,305.490393688779,-0.015330484586319321,,0.5293912761162444,mu,heterogeneous,confounded,0.35,2
econml_DR,cate,5139.485140556365,0.005439748609850171,,0.5889666726016712,mu,heterogeneous,confounded,0.35,2
econml_CausalForest,cate,147.60605553953334,0.4558767619028329,0.8116666666666666,0.9796836388084711,mu,heterogeneous,confounded,0.35,2
causalml_T,cate,374.8749909568554,0.07989258508750431,,0.6166132860788999,mu,heterogeneous,confounded,0.35,2
causalml_X,cate,309.08383544997025,-0.01693993577705452,,0.520772375104046,mu,heterogeneous,confounded,0.35,2
structural_BTYD,cate,225.05760241706562,-0.44007743534522703,,0.0007263566715535644,mu,heterogeneous,confounded,0.35,2
conformal_ITE,cate,466.81811776323525,0.12448930784799911,0.945,0.617741055886583,mu,heterogeneous,confounded,0.35,2
base_value,baseline,,,,0.9941109994472385,mu,heterogeneous,confounded,0.35,2
base_risk,baseline,,,,1.7511142702261936e-05,mu,heterogeneous,confounded,0.35,2
random,baseline,,,,0.24988394569391315,mu,heterogeneous,confounded,0.35,2
econml_T,cate,552.678074987157,0.1212101706946201,,0.6926042302062555,mu,heterogeneous,confounded,0.35,3
econml_X,cate,326.3286415072238,0.11103451198254255,,0.6870124360010841,mu,heterogeneous,confounded,0.35,3
econml_DR,cate,1336.6153761488167,0.06151331763388671,,0.6601954066376023,mu,heterogeneous,confounded,0.35,3
econml_CausalForest,cate,98.43645219441184,0.48947354060293713,0.8788888888888889,0.9801101801593209,mu,heterogeneous,confounded,0.35,3
causalml_T,cate,552.678074987157,0.1212101706946201,,0.6926042302062555,mu,heterogeneous,confounded,0.35,3
causalml_X,cate,320.8710070942626,0.10539221069045528,,0.6854505681512295,mu,heterogeneous,confounded,0.35,3
structural_BTYD,cate,149.3808460068129,-0.3480233992197044,,0.0018340311036783457,mu,heterogeneous,confounded,0.35,3
conformal_ITE,cate,416.44550097731144,0.1013130732227649,0.9583333333333334,0.6676446913690962,mu,heterogeneous,confounded,0.35,3
base_value,baseline,,,,0.9942971758443359,mu,heterogeneous,confounded,0.35,3
base_risk,baseline,,,,2.7714460155295547e-05,mu,heterogeneous,confounded,0.35,3
random,baseline,,,,0.35836321799140747,mu,heterogeneous,confounded,0.35,3
econml_T,cate,444.83404733512003,0.17669869420848944,,0.6684793848675039,mu,heterogeneous,confounded,0.35,4
econml_X,cate,222.91698693674462,0.2359639830778778,,0.7870381486929108,mu,heterogeneous,confounded,0.35,4
econml_DR,cate,1417.507215294199,-0.015316401951388815,,0.45407885049178753,mu,heterogeneous,confounded,0.35,4
econml_CausalForest,cate,105.28888561538353,0.4856786482940137,0.8616666666666667,0.9710793526614628,mu,heterogeneous,confounded,0.35,4
causalml_T,cate,444.83404733512003,0.17669869420848944,,0.6684793848675039,mu,heterogeneous,confounded,0.35,4
causalml_X,cate,227.58190181449658,0.21770068987215782,,0.7545238143627244,mu,heterogeneous,confounded,0.35,4
structural_BTYD,cate,195.81844373159961,-0.42291284047011474,,0.0005210349104738279,mu,heterogeneous,confounded,0.35,4
conformal_ITE,cate,425.16443794921184,0.09155678052966673,0.9633333333333334,0.6220605979649887,mu,heterogeneous,confounded,0.35,4
base_value,baseline,,,,0.9919070043695437,mu,heterogeneous,confounded,0.35,4
base_risk,baseline,,,,0.0003135004448724958,mu,heterogeneous,confounded,0.35,4
random,baseline,,,,0.27182693857278223,mu,heterogeneous,confounded,0.35,4
econml_T,cate,626.7815544449555,0.1999782893921302,,0.7258087901963468,mu,heterogeneous,confounded,0.35,5
econml_X,cate,410.1837507677238,0.26634439240778207,,0.8993453942382207,mu,heterogeneous,confounded,0.35,5
econml_DR,cate,1496.2911775175432,0.10145590500396352,,0.626670645177169,mu,heterogeneous,confounded,0.35,5
econml_CausalForest,cate,214.82014262593472,0.4696262913651412,0.7011111111111111,0.988736734420422,mu,heterogeneous,confounded,0.35,5
causalml_T,cate,626.7815544449555,0.1999782893921302,,0.7258087901963468,mu,heterogeneous,confounded,0.35,5
causalml_X,cate,391.4274169195925,0.2722678250279689,,0.9097078341845256,mu,heterogeneous,confounded,0.35,5
structural_BTYD,cate,262.6471984196772,-0.4285850151503813,,0.00041558366960222894,mu,heterogeneous,confounded,0.35,5
conformal_ITE,cate,505.48252710495365,0.22924423516326772,0.9516666666666667,0.7001828885499696,mu,heterogeneous,confounded,0.35,5
base_value,baseline,,,,0.9949194150606545,mu,heterogeneous,confounded,0.35,5
base_risk,baseline,,,,7.271511520367745e-05,mu,heterogeneous,confounded,0.35,5
random,baseline,,,,0.34459928456381805,mu,heterogeneous,confounded,0.35,5
econml_T,cate,343.7390967304819,0.08796671306764316,,0.6464257744861841,mu,heterogeneous,confounded,0.35,6
econml_X,cate,289.32000278170034,0.12341770471983331,,0.638922213841895,mu,heterogeneous,confounded,0.35,6
econml_DR,cate,2036.2956227668906,0.07596392240376458,,0.6374390705305369,mu,heterogeneous,confounded,0.35,6
econml_CausalForest,cate,129.86140575626604,0.4476049557576268,0.8911111111111111,0.9776122987316612,mu,heterogeneous,confounded,0.35,6
causalml_T,cate,343.7390967304819,0.08796671306764316,,0.6464257744861841,mu,heterogeneous,confounded,0.35,6
causalml_X,cate,287.1483711261254,0.1250617928335419,,0.648092692746793,mu,heterogeneous,confounded,0.35,6
structural_BTYD,cate,244.3862202479752,-0.4229164584469019,,0.0008227945176256326,mu,heterogeneous,confounded,0.35,6
conformal_ITE,cate,389.4719844571451,0.06090513631332204,0.955,0.6018918188706004,mu,heterogeneous,confounded,0.35,6
base_value,baseline,,,,0.9949719531382053,mu,heterogeneous,confounded,0.35,6
base_risk,baseline,,,,5.6173069549791665e-05,mu,heterogeneous,confounded,0.35,6
random,baseline,,,,0.3198378928852936,mu,heterogeneous,confounded,0.35,6
econml_T,cate,483.07298904420696,0.07512834109981834,,0.6805865973506138,mu,heterogeneous,confounded,0.35,7
econml_X,cate,299.2935904830403,0.03790620253470274,,0.6238554005036049,mu,heterogeneous,confounded,0.35,7
econml_DR,cate,1398.9321316959197,-0.11720534567833635,,0.42687976079839934,mu,heterogeneous,confounded,0.35,7
econml_CausalForest,cate,107.57696026654378,0.3733570220344244,0.8138888888888889,0.9759203719419163,mu,heterogeneous,confounded,0.35,7
causalml_T,cate,483.07298904420696,0.07512834109981834,,0.6805865973506138,mu,heterogeneous,confounded,0.35,7
causalml_X,cate,290.9373822980589,0.022186497038749423,,0.5796722142045965,mu,heterogeneous,confounded,0.35,7
structural_BTYD,cate,221.30324861120744,-0.43620702518831744,,0.0010993016980792817,mu,heterogeneous,confounded,0.35,7
conformal_ITE,cate,554.6454865157533,0.2206441863637733,0.9444444444444444,0.765796457779767,mu,heterogeneous,confounded,0.35,7
base_value,baseline,,,,0.9948786776862704,mu,heterogeneous,confounded,0.35,7
base_risk,baseline,,,,0.0009809957611584656,mu,heterogeneous,confounded,0.35,7
random,baseline,,,,0.2534024717527573,mu,heterogeneous,confounded,0.35,7
econml_T,cate,402.2906566375914,0.10681742473753353,,0.6019538780277162,mu,heterogeneous,confounded,0.35,8
econml_X,cate,351.8405087257582,0.03213335291209988,,0.45214537720990255,mu,heterogeneous,confounded,0.35,8
econml_DR,cate,1424.4288776873314,0.07183811280275104,,0.6503820031263882,mu,heterogeneous,confounded,0.35,8
econml_CausalForest,cate,146.71916259273283,0.3109537448502985,0.8205555555555556,0.664264736824895,mu,heterogeneous,confounded,0.35,8
causalml_T,cate,402.2906566375914,0.10681742473753353,,0.6019538780277162,mu,heterogeneous,confounded,0.35,8
causalml_X,cate,360.2620992070676,0.05854822089626572,,0.4564201128933926,mu,heterogeneous,confounded,0.35,8
structural_BTYD,cate,220.29494785710693,-0.42773820423421816,,0.0012069627836487358,mu,heterogeneous,confounded,0.35,8
conformal_ITE,cate,435.54975260754776,-0.018742879320078648,0.96,0.47353339761260077,mu,heterogeneous,confounded,0.35,8
base_value,baseline,,,,0.9939734665649506,mu,heterogeneous,confounded,0.35,8
base_risk,baseline,,,,0.0003580778280708403,mu,heterogeneous,confounded,0.35,8
random,baseline,,,,0.391686930160835,mu,heterogeneous,confounded,0.35,8
econml_T,cate,598.2542307308842,-0.15817704475032895,,0.37055151024867566,mu,heterogeneous,confounded,0.35,9
econml_X,cate,425.0321002407258,-0.17850079698569607,,0.31960779042243986,mu,heterogeneous,confounded,0.35,9
econml_DR,cate,2338.244750593179,-0.05535683827336902,,0.5222813443848754,mu,heterogeneous,confounded,0.35,9
econml_CausalForest,cate,114.61617049507288,-0.19760911854565333,0.8183333333333334,0.5073073648948293,mu,heterogeneous,confounded,0.35,9
causalml_T,cate,598.2542307308842,-0.15817704475032895,,0.37055151024867566,mu,heterogeneous,confounded,0.35,9
causalml_X,cate,437.7966133473153,-0.17428579215820192,,0.3330022506847642,mu,heterogeneous,confounded,0.35,9
structural_BTYD,cate,145.46267584325886,-0.39920387080320874,,0.0011003643909380538,mu,heterogeneous,confounded,0.35,9
conformal_ITE,cate,566.0752390383097,-0.06343045484331705,0.9522222222222222,0.5226498076954318,mu,heterogeneous,confounded,0.35,9
base_value,baseline,,,,0.9900841176825055,mu,heterogeneous,confounded,0.35,9
base_risk,baseline,,,,4.010766423635111e-05,mu,heterogeneous,confounded,0.35,9
random,baseline,,,,0.23833104832423976,mu,heterogeneous,confounded,0.35,9
econml_T,cate,419.747223448476,0.04408079196266674,,0.6719640871089735,mu,heterogeneous,confounded,0.5,0
econml_X,cate,341.9835040448769,0.06734331265339535,,0.7063714268350821,mu,heterogeneous,confounded,0.5,0
econml_DR,cate,3766.420082378669,0.10568660004416658,,0.6812917733834156,mu,heterogeneous,confounded,0.5,0
econml_CausalForest,cate,168.8675506750177,0.5480365101369159,0.7777777777777778,0.9932431392768567,mu,heterogeneous,confounded,0.5,0
causalml_T,cate,419.747223448476,0.04408079196266674,,0.6719640871089735,mu,heterogeneous,confounded,0.5,0
causalml_X,cate,339.4815538493053,0.031081893323930944,,0.6688280865259103,mu,heterogeneous,confounded,0.5,0
structural_BTYD,cate,205.73517446737523,-0.3346688399455475,,0.00029228614269055024,mu,heterogeneous,confounded,0.5,0
conformal_ITE,cate,478.41920807735477,0.17529307292473634,0.9705555555555555,0.7218470393935129,mu,heterogeneous,confounded,0.5,0
base_value,baseline,,,,0.9827048060545833,mu,heterogeneous,confounded,0.5,0
base_risk,baseline,,,,9.913183740390668e-05,mu,heterogeneous,confounded,0.5,0
random,baseline,,,,0.21334196323829202,mu,heterogeneous,confounded,0.5,0
econml_T,cate,482.6666488880271,0.15924528364492668,,0.677253510964511,mu,heterogeneous,confounded,0.5,1
econml_X,cate,313.04318913945366,0.14182739491552204,,0.6860514158067392,mu,heterogeneous,confounded,0.5,1
econml_DR,cate,2433.288173958405,0.067912796962553,,0.5365683935592963,mu,heterogeneous,confounded,0.5,1
econml_CausalForest,cate,179.26285710885,0.5017712093622028,0.8705555555555555,0.9887210758178949,mu,heterogeneous,confounded,0.5,1
causalml_T,cate,482.6666488880271,0.15924528364492668,,0.677253510964511,mu,heterogeneous,confounded,0.5,1
causalml_X,cate,308.63488067435844,0.1367665853347091,,0.6831751896912032,mu,heterogeneous,confounded,0.5,1
structural_BTYD,cate,223.19499045329033,-0.24736829939429789,,0.016475392995982503,mu,heterogeneous,confounded,0.5,1
conformal_ITE,cate,465.83746528061187,0.18995497083783636,0.9733333333333334,0.7236743464317309,mu,heterogeneous,confounded,0.5,1
base_value,baseline,,,,0.9933135056677314,mu,heterogeneous,confounded,0.5,1
base_risk,baseline,,,,0.00017261983259959023,mu,heterogeneous,confounded,0.5,1
random,baseline,,,,0.24491482202594173,mu,heterogeneous,confounded,0.5,1
econml_T,cate,422.33058504152496,0.1166638155896763,,0.6801589500318947,mu,heterogeneous,confounded,0.5,2
econml_X,cate,399.02322224390906,0.01717665057058724,,0.5719162668461926,mu,heterogeneous,confounded,0.5,2
econml_DR,cate,1230.9166079845097,0.0819046676864595,,0.6834386012553124,mu,heterogeneous,confounded,0.5,2
econml_CausalForest,cate,258.59905367909045,0.5313372207781069,0.8244444444444444,0.9951255479451222,mu,heterogeneous,confounded,0.5,2
causalml_T,cate,422.33058504152496,0.1166638155896763,,0.6801589500318947,mu,heterogeneous,confounded,0.5,2
causalml_X,cate,398.37754841060166,0.012732010970665956,,0.572885690082747,mu,heterogeneous,confounded,0.5,2
structural_BTYD,cate,326.1851132554519,-0.43021457684505177,,0.0006791837417247428,mu,heterogeneous,confounded,0.5,2
conformal_ITE,cate,618.5039457219531,0.17386566809152332,0.945,0.764778744580686,mu,heterogeneous,confounded,0.5,2
base_value,baseline,,,,0.9944212551695714,mu,heterogeneous,confounded,0.5,2
base_risk,baseline,,,,1.6011063416726426e-05,mu,heterogeneous,confounded,0.5,2
random,baseline,,,,0.2102291818935229,mu,heterogeneous,confounded,0.5,2
econml_T,cate,426.89441204256644,0.14160900772911045,,0.6951575467828046,mu,heterogeneous,confounded,0.5,3
econml_X,cate,261.7403201152209,0.1502135084515051,,0.8187606639295727,mu,heterogeneous,confounded,0.5,3
econml_DR,cate,940.3206833712774,-0.03830987464671698,,0.535954103571068,mu,heterogeneous,confounded,0.5,3
econml_CausalForest,cate,154.61511834639208,0.45745118595478007,0.8388888888888889,0.9728991529172755,mu,heterogeneous,confounded,0.5,3
causalml_T,cate,426.89441204256644,0.14160900772911045,,0.6951575467828046,mu,heterogeneous,confounded,0.5,3
causalml_X,cate,266.8554067279664,0.15910880425187476,,0.8201285308143904,mu,heterogeneous,confounded,0.5,3
structural_BTYD,cate,195.63124888025487,-0.2656432072161172,,0.0017487561676760345,mu,heterogeneous,confounded,0.5,3
conformal_ITE,cate,384.45781409975575,0.12748673768885804,0.9611111111111111,0.6362483843381352,mu,heterogeneous,confounded,0.5,3
base_value,baseline,,,,0.9945949853526829,mu,heterogeneous,confounded,0.5,3
base_risk,baseline,,,,2.5592265933696886e-05,mu,heterogeneous,confounded,0.5,3
random,baseline,,,,0.25282650532901924,mu,heterogeneous,confounded,0.5,3
econml_T,cate,439.8019068029667,0.11413040820949813,,0.6158265776915608,mu,heterogeneous,confounded,0.5,4
econml_X,cate,316.39598502860025,0.09647643470314081,,0.6643493411822805,mu,heterogeneous,confounded,0.5,4
econml_DR,cate,1147.4384321800746,-0.03864242280476314,,0.4228105612280514,mu,heterogeneous,confounded,0.5,4
econml_CausalForest,cate,160.58089277129898,0.42627288326190343,0.8827777777777778,0.9700026983662199,mu,heterogeneous,confounded,0.5,4
causalml_T,cate,439.8019068029667,0.11413040820949813,,0.6158265776915608,mu,heterogeneous,confounded,0.5,4
causalml_X,cate,316.64856318592354,0.09259550361932754,,0.6721665734289018,mu,heterogeneous,confounded,0.5,4
structural_BTYD,cate,233.68073953230396,-0.38042513867228056,,0.0004888980608874657,mu,heterogeneous,confounded,0.5,4
conformal_ITE,cate,404.32767981849867,0.054911686210893436,0.9566666666666667,0.6373355781045529,mu,heterogeneous,confounded,0.5,4
base_value,baseline,,,,0.9923938583787412,mu,heterogeneous,confounded,0.5,4
base_risk,baseline,,,,0.00029453508069299136,mu,heterogeneous,confounded,0.5,4
random,baseline,,,,0.2729297977862728,mu,heterogeneous,confounded,0.5,4
econml_T,cate,586.9976167044853,0.15674410079144974,,0.7395531209040249,mu,heterogeneous,confounded,0.5,5
econml_X,cate,413.38874119449173,0.2266003002744509,,0.8830273703266811,mu,heterogeneous,confounded,0.5,5
econml_DR,cate,2852.6269489032975,0.010118690729514752,,0.5829506630148614,mu,heterogeneous,confounded,0.5,5
econml_CausalForest,cate,243.32601754611434,0.41531313204534637,0.7477777777777778,0.9712397071436168,mu,heterogeneous,confounded,0.5,5
causalml_T,cate,586.9976167044853,0.15674410079144974,,0.7395531209040249,mu,heterogeneous,confounded,0.5,5
causalml_X,cate,402.31016883862384,0.23219694604654878,,0.8917550950422866,mu,heterogeneous,confounded,0.5,5
structural_BTYD,cate,343.67888057176765,-0.424231698092894,,0.00038345527541231773,mu,heterogeneous,confounded,0.5,5
conformal_ITE,cate,705.6513715441913,0.11973906522047324,0.9477777777777778,0.6856135978404148,mu,heterogeneous,confounded,0.5,5
base_value,baseline,,,,0.9953660291014926,mu,heterogeneous,confounded,0.5,5
base_risk,baseline,,,,6.610003143240383e-05,mu,heterogeneous,confounded,0.5,5
random,baseline,,,,0.4963675784392592,mu,heterogeneous,confounded,0.5,5
econml_T,cate,471.0114153105208,0.27873460747735757,,0.7643644246443644,mu,heterogeneous,confounded,0.5,6
econml_X,cate,368.07393194365443,0.23322791187802977,,0.8169421310043712,mu,heterogeneous,confounded,0.5,6
econml_DR,cate,4031.8075429054143,0.03282678373059919,,0.6453832404253937,mu,heterogeneous,confounded,0.5,6
econml_CausalForest,cate,200.30695914821672,0.4950306609336174,0.8372222222222222,0.9925277649736851,mu,heterogeneous,confounded,0.5,6
causalml_T,cate,471.0114153105208,0.27873460747735757,,0.7643644246443644,mu,heterogeneous,confounded,0.5,6
causalml_X,cate,360.7512378315001,0.24233854256828052,,0.8477995191730754,mu,heterogeneous,confounded,0.5,6
structural_BTYD,cate,267.5308498756151,-0.4091935027891144,,0.0007862510963356625,mu,heterogeneous,confounded,0.5,6
conformal_ITE,cate,430.9020733184081,0.24581479725179833,0.9622222222222222,0.8073638176889107,mu,heterogeneous,confounded,0.5,6
base_value,baseline,,,,0.9953550832594766,mu,heterogeneous,confounded,0.5,6
base_risk,baseline,,,,5.237454907663001e-05,mu,heterogeneous,confounded,0.5,6
random,baseline,,,,0.2754334415312956,mu,heterogeneous,confounded,0.5,6
econml_T,cate,523.4843734153574,0.11985031596049335,,0.6830624147963681,mu,heterogeneous,confounded,0.5,7
econml_X,cate,314.28644186840734,0.08686672179874123,,0.5937188150264477,mu,heterogeneous,confounded,0.5,7
econml_DR,cate,1478.2063308754466,0.001725629679982811,,0.41283579055391273,mu,heterogeneous,confounded,0.5,7
econml_CausalForest,cate,147.5272428585246,0.4523551249681284,0.8316666666666667,0.9776512801179297,mu,heterogeneous,confounded,0.5,7
causalml_T,cate,523.4843734153574,0.11985031596049335,,0.6830624147963681,mu,heterogeneous,confounded,0.5,7
causalml_X,cate,317.5764321631093,0.07758752116121401,,0.5563659982329247,mu,heterogeneous,confounded,0.5,7
structural_BTYD,cate,243.31460370965493,-0.43116314306147757,,0.0010704953946898018,mu,heterogeneous,confounded,0.5,7
conformal_ITE,cate,617.119476450064,0.21077037908414964,0.9466666666666667,0.7682492028855273,mu,heterogeneous,confounded,0.5,7
base_value,baseline,,,,0.9952435253298614,mu,heterogeneous,confounded,0.5,7
base_risk,baseline,,,,0.0009451505030835289,mu,heterogeneous,confounded,0.5,7
random,baseline,,,,0.40708627427801153,mu,heterogeneous,confounded,0.5,7
econml_T,cate,462.1871072409951,0.15674050059251812,,0.6500720834078083,mu,heterogeneous,confounded,0.5,8
econml_X,cate,331.63258687097704,0.07326260810292769,,0.5775092841079296,mu,heterogeneous,confounded,0.5,8
econml_DR,cate,1047.370821073725,0.09310276007374041,,0.6776742695524807,mu,heterogeneous,confounded,0.5,8
econml_CausalForest,cate,175.53540556274848,0.44637644978147994,0.8316666666666667,0.9848655749576299,mu,heterogeneous,confounded,0.5,8
causalml_T,cate,462.1871072409951,0.15674050059251812,,0.6500720834078083,mu,heterogeneous,confounded,0.5,8
causalml_X,cate,338.7060069350556,0.07683937655418617,,0.5635106066753262,mu,heterogeneous,confounded,0.5,8
structural_BTYD,cate,259.6238595999198,-0.4160277651940405,,0.001171850957491909,mu,heterogeneous,confounded,0.5,8
conformal_ITE,cate,489.5125511129561,0.03364193285566299,0.96,0.7155258644879703,mu,heterogeneous,confounded,0.5,8
base_value,baseline,,,,0.9941075983127807,mu,heterogeneous,confounded,0.5,8
base_risk,baseline,,,,0.00034294131387702505,mu,heterogeneous,confounded,0.5,8
random,baseline,,,,0.24509000817201745,mu,heterogeneous,confounded,0.5,8
econml_T,cate,514.1148390891083,-0.014263611720345178,,0.5276046015651353,mu,heterogeneous,confounded,0.5,9
econml_X,cate,355.9627346226421,-0.004532212468435967,,0.5396711887236433,mu,heterogeneous,confounded,0.5,9
econml_DR,cate,1241.156699866167,0.004872912959040705,,0.5645152079506497,mu,heterogeneous,confounded,0.5,9
econml_CausalForest,cate,133.65183685125476,0.10117803390147093,0.8216666666666667,0.8428754992073865,mu,heterogeneous,confounded,0.5,9
causalml_T,cate,514.1148390891083,-0.014263611720345178,,0.5276046015651353,mu,heterogeneous,confounded,0.5,9
causalml_X,cate,367.95223639741687,-0.023899442927492784,,0.5154894110803417,mu,heterogeneous,confounded,0.5,9
structural_BTYD,cate,172.25429696918067,-0.33449041719945316,,0.0010518187568726567,mu,heterogeneous,confounded,0.5,9
conformal_ITE,cate,551.6765115167171,0.07746108052430532,0.9644444444444444,0.6209583106068223,mu,heterogeneous,confounded,0.5,9
base_value,baseline,,,,0.9897716734066276,mu,heterogeneous,confounded,0.5,9
base_risk,baseline,,,,3.847920809704865e-05,mu,heterogeneous,confounded,0.5,9
random,baseline,,,,0.2767450255521962,mu,heterogeneous,confounded,0.5,9
econml_T,cate,403.7970245329127,0.10124096718020206,,0.75436724917375,mu,heterogeneous,confounded,0.65,0
econml_X,cate,316.9315690856816,0.0724617156702584,,0.7149434876336651,mu,heterogeneous,confounded,0.65,0
econml_DR,cate,3439.845906041998,-0.00016011563277620297,,0.5179993765504005,mu,heterogeneous,confounded,0.65,0
econml_CausalForest,cate,187.17387222282107,0.4913413690728288,0.7855555555555556,0.9795574804499937,mu,heterogeneous,confounded,0.65,0
causalml_T,cate,403.7970245329127,0.10124096718020206,,0.75436724917375,mu,heterogeneous,confounded,0.65,0
causalml_X,cate,313.9494466516656,0.035891062585324644,,0.7017047982324839,mu,heterogeneous,confounded,0.65,0
structural_BTYD,cate,229.35165777647265,-0.265337446611795,,0.006927298304255504,mu,heterogeneous,confounded,0.65,0
conformal_ITE,cate,546.9383932964173,0.22010531727466004,0.9622222222222222,0.7525999214971231,mu,heterogeneous,confounded,0.65,0
base_value,baseline,,,,0.9799783757853469,mu,heterogeneous,confounded,0.65,0
base_risk,baseline,,,,0.00010844566811818518,mu,heterogeneous,confounded,0.65,0
random,baseline,,,,0.2880536222078533,mu,heterogeneous,confounded,0.65,0
econml_T,cate,531.3688718060154,0.20743157549140673,,0.742289778006942,mu,heterogeneous,confounded,0.65,1
econml_X,cate,326.89543759983275,0.16678939773596288,,0.7474006964784048,mu,heterogeneous,confounded,0.65,1
econml_DR,cate,3587.4549954884774,0.03626819028360795,,0.5739265864260482,mu,heterogeneous,confounded,0.65,1
econml_CausalForest,cate,204.12152206844254,0.42582055551550546,0.845,0.9802905324032101,mu,heterogeneous,confounded,0.65,1
causalml_T,cate,531.3688718060154,0.20743157549140673,,0.742289778006942,mu,heterogeneous,confounded,0.65,1
causalml_X,cate,330.00506010126594,0.15537026388152275,,0.7448942789517721,mu,heterogeneous,confounded,0.65,1
structural_BTYD,cate,248.85890909722178,0.22067680961849453,,0.9299920526926311,mu,heterogeneous,confounded,0.65,1
conformal_ITE,cate,521.9952762184864,0.10073512801929559,0.9605555555555556,0.6834599887085493,mu,heterogeneous,confounded,0.65,1
base_value,baseline,,,,0.9923816552456731,mu,heterogeneous,confounded,0.65,1
base_risk,baseline,,,,0.00019119208310172154,mu,heterogeneous,confounded,0.65,1
random,baseline,,,,0.2995727247868469,mu,heterogeneous,confounded,0.65,1
econml_T,cate,449.1521801031786,0.0692731447891351,,0.6252847095728866,mu,heterogeneous,confounded,0.65,2
econml_X,cate,427.104586769255,0.023641759003231476,,0.5897481598894199,mu,heterogeneous,confounded,0.65,2
econml_DR,cate,1037.589052325489,0.060463105611508444,,0.6781119671483804,mu,heterogeneous,confounded,0.65,2
econml_CausalForest,cate,310.1804013418264,0.4969088929689224,0.81,0.9856443618572307,mu,heterogeneous,confounded,0.65,2
causalml_T,cate,449.1521801031786,0.0692731447891351,,0.6252847095728866,mu,heterogeneous,confounded,0.65,2
causalml_X,cate,430.60426319966314,0.008702021056129274,,0.5774324293950074,mu,heterogeneous,confounded,0.65,2
structural_BTYD,cate,369.7956411527154,-0.41915717338396213,,0.0007540700463731545,mu,heterogeneous,confounded,0.65,2
conformal_ITE,cate,511.8914617496937,0.1449327340169292,0.9411111111111111,0.7009964826108461,mu,heterogeneous,confounded,0.65,2
base_value,baseline,,,,0.9936866641749454,mu,heterogeneous,confounded,0.65,2
base_risk,baseline,,,,1.7374084100716913e-05,mu,heterogeneous,confounded,0.65,2
random,baseline,,,,0.2287312612175404,mu,heterogeneous,confounded,0.65,2
econml_T,cate,462.35789322723446,0.24034560811307168,,0.7890463160925159,mu,heterogeneous,confounded,0.65,3
econml_X,cate,336.19160866943406,0.25723789044532597,,0.8527779054567506,mu,heterogeneous,confounded,0.65,3
econml_DR,cate,1781.0955560341451,0.05253700542606588,,0.6003866794774653,mu,heterogeneous,confounded,0.65,3
econml_CausalForest,cate,201.78582308286548,0.5433223659318839,0.7516666666666667,0.997142334134723,mu,heterogeneous,confounded,0.65,3
causalml_T,cate,462.35789322723446,0.24034560811307168,,0.7890463160925159,mu,heterogeneous,confounded,0.65,3
causalml_X,cate,342.7996285103505,0.24526153994625466,,0.821381196781447,mu,heterogeneous,confounded,0.65,3
structural_BTYD,cate,221.000334214842,-0.16817746895703845,,0.038360391876399814,mu,heterogeneous,confounded,0.65,3
conformal_ITE,cate,425.61867491745096,0.27512131077274726,0.9544444444444444,0.7756024278414133,mu,heterogeneous,confounded,0.65,3
base_value,baseline,,,,0.9938241419933305,mu,heterogeneous,confounded,0.65,3
base_risk,baseline,,,,2.793504144643737e-05,mu,heterogeneous,confounded,0.65,3
random,baseline,,,,0.32164226354340497,mu,heterogeneous,confounded,0.65,3
econml_T,cate,497.46110888447095,0.09344265935980169,,0.5833409501177959,mu,heterogeneous,confounded,0.65,4
econml_X,cate,375.0419347115329,0.09884775093139671,,0.6054306134057691,mu,heterogeneous,confounded,0.65,4
econml_DR,cate,1827.7065904364092,-0.023343879078534677,,0.4656044993692197,mu,heterogeneous,confounded,0.65,4
econml_CausalForest,cate,194.8509366236932,0.49602582712952203,0.8422222222222222,0.9548625441064116,mu,heterogeneous,confounded,0.65,4
causalml_T,cate,497.46110888447095,0.09344265935980169,,0.5833409501177959,mu,heterogeneous,confounded,0.65,4
causalml_X,cate,375.7457949473257,0.11051069889762578,,0.6212218248047792,mu,heterogeneous,confounded,0.65,4
structural_BTYD,cate,254.5324511703901,-0.34282700321913406,,0.0005370572967705074,mu,heterogeneous,confounded,0.65,4
conformal_ITE,cate,399.71864635498235,0.048923937268576016,0.9533333333333334,0.5710232806298496,mu,heterogeneous,confounded,0.65,4
base_value,baseline,,,,0.9920950962326597,mu,heterogeneous,confounded,0.65,4
base_risk,baseline,,,,0.00032376169181554587,mu,heterogeneous,confounded,0.65,4
random,baseline,,,,0.2718039101173222,mu,heterogeneous,confounded,0.65,4
econml_T,cate,587.2385939229298,0.241971995399408,,0.7800209031475176,mu,heterogeneous,confounded,0.65,5
econml_X,cate,477.9609044622729,0.28013861185773287,,0.893928812955864,mu,heterogeneous,confounded,0.65,5
econml_DR,cate,1643.5306451262911,0.1469855067389055,,0.5805970317567626,mu,heterogeneous,confounded,0.65,5
econml_CausalForest,cate,270.80094070858144,0.5440897821337605,0.66,0.9987351366620099,mu,heterogeneous,confounded,0.65,5
causalml_T,cate,587.2385939229298,0.241971995399408,,0.7800209031475176,mu,heterogeneous,confounded,0.65,5
causalml_X,cate,462.9195596042722,0.2816956151984021,,0.884882622406447,mu,heterogeneous,confounded,0.65,5
structural_BTYD,cate,373.1851556533089,-0.42136742532964516,,0.0004282304264431152,mu,heterogeneous,confounded,0.65,5
conformal_ITE,cate,635.5275795240829,0.24619450471239218,0.9338888888888889,0.7069409620705404,mu,heterogeneous,confounded,0.65,5
base_value,baseline,,,,0.9949197702993845,mu,heterogeneous,confounded,0.65,5
base_risk,baseline,,,,6.993722969564464e-05,mu,heterogeneous,confounded,0.65,5
random,baseline,,,,0.34287573586738884,mu,heterogeneous,confounded,0.65,5
econml_T,cate,401.95550304431583,0.2611644303329822,,0.7530905050259412,mu,heterogeneous,confounded,0.65,6
econml_X,cate,350.92915666954707,0.2548535676374093,,0.8529481730154642,mu,heterogeneous,confounded,0.65,6
econml_DR,cate,1166.9990659577365,0.08526146432033956,,0.6059689845909282,mu,heterogeneous,confounded,0.65,6
econml_CausalForest,cate,234.43974329442668,0.5340748104254307,0.7627777777777778,0.9949762190636815,mu,heterogeneous,confounded,0.65,6
causalml_T,cate,401.95550304431583,0.2611644303329822,,0.7530905050259412,mu,heterogeneous,confounded,0.65,6
causalml_X,cate,344.8230223723867,0.2554924062206782,,0.8535712710675107,mu,heterogeneous,confounded,0.65,6
structural_BTYD,cate,291.54627073661743,-0.4036677591491082,,0.0008887760678070716,mu,heterogeneous,confounded,0.65,6
conformal_ITE,cate,493.43049183742573,0.14330969651433786,0.9555555555555556,0.634714483803503,mu,heterogeneous,confounded,0.65,6
base_value,baseline,,,,0.995195660597318,mu,heterogeneous,confounded,0.65,6
base_risk,baseline,,,,5.7727691655798104e-05,mu,heterogeneous,confounded,0.65,6
random,baseline,,,,0.33482150741150685,mu,heterogeneous,confounded,0.65,6
econml_T,cate,475.7363847514635,0.20378500862847465,,0.7750428779110038,mu,heterogeneous,confounded,0.65,7
econml_X,cate,330.04469875535455,0.18325889665122624,,0.7497876288664337,mu,heterogeneous,confounded,0.65,7
econml_DR,cate,6658.5936326972,-0.000781041736597094,,0.4697209525557188,mu,heterogeneous,confounded,0.65,7
econml_CausalForest,cate,187.12736459983643,0.5017303481460391,0.7994444444444444,0.9843937558309585,mu,heterogeneous,confounded,0.65,7
causalml_T,cate,475.7363847514635,0.20378500862847465,,0.7750428779110038,mu,heterogeneous,confounded,0.65,7
causalml_X,cate,331.4583868472111,0.1667431962251289,,0.7276007089504846,mu,heterogeneous,confounded,0.65,7
structural_BTYD,cate,258.46381079487685,-0.4250519263124961,,0.0012163796541387487,mu,heterogeneous,confounded,0.65,7
conformal_ITE,cate,542.4459670012268,0.23496570274387674,0.9527777777777777,0.7570055951733925,mu,heterogeneous,confounded,0.65,7
base_value,baseline,,,,0.9947631740662916,mu,heterogeneous,confounded,0.65,7
base_risk,baseline,,,,0.001064630375181161,mu,heterogeneous,confounded,0.65,7
random,baseline,,,,0.2997713515689522,mu,heterogeneous,confounded,0.65,7
econml_T,cate,412.15682519374,0.13133372673823523,,0.6802366464043262,mu,heterogeneous,confounded,0.65,8
econml_X,cate,356.9795867291086,0.08139744100480117,,0.5128266900139219,mu,heterogeneous,confounded,0.65,8
econml_DR,cate,1010.4850441827219,-0.008277461782372656,,0.6384161627329628,mu,heterogeneous,confounded,0.65,8
econml_CausalForest,cate,211.47880917803758,0.3717361641119002,0.7972222222222223,0.8777633408490849,mu,heterogeneous,confounded,0.65,8
causalml_T,cate,412.15682519374,0.13133372673823523,,0.6802366464043262,mu,heterogeneous,confounded,0.65,8
causalml_X,cate,361.82158323715254,0.07493519858059657,,0.5139045610120204,mu,heterogeneous,confounded,0.65,8
structural_BTYD,cate,274.9608784407213,-0.4089852969293042,,0.001344771325640649,mu,heterogeneous,confounded,0.65,8
conformal_ITE,cate,527.0573597225757,0.02858687855949417,0.9516666666666667,0.6751220176058615,mu,heterogeneous,confounded,0.65,8
base_value,baseline,,,,0.9931018228054523,mu,heterogeneous,confounded,0.65,8
base_risk,baseline,,,,0.0003876838828141071,mu,heterogeneous,confounded,0.65,8
random,baseline,,,,0.338999173079871,mu,heterogeneous,confounded,0.65,8
econml_T,cate,563.5659809534799,-0.03961465990811217,,0.5312458033332921,mu,heterogeneous,confounded,0.65,9
econml_X,cate,349.836744623565,-0.013181793234877686,,0.5300147290084286,mu,heterogeneous,confounded,0.65,9
econml_DR,cate,2522.699974139017,-0.06366575972879629,,0.6120168776752193,mu,heterogeneous,confounded,0.65,9
econml_CausalForest,cate,163.26149592362472,0.12738048651373995,0.8377777777777777,0.8089153520093924,mu,heterogeneous,confounded,0.65,9
causalml_T,cate,563.5659809534799,-0.03961465990811217,,0.5312458033332921,mu,heterogeneous,confounded,0.65,9
causalml_X,cate,352.82312634884886,-0.03429517103997785,,0.47121000468227925,mu,heterogeneous,confounded,0.65,9
structural_BTYD,cate,192.5756488229621,-0.2811298522438295,,0.0011612475791663458,mu,heterogeneous,confounded,0.65,9
conformal_ITE,cate,639.7083789531075,0.026239611038717376,0.9544444444444444,0.5803337410645495,mu,heterogeneous,confounded,0.65,9
base_value,baseline,,,,0.9873320685052109,mu,heterogeneous,confounded,0.65,9
base_risk,baseline,,,,4.262144878028008e-05,mu,heterogeneous,confounded,0.65,9
random,baseline,,,,0.3025094541109433,mu,heterogeneous,confounded,0.65,9
econml_T,cate,371.2029215628684,0.08615464194869014,,-32.46848234524576,mu,sleeping_dogs,randomized,0.2,0
econml_X,cate,292.9573841767255,0.07384400386669643,,-30.283770317807658,mu,sleeping_dogs,randomized,0.2,0
econml_DR,cate,789.7733407756355,0.03839890830145453,,-33.877544485072214,mu,sleeping_dogs,randomized,0.2,0
econml_CausalForest,cate,113.4392716422305,0.44919707465360137,0.9088888888888889,-2.338001307409963,mu,sleeping_dogs,randomized,0.2,0
causalml_T,cate,371.2029215628684,0.08615464194869014,,-32.46848234524576,mu,sleeping_dogs,randomized,0.2,0
causalml_X,cate,288.13505605368823,0.06968005817107198,,-30.561291235563065,mu,sleeping_dogs,randomized,0.2,0
structural_BTYD,cate,51.58878997828557,0.4817939706900267,,0.015847093666638404,mu,sleeping_dogs,randomized,0.2,0
conformal_ITE,cate,346.1064339177529,0.11301670856279143,0.9683333333333334,-26.923762439876025,mu,sleeping_dogs,randomized,0.2,0
base_value,baseline,,,,-58.07924454105142,mu,sleeping_dogs,randomized,0.2,0
base_risk,baseline,,,,0.0218748593552533,mu,sleeping_dogs,randomized,0.2,0
random,baseline,,,,-13.250500634463226,mu,sleeping_dogs,randomized,0.2,0
econml_T,cate,408.1731428282999,-0.012410243727316297,,-22.399735652695153,mu,sleeping_dogs,randomized,0.2,1
econml_X,cate,349.2322669085917,-0.010972234609492865,,-21.989345558922523,mu,sleeping_dogs,randomized,0.2,1
econml_DR,cate,1172.401079805245,0.04383516875346554,,-20.137301639630458,mu,sleeping_dogs,randomized,0.2,1
econml_CausalForest,cate,151.40096305935882,0.1863751382625981,0.8444444444444444,-6.399780035654937,mu,sleeping_dogs,randomized,0.2,1
causalml_T,cate,408.1731428282999,-0.012410243727316297,,-22.399735652695153,mu,sleeping_dogs,randomized,0.2,1
causalml_X,cate,348.6886592201463,-0.024021139063498044,,-23.216852287824484,mu,sleeping_dogs,randomized,0.2,1
structural_BTYD,cate,113.91647491080593,0.49116832913950287,,0.05204442243348176,mu,sleeping_dogs,randomized,0.2,1
conformal_ITE,cate,441.503186423652,-0.22320264497405173,0.9583333333333334,-33.824550844814624,mu,sleeping_dogs,randomized,0.2,1
base_value,baseline,,,,-59.27533811284338,mu,sleeping_dogs,randomized,0.2,1
base_risk,baseline,,,,0.015321104731424869,mu,sleeping_dogs,randomized,0.2,1
random,baseline,,,,-18.853716555420853,mu,sleeping_dogs,randomized,0.2,1
econml_T,cate,397.65814859088607,0.08724905817329044,,-41.185241246360235,mu,sleeping_dogs,randomized,0.2,2
econml_X,cate,357.32964776876,0.062465244954226236,,-46.557444395353706,mu,sleeping_dogs,randomized,0.2,2
econml_DR,cate,1356.4872432484244,0.07189058797604925,,-36.037678724830776,mu,sleeping_dogs,randomized,0.2,2
econml_CausalForest,cate,57.23571306104541,0.1427814528956903,0.9622222222222222,-16.551508787636273,mu,sleeping_dogs,randomized,0.2,2
causalml_T,cate,397.65814859088607,0.08724905817329044,,-41.185241246360235,mu,sleeping_dogs,randomized,0.2,2
causalml_X,cate,355.3489528974412,0.06033813580464729,,-45.72162357425364,mu,sleeping_dogs,randomized,0.2,2
structural_BTYD,cate,45.38142405366901,-0.3188952240312144,,-78.99603555012928,mu,sleeping_dogs,randomized,0.2,2
conformal_ITE,cate,349.56647738631534,-0.074043893579717,0.9683333333333334,-47.63509719560475,mu,sleeping_dogs,randomized,0.2,2
base_value,baseline,,,,-82.7112097233951,mu,sleeping_dogs,randomized,0.2,2
base_risk,baseline,,,,0.008715201105589383,mu,sleeping_dogs,randomized,0.2,2
random,baseline,,,,-15.510269254134945,mu,sleeping_dogs,randomized,0.2,2
econml_T,cate,376.7856359759748,-0.05001194748848291,,-29.46884274576536,mu,sleeping_dogs,randomized,0.2,3
econml_X,cate,286.9178919972275,-0.025837734443774442,,-23.538765631528985,mu,sleeping_dogs,randomized,0.2,3
econml_DR,cate,1001.4844320456891,-0.011418261194303453,,-28.09099802885464,mu,sleeping_dogs,randomized,0.2,3
econml_CausalForest,cate,85.98283176817777,-0.32013950911392497,0.9544444444444444,-41.30808259926285,mu,sleeping_dogs,randomized,0.2,3
causalml_T,cate,376.7856359759748,-0.05001194748848291,,-29.46884274576536,mu,sleeping_dogs,randomized,0.2,3
causalml_X,cate,289.1539667786859,-0.04121349916083562,,-24.262513753931312,mu,sleeping_dogs,randomized,0.2,3
structural_BTYD,cate,93.50422437774476,-0.2488115765591279,,-45.80856574107675,mu,sleeping_dogs,randomized,0.2,3
conformal_ITE,cate,326.8785986025109,-0.03313149330135367,0.98,-31.500096405529007,mu,sleeping_dogs,randomized,0.2,3
base_value,baseline,,,,-49.09485092576483,mu,sleeping_dogs,randomized,0.2,3
base_risk,baseline,,,,0.013634989447064061,mu,sleeping_dogs,randomized,0.2,3
random,baseline,,,,-11.448388064005696,mu,sleeping_dogs,randomized,0.2,3
econml_T,cate,488.96536270862765,0.07704745777309212,,-32.10493544722788,mu,sleeping_dogs,randomized,0.2,4
econml_X,cate,446.7384056730141,0.09456569495448032,,-30.43472645135453,mu,sleeping_dogs,randomized,0.2,4
econml_DR,cate,1782.8771168423266,0.10241737709218338,,-30.77043518990663,mu,sleeping_dogs,randomized,0.2,4
econml_CausalForest,cate,73.97466395786411,0.269334830107852,0.935,-15.095543962112016,mu,sleeping_dogs,randomized,0.2,4
causalml_T,cate,488.96536270862765,0.07704745777309212,,-32.10493544722788,mu,sleeping_dogs,randomized,0.2,4
causalml_X,cate,443.4448180038846,0.08717614135460182,,-31.473329021271677,mu,sleeping_dogs,randomized,0.2,4
structural_BTYD,cate,72.97020598847841,-0.4940551674115368,,-68.35278442313266,mu,sleeping_dogs,randomized,0.2,4
conformal_ITE,cate,364.0870989633556,0.09900321849146054,0.9644444444444444,-31.863886875340206,mu,sleeping_dogs,randomized,0.2,4
base_value,baseline,,,,-69.79937677827813,mu,sleeping_dogs,randomized,0.2,4
base_risk,baseline,,,,0.040097293871707115,mu,sleeping_dogs,randomized,0.2,4
random,baseline,,,,-20.797932601793875,mu,sleeping_dogs,randomized,0.2,4
econml_T,cate,506.3505945440245,-0.07241038904141282,,-51.82474714867581,mu,sleeping_dogs,randomized,0.2,5
econml_X,cate,433.7347837994778,-0.09118974012357312,,-54.02686239507695,mu,sleeping_dogs,randomized,0.2,5
econml_DR,cate,1360.033853094335,0.01658812430314684,,-44.92661060550564,mu,sleeping_dogs,randomized,0.2,5
econml_CausalForest,cate,141.04299202933245,-0.11415017910936733,0.9544444444444444,-65.56021119744295,mu,sleeping_dogs,randomized,0.2,5
causalml_T,cate,506.3505945440245,-0.07241038904141282,,-51.82474714867581,mu,sleeping_dogs,randomized,0.2,5
causalml_X,cate,434.1737858632415,-0.1000096443605295,,-53.57155026140697,mu,sleeping_dogs,randomized,0.2,5
structural_BTYD,cate,58.11631845913279,0.5153724240037051,,0.046079194780964415,mu,sleeping_dogs,randomized,0.2,5
conformal_ITE,cate,590.4659652958373,-0.011004921934333983,0.9477777777777778,-39.81643426906002,mu,sleeping_dogs,randomized,0.2,5
base_value,baseline,,,,-79.75547944557103,mu,sleeping_dogs,randomized,0.2,5
base_risk,baseline,,,,0.02237050031550425,mu,sleeping_dogs,randomized,0.2,5
random,baseline,,,,-19.274465473990745,mu,sleeping_dogs,randomized,0.2,5
econml_T,cate,372.12510370260185,-0.07317104433390735,,-35.57989177343158,mu,sleeping_dogs,randomized,0.2,6
econml_X,cate,288.55453621775416,-0.12098238790484007,,-30.603121333375785,mu,sleeping_dogs,randomized,0.2,6
econml_DR,cate,762.1698264650377,-0.0876191338053261,,-29.201877518982865,mu,sleeping_dogs,randomized,0.2,6
econml_CausalForest,cate,88.71817389078039,-0.078132228389752,0.9094444444444445,-33.626530007198575,mu,sleeping_dogs,randomized,0.2,6
causalml_T,cate,372.12510370260185,-0.07317104433390735,,-35.57989177343158,mu,sleeping_dogs,randomized,0.2,6
causalml_X,cate,279.3933134238254,-0.14448058174258815,,-31.877501224955164,mu,sleeping_dogs,randomized,0.2,6
structural_BTYD,cate,35.941409903028955,0.5195979083527646,,0.11042099160831405,mu,sleeping_dogs,randomized,0.2,6
conformal_ITE,cate,417.6108144533149,0.06886249962681909,0.9766666666666667,-31.52266652459876,mu,sleeping_dogs,randomized,0.2,6
base_value,baseline,,,,-66.03740161523761,mu,sleeping_dogs,randomized,0.2,6
base_risk,baseline,,,,0.05000638775627398,mu,sleeping_dogs,randomized,0.2,6
random,baseline,,,,-23.407838335387652,mu,sleeping_dogs,randomized,0.2,6
econml_T,cate,586.8348393411449,-0.10127896382402166,,-41.01601121594808,mu,sleeping_dogs,randomized,0.2,7
econml_X,cate,570.86582039633,-0.10658563589669943,,-43.73274533346556,mu,sleeping_dogs,randomized,0.2,7
econml_DR,cate,1167.2659906690376,-0.03625412545330205,,-33.78899580581006,mu,sleeping_dogs,randomized,0.2,7
econml_CausalForest,cate,126.7718915736407,-0.2329274089033351,0.8811111111111111,-52.3589381831748,mu,sleeping_dogs,randomized,0.2,7
causalml_T,cate,586.8348393411449,-0.10127896382402166,,-41.01601121594808,mu,sleeping_dogs,randomized,0.2,7
causalml_X,cate,568.3351315877109,-0.1138349567170467,,-44.196690220991634,mu,sleeping_dogs,randomized,0.2,7
structural_BTYD,cate,41.94771074561873,-0.29978898662160924,,-59.01876986421047,mu,sleeping_dogs,randomized,0.2,7
conformal_ITE,cate,537.137371215094,-0.11785514490425823,0.9438888888888889,-45.914123171696914,mu,sleeping_dogs,randomized,0.2,7
base_value,baseline,,,,-62.569741483538074,mu,sleeping_dogs,randomized,0.2,7
base_risk,baseline,,,,0.10514571792863667,mu,sleeping_dogs,randomized,0.2,7
random,baseline,,,,-21.133201131546087,mu,sleeping_dogs,randomized,0.2,7
econml_T,cate,381.89173256568154,0.06581246217768914,,-26.5239076080569,mu,sleeping_dogs,randomized,0.2,8
econml_X,cate,311.5583715795685,0.07927707417684866,,-27.97107035325366,mu,sleeping_dogs,randomized,0.2,8
econml_DR,cate,948.0647058355365,0.09187243306154115,,-28.539461266292804,mu,sleeping_dogs,randomized,0.2,8
econml_CausalForest,cate,139.3323895877779,0.17989331611194515,0.9505555555555556,-41.27462317563578,mu,sleeping_dogs,randomized,0.2,8
causalml_T,cate,381.89173256568154,0.06581246217768914,,-26.5239076080569,mu,sleeping_dogs,randomized,0.2,8
causalml_X,cate,307.92782762118384,0.08420911425663374,,-27.7323291456411,mu,sleeping_dogs,randomized,0.2,8
structural_BTYD,cate,53.778121675188096,-0.5176170741241904,,-63.36120672327207,mu,sleeping_dogs,randomized,0.2,8
conformal_ITE,cate,352.59415884223654,0.014228561385045977,0.9705555555555555,-41.136938331477964,mu,sleeping_dogs,randomized,0.2,8
base_value,baseline,,,,-62.02665107276045,mu,sleeping_dogs,randomized,0.2,8
base_risk,baseline,,,,0.04202040298967497,mu,sleeping_dogs,randomized,0.2,8
random,baseline,,,,-18.877340133930957,mu,sleeping_dogs,randomized,0.2,8
econml_T,cate,461.95976273033216,0.0705474237203532,,-22.501976105353908,mu,sleeping_dogs,randomized,0.2,9
econml_X,cate,358.8664023077462,0.06614673355382623,,-20.251487489689247,mu,sleeping_dogs,randomized,0.2,9
econml_DR,cate,966.0621313367511,0.04810418048637126,,-26.211963837674418,mu,sleeping_dogs,randomized,0.2,9
econml_CausalForest,cate,140.4470004067738,-0.041400687818517155,0.8905555555555555,-21.846059187849686,mu,sleeping_dogs,randomized,0.2,9
causalml_T,cate,461.95976273033216,0.0705474237203532,,-22.501976105353908,mu,sleeping_dogs,randomized,0.2,9
causalml_X,cate,368.0009109987374,0.06865368233905009,,-20.34042090421237,mu,sleeping_dogs,randomized,0.2,9
structural_BTYD,cate,27.53856197226101,-0.3057787111127146,,-58.69616737337006,mu,sleeping_dogs,randomized,0.2,9
conformal_ITE,cate,431.45692686529225,0.07909154921490884,0.9705555555555555,-19.477768439276293,mu,sleeping_dogs,randomized,0.2,9
base_value,baseline,,,,-61.632970989300674,mu,sleeping_dogs,randomized,0.2,9
base_risk,baseline,,,,0.013572966141522777,mu,sleeping_dogs,randomized,0.2,9
random,baseline,,,,-17.42278775399662,mu,sleeping_dogs,randomized,0.2,9
econml_T,cate,371.18734951240936,0.10161488648784706,,-22.771603105391353,mu,sleeping_dogs,randomized,0.35,0
econml_X,cate,299.0067348145386,0.055253710002829706,,-24.420790407213552,mu,sleeping_dogs,randomized,0.35,0
econml_DR,cate,929.2290546563664,0.03468501256168266,,-26.800846478368026,mu,sleeping_dogs,randomized,0.35,0
econml_CausalForest,cate,86.66635265984058,0.4567429035789766,0.8938888888888888,-1.8310005577783677,mu,sleeping_dogs,randomized,0.35,0
causalml_T,cate,371.18734951240936,0.10161488648784706,,-22.771603105391353,mu,sleeping_dogs,randomized,0.35,0
causalml_X,cate,302.4438158970166,0.056365585040489066,,-24.88104057681045,mu,sleeping_dogs,randomized,0.35,0
structural_BTYD,cate,71.5020596401254,0.48184649328164625,,0.02427916539099538,mu,sleeping_dogs,randomized,0.35,0
conformal_ITE,cate,394.04579303185244,0.01990093544724098,0.9627777777777777,-30.62770423327534,mu,sleeping_dogs,randomized,0.35,0
base_value,baseline,,,,-54.20068686231465,mu,sleeping_dogs,randomized,0.35,0
base_risk,baseline,,,,0.021424803801429495,mu,sleeping_dogs,randomized,0.35,0
random,baseline,,,,-14.469387191968469,mu,sleeping_dogs,randomized,0.35,0
econml_T,cate,390.30856676438714,0.054140317791175924,,-18.006099288916523,mu,sleeping_dogs,randomized,0.35,1
econml_X,cate,346.9569185758906,0.11802138654672857,,-13.233036942649969,mu,sleeping_dogs,randomized,0.35,1
econml_DR,cate,1242.765551534733,0.06522570689805603,,-21.821436181722003,mu,sleeping_dogs,randomized,0.35,1
econml_CausalForest,cate,221.7274143325775,0.353881812004385,0.8516666666666667,-3.3494635711597964,mu,sleeping_dogs,randomized,0.35,1
causalml_T,cate,390.30856676438714,0.054140317791175924,,-18.006099288916523,mu,sleeping_dogs,randomized,0.35,1
causalml_X,cate,346.1296706348212,0.10862885853658741,,-13.554636538747268,mu,sleeping_dogs,randomized,0.35,1
structural_BTYD,cate,92.63908183214235,0.4944908046891197,,0.05011224017199495,mu,sleeping_dogs,randomized,0.35,1
conformal_ITE,cate,405.84925876538614,-0.08413927103676802,0.9683333333333334,-21.190275124779454,mu,sleeping_dogs,randomized,0.35,1
base_value,baseline,,,,-53.59407612237861,mu,sleeping_dogs,randomized,0.35,1
base_risk,baseline,,,,0.014613084101926192,mu,sleeping_dogs,randomized,0.35,1
random,baseline,,,,-15.861348755452847,mu,sleeping_dogs,randomized,0.35,1
econml_T,cate,422.8722390377016,0.02237494039639416,,-39.95734542098576,mu,sleeping_dogs,randomized,0.35,2
econml_X,cate,373.1266473057092,0.020032856463467013,,-39.39899041896963,mu,sleeping_dogs,randomized,0.35,2
econml_DR,cate,1652.5134878622464,0.10833564855720962,,-37.297176253876344,mu,sleeping_dogs,randomized,0.35,2
econml_CausalForest,cate,73.60851498557427,0.14101956695000284,0.9311111111111111,-13.914607175127829,mu,sleeping_dogs,randomized,0.35,2
causalml_T,cate,422.8722390377016,0.02237494039639416,,-39.95734542098576,mu,sleeping_dogs,randomized,0.35,2
causalml_X,cate,372.58487553293634,0.028565930964569077,,-38.76783374862239,mu,sleeping_dogs,randomized,0.35,2
structural_BTYD,cate,68.0096445114361,-0.31912411591351647,,-72.99020913101228,mu,sleeping_dogs,randomized,0.35,2
conformal_ITE,cate,359.28623415807914,-0.08611775775320542,0.9661111111111111,-42.07463625994446,mu,sleeping_dogs,randomized,0.35,2
base_value,baseline,,,,-76.41052765921492,mu,sleeping_dogs,randomized,0.35,2
base_risk,baseline,,,,0.008528792084786598,mu,sleeping_dogs,randomized,0.35,2
random,baseline,,,,-14.4021588020018,mu,sleeping_dogs,randomized,0.35,2
econml_T,cate,370.1878459188943,-0.060554245153888214,,-24.559425532694615,mu,sleeping_dogs,randomized,0.35,3
econml_X,cate,283.9650960514998,-0.03881835523733273,,-23.711270872889873,mu,sleeping_dogs,randomized,0.35,3
econml_DR,cate,1251.3294009308424,0.034216353070462634,,-24.798849630032418,mu,sleeping_dogs,randomized,0.35,3
econml_CausalForest,cate,96.22858609345981,-0.2105597242350639,0.9266666666666666,-33.85940040579555,mu,sleeping_dogs,randomized,0.35,3
causalml_T,cate,370.1878459188943,-0.060554245153888214,,-24.559425532694615,mu,sleeping_dogs,randomized,0.35,3
causalml_X,cate,290.1616067705935,-0.04412093438160338,,-22.902567911751582,mu,sleeping_dogs,randomized,0.35,3
structural_BTYD,cate,99.98027487754149,-0.24882392846852852,,-42.049993620833945,mu,sleeping_dogs,randomized,0.35,3
conformal_ITE,cate,336.4873501792028,0.0019160648774169554,0.975,-28.403136755117046,mu,sleeping_dogs,randomized,0.35,3
base_value,baseline,,,,-44.994278400015716,mu,sleeping_dogs,randomized,0.35,3
base_risk,baseline,,,,0.013120943724802839,mu,sleeping_dogs,randomized,0.35,3
random,baseline,,,,-10.621012868865906,mu,sleeping_dogs,randomized,0.35,3
econml_T,cate,507.0307347952213,0.05227510771520629,,-31.36089850863923,mu,sleeping_dogs,randomized,0.35,4
econml_X,cate,478.3260826285515,0.03681829086639931,,-32.20866995551802,mu,sleeping_dogs,randomized,0.35,4
econml_DR,cate,1210.5425153965778,0.0233280578604182,,-29.17886155783162,mu,sleeping_dogs,randomized,0.35,4
econml_CausalForest,cate,108.5335709679034,0.29332858877682394,0.875,-11.950698895984667,mu,sleeping_dogs,randomized,0.35,4
causalml_T,cate,507.0307347952213,0.05227510771520629,,-31.36089850863923,mu,sleeping_dogs,randomized,0.35,4
causalml_X,cate,472.4212356945788,0.03468442895963751,,-32.46434447782713,mu,sleeping_dogs,randomized,0.35,4
structural_BTYD,cate,77.26197886178137,-0.3471708426941551,,-61.526851967938526,mu,sleeping_dogs,randomized,0.35,4
conformal_ITE,cate,364.57637905316244,0.0938227493806163,0.965,-29.73177941688462,mu,sleeping_dogs,randomized,0.35,4
base_value,baseline,,,,-63.88180604249802,mu,sleeping_dogs,randomized,0.35,4
base_risk,baseline,,,,0.038898821288519424,mu,sleeping_dogs,randomized,0.35,4
random,baseline,,,,-23.99163883023213,mu,sleeping_dogs,randomized,0.35,4
econml_T,cate,476.04058423347004,-0.09184661582380337,,-46.195563029541,mu,sleeping_dogs,randomized,0.35,5
econml_X,cate,389.7990298029979,-0.06903375571662504,,-45.96415679164537,mu,sleeping_dogs,randomized,0.35,5
econml_DR,cate,1137.6002611667484,0.02613743384038454,,-36.268047704523944,mu,sleeping_dogs,randomized,0.35,5
econml_CausalForest,cate,159.71599894131108,-0.006485702800413155,0.9005555555555556,-55.145307212769275,mu,sleeping_dogs,randomized,0.35,5
causalml_T,cate,476.04058423347004,-0.09184661582380337,,-46.195563029541,mu,sleeping_dogs,randomized,0.35,5
causalml_X,cate,391.7339636068947,-0.08399607912591887,,-44.95739685130061,mu,sleeping_dogs,randomized,0.35,5
structural_BTYD,cate,63.68478437992668,0.5024032980080099,,0.047402116017353516,mu,sleeping_dogs,randomized,0.35,5
conformal_ITE,cate,583.6558108099327,-0.0894999977886351,0.94,-41.75970555522958,mu,sleeping_dogs,randomized,0.35,5
base_value,baseline,,,,-72.32514867138796,mu,sleeping_dogs,randomized,0.35,5
base_risk,baseline,,,,0.02179860642924554,mu,sleeping_dogs,randomized,0.35,5
random,baseline,,,,-21.77318975611996,mu,sleeping_dogs,randomized,0.35,5
econml_T,cate,333.19189833409723,0.002095248737734471,,-28.2545132471699,mu,sleeping_dogs,randomized,0.35,6
econml_X,cate,271.50790310657214,-0.012241970175491586,,-24.90546254573032,mu,sleeping_dogs,randomized,0.35,6
econml_DR,cate,768.9057779214461,-0.009543587430362956,,-31.031387968915695,mu,sleeping_dogs,randomized,0.35,6
econml_CausalForest,cate,85.85850735390223,0.22361637663507597,0.8877777777777778,-16.61616210500506,mu,sleeping_dogs,randomized,0.35,6
causalml_T,cate,333.19189833409723,0.002095248737734471,,-28.2545132471699,mu,sleeping_dogs,randomized,0.35,6
causalml_X,cate,269.64377946888675,-0.010755852982762455,,-25.111663781568335,mu,sleeping_dogs,randomized,0.35,6
structural_BTYD,cate,63.807750026540035,0.518373539392083,,0.10998887401242596,mu,sleeping_dogs,randomized,0.35,6
conformal_ITE,cate,399.5492071936976,0.15112651241090563,0.9733333333333334,-18.87103599549172,mu,sleeping_dogs,randomized,0.35,6
base_value,baseline,,,,-61.05297076545906,mu,sleeping_dogs,randomized,0.35,6
base_risk,baseline,,,,0.05035730093327266,mu,sleeping_dogs,randomized,0.35,6
random,baseline,,,,-13.803198783327268,mu,sleeping_dogs,randomized,0.35,6
econml_T,cate,423.603377690146,-0.07447331513847316,,-36.07706812394855,mu,sleeping_dogs,randomized,0.35,7
econml_X,cate,371.4353521102453,-0.06783542288569559,,-37.171739007704616,mu,sleeping_dogs,randomized,0.35,7
econml_DR,cate,1159.978471606121,-0.06700408987857841,,-36.933757879689324,mu,sleeping_dogs,randomized,0.35,7
econml_CausalForest,cate,98.89967269459311,-0.17197557273644556,0.9294444444444444,-46.78835421751117,mu,sleeping_dogs,randomized,0.35,7
causalml_T,cate,423.603377690146,-0.07447331513847316,,-36.07706812394855,mu,sleeping_dogs,randomized,0.35,7
causalml_X,cate,370.19264362589377,-0.06791826259128085,,-37.27635815565259,mu,sleeping_dogs,randomized,0.35,7
structural_BTYD,cate,48.53370729277843,0.18486901770643605,,-1.354436821616938,mu,sleeping_dogs,randomized,0.35,7
conformal_ITE,cate,367.64070375528127,-0.05699513197407401,0.9611111111111111,-38.929387295339254,mu,sleeping_dogs,randomized,0.35,7
base_value,baseline,,,,-58.24595488073221,mu,sleeping_dogs,randomized,0.35,7
base_risk,baseline,,,,0.10594295762110738,mu,sleeping_dogs,randomized,0.35,7
random,baseline,,,,-14.108735464216625,mu,sleeping_dogs,randomized,0.35,7
econml_T,cate,462.03814361643066,0.07985843018618431,,-24.28542580898457,mu,sleeping_dogs,randomized,0.35,8
econml_X,cate,412.0929188023749,0.11442364762074636,,-26.519881340327817,mu,sleeping_dogs,randomized,0.35,8
econml_DR,cate,845.6512939994957,0.08195494160940112,,-22.63363002044004,mu,sleeping_dogs,randomized,0.35,8
econml_CausalForest,cate,125.27995325172857,-0.008495900227702403,0.9311111111111111,-42.33475683777081,mu,sleeping_dogs,randomized,0.35,8
causalml_T,cate,462.03814361643066,0.07985843018618431,,-24.28542580898457,mu,sleeping_dogs,randomized,0.35,8
causalml_X,cate,397.0745610678982,0.12177384169548834,,-24.64728800487177,mu,sleeping_dogs,randomized,0.35,8
structural_BTYD,cate,64.32032226480861,-0.46831902581889767,,-53.99187093582773,mu,sleeping_dogs,randomized,0.35,8
conformal_ITE,cate,395.11207831599654,0.06787794662156206,0.9566666666666667,-28.693463295044502,mu,sleeping_dogs,randomized,0.35,8
base_value,baseline,,,,-56.887834342343695,mu,sleeping_dogs,randomized,0.35,8
base_risk,baseline,,,,0.041247130245397154,mu,sleeping_dogs,randomized,0.35,8
random,baseline,,,,-21.07501450366419,mu,sleeping_dogs,randomized,0.35,8
econml_T,cate,438.14218018369445,0.0028604297114980582,,-24.563457850715192,mu,sleeping_dogs,randomized,0.35,9
econml_X,cate,330.3693443414557,0.011543093596033404,,-23.201769509309756,mu,sleeping_dogs,randomized,0.35,9
econml_DR,cate,1089.3491776541512,0.014619618807529839,,-28.59275656347753,mu,sleeping_dogs,randomized,0.35,9
econml_CausalForest,cate,78.11510378000673,0.11905816291307873,0.9772222222222222,-14.427155809615446,mu,sleeping_dogs,randomized,0.35,9
causalml_T,cate,438.14218018369445,0.0028604297114980582,,-24.563457850715192,mu,sleeping_dogs,randomized,0.35,9
causalml_X,cate,331.74724340210383,0.013294194339010877,,-21.51241462073123,mu,sleeping_dogs,randomized,0.35,9
structural_BTYD,cate,34.4971279739716,0.492411247667251,,0.02601031471095133,mu,sleeping_dogs,randomized,0.35,9
conformal_ITE,cate,409.68691263241436,0.06325068389935293,0.975,-22.804782005314248,mu,sleeping_dogs,randomized,0.35,9
base_value,baseline,,,,-57.08945190356815,mu,sleeping_dogs,randomized,0.35,9
base_risk,baseline,,,,0.013193792390168267,mu,sleeping_dogs,randomized,0.35,9
random,baseline,,,,-14.873214295328264,mu,sleeping_dogs,randomized,0.35,9
econml_T,cate,390.4770229935287,0.08261486999048348,,-26.0065909245979,mu,sleeping_dogs,randomized,0.5,0
econml_X,cate,329.93737124507754,0.08135768270307256,,-22.10417736056622,mu,sleeping_dogs,randomized,0.5,0
econml_DR,cate,1217.2925557322385,0.04121780920506737,,-22.13707220186211,mu,sleeping_dogs,randomized,0.5,0
econml_CausalForest,cate,90.54526562180044,0.42484958544449175,0.8955555555555555,-2.028675019937867,mu,sleeping_dogs,randomized,0.5,0
causalml_T,cate,390.4770229935287,0.08261486999048348,,-26.0065909245979,mu,sleeping_dogs,randomized,0.5,0
causalml_X,cate,326.2246035522605,0.10078765066707304,,-20.716984763898346,mu,sleeping_dogs,randomized,0.5,0
structural_BTYD,cate,84.90079272821505,0.4819378863008914,,0.03184734054992621,mu,sleeping_dogs,randomized,0.5,0
conformal_ITE,cate,433.3506393882533,0.0693810642358883,0.9611111111111111,-26.80366414013403,mu,sleeping_dogs,randomized,0.5,0
base_value,baseline,,,,-50.55791987809884,mu,sleeping_dogs,randomized,0.5,0
base_risk,baseline,,,,0.02093376651554511,mu,sleeping_dogs,randomized,0.5,0
random,baseline,,,,-12.171052465940589,mu,sleeping_dogs,randomized,0.5,0
econml_T,cate,450.5122463833985,0.07473171880002401,,-13.407695946319766,mu,sleeping_dogs,randomized,0.5,1
econml_X,cate,390.1942871493881,0.13091367339437085,,-9.227612043828032,mu,sleeping_dogs,randomized,0.5,1
econml_DR,cate,1022.0042880439672,0.05498624119911756,,-15.875351205628876,mu,sleeping_dogs,randomized,0.5,1
econml_CausalForest,cate,292.5073523919086,0.3458024016190773,0.84,-3.0724571625118853,mu,sleeping_dogs,randomized,0.5,1
causalml_T,cate,450.5122463833985,0.07473171880002401,,-13.407695946319766,mu,sleeping_dogs,randomized,0.5,1
causalml_X,cate,392.694475567426,0.12055659078189473,,-10.208115651962242,mu,sleeping_dogs,randomized,0.5,1
structural_BTYD,cate,98.06375996303966,0.49455433071336413,,0.04755844203802721,mu,sleeping_dogs,randomized,0.5,1
conformal_ITE,cate,441.1271023601826,-0.12293056072267479,0.9655555555555555,-20.12658241695219,mu,sleeping_dogs,randomized,0.5,1
base_value,baseline,,,,-48.095229463471505,mu,sleeping_dogs,randomized,0.5,1
base_risk,baseline,,,,0.01380872868867804,mu,sleeping_dogs,randomized,0.5,1
random,baseline,,,,-21.910640133000964,mu,sleeping_dogs,randomized,0.5,1
econml_T,cate,537.578416534926,0.02097657570442514,,-41.35799052552049,mu,sleeping_dogs,randomized,0.5,2
econml_X,cate,456.21870693210576,0.0010229517578256456,,-41.928574596286126,mu,sleeping_dogs,randomized,0.5,2
econml_DR,cate,1234.7614466385908,0.046592057255211865,,-34.68707978721702,mu,sleeping_dogs,randomized,0.5,2
econml_CausalForest,cate,103.92741854535328,-0.2781568208941002,0.9105555555555556,-52.6676311833447,mu,sleeping_dogs,randomized,0.5,2
causalml_T,cate,537.578416534926,0.02097657570442514,,-41.35799052552049,mu,sleeping_dogs,randomized,0.5,2
causalml_X,cate,454.14472220191686,-0.006665635781408833,,-42.061317613499334,mu,sleeping_dogs,randomized,0.5,2
structural_BTYD,cate,82.2943791297818,0.2813795663094928,,0.27300724039224333,mu,sleeping_dogs,randomized,0.5,2
conformal_ITE,cate,444.6019557219554,-0.1652611444228285,0.9566666666666667,-52.70703321385728,mu,sleeping_dogs,randomized,0.5,2
base_value,baseline,,,,-70.639266398939,mu,sleeping_dogs,randomized,0.5,2
base_risk,baseline,,,,0.00833358608221688,mu,sleeping_dogs,randomized,0.5,2
random,baseline,,,,-22.686437561242272,mu,sleeping_dogs,randomized,0.5,2
econml_T,cate,393.372718939142,0.046694506647426054,,-18.85944667341004,mu,sleeping_dogs,randomized,0.5,3
econml_X,cate,286.6405553617653,0.038776745110519734,,-18.301655877015484,mu,sleeping_dogs,randomized,0.5,3
econml_DR,cate,873.8198316652648,-0.01579098344973436,,-21.433959264259876,mu,sleeping_dogs,randomized,0.5,3
econml_CausalForest,cate,85.8281890044544,-0.1398463222540269,0.9305555555555556,-25.20095044605194,mu,sleeping_dogs,randomized,0.5,3
causalml_T,cate,393.372718939142,0.046694506647426054,,-18.85944667341004,mu,sleeping_dogs,randomized,0.5,3
causalml_X,cate,286.38648379557804,0.028882688885726388,,-18.65622148200842,mu,sleeping_dogs,randomized,0.5,3
structural_BTYD,cate,103.55211840450495,-0.24889215612530274,,-38.58637693624166,mu,sleeping_dogs,randomized,0.5,3
conformal_ITE,cate,292.8727065277859,-0.06279828518107326,0.9833333333333333,-26.500196879627882,mu,sleeping_dogs,randomized,0.5,3
base_value,baseline,,,,-41.216114382596594,mu,sleeping_dogs,randomized,0.5,3
base_risk,baseline,,,,0.012586981331164912,mu,sleeping_dogs,randomized,0.5,3
random,baseline,,,,-10.648985460787099,mu,sleeping_dogs,randomized,0.5,3
econml_T,cate,450.3186219559136,0.16608171477512365,,-24.051583867351923,mu,sleeping_dogs,randomized,0.5,4
econml_X,cate,425.2148721478138,0.19503738429288697,,-22.40884052649063,mu,sleeping_dogs,randomized,0.5,4
econml_DR,cate,961.8019470773891,0.08977571003898238,,-22.321041017859216,mu,sleeping_dogs,randomized,0.5,4
econml_CausalForest,cate,145.55960076467818,0.556748856364689,0.8422222222222222,0.05298996041185614,mu,sleeping_dogs,randomized,0.5,4
causalml_T,cate,450.3186219559136,0.16608171477512365,,-24.051583867351923,mu,sleeping_dogs,randomized,0.5,4
causalml_X,cate,418.9125047919655,0.18910091621605404,,-22.699729518057087,mu,sleeping_dogs,randomized,0.5,4
structural_BTYD,cate,81.62534088031846,-0.43386900353209357,,-54.7456940392756,mu,sleeping_dogs,randomized,0.5,4
conformal_ITE,cate,368.88429871003365,0.14657274179324883,0.9638888888888889,-26.596419464330697,mu,sleeping_dogs,randomized,0.5,4
base_value,baseline,,,,-58.35176037891954,mu,sleeping_dogs,randomized,0.5,4
base_risk,baseline,,,,0.03758274939345841,mu,sleeping_dogs,randomized,0.5,4
random,baseline,,,,-21.96470049538665,mu,sleeping_dogs,randomized,0.5,4
econml_T,cate,453.516983939263,-0.06237767613433056,,-39.71804448888392,mu,sleeping_dogs,randomized,0.5,5
econml_X,cate,374.3077031759209,-0.030807270593653353,,-39.121567318769536,mu,sleeping_dogs,randomized,0.5,5
econml_DR,cate,1117.2500365722628,0.05833218467310018,,-32.455447015861594,mu,sleeping_dogs,randomized,0.5,5
econml_CausalForest,cate,110.27457480490814,0.24267439056454668,0.9,-35.87189762667069,mu,sleeping_dogs,randomized,0.5,5
causalml_T,cate,453.516983939263,-0.06237767613433056,,-39.71804448888392,mu,sleeping_dogs,randomized,0.5,5
causalml_X,cate,368.9930943204046,-0.042221793276518274,,-39.953810705219986,mu,sleeping_dogs,randomized,0.5,5
structural_BTYD,cate,78.05123636514683,0.5294266145346772,,0.062209317481706806,mu,sleeping_dogs,randomized,0.5,5
conformal_ITE,cate,504.5721896880781,0.044301653727828905,0.9461111111111111,-29.41112923206973,mu,sleeping_dogs,randomized,0.5,5
base_value,baseline,,,,-65.5500902586312,mu,sleeping_dogs,randomized,0.5,5
base_risk,baseline,,,,0.021179525989486407,mu,sleeping_dogs,randomized,0.5,5
random,baseline,,,,-18.475276688560736,mu,sleeping_dogs,randomized,0.5,5
econml_T,cate,457.57789067251895,-0.07031088624383608,,-31.19927113455941,mu,sleeping_dogs,randomized,0.5,6
econml_X,cate,364.2463352136297,-0.07922505585591248,,-32.636102061337816,mu,sleeping_dogs,randomized,0.5,6
econml_DR,cate,1039.7923272915016,-0.023031363375252252,,-34.09559058010959,mu,sleeping_dogs,randomized,0.5,6
econml_CausalForest,cate,138.10222580899583,0.025979042863997655,0.8811111111111111,-27.448180408195473,mu,sleeping_dogs,randomized,0.5,6
causalml_T,cate,457.57789067251895,-0.07031088624383608,,-31.19927113455941,mu,sleeping_dogs,randomized,0.5,6
causalml_X,cate,357.75824965001146,-0.07738352902319583,,-32.84854116096994,mu,sleeping_dogs,randomized,0.5,6
structural_BTYD,cate,82.77550539224461,0.5196169329489615,,0.1092946228625257,mu,sleeping_dogs,randomized,0.5,6
conformal_ITE,cate,396.93928583756485,0.08942861994218632,0.97,-18.400387027691806,mu,sleeping_dogs,randomized,0.5,6
base_value,baseline,,,,-56.47101149371761,mu,sleeping_dogs,randomized,0.5,6
base_risk,baseline,,,,0.05070112518198882,mu,sleeping_dogs,randomized,0.5,6
random,baseline,,,,-16.337132014005185,mu,sleeping_dogs,randomized,0.5,6
econml_T,cate,439.48711487124183,-0.08532175773228892,,-34.5999906351448,mu,sleeping_dogs,randomized,0.5,7
econml_X,cate,388.4365780638032,-0.05014418380000945,,-34.3585028883454,mu,sleeping_dogs,randomized,0.5,7
econml_DR,cate,1146.5213621826608,-0.0863541893777654,,-31.27237439846381,mu,sleeping_dogs,randomized,0.5,7
econml_CausalForest,cate,137.5815186854555,-0.10659389048451695,0.8661111111111112,-40.179877376946486,mu,sleeping_dogs,randomized,0.5,7
causalml_T,cate,439.48711487124183,-0.08532175773228892,,-34.5999906351448,mu,sleeping_dogs,randomized,0.5,7
causalml_X,cate,379.8903248959176,-0.02835338478480571,,-33.19282004685536,mu,sleeping_dogs,randomized,0.5,7
structural_BTYD,cate,62.15490352636646,0.4224893000258339,,0.3918707413498353,mu,sleeping_dogs,randomized,0.5,7
conformal_ITE,cate,497.2473454082521,-0.05862401709075931,0.9461111111111111,-37.98189567988,mu,sleeping_dogs,randomized,0.5,7
base_value,baseline,,,,-54.22063474611626,mu,sleeping_dogs,randomized,0.5,7
base_risk,baseline,,,,0.10682199676554104,mu,sleeping_dogs,randomized,0.5,7
random,baseline,,,,-17.09893760860295,mu,sleeping_dogs,randomized,0.5,7
econml_T,cate,411.09622739797123,0.07391902657606496,,-21.032855089894028,mu,sleeping_dogs,randomized,0.5,8
econml_X,cate,310.21234359824547,0.1282197151638074,,-18.102461592534016,mu,sleeping_dogs,randomized,0.5,8
econml_DR,cate,787.1957863565507,0.10751185257537356,,-17.63211302654663,mu,sleeping_dogs,randomized,0.5,8
econml_CausalForest,cate,93.57883444103356,0.0621940487084136,0.8505555555555555,-26.25096799697298,mu,sleeping_dogs,randomized,0.5,8
causalml_T,cate,411.09622739797123,0.07391902657606496,,-21.032855089894028,mu,sleeping_dogs,randomized,0.5,8
causalml_X,cate,303.9905930381062,0.11063446775885266,,-18.87890967388473,mu,sleeping_dogs,randomized,0.5,8
structural_BTYD,cate,82.51416114173111,-0.4783536853741022,,-50.15972667407584,mu,sleeping_dogs,randomized,0.5,8
conformal_ITE,cate,357.7003693439949,-0.011264049188665764,0.9588888888888889,-31.097546288416893,mu,sleeping_dogs,randomized,0.5,8
base_value,baseline,,,,-52.101207324204374,mu,sleeping_dogs,randomized,0.5,8
base_risk,baseline,,,,0.04038551194642176,mu,sleeping_dogs,randomized,0.5,8
random,baseline,,,,-16.332470415367368,mu,sleeping_dogs,randomized,0.5,8
econml_T,cate,409.8161145785044,0.10124830828904569,,-18.049841799190695,mu,sleeping_dogs,randomized,0.5,9
econml_X,cate,311.9796698672468,0.06503249601573215,,-18.88844408396951,mu,sleeping_dogs,randomized,0.5,9
econml_DR,cate,1183.8219591158052,0.07973035330502652,,-23.569543478167297,mu,sleeping_dogs,randomized,0.5,9
econml_CausalForest,cate,93.12764251644917,0.31910349908769664,0.9061111111111111,-4.582272395304269,mu,sleeping_dogs,randomized,0.5,9
causalml_T,cate,409.8161145785044,0.10124830828904569,,-18.049841799190695,mu,sleeping_dogs,randomized,0.5,9
causalml_X,cate,307.7238173814216,0.08887003730688758,,-16.40028886450785,mu,sleeping_dogs,randomized,0.5,9
structural_BTYD,cate,51.15134405457835,0.4929724542044411,,0.027148982219864757,mu,sleeping_dogs,randomized,0.5,9
conformal_ITE,cate,371.19002689853363,0.12286499246432105,0.9755555555555555,-15.885050124776267,mu,sleeping_dogs,randomized,0.5,9
base_value,baseline,,,,-52.855388200833616,mu,sleeping_dogs,randomized,0.5,9
base_risk,baseline,,,,0.012838041971598758,mu,sleeping_dogs,randomized,0.5,9
random,baseline,,,,-15.557539802970256,mu,sleeping_dogs,randomized,0.5,9
econml_T,cate,410.9076680761304,0.15621164987892452,,-17.511693532985053,mu,sleeping_dogs,randomized,0.65,0
econml_X,cate,322.7957922128818,0.17443395996656139,,-16.998108785734573,mu,sleeping_dogs,randomized,0.65,0
econml_DR,cate,765.228562934863,0.07630826131782752,,-24.993587309546466,mu,sleeping_dogs,randomized,0.65,0
econml_CausalForest,cate,115.1439481127334,0.5091672636774763,0.855,-0.6026588930809086,mu,sleeping_dogs,randomized,0.65,0
causalml_T,cate,410.9076680761304,0.15621164987892452,,-17.511693532985053,mu,sleeping_dogs,randomized,0.65,0
causalml_X,cate,318.7792803168086,0.1846393509493079,,-15.931167302109246,mu,sleeping_dogs,randomized,0.65,0
structural_BTYD,cate,81.85892800051059,0.48205196634015146,,0.038742007427606556,mu,sleeping_dogs,randomized,0.65,0
conformal_ITE,cate,361.09831024549004,0.07868178654269076,0.97,-21.64888491384889,mu,sleeping_dogs,randomized,0.65,0
base_value,baseline,,,,-47.13645988471091,mu,sleeping_dogs,randomized,0.65,0
base_risk,baseline,,,,0.020414096852739847,mu,sleeping_dogs,randomized,0.65,0
random,baseline,,,,-14.333080205714328,mu,sleeping_dogs,randomized,0.65,0
econml_T,cate,395.4075861002752,0.07971948099658867,,-15.889076009377444,mu,sleeping_dogs,randomized,0.65,1
econml_X,cate,320.281657523512,0.11525621126466544,,-15.643096028710184,mu,sleeping_dogs,randomized,0.65,1
econml_DR,cate,1307.2512731364081,0.057160883950858214,,-13.340124624263936,mu,sleeping_dogs,randomized,0.65,1
econml_CausalForest,cate,174.95275202912882,0.5021222435322513,0.8433333333333334,0.01208750483611048,mu,sleeping_dogs,randomized,0.65,1
causalml_T,cate,395.4075861002752,0.07971948099658867,,-15.889076009377444,mu,sleeping_dogs,randomized,0.65,1
causalml_X,cate,320.6478769243141,0.11034154190456436,,-15.630356550678687,mu,sleeping_dogs,randomized,0.65,1
structural_BTYD,cate,112.05663629995252,0.4927663495014735,,0.19751196743693833,mu,sleeping_dogs,randomized,0.65,1
conformal_ITE,cate,328.2507421275837,-0.07869679619024808,0.9755555555555555,-16.905952379489893,mu,sleeping_dogs,randomized,0.65,1
base_value,baseline,,,,-42.688464651226596,mu,sleeping_dogs,randomized,0.65,1
base_risk,baseline,,,,0.01289803043151431,mu,sleeping_dogs,randomized,0.65,1
random,baseline,,,,-13.671886116373186,mu,sleeping_dogs,randomized,0.65,1
econml_T,cate,554.2016694023811,0.04239581049196222,,-35.93463950549048,mu,sleeping_dogs,randomized,0.65,2
econml_X,cate,490.36670301456815,0.014306311795481523,,-36.621347526630814,mu,sleeping_dogs,randomized,0.65,2
econml_DR,cate,1300.8696341396455,0.028271464450673117,,-33.11238441021103,mu,sleeping_dogs,randomized,0.65,2
econml_CausalForest,cate,130.28675623253568,-0.33757619536166594,0.8727777777777778,-51.905123265395225,mu,sleeping_dogs,randomized,0.65,2
causalml_T,cate,554.2016694023811,0.04239581049196222,,-35.93463950549048,mu,sleeping_dogs,randomized,0.65,2
causalml_X,cate,486.23692065425183,0.008982159443202022,,-38.70275261171583,mu,sleeping_dogs,randomized,0.65,2
structural_BTYD,cate,94.23351471528957,0.4371999553670461,,0.25722472776639077,mu,sleeping_dogs,randomized,0.65,2
conformal_ITE,cate,482.3643199551699,-0.16753619040018772,0.9511111111111111,-47.73014229964984,mu,sleeping_dogs,randomized,0.65,2
base_value,baseline,,,,-65.29519095244223,mu,sleeping_dogs,randomized,0.65,2
base_risk,baseline,,,,0.008129706828199757,mu,sleeping_dogs,randomized,0.65,2
random,baseline,,,,-21.046488396291558,mu,sleeping_dogs,randomized,0.65,2
econml_T,cate,381.0719580993364,0.033078209609239566,,-18.183381029517047,mu,sleeping_dogs,randomized,0.65,3
econml_X,cate,258.8984588123071,0.015278544380649812,,-19.008459208994726,mu,sleeping_dogs,randomized,0.65,3
econml_DR,cate,948.5727617282431,-0.0024019854966372384,,-19.032362001944623,mu,sleeping_dogs,randomized,0.65,3
econml_CausalForest,cate,125.0495451596233,0.11438768647759223,0.9311111111111111,-24.282633319322063,mu,sleeping_dogs,randomized,0.65,3
causalml_T,cate,381.0719580993364,0.033078209609239566,,-18.183381029517047,mu,sleeping_dogs,randomized,0.65,3
causalml_X,cate,268.67053104167144,-0.009554408313654856,,-19.823801508166373,mu,sleeping_dogs,randomized,0.65,3
structural_BTYD,cate,106.79438980221903,-0.24897659620823076,,-35.35028228815244,mu,sleeping_dogs,randomized,0.65,3
conformal_ITE,cate,371.54974417636794,-0.012750281919783675,0.9716666666666667,-22.96648940089453,mu,sleeping_dogs,randomized,0.65,3
base_value,baseline,,,,-37.686955799696676,mu,sleeping_dogs,randomized,0.65,3
base_risk,baseline,,,,0.012035929771474437,mu,sleeping_dogs,randomized,0.65,3
random,baseline,,,,-15.28869867817923,mu,sleeping_dogs,randomized,0.65,3
econml_T,cate,488.4646457460643,0.12569208130948398,,-20.196488381568443,mu,sleeping_dogs,randomized,0.65,4
econml_X,cate,439.9533245758718,0.16241677764684098,,-18.961355350185922,mu,sleeping_dogs,randomized,0.65,4
econml_DR,cate,1517.0106322921645,0.13185434837951227,,-21.994984333956218,mu,sleeping_dogs,randomized,0.65,4
econml_CausalForest,cate,111.46092300049577,0.3355677559295606,0.9022222222222223,-10.208778275211259,mu,sleeping_dogs,randomized,0.65,4
causalml_T,cate,488.4646457460643,0.12569208130948398,,-20.196488381568443,mu,sleeping_dogs,randomized,0.65,4
causalml_X,cate,435.4617839158415,0.13796195513629464,,-21.276971914414688,mu,sleeping_dogs,randomized,0.65,4
structural_BTYD,cate,98.01056003521394,-0.3408566450167968,,-44.355275412891785,mu,sleeping_dogs,randomized,0.65,4
conformal_ITE,cate,370.71581584763663,0.15804336061453775,0.9605555555555556,-19.24754907152941,mu,sleeping_dogs,randomized,0.65,4
base_value,baseline,,,,-53.13604484345567,mu,sleeping_dogs,randomized,0.65,4
base_risk,baseline,,,,0.03614396832922288,mu,sleeping_dogs,randomized,0.65,4
random,baseline,,,,-15.64993629359048,mu,sleeping_dogs,randomized,0.65,4
econml_T,cate,490.36315065714814,-0.01333652925191685,,-29.744757685025725,mu,sleeping_dogs,randomized,0.65,5
econml_X,cate,401.33344412837846,-0.028495735707244247,,-33.1103810713546,mu,sleeping_dogs,randomized,0.65,5
econml_DR,cate,1268.5741237569264,-0.02181087966097409,,-32.2463690860252,mu,sleeping_dogs,randomized,0.65,5
econml_CausalForest,cate,114.08842477535198,0.3925185424739585,0.9388888888888889,-17.72327548731257,mu,sleeping_dogs,randomized,0.65,5
causalml_T,cate,490.36315065714814,-0.01333652925191685,,-29.744757685025725,mu,sleeping_dogs,randomized,0.65,5
causalml_X,cate,401.42349512217777,-0.05115192654649114,,-35.82696240186552,mu,sleeping_dogs,randomized,0.65,5
structural_BTYD,cate,93.46898973904001,0.529521119925599,,0.05977259829021536,mu,sleeping_dogs,randomized,0.65,5
conformal_ITE,cate,486.2467296438563,0.08933572702688322,0.9488888888888889,-20.015442860691586,mu,sleeping_dogs,randomized,0.65,5
base_value,baseline,,,,-59.34241653241419,mu,sleeping_dogs,randomized,0.65,5
base_risk,baseline,,,,0.020523552605196144,mu,sleeping_dogs,randomized,0.65,5
random,baseline,,,,-20.474672970113364,mu,sleeping_dogs,randomized,0.65,5
econml_T,cate,418.958871099758,-0.01767445748040033,,-30.921345337909937,mu,sleeping_dogs,randomized,0.65,6
econml_X,cate,344.31586678304075,-0.043635167022481755,,-32.33212337445656,mu,sleeping_dogs,randomized,0.65,6
econml_DR,cate,919.666686619315,-0.09114337144239426,,-32.2937152115529,mu,sleeping_dogs,randomized,0.65,6
econml_CausalForest,cate,126.93119946660889,0.35592639941287,0.8766666666666667,-12.166312625618747,mu,sleeping_dogs,randomized,0.65,6
causalml_T,cate,418.958871099758,-0.01767445748040033,,-30.921345337909937,mu,sleeping_dogs,randomized,0.65,6
causalml_X,cate,344.2341705560052,-0.03548413754301584,,-31.81990030858264,mu,sleeping_dogs,randomized,0.65,6
structural_BTYD,cate,102.71204968210559,0.5189701251859414,,0.2622943107678915,mu,sleeping_dogs,randomized,0.65,6
conformal_ITE,cate,458.3581519827818,0.03534368672465215,0.9594444444444444,-23.57128144514185,mu,sleeping_dogs,randomized,0.65,6
base_value,baseline,,,,-52.21238984960325,mu,sleeping_dogs,randomized,0.65,6
base_risk,baseline,,,,0.05105206877456594,mu,sleeping_dogs,randomized,0.65,6
random,baseline,,,,-13.063663440926938,mu,sleeping_dogs,randomized,0.65,6
econml_T,cate,615.3352407677484,-0.013270808092495864,,-30.700532211141233,mu,sleeping_dogs,randomized,0.65,7
econml_X,cate,608.7553414801956,0.008743527133807891,,-31.36394938981788,mu,sleeping_dogs,randomized,0.65,7
econml_DR,cate,1014.479858287327,-0.004129014159173015,,-27.901336949901484,mu,sleeping_dogs,randomized,0.65,7
econml_CausalForest,cate,159.21464817186035,-0.042314967536496995,0.8916666666666667,-36.048284631117134,mu,sleeping_dogs,randomized,0.65,7
causalml_T,cate,615.3352407677484,-0.013270808092495864,,-30.700532211141233,mu,sleeping_dogs,randomized,0.65,7
causalml_X,cate,603.854500683189,-0.010287286481718264,,-31.028228939064512,mu,sleeping_dogs,randomized,0.65,7
structural_BTYD,cate,74.9080443708748,0.5071009400745635,,0.3840252404548065,mu,sleeping_dogs,randomized,0.65,7
conformal_ITE,cate,579.3108401760188,-0.05997110490233995,0.9338888888888889,-33.99964888968556,mu,sleeping_dogs,randomized,0.65,7
base_value,baseline,,,,-50.41077262621524,mu,sleeping_dogs,randomized,0.65,7
base_risk,baseline,,,,0.10786268186853776,mu,sleeping_dogs,randomized,0.65,7
random,baseline,,,,-17.0509360194234,mu,sleeping_dogs,randomized,0.65,7
econml_T,cate,397.74774576954275,0.08846255114025565,,-19.25791834137034,mu,sleeping_dogs,randomized,0.65,8
econml_X,cate,316.49646465913526,0.13926822569084338,,-19.647029066726848,mu,sleeping_dogs,randomized,0.65,8
econml_DR,cate,812.5368026017902,0.12587890601786497,,-20.37035526538602,mu,sleeping_dogs,randomized,0.65,8
econml_CausalForest,cate,116.93718386100596,0.06464958219325193,0.9027777777777778,-30.412135410748373,mu,sleeping_dogs,randomized,0.65,8
causalml_T,cate,397.74774576954275,0.08846255114025565,,-19.25791834137034,mu,sleeping_dogs,randomized,0.65,8
causalml_X,cate,315.94532293168123,0.14194645395277883,,-19.793195924549597,mu,sleeping_dogs,randomized,0.65,8
structural_BTYD,cate,99.44994044081952,-0.33535232196727516,,-33.15243964339362,mu,sleeping_dogs,randomized,0.65,8
conformal_ITE,cate,329.36094227738175,0.05790017451632094,0.9622222222222222,-25.17845316299257,mu,sleeping_dogs,randomized,0.65,8
base_value,baseline,,,,-47.60105674647667,mu,sleeping_dogs,randomized,0.65,8
base_risk,baseline,,,,0.03942485208061515,mu,sleeping_dogs,randomized,0.65,8
random,baseline,,,,-16.93694738803213,mu,sleeping_dogs,randomized,0.65,8
econml_T,cate,410.02988604311724,0.1285811871809662,,-16.13661205892339,mu,sleeping_dogs,randomized,0.65,9
econml_X,cate,318.94915484703273,0.11638289738417086,,-15.144118986202379,mu,sleeping_dogs,randomized,0.65,9
econml_DR,cate,1151.5377900597098,0.11048630325143437,,-20.40882913729828,mu,sleeping_dogs,randomized,0.65,9
econml_CausalForest,cate,89.53610365776419,0.3968033994608457,0.9088888888888889,-2.9799505523826397,mu,sleeping_dogs,randomized,0.65,9
causalml_T,cate,410.02988604311724,0.1285811871809662,,-16.13661205892339,mu,sleeping_dogs,randomized,0.65,9
causalml_X,cate,313.1970013011683,0.1322224001424997,,-14.292100042294855,mu,sleeping_dogs,randomized,0.65,9
structural_BTYD,cate,59.51781348519497,0.4925919713054378,,0.028115331376449035,mu,sleeping_dogs,randomized,0.65,9
conformal_ITE,cate,393.2027643449323,0.13241042986311768,0.9716666666666667,-14.45393987184575,mu,sleeping_dogs,randomized,0.65,9
base_value,baseline,,,,-48.91952566999601,mu,sleeping_dogs,randomized,0.65,9
base_risk,baseline,,,,0.012487129214783482,mu,sleeping_dogs,randomized,0.65,9
random,baseline,,,,-14.366658485558318,mu,sleeping_dogs,randomized,0.65,9
econml_T,cate,337.07417952814694,0.0031010287012721324,,-30.66288459006514,mu,sleeping_dogs,confounded,0.2,0
econml_X,cate,299.1373881069501,0.11119249609029747,,-20.558218654901946,mu,sleeping_dogs,confounded,0.2,0
econml_DR,cate,1374.0973104294321,0.05993725383274295,,-24.799078366399105,mu,sleeping_dogs,confounded,0.2,0
econml_CausalForest,cate,107.2082100226291,-0.0066810762652497885,0.7622222222222222,-22.426190934818997,mu,sleeping_dogs,confounded,0.2,0
causalml_T,cate,337.07417952814694,0.0031010287012721324,,-30.66288459006514,mu,sleeping_dogs,confounded,0.2,0
causalml_X,cate,300.72639749041616,0.1038878805193797,,-21.378198126037656,mu,sleeping_dogs,confounded,0.2,0
structural_BTYD,cate,173.66649930951468,0.49734090750931215,,0.038823420815492456,mu,sleeping_dogs,confounded,0.2,0
conformal_ITE,cate,327.6206844288405,-0.13924035044909003,0.9705555555555555,-35.00636033658616,mu,sleeping_dogs,confounded,0.2,0
base_value,baseline,,,,-59.338680395275,mu,sleeping_dogs,confounded,0.2,0
base_risk,baseline,,,,0.015379213090202256,mu,sleeping_dogs,confounded,0.2,0
random,baseline,,,,-13.250500634463226,mu,sleeping_dogs,confounded,0.2,0
econml_T,cate,473.1437702446204,-0.0880764147414733,,-36.28798613733917,mu,sleeping_dogs,confounded,0.2,1
econml_X,cate,284.2863917711095,-0.07605028989059906,,-30.520565115887127,mu,sleeping_dogs,confounded,0.2,1
econml_DR,cate,1876.772519141845,0.002954002483915453,,-32.74444301896224,mu,sleeping_dogs,confounded,0.2,1
econml_CausalForest,cate,64.14905120626986,0.2618193855254997,0.925,-8.623145338501152,mu,sleeping_dogs,confounded,0.2,1
causalml_T,cate,473.1437702446204,-0.0880764147414733,,-36.28798613733917,mu,sleeping_dogs,confounded,0.2,1
causalml_X,cate,273.9404475502363,-0.07254082536736989,,-29.748221337757517,mu,sleeping_dogs,confounded,0.2,1
structural_BTYD,cate,100.28546762342881,0.4877755482807169,,0.05204442243348176,mu,sleeping_dogs,confounded,0.2,1
conformal_ITE,cate,469.13860355600985,-0.12126585291629023,0.975,-36.605663360328045,mu,sleeping_dogs,confounded,0.2,1
base_value,baseline,,,,-59.48036311992339,mu,sleeping_dogs,confounded,0.2,1
base_risk,baseline,,,,0.015265541660721107,mu,sleeping_dogs,confounded,0.2,1
random,baseline,,,,-18.853716555420853,mu,sleeping_dogs,confounded,0.2,1
econml_T,cate,394.9333032317724,-0.011930845223483906,,-51.15165878481304,mu,sleeping_dogs,confounded,0.2,2
econml_X,cate,272.1895082129865,-0.006303617764971422,,-40.18398558160824,mu,sleeping_dogs,confounded,0.2,2
econml_DR,cate,3031.3325355268857,-0.034224127051726956,,-53.240277476015756,mu,sleeping_dogs,confounded,0.2,2
econml_CausalForest,cate,92.02578227115227,-0.2999946593607826,0.9116666666666666,-62.38852293578631,mu,sleeping_dogs,confounded,0.2,2
causalml_T,cate,394.9333032317724,-0.011930845223483906,,-51.15165878481304,mu,sleeping_dogs,confounded,0.2,2
causalml_X,cate,277.3327378521606,-9.405356877635706e-05,,-39.98989379091129,mu,sleeping_dogs,confounded,0.2,2
structural_BTYD,cate,128.43795816518607,0.5043260170012486,,0.10047679140119571,mu,sleeping_dogs,confounded,0.2,2
conformal_ITE,cate,421.8901747322997,-0.08473830227690127,0.9533333333333334,-60.308095950933215,mu,sleeping_dogs,confounded,0.2,2
base_value,baseline,,,,-82.4350744420047,mu,sleeping_dogs,confounded,0.2,2
base_risk,baseline,,,,0.008715201105589383,mu,sleeping_dogs,confounded,0.2,2
random,baseline,,,,-15.510269254134945,mu,sleeping_dogs,confounded,0.2,2
econml_T,cate,402.3040798191213,-0.03928255131996236,,-29.64855625608132,mu,sleeping_dogs,confounded,0.2,3
econml_X,cate,280.5483482055738,-0.0040845391822991175,,-21.867230199206443,mu,sleeping_dogs,confounded,0.2,3
econml_DR,cate,1847.0403546927228,0.0338615543682883,,-21.585815220830057,mu,sleeping_dogs,confounded,0.2,3
econml_CausalForest,cate,64.206652714463,0.07380626362979074,0.8227777777777778,-11.48724427570317,mu,sleeping_dogs,confounded,0.2,3
causalml_T,cate,402.3040798191213,-0.03928255131996236,,-29.64855625608132,mu,sleeping_dogs,confounded,0.2,3
causalml_X,cate,281.6234330565556,0.007612400100530214,,-19.38195168162427,mu,sleeping_dogs,confounded,0.2,3
structural_BTYD,cate,129.82078497925187,0.4819199852295901,,0.16320208434684758,mu,sleeping_dogs,confounded,0.2,3
conformal_ITE,cate,468.835552157261,-0.07606965255159509,0.9316666666666666,-27.112143725684827,mu,sleeping_dogs,confounded,0.2,3
base_value,baseline,,,,-49.15960630043879,mu,sleeping_dogs,confounded,0.2,3
base_risk,baseline,,,,0.0274423452994794,mu,sleeping_dogs,confounded,0.2,3
random,baseline,,,,-11.448388064005696,mu,sleeping_dogs,confounded,0.2,3
econml_T,cate,530.6943415792621,0.052991921947074826,,-33.52193455251168,mu,sleeping_dogs,confounded,0.2,4
econml_X,cate,422.478912199762,0.14375388782604215,,-24.18322550991522,mu,sleeping_dogs,confounded,0.2,4
econml_DR,cate,1972.7487428824604,-0.023393039677697035,,-37.9241070980263,mu,sleeping_dogs,confounded,0.2,4
econml_CausalForest,cate,172.81133298079806,0.4427396266302848,0.8216666666666667,-5.611632459383137,mu,sleeping_dogs,confounded,0.2,4
causalml_T,cate,530.6943415792621,0.052991921947074826,,-33.52193455251168,mu,sleeping_dogs,confounded,0.2,4
causalml_X,cate,414.7823704001182,0.1585559410606728,,-20.431022918794053,mu,sleeping_dogs,confounded,0.2,4
structural_BTYD,cate,241.1773657926782,0.523977208043412,,0.07356165257329379,mu,sleeping_dogs,confounded,0.2,4
conformal_ITE,cate,395.1440220646887,-0.11923773852597996,0.9622222222222222,-38.83781388136967,mu,sleeping_dogs,confounded,0.2,4
base_value,baseline,,,,-69.80483518076399,mu,sleeping_dogs,confounded,0.2,4
base_risk,baseline,,,,0.020788694014332733,mu,sleeping_dogs,confounded,0.2,4
random,baseline,,,,-20.797932601793875,mu,sleeping_dogs,confounded,0.2,4
econml_T,cate,537.3355192276124,0.14504554443598103,,-39.47821513630478,mu,sleeping_dogs,confounded,0.2,5
econml_X,cate,261.23480322176584,0.20248547592973165,,-28.588661009669636,mu,sleeping_dogs,confounded,0.2,5
econml_DR,cate,1511.140873062167,0.01851532074417215,,-48.49015516120311,mu,sleeping_dogs,confounded,0.2,5
econml_CausalForest,cate,109.37726019224694,0.6081085631161788,0.835,0.042691994329891784,mu,sleeping_dogs,confounded,0.2,5
causalml_T,cate,537.3355192276124,0.14504554443598103,,-39.47821513630478,mu,sleeping_dogs,confounded,0.2,5
causalml_X,cate,258.19699707272247,0.21856742866392012,,-28.07299468114566,mu,sleeping_dogs,confounded,0.2,5
structural_BTYD,cate,212.32258568136092,0.5293333947956409,,0.06718824093324546,mu,sleeping_dogs,confounded,0.2,5
conformal_ITE,cate,537.432530397341,0.08804606269789307,0.9244444444444444,-37.04532751055872,mu,sleeping_dogs,confounded,0.2,5
base_value,baseline,,,,-80.1512657458666,mu,sleeping_dogs,confounded,0.2,5
base_risk,baseline,,,,0.002618086272375716,mu,sleeping_dogs,confounded,0.2,5
random,baseline,,,,-19.274465473990745,mu,sleeping_dogs,confounded,0.2,5
econml_T,cate,350.93185428856486,-0.03380559142516023,,-33.87828121481116,mu,sleeping_dogs,confounded,0.2,6
econml_X,cate,274.6941053689055,0.09249186876630051,,-21.863354584437936,mu,sleeping_dogs,confounded,0.2,6
econml_DR,cate,1326.9840029987663,-0.016774639569664327,,-32.73976999129096,mu,sleeping_dogs,confounded,0.2,6
econml_CausalForest,cate,86.83653283401877,0.3251453078512755,0.9177777777777778,-7.000797773038902,mu,sleeping_dogs,confounded,0.2,6
causalml_T,cate,350.93185428856486,-0.03380559142516023,,-33.87828121481116,mu,sleeping_dogs,confounded,0.2,6
causalml_X,cate,270.4555491539913,0.06799805600798002,,-20.88975483452259,mu,sleeping_dogs,confounded,0.2,6
structural_BTYD,cate,186.1707571639947,0.5197216544637581,,0.11042099160831406,mu,sleeping_dogs,confounded,0.2,6
conformal_ITE,cate,407.8722513192386,0.0709636078441874,0.9394444444444444,-24.30825801088318,mu,sleeping_dogs,confounded,0.2,6
base_value,baseline,,,,-65.85481811772115,mu,sleeping_dogs,confounded,0.2,6
base_risk,baseline,,,,0.023684861419616246,mu,sleeping_dogs,confounded,0.2,6
random,baseline,,,,-23.407838335387652,mu,sleeping_dogs,confounded,0.2,6
econml_T,cate,483.02961579752883,-0.042087471505238463,,-34.18671700407936,mu,sleeping_dogs,confounded,0.2,7
econml_X,cate,340.18370022896084,-0.0588118758381259,,-38.07424559300655,mu,sleeping_dogs,confounded,0.2,7
econml_DR,cate,2325.8723189594766,-0.09480926362677741,,-36.722819085128684,mu,sleeping_dogs,confounded,0.2,7
econml_CausalForest,cate,109.03560706159925,-0.05895621614837098,0.7294444444444445,-41.75164819695653,mu,sleeping_dogs,confounded,0.2,7
causalml_T,cate,483.02961579752883,-0.042087471505238463,,-34.18671700407936,mu,sleeping_dogs,confounded,0.2,7
causalml_X,cate,329.9175011209898,-0.05254830915207136,,-38.86075466959388,mu,sleeping_dogs,confounded,0.2,7
structural_BTYD,cate,209.77320530933653,0.5050673718200261,,0.07656443549393105,mu,sleeping_dogs,confounded,0.2,7
conformal_ITE,cate,512.0822680534891,-0.1695718943425273,0.9561111111111111,-37.22448668960722,mu,sleeping_dogs,confounded,0.2,7
base_value,baseline,,,,-61.33527802321058,mu,sleeping_dogs,confounded,0.2,7
base_risk,baseline,,,,0.1148871136325637,mu,sleeping_dogs,confounded,0.2,7
random,baseline,,,,-21.133201131546087,mu,sleeping_dogs,confounded,0.2,7
econml_T,cate,441.9453755702642,0.01211717328398725,,-30.955747566668663,mu,sleeping_dogs,confounded,0.2,8
econml_X,cate,266.4990665985908,0.039757906818999704,,-38.311032349154345,mu,sleeping_dogs,confounded,0.2,8
econml_DR,cate,1217.9145813120322,0.1564896729239129,,-26.364459736775107,mu,sleeping_dogs,confounded,0.2,8
econml_CausalForest,cate,142.87569857777842,0.04511482352590131,0.6894444444444444,-43.01058774207417,mu,sleeping_dogs,confounded,0.2,8
causalml_T,cate,441.9453755702642,0.01211717328398725,,-30.955747566668663,mu,sleeping_dogs,confounded,0.2,8
causalml_X,cate,262.3338873356706,0.027993824966477298,,-38.58475856168217,mu,sleeping_dogs,confounded,0.2,8
structural_BTYD,cate,178.10041317537986,0.5130282122222815,,0.13219811243527246,mu,sleeping_dogs,confounded,0.2,8
conformal_ITE,cate,497.0529801468316,-0.09780658891164119,0.9544444444444444,-42.339060272350395,mu,sleeping_dogs,confounded,0.2,8
base_value,baseline,,,,-63.60009169144894,mu,sleeping_dogs,confounded,0.2,8
base_risk,baseline,,,,0.04110735771653185,mu,sleeping_dogs,confounded,0.2,8
random,baseline,,,,-18.877340133930957,mu,sleeping_dogs,confounded,0.2,8
econml_T,cate,390.91820857971305,-0.09445454022029515,,-42.070823412011585,mu,sleeping_dogs,confounded,0.2,9
econml_X,cate,287.7028770205534,-0.0889226028912407,,-43.57725925448925,mu,sleeping_dogs,confounded,0.2,9
econml_DR,cate,1053.860952046895,0.03872636328343308,,-33.56723448772936,mu,sleeping_dogs,confounded,0.2,9
econml_CausalForest,cate,141.3832516616431,-0.28909720163857344,0.8177777777777778,-53.89479389327078,mu,sleeping_dogs,confounded,0.2,9
causalml_T,cate,390.91820857971305,-0.09445454022029515,,-42.070823412011585,mu,sleeping_dogs,confounded,0.2,9
causalml_X,cate,284.4804690888017,-0.09128576224001883,,-44.33582794055402,mu,sleeping_dogs,confounded,0.2,9
structural_BTYD,cate,111.99574992364033,0.48763960683910096,,0.02472292700005353,mu,sleeping_dogs,confounded,0.2,9
conformal_ITE,cate,350.9031689224579,-0.09151083391295065,0.9644444444444444,-42.20337372080403,mu,sleeping_dogs,confounded,0.2,9
base_value,baseline,,,,-61.86463329119834,mu,sleeping_dogs,confounded,0.2,9
base_risk,baseline,,,,0.012778716866092695,mu,sleeping_dogs,confounded,0.2,9
random,baseline,,,,-17.42278775399662,mu,sleeping_dogs,confounded,0.2,9
econml_T,cate,338.50099841094755,-0.05506802510922517,,-33.36324665620778,mu,sleeping_dogs,confounded,0.35,0
econml_X,cate,265.3489372461232,0.019833666447950715,,-23.89071439504935,mu,sleeping_dogs,confounded,0.35,0
econml_DR,cate,1510.9222512343515,0.024198144950356378,,-22.079339065372945,mu,sleeping_dogs,confounded,0.35,0
econml_CausalForest,cate,85.04538778636608,0.033992464440150305,0.8744444444444445,-18.14375873903032,mu,sleeping_dogs,confounded,0.35,0
causalml_T,cate,338.50099841094755,-0.05506802510922517,,-33.36324665620778,mu,sleeping_dogs,confounded,0.35,0
causalml_X,cate,269.69050310785354,0.03821578428079558,,-21.92290335743608,mu,sleeping_dogs,confounded,0.35,0
structural_BTYD,cate,186.22266281955604,0.4975870602496178,,0.037536975931069624,mu,sleeping_dogs,confounded,0.35,0
conformal_ITE,cate,341.1313975880175,-0.13607183798407366,0.9644444444444444,-31.327265739050436,mu,sleeping_dogs,confounded,0.35,0
base_value,baseline,,,,-55.35849187447284,mu,sleeping_dogs,confounded,0.35,0
base_risk,baseline,,,,0.015659375582832365,mu,sleeping_dogs,confounded,0.35,0
random,baseline,,,,-14.469387191968469,mu,sleeping_dogs,confounded,0.35,0
econml_T,cate,467.9797813565874,-0.07364291626343947,,-33.269116943201716,mu,sleeping_dogs,confounded,0.35,1
econml_X,cate,257.8873952142707,0.006691094100379273,,-25.282172805940657,mu,sleeping_dogs,confounded,0.35,1
econml_DR,cate,1544.0260738502022,-0.05885302632179712,,-33.603274763628434,mu,sleeping_dogs,confounded,0.35,1
econml_CausalForest,cate,80.92327747365485,0.3330793887688775,0.9188888888888889,-5.192135196998762,mu,sleeping_dogs,confounded,0.35,1
causalml_T,cate,467.9797813565874,-0.07364291626343947,,-33.269116943201716,mu,sleeping_dogs,confounded,0.35,1
causalml_X,cate,251.0938084132384,0.007710192582224896,,-25.278317275445982,mu,sleeping_dogs,confounded,0.35,1
structural_BTYD,cate,88.13683041858678,0.4853115512409401,,0.05011224017199495,mu,sleeping_dogs,confounded,0.35,1
conformal_ITE,cate,468.7436234378002,-0.13679073220273336,0.975,-34.868268225619204,mu,sleeping_dogs,confounded,0.35,1
base_value,baseline,,,,-53.78040690774494,mu,sleeping_dogs,confounded,0.35,1
base_risk,baseline,,,,0.014560770777316068,mu,sleeping_dogs,confounded,0.35,1
random,baseline,,,,-15.861348755452847,mu,sleeping_dogs,confounded,0.35,1
econml_T,cate,412.73022178607874,-0.11396291583813419,,-49.08003559589224,mu,sleeping_dogs,confounded,0.35,2
econml_X,cate,284.96907850146533,-0.10616177004380883,,-42.894134147316976,mu,sleeping_dogs,confounded,0.35,2
econml_DR,cate,1683.3641930549902,-0.12053010289080864,,-44.771956692798916,mu,sleeping_dogs,confounded,0.35,2
econml_CausalForest,cate,96.76206526987637,-0.3525746762874808,0.8827777777777778,-52.26297132128581,mu,sleeping_dogs,confounded,0.35,2
causalml_T,cate,412.73022178607874,-0.11396291583813419,,-49.08003559589224,mu,sleeping_dogs,confounded,0.35,2
causalml_X,cate,287.9339025970346,-0.09351596159332,,-41.82915469688945,mu,sleeping_dogs,confounded,0.35,2
structural_BTYD,cate,118.54291130466018,0.5034054410633737,,0.0990446695361386,mu,sleeping_dogs,confounded,0.35,2
conformal_ITE,cate,435.0327389645358,-0.12697440272312424,0.9622222222222222,-56.08585250175973,mu,sleeping_dogs,confounded,0.35,2
base_value,baseline,,,,-76.15281299759064,mu,sleeping_dogs,confounded,0.35,2
base_risk,baseline,,,,0.008528792084786598,mu,sleeping_dogs,confounded,0.35,2
random,baseline,,,,-14.4021588020018,mu,sleeping_dogs,confounded,0.35,2
econml_T,cate,398.720795217678,-0.01075570562434915,,-23.412451271836883,mu,sleeping_dogs,confounded,0.35,3
econml_X,cate,285.5518869354131,0.01510676182568095,,-19.12343179917199,mu,sleeping_dogs,confounded,0.35,3
econml_DR,cate,1074.8071266944116,0.04305227914680901,,-19.56225404873098,mu,sleeping_dogs,confounded,0.35,3
econml_CausalForest,cate,67.82368150575776,0.22972888661481908,0.7988888888888889,-6.850175855232638,mu,sleeping_dogs,confounded,0.35,3
causalml_T,cate,398.720795217678,-0.01075570562434915,,-23.412451271836883,mu,sleeping_dogs,confounded,0.35,3
causalml_X,cate,285.6142308833812,0.01660459332169089,,-18.595662921166706,mu,sleeping_dogs,confounded,0.35,3
structural_BTYD,cate,137.26121887539892,0.48224424538072874,,0.1626291514763543,mu,sleeping_dogs,confounded,0.35,3
conformal_ITE,cate,476.5001893741588,-0.03141869940183901,0.9283333333333333,-22.18748802365146,mu,sleeping_dogs,confounded,0.35,3
base_value,baseline,,,,-45.05698439845695,mu,sleeping_dogs,confounded,0.35,3
base_risk,baseline,,,,0.026431557718354943,mu,sleeping_dogs,confounded,0.35,3
random,baseline,,,,-10.621012868865906,mu,sleeping_dogs,confounded,0.35,3
econml_T,cate,575.5374007811541,0.09200156853323571,,-27.433912262233957,mu,sleeping_dogs,confounded,0.35,4
econml_X,cate,433.29761563014034,0.13855546003389269,,-22.87875343529558,mu,sleeping_dogs,confounded,0.35,4
econml_DR,cate,1081.306762477846,0.10215265327005227,,-31.843093166203555,mu,sleeping_dogs,confounded,0.35,4
econml_CausalForest,cate,191.52719710708064,0.42790603699680235,0.7105555555555556,-3.1713195212921006,mu,sleeping_dogs,confounded,0.35,4
causalml_T,cate,575.5374007811541,0.09200156853323571,,-27.433912262233957,mu,sleeping_dogs,confounded,0.35,4
causalml_X,cate,431.6690995843914,0.14667205284432366,,-21.984345911049864,mu,sleeping_dogs,confounded,0.35,4
structural_BTYD,cate,236.3145446344597,0.5239871781087374,,0.07119870155873295,mu,sleeping_dogs,confounded,0.35,4
conformal_ITE,cate,410.33472759219586,-0.014045625460319257,0.9694444444444444,-33.11728430792612,mu,sleeping_dogs,confounded,0.35,4
base_value,baseline,,,,-63.888968491286285,mu,sleeping_dogs,confounded,0.35,4
base_risk,baseline,,,,0.02004438904926879,mu,sleeping_dogs,confounded,0.35,4
random,baseline,,,,-23.99163883023213,mu,sleeping_dogs,confounded,0.35,4
econml_T,cate,562.093165687838,0.05290738486245537,,-39.2848102492868,mu,sleeping_dogs,confounded,0.35,5
econml_X,cate,260.31696905986985,0.1549048486616063,,-30.024821619823225,mu,sleeping_dogs,confounded,0.35,5
econml_DR,cate,1032.4754460256813,0.08337599299645256,,-36.34905543782037,mu,sleeping_dogs,confounded,0.35,5
econml_CausalForest,cate,94.52812508811787,0.4795264751688127,0.8738888888888889,-8.338519389112392,mu,sleeping_dogs,confounded,0.35,5
causalml_T,cate,562.093165687838,0.05290738486245537,,-39.2848102492868,mu,sleeping_dogs,confounded,0.35,5
causalml_X,cate,260.0999153239144,0.1605565472233005,,-28.449544255009318,mu,sleeping_dogs,confounded,0.35,5
structural_BTYD,cate,207.74730028722635,0.5293955992519422,,0.06464459719411589,mu,sleeping_dogs,confounded,0.35,5
conformal_ITE,cate,449.22037226732226,0.05429581166988963,0.9238888888888889,-35.769287408879215,mu,sleeping_dogs,confounded,0.35,5
base_value,baseline,,,,-72.66723449427661,mu,sleeping_dogs,confounded,0.35,5
base_risk,baseline,,,,0.0022971341153995113,mu,sleeping_dogs,confounded,0.35,5
random,baseline,,,,-21.77318975611996,mu,sleeping_dogs,confounded,0.35,5
econml_T,cate,415.75210678323225,-0.0987330114806634,,-39.84629177306322,mu,sleeping_dogs,confounded,0.35,6
econml_X,cate,331.8685377935094,-0.0764695792763746,,-40.37014658493159,mu,sleeping_dogs,confounded,0.35,6
econml_DR,cate,1337.3185725004346,-0.015532475623066656,,-32.653429376930966,mu,sleeping_dogs,confounded,0.35,6
econml_CausalForest,cate,84.5878106621588,-0.06787795475951612,0.8744444444444445,-39.692143338888854,mu,sleeping_dogs,confounded,0.35,6
causalml_T,cate,415.75210678323225,-0.0987330114806634,,-39.84629177306322,mu,sleeping_dogs,confounded,0.35,6
causalml_X,cate,332.5512324070312,-0.08331812168046664,,-40.194221016273424,mu,sleeping_dogs,confounded,0.35,6
structural_BTYD,cate,181.25937068995097,0.5197169093614324,,0.10998887401242596,mu,sleeping_dogs,confounded,0.35,6
conformal_ITE,cate,422.37303950078274,-0.027058855976118547,0.945,-38.01202930765595,mu,sleeping_dogs,confounded,0.35,6
base_value,baseline,,,,-60.87972430491609,mu,sleeping_dogs,confounded,0.35,6
base_risk,baseline,,,,0.02361952912306963,mu,sleeping_dogs,confounded,0.35,6
random,baseline,,,,-13.803198783327268,mu,sleeping_dogs,confounded,0.35,6
econml_T,cate,344.2835072249147,-0.08733544556284215,,-32.16378087008244,mu,sleeping_dogs,confounded,0.35,7
econml_X,cate,290.1537123254619,-0.04841541048571436,,-34.53850527295099,mu,sleeping_dogs,confounded,0.35,7
econml_DR,cate,1371.7563034065654,0.012703233564895262,,-29.538041533723973,mu,sleeping_dogs,confounded,0.35,7
econml_CausalForest,cate,65.24735648233424,0.10384318454415462,0.7627777777777778,-18.92652538376308,mu,sleeping_dogs,confounded,0.35,7
causalml_T,cate,344.2835072249147,-0.08733544556284215,,-32.16378087008244,mu,sleeping_dogs,confounded,0.35,7
causalml_X,cate,290.820678826614,-0.047892886293967464,,-31.989619687791727,mu,sleeping_dogs,confounded,0.35,7
structural_BTYD,cate,201.03423574338456,0.5048966596028042,,0.07960471019642126,mu,sleeping_dogs,confounded,0.35,7
conformal_ITE,cate,394.094782088393,-0.19501937415458023,0.9411111111111111,-38.28691185664185,mu,sleeping_dogs,confounded,0.35,7
base_value,baseline,,,,-57.10083448996763,mu,sleeping_dogs,confounded,0.35,7
base_risk,baseline,,,,0.11375354295288084,mu,sleeping_dogs,confounded,0.35,7
random,baseline,,,,-14.108735464216625,mu,sleeping_dogs,confounded,0.35,7
econml_T,cate,391.8615805562199,0.0562236665868151,,-24.40293817862324,mu,sleeping_dogs,confounded,0.35,8
econml_X,cate,268.92896234408505,0.06957813235238974,,-30.974472041568003,mu,sleeping_dogs,confounded,0.35,8
econml_DR,cate,885.0985747292824,0.059441265240041785,,-27.849769398455802,mu,sleeping_dogs,confounded,0.35,8
econml_CausalForest,cate,128.3839324688141,0.1621409574668307,0.6433333333333333,-37.44264112492155,mu,sleeping_dogs,confounded,0.35,8
causalml_T,cate,391.8615805562199,0.0562236665868151,,-24.40293817862324,mu,sleeping_dogs,confounded,0.35,8
causalml_X,cate,272.20205464117623,0.06198507250442121,,-31.494001120315907,mu,sleeping_dogs,confounded,0.35,8
structural_BTYD,cate,171.7348043502915,0.5128983946371399,,0.1315928729481655,mu,sleeping_dogs,confounded,0.35,8
conformal_ITE,cate,428.37357161569753,-0.0568049767319285,0.9522222222222222,-35.88969966736256,mu,sleeping_dogs,confounded,0.35,8
base_value,baseline,,,,-58.34432116693734,mu,sleeping_dogs,confounded,0.35,8
base_risk,baseline,,,,0.040374952417330065,mu,sleeping_dogs,confounded,0.35,8
random,baseline,,,,-21.07501450366419,mu,sleeping_dogs,confounded,0.35,8
econml_T,cate,618.9737945801674,-0.0825257549679056,,-35.788011782780146,mu,sleeping_dogs,confounded,0.35,9
econml_X,cate,289.51403668280386,-0.11319737992433176,,-40.376837868515956,mu,sleeping_dogs,confounded,0.35,9
econml_DR,cate,2211.7729701735693,-0.029795127158863143,,-34.60000274901636,mu,sleeping_dogs,confounded,0.35,9
econml_CausalForest,cate,130.33529546383906,0.10376528786238794,0.7944444444444444,-37.28979498422124,mu,sleeping_dogs,confounded,0.35,9
causalml_T,cate,618.9737945801674,-0.0825257549679056,,-35.788011782780146,mu,sleeping_dogs,confounded,0.35,9
causalml_X,cate,278.258095389287,-0.13628704742350634,,-41.129472366733545,mu,sleeping_dogs,confounded,0.35,9
structural_BTYD,cate,128.00251663815922,0.49084119211150323,,0.02601031471095134,mu,sleeping_dogs,confounded,0.35,9
conformal_ITE,cate,458.0572573237982,-0.07350242197793526,0.9705555555555555,-35.81708939082901,mu,sleeping_dogs,confounded,0.35,9
base_value,baseline,,,,-57.313561067882695,mu,sleeping_dogs,confounded,0.35,9
base_risk,baseline,,,,0.01242873847585297,mu,sleeping_dogs,confounded,0.35,9
random,baseline,,,,-14.873214295328264,mu,sleeping_dogs,confounded,0.35,9
econml_T,cate,399.60719313628755,-0.0008902149204405375,,-23.01494342477117,mu,sleeping_dogs,confounded,0.5,0
econml_X,cate,290.24034589015304,-0.025992083451208493,,-24.938498433498374,mu,sleeping_dogs,confounded,0.5,0
econml_DR,cate,1906.5249290060542,0.022942294358782738,,-19.815169076639247,mu,sleeping_dogs,confounded,0.5,0
econml_CausalForest,cate,135.3682075092015,0.03603858338405379,0.9016666666666666,-14.851290190583772,mu,sleeping_dogs,confounded,0.5,0
causalml_T,cate,399.60719313628755,-0.0008902149204405375,,-23.01494342477117,mu,sleeping_dogs,confounded,0.5,0
causalml_X,cate,291.88840953637805,-0.03171196256733729,,-23.841384483095183,mu,sleeping_dogs,confounded,0.5,0
structural_BTYD,cate,182.22748493022044,0.49769655151803716,,0.03667660128937317,mu,sleeping_dogs,confounded,0.5,0
conformal_ITE,cate,331.8236610816065,-0.09866335996974734,0.975,-27.031500248418887,mu,sleeping_dogs,confounded,0.5,0
base_value,baseline,,,,-51.61998138502809,mu,sleeping_dogs,confounded,0.5,0
base_risk,baseline,,,,0.0159373267816884,mu,sleeping_dogs,confounded,0.5,0
random,baseline,,,,-12.171052465940589,mu,sleeping_dogs,confounded,0.5,0
econml_T,cate,405.71150639096834,-0.0773098339760074,,-28.316547224242147,mu,sleeping_dogs,confounded,0.5,1
econml_X,cate,267.20959344024965,-0.03483118687894053,,-21.544853476014158,mu,sleeping_dogs,confounded,0.5,1
econml_DR,cate,2759.137310594187,0.012935450128217453,,-23.129138393642314,mu,sleeping_dogs,confounded,0.5,1
econml_CausalForest,cate,81.48799296645286,0.273852281848365,0.9261111111111111,-4.289099570675064,mu,sleeping_dogs,confounded,0.5,1
causalml_T,cate,405.71150639096834,-0.0773098339760074,,-28.316547224242147,mu,sleeping_dogs,confounded,0.5,1
causalml_X,cate,259.14087014418027,-0.017634477809084923,,-21.13310028640619,mu,sleeping_dogs,confounded,0.5,1
structural_BTYD,cate,91.33836521796377,0.4896709843536987,,0.04755844203802721,mu,sleeping_dogs,confounded,0.5,1
conformal_ITE,cate,397.1890914327649,-0.16700090302694895,0.9744444444444444,-30.04478259718893,mu,sleeping_dogs,confounded,0.5,1
base_value,baseline,,,,-48.263324460990525,mu,sleeping_dogs,confounded,0.5,1
base_risk,baseline,,,,0.013759943889260644,mu,sleeping_dogs,confounded,0.5,1
random,baseline,,,,-21.910640133000964,mu,sleeping_dogs,confounded,0.5,1
econml_T,cate,480.70565119285965,-0.10858617902878479,,-43.93120709877533,mu,sleeping_dogs,confounded,0.5,2
econml_X,cate,302.82978192903664,-0.12665038330206257,,-37.24738069009188,mu,sleeping_dogs,confounded,0.5,2
econml_DR,cate,2360.6250868694647,-0.07235339319591802,,-44.67451728168122,mu,sleeping_dogs,confounded,0.5,2
econml_CausalForest,cate,160.03360401864379,-0.5862032174088054,0.8005555555555556,-71.46739937970635,mu,sleeping_dogs,confounded,0.5,2
causalml_T,cate,480.70565119285965,-0.10858617902878479,,-43.93120709877533,mu,sleeping_dogs,confounded,0.5,2
causalml_X,cate,307.5349467403833,-0.10628351576818368,,-33.582904446004996,mu,sleeping_dogs,confounded,0.5,2
structural_BTYD,cate,130.261195967881,0.5046150185639695,,0.09750118036850437,mu,sleeping_dogs,confounded,0.5,2
conformal_ITE,cate,600.9131288563923,-0.2144680107038456,0.9477777777777778,-53.327680024649176,mu,sleeping_dogs,confounded,0.5,2
base_value,baseline,,,,-70.40011927243978,mu,sleeping_dogs,confounded,0.5,2
base_risk,baseline,,,,0.00833358608221688,mu,sleeping_dogs,confounded,0.5,2
random,baseline,,,,-22.686437561242272,mu,sleeping_dogs,confounded,0.5,2
econml_T,cate,364.6782432927302,-0.04231283403864333,,-21.993579464251653,mu,sleeping_dogs,confounded,0.5,3
econml_X,cate,282.6789236759986,0.03593723716356685,,-18.022263505328432,mu,sleeping_dogs,confounded,0.5,3
econml_DR,cate,1111.5929001137988,0.08484081429914686,,-19.720983080967564,mu,sleeping_dogs,confounded,0.5,3
econml_CausalForest,cate,79.35495018158993,0.21375721769160022,0.7866666666666666,-11.579905519958775,mu,sleeping_dogs,confounded,0.5,3
causalml_T,cate,364.6782432927302,-0.04231283403864333,,-21.993579464251653,mu,sleeping_dogs,confounded,0.5,3
causalml_X,cate,293.5366851389402,0.03715100662357841,,-17.32804404632427,mu,sleeping_dogs,confounded,0.5,3
structural_BTYD,cate,143.0522446283591,0.48262074750970674,,0.16161983618690576,mu,sleeping_dogs,confounded,0.5,3
conformal_ITE,cate,545.5293201153937,-0.07656296410050256,0.9394444444444444,-24.98255651481613,mu,sleeping_dogs,confounded,0.5,3
base_value,baseline,,,,-41.27585953103261,mu,sleeping_dogs,confounded,0.5,3
base_risk,baseline,,,,0.025379079458544052,mu,sleeping_dogs,confounded,0.5,3
random,baseline,,,,-10.648985460787099,mu,sleeping_dogs,confounded,0.5,3
econml_T,cate,507.44799897394915,0.11714060082434602,,-26.227702516618958,mu,sleeping_dogs,confounded,0.5,4
econml_X,cate,429.288076463473,0.1645123621121276,,-19.50322547086508,mu,sleeping_dogs,confounded,0.5,4
econml_DR,cate,2304.7965013337757,0.022547546508117355,,-32.621976795044816,mu,sleeping_dogs,confounded,0.5,4
econml_CausalForest,cate,192.36036192527823,0.5319474040696599,0.7211111111111111,-2.1658937511780953,mu,sleeping_dogs,confounded,0.5,4
causalml_T,cate,507.44799897394915,0.11714060082434602,,-26.227702516618958,mu,sleeping_dogs,confounded,0.5,4
causalml_X,cate,421.9684435912147,0.1750606159575584,,-19.49759299232642,mu,sleeping_dogs,confounded,0.5,4
structural_BTYD,cate,242.44357164610878,0.5241479048629661,,0.06873875761099162,mu,sleeping_dogs,confounded,0.5,4
conformal_ITE,cate,453.3353383679554,-0.030103565702462663,0.9522222222222222,-35.457090245646505,mu,sleeping_dogs,confounded,0.5,4
base_value,baseline,,,,-58.35918829223956,mu,sleeping_dogs,confounded,0.5,4
base_risk,baseline,,,,0.019246879142716753,mu,sleeping_dogs,confounded,0.5,4
random,baseline,,,,-21.96470049538665,mu,sleeping_dogs,confounded,0.5,4
econml_T,cate,520.241210956384,0.11331591382929866,,-29.30723941034521,mu,sleeping_dogs,confounded,0.5,5
econml_X,cate,310.85792844633477,0.16520075071873094,,-27.34057224915947,mu,sleeping_dogs,confounded,0.5,5
econml_DR,cate,1161.4113125677222,0.18012457567915774,,-27.408317665974725,mu,sleeping_dogs,confounded,0.5,5
econml_CausalForest,cate,137.68658877525604,0.5927321988720237,0.7455555555555555,0.16680096626218446,mu,sleeping_dogs,confounded,0.5,5
causalml_T,cate,520.241210956384,0.11331591382929866,,-29.30723941034521,mu,sleeping_dogs,confounded,0.5,5
causalml_X,cate,310.41167589829223,0.16278974663139714,,-26.604208539885402,mu,sleeping_dogs,confounded,0.5,5
structural_BTYD,cate,197.71852276366988,0.529413116615215,,0.062209317481706806,mu,sleeping_dogs,confounded,0.5,5
conformal_ITE,cate,391.10320342153585,0.16247826678025956,0.935,-21.303146070517087,mu,sleeping_dogs,confounded,0.5,5
base_value,baseline,,,,-65.84592073993042,mu,sleeping_dogs,confounded,0.5,5
base_risk,baseline,,,,0.00213464228771243,mu,sleeping_dogs,confounded,0.5,5
random,baseline,,,,-18.475276688560736,mu,sleeping_dogs,confounded,0.5,5
econml_T,cate,415.2605224196547,0.012543114825248343,,-28.852829340244128,mu,sleeping_dogs,confounded,0.5,6
econml_X,cate,294.7087046199248,0.07692148953801338,,-20.038841999387678,mu,sleeping_dogs,confounded,0.5,6
econml_DR,cate,2878.3173183496697,0.0368086881917965,,-33.59824344266384,mu,sleeping_dogs,confounded,0.5,6
econml_CausalForest,cate,119.13800591198704,0.005225556831058696,0.7933333333333333,-30.340408132065775,mu,sleeping_dogs,confounded,0.5,6
causalml_T,cate,415.2605224196547,0.012543114825248343,,-28.852829340244128,mu,sleeping_dogs,confounded,0.5,6
causalml_X,cate,291.3682417950785,0.07698604553664243,,-20.430645468864114,mu,sleeping_dogs,confounded,0.5,6
structural_BTYD,cate,184.32864715117194,0.5197902938156618,,0.10929462286252571,mu,sleeping_dogs,confounded,0.5,6
conformal_ITE,cate,402.11667655553816,0.0985579709953888,0.9405555555555556,-19.11636014995244,mu,sleeping_dogs,confounded,0.5,6
base_value,baseline,,,,-56.30702922538081,mu,sleeping_dogs,confounded,0.5,6
base_risk,baseline,,,,0.023537077163269114,mu,sleeping_dogs,confounded,0.5,6
random,baseline,,,,-16.337132014005185,mu,sleeping_dogs,confounded,0.5,6
econml_T,cate,385.93450023421235,-0.03748374740459459,,-26.912452738956457,mu,sleeping_dogs,confounded,0.5,7
econml_X,cate,282.66719754492385,-0.02294402987738269,,-30.13628403218327,mu,sleeping_dogs,confounded,0.5,7
econml_DR,cate,2279.89229929888,-0.05576520786531416,,-35.99094385391008,mu,sleeping_dogs,confounded,0.5,7
econml_CausalForest,cate,126.60164406498363,-0.03489859223626808,0.7272222222222222,-35.58258445456647,mu,sleeping_dogs,confounded,0.5,7
causalml_T,cate,385.93450023421235,-0.03748374740459459,,-26.912452738956457,mu,sleeping_dogs,confounded,0.5,7
causalml_X,cate,280.33761571930495,-0.02802027647654386,,-31.276536423950812,mu,sleeping_dogs,confounded,0.5,7
structural_BTYD,cate,207.59889048455244,0.5049151948804946,,0.08248739451995327,mu,sleeping_dogs,confounded,0.5,7
conformal_ITE,cate,396.603169738894,-0.1356362316674522,0.9577777777777777,-33.21145373221155,mu,sleeping_dogs,confounded,0.5,7
base_value,baseline,,,,-53.15786392752758,mu,sleeping_dogs,confounded,0.5,7
base_risk,baseline,,,,0.11249814135297258,mu,sleeping_dogs,confounded,0.5,7
random,baseline,,,,-17.09893760860295,mu,sleeping_dogs,confounded,0.5,7
econml_T,cate,443.38810557494463,0.047660275049781854,,-25.03822028710025,mu,sleeping_dogs,confounded,0.5,8
econml_X,cate,272.0958895548091,0.060317272893320416,,-28.548588436345387,mu,sleeping_dogs,confounded,0.5,8
econml_DR,cate,1533.2103008712252,0.10034009540414054,,-30.319599653618635,mu,sleeping_dogs,confounded,0.5,8
econml_CausalForest,cate,129.2015523868172,0.16077318077577088,0.7033333333333334,-33.59758166045428,mu,sleeping_dogs,confounded,0.5,8
causalml_T,cate,443.38810557494463,0.047660275049781854,,-25.03822028710025,mu,sleeping_dogs,confounded,0.5,8
causalml_X,cate,269.29110486832616,0.05455459139538374,,-28.340065173286757,mu,sleeping_dogs,confounded,0.5,8
structural_BTYD,cate,169.1481467009914,0.5129273290752193,,0.13079568060796493,mu,sleeping_dogs,confounded,0.5,8
conformal_ITE,cate,423.254049299074,-0.0150871213819751,0.9538888888888889,-31.944745798648157,mu,sleeping_dogs,confounded,0.5,8
base_value,baseline,,,,-53.44571955353022,mu,sleeping_dogs,confounded,0.5,8
base_risk,baseline,,,,0.039555006523453784,mu,sleeping_dogs,confounded,0.5,8
random,baseline,,,,-16.332470415367368,mu,sleeping_dogs,confounded,0.5,8
econml_T,cate,538.3477101901174,-0.10173264847221852,,-32.68419962028069,mu,sleeping_dogs,confounded,0.5,9
econml_X,cate,307.7707729799484,-0.1029759528996686,,-35.610984882803066,mu,sleeping_dogs,confounded,0.5,9
econml_DR,cate,1169.5311465377124,0.01690372046008612,,-29.810896751218937,mu,sleeping_dogs,confounded,0.5,9
econml_CausalForest,cate,158.81600193386808,-0.06690582600545082,0.7705555555555555,-38.93279103783138,mu,sleeping_dogs,confounded,0.5,9
causalml_T,cate,538.3477101901174,-0.10173264847221852,,-32.68419962028069,mu,sleeping_dogs,confounded,0.5,9
causalml_X,cate,305.43705911798617,-0.12227869004670676,,-36.73880033975899,mu,sleeping_dogs,confounded,0.5,9
structural_BTYD,cate,123.10822939714623,0.4914543456140196,,0.027148982219864757,mu,sleeping_dogs,confounded,0.5,9
conformal_ITE,cate,359.38815834985235,-0.029479910021116718,0.9711111111111111,-29.611882792927652,mu,sleeping_dogs,confounded,0.5,9
base_value,baseline,,,,-53.0718553935959,mu,sleeping_dogs,confounded,0.5,9
base_risk,baseline,,,,0.012102968854066386,mu,sleeping_dogs,confounded,0.5,9
random,baseline,,,,-15.557539802970256,mu,sleeping_dogs,confounded,0.5,9
econml_T,cate,380.8129904401437,0.03598729569575414,,-19.665773517981265,mu,sleeping_dogs,confounded,0.65,0
econml_X,cate,290.6417886298397,0.04484102350206755,,-18.99135712238988,mu,sleeping_dogs,confounded,0.65,0
econml_DR,cate,2271.6388568271623,0.05666686899063416,,-19.09192667921891,mu,sleeping_dogs,confounded,0.65,0
econml_CausalForest,cate,101.05699335036479,0.1521113633586758,0.7883333333333333,-15.876031597465694,mu,sleeping_dogs,confounded,0.65,0
causalml_T,cate,380.8129904401437,0.03598729569575414,,-19.665773517981265,mu,sleeping_dogs,confounded,0.65,0
causalml_X,cate,290.1990764582057,0.05547653071887666,,-19.034836719824586,mu,sleeping_dogs,confounded,0.65,0
structural_BTYD,cate,174.1980114598643,0.49769765447819264,,0.03592790681431152,mu,sleeping_dogs,confounded,0.65,0
conformal_ITE,cate,281.68228899014355,-0.09378653899683735,0.9777777777777777,-26.301840663339693,mu,sleeping_dogs,confounded,0.65,0
base_value,baseline,,,,-48.10844551148936,mu,sleeping_dogs,confounded,0.65,0
base_risk,baseline,,,,0.016221102360568992,mu,sleeping_dogs,confounded,0.65,0
random,baseline,,,,-14.333080205714328,mu,sleeping_dogs,confounded,0.65,0
econml_T,cate,399.821761997202,0.013429776458163513,,-21.95455588933976,mu,sleeping_dogs,confounded,0.65,1
econml_X,cate,237.77272938272446,0.10225858150869305,,-15.335975122516565,mu,sleeping_dogs,confounded,0.65,1
econml_DR,cate,1638.0361595057993,0.008940709678406268,,-25.722820151729838,mu,sleeping_dogs,confounded,0.65,1
econml_CausalForest,cate,99.98077735370603,0.459985553892727,0.8922222222222222,-0.9110439225451733,mu,sleeping_dogs,confounded,0.65,1
causalml_T,cate,399.821761997202,0.013429776458163513,,-21.95455588933976,mu,sleeping_dogs,confounded,0.65,1
causalml_X,cate,223.1713229148663,0.08538182032389409,,-17.222305413300397,mu,sleeping_dogs,confounded,0.65,1
structural_BTYD,cate,112.09725215202819,0.4922154861281,,0.04452103455816313,mu,sleeping_dogs,confounded,0.65,1
conformal_ITE,cate,439.1169604901688,-0.15580110182081966,0.9605555555555556,-27.442996294326502,mu,sleeping_dogs,confounded,0.65,1
base_value,baseline,,,,-42.839148397722035,mu,sleeping_dogs,confounded,0.65,1
base_risk,baseline,,,,0.012853073294510525,mu,sleeping_dogs,confounded,0.65,1
random,baseline,,,,-13.671886116373186,mu,sleeping_dogs,confounded,0.65,1
econml_T,cate,472.35344544606585,-0.0730297964269019,,-39.27669538729737,mu,sleeping_dogs,confounded,0.65,2
econml_X,cate,286.61339853294726,-0.10314454104438453,,-31.038177237415,mu,sleeping_dogs,confounded,0.65,2
econml_DR,cate,4779.937078048407,-0.002226399273112436,,-37.465836808012575,mu,sleeping_dogs,confounded,0.65,2
econml_CausalForest,cate,154.44638741626673,-0.5007627271748909,0.8072222222222222,-57.87869282476351,mu,sleeping_dogs,confounded,0.65,2
causalml_T,cate,472.35344544606585,-0.0730297964269019,,-39.27669538729737,mu,sleeping_dogs,confounded,0.65,2
causalml_X,cate,287.0609461144767,-0.08743827571104348,,-30.46191167160108,mu,sleeping_dogs,confounded,0.65,2
structural_BTYD,cate,138.20677596781164,0.5058262401800272,,0.09584577485727139,mu,sleeping_dogs,confounded,0.65,2
conformal_ITE,cate,618.5224268150901,-0.19204569133417856,0.9483333333333334,-47.35549672914208,mu,sleeping_dogs,confounded,0.65,2
base_value,baseline,,,,-65.07447211216757,mu,sleeping_dogs,confounded,0.65,2
base_risk,baseline,,,,0.008129706828199757,mu,sleeping_dogs,confounded,0.65,2
random,baseline,,,,-21.046488396291558,mu,sleeping_dogs,confounded,0.65,2
econml_T,cate,513.4387586116962,-0.008901387967743077,,-17.890209392322674,mu,sleeping_dogs,confounded,0.65,3
econml_X,cate,288.04855581325404,0.03952084669558444,,-15.779967715418982,mu,sleeping_dogs,confounded,0.65,3
econml_DR,cate,1197.1833063844458,0.07310426660896929,,-16.528878318496794,mu,sleeping_dogs,confounded,0.65,3
econml_CausalForest,cate,128.47469013232998,0.07528193679004176,0.7738888888888888,-21.374786135047927,mu,sleeping_dogs,confounded,0.65,3
causalml_T,cate,513.4387586116962,-0.008901387967743077,,-17.890209392322674,mu,sleeping_dogs,confounded,0.65,3
causalml_X,cate,278.62635778922345,0.043666278692836444,,-15.786428140532438,mu,sleeping_dogs,confounded,0.65,3
structural_BTYD,cate,159.16580467405853,0.4828122151869874,,0.16020124177081374,mu,sleeping_dogs,confounded,0.65,3
conformal_ITE,cate,475.1005366630468,-0.05953393002614755,0.9433333333333334,-22.742104503334865,mu,sleeping_dogs,confounded,0.65,3
base_value,baseline,,,,-37.743751896632226,mu,sleeping_dogs,confounded,0.65,3
base_risk,baseline,,,,0.024290468544603275,mu,sleeping_dogs,confounded,0.65,3
random,baseline,,,,-15.28869867817923,mu,sleeping_dogs,confounded,0.65,3
econml_T,cate,519.2948994928958,0.06569065854488806,,-26.891355316747863,mu,sleeping_dogs,confounded,0.65,4
econml_X,cate,432.1386845966252,0.16383529625616608,,-17.708334119665814,mu,sleeping_dogs,confounded,0.65,4
econml_DR,cate,2591.6400314299954,0.12193316441297355,,-27.171864741655885,mu,sleeping_dogs,confounded,0.65,4
econml_CausalForest,cate,177.39542480037713,0.5286461389812279,0.8466666666666667,-0.1961917647983668,mu,sleeping_dogs,confounded,0.65,4
causalml_T,cate,519.2948994928958,0.06569065854488806,,-26.891355316747863,mu,sleeping_dogs,confounded,0.65,4
causalml_X,cate,430.08344855170554,0.18224448637595297,,-14.315936158208803,mu,sleeping_dogs,confounded,0.65,4
structural_BTYD,cate,249.87089617516673,0.5242451854859665,,0.06609879419086988,mu,sleeping_dogs,confounded,0.65,4
conformal_ITE,cate,405.8099601999545,-0.027699580191413636,0.9605555555555556,-29.58190071659955,mu,sleeping_dogs,confounded,0.65,4
base_value,baseline,,,,-53.143069768553154,mu,sleeping_dogs,confounded,0.65,4
base_risk,baseline,,,,0.01839476488327511,mu,sleeping_dogs,confounded,0.65,4
random,baseline,,,,-15.64993629359048,mu,sleeping_dogs,confounded,0.65,4
econml_T,cate,480.0370732933211,0.17493165183195988,,-28.15420867960017,mu,sleeping_dogs,confounded,0.65,5
econml_X,cate,289.7931824077679,0.2630253942964023,,-20.339654713563352,mu,sleeping_dogs,confounded,0.65,5
econml_DR,cate,1650.2182844344857,0.08253629540294503,,-30.820241511669877,mu,sleeping_dogs,confounded,0.65,5
econml_CausalForest,cate,140.71173060688238,0.6022435539999316,0.7705555555555555,0.2519720113997466,mu,sleeping_dogs,confounded,0.65,5
causalml_T,cate,480.0370732933211,0.17493165183195988,,-28.15420867960017,mu,sleeping_dogs,confounded,0.65,5
causalml_X,cate,288.9889636309532,0.2573751230304343,,-20.669648400013457,mu,sleeping_dogs,confounded,0.65,5
structural_BTYD,cate,207.4182610546601,0.529521119925599,,0.05977259829021536,mu,sleeping_dogs,confounded,0.65,5
conformal_ITE,cate,418.15197067879586,0.1998827958324035,0.9183333333333333,-13.328273889184105,mu,sleeping_dogs,confounded,0.65,5
base_value,baseline,,,,-59.59785216972973,mu,sleeping_dogs,confounded,0.65,5
base_risk,baseline,,,,0.0020188564180982256,mu,sleeping_dogs,confounded,0.65,5
random,baseline,,,,-20.474672970113364,mu,sleeping_dogs,confounded,0.65,5
econml_T,cate,430.12012550156004,-0.002764903901289723,,-31.736946043005172,mu,sleeping_dogs,confounded,0.65,6
econml_X,cate,341.57883297829386,0.10036124992032291,,-23.600081149135324,mu,sleeping_dogs,confounded,0.65,6
econml_DR,cate,1376.591825391973,-0.08904958071961921,,-32.3609971913184,mu,sleeping_dogs,confounded,0.65,6
econml_CausalForest,cate,124.34418583278799,0.1005263566220761,0.8094444444444444,-9.326273988699374,mu,sleeping_dogs,confounded,0.65,6
causalml_T,cate,430.12012550156004,-0.002764903901289723,,-31.736946043005172,mu,sleeping_dogs,confounded,0.65,6
causalml_X,cate,336.1246305234752,0.08327210670552412,,-23.062273840118504,mu,sleeping_dogs,confounded,0.65,6
structural_BTYD,cate,195.60158939534142,0.5198987142011506,,0.10852602708311708,mu,sleeping_dogs,confounded,0.65,6
conformal_ITE,cate,419.9438280887179,0.025447882653082763,0.9338888888888889,-19.150194680433593,mu,sleeping_dogs,confounded,0.65,6
base_value,baseline,,,,-52.05741194641705,mu,sleeping_dogs,confounded,0.65,6
base_risk,baseline,,,,0.023443545629066805,mu,sleeping_dogs,confounded,0.65,6
random,baseline,,,,-13.063663440926938,mu,sleeping_dogs,confounded,0.65,6
econml_T,cate,489.746819844883,-0.006736422481658883,,-27.919196740369614,mu,sleeping_dogs,confounded,0.65,7
econml_X,cate,369.49555483623806,0.039173916384916775,,-27.124769570572735,mu,sleeping_dogs,confounded,0.65,7
econml_DR,cate,1349.874735146227,0.02183077729401504,,-26.351784413216308,mu,sleeping_dogs,confounded,0.65,7
econml_CausalForest,cate,133.97566708831943,0.09053084108333936,0.6983333333333334,-27.81071328498662,mu,sleeping_dogs,confounded,0.65,7
causalml_T,cate,489.746819844883,-0.006736422481658883,,-27.919196740369614,mu,sleeping_dogs,confounded,0.65,7
causalml_X,cate,364.2790941214584,0.03304611030879716,,-28.100039561263017,mu,sleeping_dogs,confounded,0.65,7
structural_BTYD,cate,216.22175787084228,0.5049384910106638,,0.08540129399496764,mu,sleeping_dogs,confounded,0.65,7
conformal_ITE,cate,496.5373335203614,-0.11194178658072679,0.9555555555555556,-29.266245935202218,mu,sleeping_dogs,confounded,0.65,7
base_value,baseline,,,,-49.428503809893144,mu,sleeping_dogs,confounded,0.65,7
base_risk,baseline,,,,0.1111309271591491,mu,sleeping_dogs,confounded,0.65,7
random,baseline,,,,-17.0509360194234,mu,sleeping_dogs,confounded,0.65,7
econml_T,cate,420.49638570133914,0.035168705538274045,,-23.447887936943054,mu,sleeping_dogs,confounded,0.65,8
econml_X,cate,285.0969944997759,0.11405006870354774,,-26.41420645109645,mu,sleeping_dogs,confounded,0.65,8
econml_DR,cate,1794.1530755528433,0.10166277075957908,,-23.969802034435535,mu,sleeping_dogs,confounded,0.65,8
econml_CausalForest,cate,111.99644696595703,0.47762492742749746,0.6666666666666666,-7.195615235973539,mu,sleeping_dogs,confounded,0.65,8
causalml_T,cate,420.49638570133914,0.035168705538274045,,-23.447887936943054,mu,sleeping_dogs,confounded,0.65,8
causalml_X,cate,284.9884276791609,0.10801701201579345,,-25.605909830905976,mu,sleeping_dogs,confounded,0.65,8
structural_BTYD,cate,161.14122362894474,0.5130862467096474,,0.12977896401546432,mu,sleeping_dogs,confounded,0.65,8
conformal_ITE,cate,483.2999044099047,-0.028333680147188765,0.9533333333333334,-29.884675614667305,mu,sleeping_dogs,confounded,0.65,8
base_value,baseline,,,,-48.837002002737066,mu,sleeping_dogs,confounded,0.65,8
base_risk,baseline,,,,0.03863687545720936,mu,sleeping_dogs,confounded,0.65,8
random,baseline,,,,-16.93694738803213,mu,sleeping_dogs,confounded,0.65,8
econml_T,cate,565.7019237028707,-0.07630111124840927,,-28.866592077364988,mu,sleeping_dogs,confounded,0.65,9
econml_X,cate,324.3367902509544,-0.0758426285275814,,-32.600137948853956,mu,sleeping_dogs,confounded,0.65,9
econml_DR,cate,1113.4371512308946,0.018627845351153943,,-26.518389774661483,mu,sleeping_dogs,confounded,0.65,9
econml_CausalForest,cate,169.49017995767272,0.015613391582109974,0.7833333333333333,-35.063611604563775,mu,sleeping_dogs,confounded,0.65,9
causalml_T,cate,565.7019237028707,-0.07630111124840927,,-28.866592077364988,mu,sleeping_dogs,confounded,0.65,9
causalml_X,cate,315.31836893946945,-0.08162253846732641,,-31.082701237706644,mu,sleeping_dogs,confounded,0.65,9
structural_BTYD,cate,127.09390094285651,0.4922220161091433,,0.028115331376449035,mu,sleeping_dogs,confounded,0.65,9
conformal_ITE,cate,373.5897780382846,-0.03863807766294942,0.9716666666666667,-28.064631923336755,mu,sleeping_dogs,confounded,0.65,9
base_value,baseline,,,,-49.12834606707252,mu,sleeping_dogs,confounded,0.65,9
base_risk,baseline,,,,0.011782133804544575,mu,sleeping_dogs,confounded,0.65,9
random,baseline,,,,-14.366658485558318,mu,sleeping_dogs,confounded,0.65,9
econml_T,cate,548.1285592766727,0.08742208026738313,,0.5848180483624157,both,homogeneous,randomized,0.2,0
econml_X,cate,477.35220083988463,0.1354984902802738,,0.6659780750213425,both,homogeneous,randomized,0.2,0
econml_DR,cate,1091.0542421758935,0.050552554270595566,,0.5348560745057802,both,homogeneous,randomized,0.2,0
econml_CausalForest,cate,128.3195048413288,0.4731538051244575,0.8588888888888889,0.9498166071908515,both,homogeneous,randomized,0.2,0
causalml_T,cate,548.1285592766727,0.08742208026738313,,0.5848180483624157,both,homogeneous,randomized,0.2,0
causalml_X,cate,466.2140498758367,0.15325188157562186,,0.6551041401419604,both,homogeneous,randomized,0.2,0
structural_BTYD,cate,149.9225719142464,0.4629382190398131,,0.9429083717192694,both,homogeneous,randomized,0.2,0
conformal_ITE,cate,564.640835256947,0.19267813882503165,0.9555555555555556,0.7101687238805142,both,homogeneous,randomized,0.2,0
base_value,baseline,,,,0.9926641029367805,both,homogeneous,randomized,0.2,0
base_risk,baseline,,,,8.047377007435956e-05,both,homogeneous,randomized,0.2,0
random,baseline,,,,0.3311193289947648,both,homogeneous,randomized,0.2,0
econml_T,cate,473.0101475915529,0.1284249266324113,,0.6176375072011067,both,homogeneous,randomized,0.2,1
econml_X,cate,421.9914746580775,0.1699440302618221,,0.6528852315015962,both,homogeneous,randomized,0.2,1
econml_DR,cate,1107.134703146733,0.08514026346458682,,0.5595833132205694,both,homogeneous,randomized,0.2,1
econml_CausalForest,cate,156.16981782467937,0.5857731105459487,0.8588888888888889,0.9891947264922802,both,homogeneous,randomized,0.2,1
causalml_T,cate,473.0101475915529,0.1284249266324113,,0.6176375072011067,both,homogeneous,randomized,0.2,1
causalml_X,cate,411.88203245308466,0.16766967336673058,,0.6573512109675107,both,homogeneous,randomized,0.2,1
structural_BTYD,cate,153.59108350985068,0.45074819485741924,,0.9558940803676611,both,homogeneous,randomized,0.2,1
conformal_ITE,cate,391.7876823959888,0.1470456750382277,0.9755555555555555,0.6502229412938471,both,homogeneous,randomized,0.2,1
base_value,baseline,,,,0.994988357820832,both,homogeneous,randomized,0.2,1
base_risk,baseline,,,,3.180756818762764e-05,both,homogeneous,randomized,0.2,1
random,baseline,,,,0.27085675389424363,both,homogeneous,randomized,0.2,1
econml_T,cate,517.590074671408,0.14959283878553464,,0.7527676588982584,both,homogeneous,randomized,0.2,2
econml_X,cate,454.69599661236884,0.16684162661269053,,0.763318626599771,both,homogeneous,randomized,0.2,2
econml_DR,cate,1518.0933973151436,0.10108424272586852,,0.661721756292345,both,homogeneous,randomized,0.2,2
econml_CausalForest,cate,303.2150678151726,0.4404046258651138,0.7966666666666666,0.9562255681911049,both,homogeneous,randomized,0.2,2
causalml_T,cate,517.590074671408,0.14959283878553464,,0.7527676588982584,both,homogeneous,randomized,0.2,2
causalml_X,cate,455.24873003488125,0.16917673617981704,,0.7739352646395631,both,homogeneous,randomized,0.2,2
structural_BTYD,cate,138.96759859650092,0.33783879844539205,,0.9373736926562862,both,homogeneous,randomized,0.2,2
conformal_ITE,cate,525.876847038656,0.12089895845335169,0.9511111111111111,0.7587822078924022,both,homogeneous,randomized,0.2,2
base_value,baseline,,,,0.9947790299336073,both,homogeneous,randomized,0.2,2
base_risk,baseline,,,,0.00030713689184809706,both,homogeneous,randomized,0.2,2
random,baseline,,,,0.3318823898348201,both,homogeneous,randomized,0.2,2
econml_T,cate,416.2372531619393,0.17334413187182,,0.6423186263374814,both,homogeneous,randomized,0.2,3
econml_X,cate,322.35843123635806,0.2051514254734746,,0.6413599391972997,both,homogeneous,randomized,0.2,3
econml_DR,cate,858.2759467790593,0.1340694212073601,,0.5440641433230574,both,homogeneous,randomized,0.2,3
econml_CausalForest,cate,163.26201739368489,0.5444933666893291,0.8688888888888889,0.7982067382958072,both,homogeneous,randomized,0.2,3
causalml_T,cate,416.2372531619393,0.17334413187182,,0.6423186263374814,both,homogeneous,randomized,0.2,3
causalml_X,cate,329.92845828572047,0.20998560146332276,,0.6302206290137621,both,homogeneous,randomized,0.2,3
structural_BTYD,cate,126.81500031941773,0.4179388053128291,,0.9426065815588541,both,homogeneous,randomized,0.2,3
conformal_ITE,cate,346.3629283761808,0.11726951604074312,0.9655555555555555,0.7058980932316414,both,homogeneous,randomized,0.2,3
base_value,baseline,,,,0.9766400857555168,both,homogeneous,randomized,0.2,3
base_risk,baseline,,,,0.000450791930302794,both,homogeneous,randomized,0.2,3
random,baseline,,,,0.29590130801746806,both,homogeneous,randomized,0.2,3
econml_T,cate,587.4235950505074,0.09905047611268732,,0.5828959167580209,both,homogeneous,randomized,0.2,4
econml_X,cate,454.7696773499428,0.14129682983907343,,0.6329946462905955,both,homogeneous,randomized,0.2,4
econml_DR,cate,1074.7942586696504,0.10805568652537137,,0.5664152150381058,both,homogeneous,randomized,0.2,4
econml_CausalForest,cate,129.22712167643763,0.570780455539654,0.9355555555555556,0.9851561652084363,both,homogeneous,randomized,0.2,4
causalml_T,cate,587.4235950505074,0.09905047611268732,,0.5828959167580209,both,homogeneous,randomized,0.2,4
causalml_X,cate,455.3420637464622,0.12264076504873514,,0.621660870662751,both,homogeneous,randomized,0.2,4
structural_BTYD,cate,142.3074895897042,0.4743052230054975,,0.9600880716925392,both,homogeneous,randomized,0.2,4
conformal_ITE,cate,642.1528671882089,0.1477355244464437,0.9527777777777777,0.6395332953050177,both,homogeneous,randomized,0.2,4
base_value,baseline,,,,0.9953484177663885,both,homogeneous,randomized,0.2,4
base_risk,baseline,,,,0.0012172414047983355,both,homogeneous,randomized,0.2,4
random,baseline,,,,0.3006905174922791,both,homogeneous,randomized,0.2,4
econml_T,cate,494.8504467139578,0.11241971739020946,,0.5754219288959104,both,homogeneous,randomized,0.2,5
econml_X,cate,394.3411102702687,0.1521592314176851,,0.6105448710266531,both,homogeneous,randomized,0.2,5
econml_DR,cate,936.3118751137274,0.07944424369665362,,0.4661597122867012,both,homogeneous,randomized,0.2,5
econml_CausalForest,cate,176.64501956112798,0.27668856659372637,0.825,0.7383526041448895,both,homogeneous,randomized,0.2,5
causalml_T,cate,494.8504467139578,0.11241971739020946,,0.5754219288959104,both,homogeneous,randomized,0.2,5
causalml_X,cate,398.5146684578635,0.15310905814406683,,0.6422103034246441,both,homogeneous,randomized,0.2,5
structural_BTYD,cate,129.07145506352768,0.4773881440703568,,0.9577234157344219,both,homogeneous,randomized,0.2,5
conformal_ITE,cate,498.1246624720807,0.0346512128301413,0.9555555555555556,0.5027623517846305,both,homogeneous,randomized,0.2,5
base_value,baseline,,,,0.9890175434712695,both,homogeneous,randomized,0.2,5
base_risk,baseline,,,,0.0013238654443357863,both,homogeneous,randomized,0.2,5
random,baseline,,,,0.31159864778949786,both,homogeneous,randomized,0.2,5
econml_T,cate,497.37964729446,0.07086405980840328,,0.5301163259741913,both,homogeneous,randomized,0.2,6
econml_X,cate,417.93958608730463,0.03256304321908347,,0.5185027976839705,both,homogeneous,randomized,0.2,6
econml_DR,cate,1272.1158175469936,0.0964548545407927,,0.5040783871441481,both,homogeneous,randomized,0.2,6
econml_CausalForest,cate,217.41236524345916,0.46817049013550677,0.8366666666666667,0.7320337349025126,both,homogeneous,randomized,0.2,6
causalml_T,cate,497.37964729446,0.07086405980840328,,0.5301163259741913,both,homogeneous,randomized,0.2,6
causalml_X,cate,421.7874255434639,0.030659221473717996,,0.4734573851318808,both,homogeneous,randomized,0.2,6
structural_BTYD,cate,170.62328073099667,0.4601784784181363,,0.9628216142661219,both,homogeneous,randomized,0.2,6
conformal_ITE,cate,442.3180790830307,0.046696511958628985,0.9661111111111111,0.4991382875925714,both,homogeneous,randomized,0.2,6
base_value,baseline,,,,0.9873748745121419,both,homogeneous,randomized,0.2,6
base_risk,baseline,,,,0.00024003021196629447,both,homogeneous,randomized,0.2,6
random,baseline,,,,0.36672609814348955,both,homogeneous,randomized,0.2,6
econml_T,cate,553.7665670388102,0.15769322640179706,,0.6936456013879506,both,homogeneous,randomized,0.2,7
econml_X,cate,464.11809436974136,0.15260510167764677,,0.7375067928091787,both,homogeneous,randomized,0.2,7
econml_DR,cate,1207.4005152293007,0.14467351622504326,,0.6658160749341697,both,homogeneous,randomized,0.2,7
econml_CausalForest,cate,129.39574934259255,0.5684818351442065,0.85,0.9813029940423301,both,homogeneous,randomized,0.2,7
causalml_T,cate,553.7665670388102,0.15769322640179706,,0.6936456013879506,both,homogeneous,randomized,0.2,7
causalml_X,cate,467.7905791061705,0.15034990603726445,,0.7364398167118731,both,homogeneous,randomized,0.2,7
structural_BTYD,cate,146.53536603058606,0.27453111384264456,,0.9307824607153992,both,homogeneous,randomized,0.2,7
conformal_ITE,cate,543.4408909265296,0.09584732440881102,0.9672222222222222,0.6774331149785685,both,homogeneous,randomized,0.2,7
base_value,baseline,,,,0.9841679139364542,both,homogeneous,randomized,0.2,7
base_risk,baseline,,,,0.0005533621550086482,both,homogeneous,randomized,0.2,7
random,baseline,,,,0.2855688239579746,both,homogeneous,randomized,0.2,7
econml_T,cate,604.1953606854839,0.18295941698127646,,0.7364015024284076,both,homogeneous,randomized,0.2,8
econml_X,cate,530.0854977062492,0.20975877020703587,,0.7521514823055483,both,homogeneous,randomized,0.2,8
econml_DR,cate,1117.7047464632847,0.1300814850312451,,0.6450674344547319,both,homogeneous,randomized,0.2,8
econml_CausalForest,cate,212.05849221682433,0.5470809604846087,0.8277777777777777,0.984172715098817,both,homogeneous,randomized,0.2,8
causalml_T,cate,604.1953606854839,0.18295941698127646,,0.7364015024284076,both,homogeneous,randomized,0.2,8
causalml_X,cate,515.9553068503891,0.20502723990150434,,0.7342254331362787,both,homogeneous,randomized,0.2,8
structural_BTYD,cate,144.4050656005481,0.4613422144773603,,0.9560633595745927,both,homogeneous,randomized,0.2,8
conformal_ITE,cate,735.0465281935759,0.07902275295037241,0.9616666666666667,0.6686699387888086,both,homogeneous,randomized,0.2,8
base_value,baseline,,,,0.9937765261039644,both,homogeneous,randomized,0.2,8
base_risk,baseline,,,,0.0009640431253903041,both,homogeneous,randomized,0.2,8
random,baseline,,,,0.2658642045887948,both,homogeneous,randomized,0.2,8
econml_T,cate,496.61675334254005,0.11242623214370413,,0.5631388994482324,both,homogeneous,randomized,0.2,9
econml_X,cate,374.32136323053174,0.14054286074023498,,0.5794732585254723,both,homogeneous,randomized,0.2,9
econml_DR,cate,1100.936989976394,-0.006785996663100831,,0.45666931321975457,both,homogeneous,randomized,0.2,9
econml_CausalForest,cate,204.22735370128493,0.2558783753953619,0.8394444444444444,0.6509616558884884,both,homogeneous,randomized,0.2,9
causalml_T,cate,496.61675334254005,0.11242623214370413,,0.5631388994482324,both,homogeneous,randomized,0.2,9
causalml_X,cate,393.05987216643405,0.14773610998293824,,0.57534405361294,both,homogeneous,randomized,0.2,9
structural_BTYD,cate,124.65044772862777,0.4282890316955898,,0.9519370399426108,both,homogeneous,randomized,0.2,9
conformal_ITE,cate,465.0766466376444,0.1074156518668963,0.9672222222222222,0.4983395137131781,both,homogeneous,randomized,0.2,9
base_value,baseline,,,,0.9777383439316786,both,homogeneous,randomized,0.2,9
base_risk,baseline,,,,0.0007147719952364466,both,homogeneous,randomized,0.2,9
random,baseline,,,,0.27048419248709016,both,homogeneous,randomized,0.2,9
econml_T,cate,475.89911594083725,0.16776372619836413,,0.716987486977703,both,homogeneous,randomized,0.35,0
econml_X,cate,393.62712422110155,0.20552364060744854,,0.7225056434265932,both,homogeneous,randomized,0.35,0
econml_DR,cate,1108.577777159597,0.13801749249271061,,0.6537896681145895,both,homogeneous,randomized,0.35,0
econml_CausalForest,cate,212.15200267572177,0.641912514002492,0.8227777777777778,0.9907432995195312,both,homogeneous,randomized,0.35,0
causalml_T,cate,475.89911594083725,0.16776372619836413,,0.716987486977703,both,homogeneous,randomized,0.35,0
causalml_X,cate,400.41987562043613,0.19532537694251,,0.7131922585905519,both,homogeneous,randomized,0.35,0
structural_BTYD,cate,259.8289784500438,0.46284330311161087,,0.9426259365388441,both,homogeneous,randomized,0.35,0
conformal_ITE,cate,415.9355934199347,0.31058221109735074,0.9772222222222222,0.8071841036251551,both,homogeneous,randomized,0.35,0
base_value,baseline,,,,0.9926162779346197,both,homogeneous,randomized,0.35,0
base_risk,baseline,,,,7.839692099163287e-05,both,homogeneous,randomized,0.35,0
random,baseline,,,,0.26485178475663823,both,homogeneous,randomized,0.35,0
econml_T,cate,509.9657622174045,0.2405967478054747,,0.7283616166433378,both,homogeneous,randomized,0.35,1
econml_X,cate,453.98590061115044,0.31879783868527184,,0.7874051540419872,both,homogeneous,randomized,0.35,1
econml_DR,cate,1114.5415697539602,0.12947054443280973,,0.5812719136781174,both,homogeneous,randomized,0.35,1
econml_CausalForest,cate,284.5024661370283,0.5936963751578552,0.805,0.9907314657212969,both,homogeneous,randomized,0.35,1
causalml_T,cate,509.9657622174045,0.2405967478054747,,0.7283616166433378,both,homogeneous,randomized,0.35,1
causalml_X,cate,436.8674859367623,0.3289569964805543,,0.7998692986573935,both,homogeneous,randomized,0.35,1
structural_BTYD,cate,276.04146861402546,0.45079011953548354,,0.9560009484958792,both,homogeneous,randomized,0.35,1
conformal_ITE,cate,499.2720561668796,0.2232946857333682,0.9622222222222222,0.7931612004587677,both,homogeneous,randomized,0.35,1
base_value,baseline,,,,0.9950046591404759,both,homogeneous,randomized,0.35,1
base_risk,baseline,,,,3.170392583012637e-05,both,homogeneous,randomized,0.35,1
random,baseline,,,,0.3333595431278335,both,homogeneous,randomized,0.35,1
econml_T,cate,494.72330160287817,0.21386597488422157,,0.7676801163720074,both,homogeneous,randomized,0.35,2
econml_X,cate,442.56001027553947,0.21438695186776505,,0.8144954300931163,both,homogeneous,randomized,0.35,2
econml_DR,cate,1201.2439300561582,0.11818491433024209,,0.6494477873408261,both,homogeneous,randomized,0.35,2
econml_CausalForest,cate,237.03209778173428,0.5856960572887302,0.8438888888888889,0.9892275112946874,both,homogeneous,randomized,0.35,2
causalml_T,cate,494.72330160287817,0.21386597488422157,,0.7676801163720074,both,homogeneous,randomized,0.35,2
causalml_X,cate,440.2775913123989,0.21058733505322483,,0.8173903245802573,both,homogeneous,randomized,0.35,2
structural_BTYD,cate,256.2375611831893,0.4763399216400977,,0.9470614805947819,both,homogeneous,randomized,0.35,2
conformal_ITE,cate,584.7758943720667,0.16951725818268584,0.9438888888888889,0.803079777269565,both,homogeneous,randomized,0.35,2
base_value,baseline,,,,0.9948126585031407,both,homogeneous,randomized,0.35,2
base_risk,baseline,,,,0.00030228192346280135,both,homogeneous,randomized,0.35,2
random,baseline,,,,0.32970608704232207,both,homogeneous,randomized,0.35,2
econml_T,cate,515.3218116455937,0.2128074786993693,,0.6290723613212782,both,homogeneous,randomized,0.35,3
econml_X,cate,450.6708997495409,0.2690941397351731,,0.6767490377402976,both,homogeneous,randomized,0.35,3
econml_DR,cate,1001.5059908854399,0.14803621493395788,,0.5603719350787721,both,homogeneous,randomized,0.35,3
econml_CausalForest,cate,283.24873754665555,0.5712693547953198,0.7888888888888889,0.8870828840089489,both,homogeneous,randomized,0.35,3
causalml_T,cate,515.3218116455937,0.2128074786993693,,0.6290723613212782,both,homogeneous,randomized,0.35,3
causalml_X,cate,456.34399122895195,0.26035934050897697,,0.6533122217956935,both,homogeneous,randomized,0.35,3
structural_BTYD,cate,225.68266884607945,0.4190271716146047,,0.9433337607692598,both,homogeneous,randomized,0.35,3
conformal_ITE,cate,367.3643366238275,0.19072592307827302,0.9716666666666667,0.7310517782588658,both,homogeneous,randomized,0.35,3
base_value,baseline,,,,0.977036945966952,both,homogeneous,randomized,0.35,3
base_risk,baseline,,,,0.0004413232917152864,both,homogeneous,randomized,0.35,3
random,baseline,,,,0.42112812953887874,both,homogeneous,randomized,0.35,3
econml_T,cate,699.778734650818,0.2270684673570094,,0.7137763639509271,both,homogeneous,randomized,0.35,4
econml_X,cate,547.7798881554102,0.24997875694824176,,0.7152792102450471,both,homogeneous,randomized,0.35,4
econml_DR,cate,1291.0547870781736,0.16800713404496073,,0.627091995056482,both,homogeneous,randomized,0.35,4
econml_CausalForest,cate,241.96134952868078,0.6221350733927069,0.8383333333333334,0.9941623691231578,both,homogeneous,randomized,0.35,4
causalml_T,cate,699.778734650818,0.2270684673570094,,0.7137763639509271,both,homogeneous,randomized,0.35,4
causalml_X,cate,555.43984968,0.2344390249803415,,0.7054174233413426,both,homogeneous,randomized,0.35,4
structural_BTYD,cate,243.1447370055816,0.4742093806211172,,0.9600636141363599,both,homogeneous,randomized,0.35,4
conformal_ITE,cate,600.4215263557816,0.24945232835061135,0.9494444444444444,0.7191062341297321,both,homogeneous,randomized,0.35,4
base_value,baseline,,,,0.9953563824052643,both,homogeneous,randomized,0.35,4
base_risk,baseline,,,,0.001230286335617732,both,homogeneous,randomized,0.35,4
random,baseline,,,,0.272857691223056,both,homogeneous,randomized,0.35,4
econml_T,cate,656.5693304735448,0.19774144903360957,,0.7021311705418108,both,homogeneous,randomized,0.35,5
econml_X,cate,512.1175919784613,0.22643283665311356,,0.7372659595870211,both,homogeneous,randomized,0.35,5
econml_DR,cate,1717.9606400935884,0.10253371946732148,,0.5447929341011464,both,homogeneous,randomized,0.35,5
econml_CausalForest,cate,298.946542721884,0.6248791233662663,0.7905555555555556,0.9921817549640995,both,homogeneous,randomized,0.35,5
causalml_T,cate,656.5693304735448,0.19774144903360957,,0.7021311705418108,both,homogeneous,randomized,0.35,5
causalml_X,cate,515.5030189256516,0.23064504486415321,,0.735586174967041,both,homogeneous,randomized,0.35,5
structural_BTYD,cate,233.75281083694898,0.4773990849393951,,0.9577686417462364,both,homogeneous,randomized,0.35,5
conformal_ITE,cate,524.8095858947763,0.18773815969006016,0.9527777777777777,0.7073140458736237,both,homogeneous,randomized,0.35,5
base_value,baseline,,,,0.9892293611096449,both,homogeneous,randomized,0.35,5
base_risk,baseline,,,,0.0012813739298803562,both,homogeneous,randomized,0.35,5
random,baseline,,,,0.27833766228732004,both,homogeneous,randomized,0.35,5
econml_T,cate,527.234449939914,0.24148114282623057,,0.7330853262641587,both,homogeneous,randomized,0.35,6
econml_X,cate,398.3013864439212,0.2914784904612474,,0.8262258751705668,both,homogeneous,randomized,0.35,6
econml_DR,cate,1556.0727326142385,0.03781652474142719,,0.5615520400380662,both,homogeneous,randomized,0.35,6
econml_CausalForest,cate,301.76175605471667,0.6365016124614274,0.7805555555555556,0.9933500554396494,both,homogeneous,randomized,0.35,6
causalml_T,cate,527.234449939914,0.24148114282623057,,0.7330853262641587,both,homogeneous,randomized,0.35,6
causalml_X,cate,413.58607790599706,0.2827878514910258,,0.8119407282837866,both,homogeneous,randomized,0.35,6
structural_BTYD,cate,300.9927632070471,0.4601975970896572,,0.9626493415625381,both,homogeneous,randomized,0.35,6
conformal_ITE,cate,572.5881009701507,0.23041613592254384,0.96,0.6527502855286367,both,homogeneous,randomized,0.35,6
base_value,baseline,,,,0.9873265615086686,both,homogeneous,randomized,0.35,6
base_risk,baseline,,,,0.00024430341132189134,both,homogeneous,randomized,0.35,6
random,baseline,,,,0.29255358000240106,both,homogeneous,randomized,0.35,6
econml_T,cate,446.9745470122839,0.282394217403329,,0.8125093511374447,both,homogeneous,randomized,0.35,7
econml_X,cate,415.70223497634817,0.29403114985151985,,0.8263613468340147,both,homogeneous,randomized,0.35,7
econml_DR,cate,1024.6321864513732,0.18875642982442326,,0.684498114209388,both,homogeneous,randomized,0.35,7
econml_CausalForest,cate,258.1631370310567,0.6162604329083773,0.805,0.9898194710550745,both,homogeneous,randomized,0.35,7
causalml_T,cate,446.9745470122839,0.282394217403329,,0.8125093511374447,both,homogeneous,randomized,0.35,7
causalml_X,cate,396.7664370003713,0.3130271525696364,,0.8425307305016583,both,homogeneous,randomized,0.35,7
structural_BTYD,cate,250.37544010599103,0.2744731550109252,,0.9305281728276075,both,homogeneous,randomized,0.35,7
conformal_ITE,cate,499.98854728351455,0.27715313540387027,0.9655555555555555,0.776645290386189,both,homogeneous,randomized,0.35,7
base_value,baseline,,,,0.9841472185667991,both,homogeneous,randomized,0.35,7
base_risk,baseline,,,,0.0005647165993390111,both,homogeneous,randomized,0.35,7
random,baseline,,,,0.30656602465379956,both,homogeneous,randomized,0.35,7
econml_T,cate,489.4876833457799,0.23706290168770405,,0.7595714599013299,both,homogeneous,randomized,0.35,8
econml_X,cate,415.6564088778182,0.27968594878701447,,0.7968849869165605,both,homogeneous,randomized,0.35,8
econml_DR,cate,1415.0259135204913,0.057797160974976725,,0.5615473957743108,both,homogeneous,randomized,0.35,8
econml_CausalForest,cate,220.4879921582615,0.6117776397312912,0.7772222222222223,0.9927651254886121,both,homogeneous,randomized,0.35,8
causalml_T,cate,489.4876833457799,0.23706290168770405,,0.7595714599013299,both,homogeneous,randomized,0.35,8
causalml_X,cate,408.29993043863783,0.27393065535866035,,0.7908662588424265,both,homogeneous,randomized,0.35,8
structural_BTYD,cate,256.3327422860459,0.461365338122206,,0.9560073672409446,both,homogeneous,randomized,0.35,8
conformal_ITE,cate,544.9830996888709,0.20124477861298679,0.9683333333333334,0.7355378835640318,both,homogeneous,randomized,0.35,8
base_value,baseline,,,,0.9937133191215185,both,homogeneous,randomized,0.35,8
base_risk,baseline,,,,0.0009718757441426647,both,homogeneous,randomized,0.35,8
random,baseline,,,,0.2902253396182947,both,homogeneous,randomized,0.35,8
econml_T,cate,556.5829361054256,0.19832175251197792,,0.7021992675402549,both,homogeneous,randomized,0.35,9
econml_X,cate,461.44697828903344,0.2281820105152828,,0.7291991197608239,both,homogeneous,randomized,0.35,9
econml_DR,cate,1308.6685922291526,0.13331943707755362,,0.6181843004558419,both,homogeneous,randomized,0.35,9
econml_CausalForest,cate,264.3692541944989,0.471372695488784,0.8388888888888889,0.7637610316480273,both,homogeneous,randomized,0.35,9
causalml_T,cate,556.5829361054256,0.19832175251197792,,0.7021992675402549,both,homogeneous,randomized,0.35,9
causalml_X,cate,463.59484996334925,0.2215030385152196,,0.7163123180529143,both,homogeneous,randomized,0.35,9
structural_BTYD,cate,209.9932875847392,0.4524369728832102,,0.9520314172981702,both,homogeneous,randomized,0.35,9
conformal_ITE,cate,580.8266290773038,0.15335355406344245,0.9577777777777777,0.5993075887729904,both,homogeneous,randomized,0.35,9
base_value,baseline,,,,0.9777416649292848,both,homogeneous,randomized,0.35,9
base_risk,baseline,,,,0.0007078471822067544,both,homogeneous,randomized,0.35,9
random,baseline,,,,0.2244491060721298,both,homogeneous,randomized,0.35,9
econml_T,cate,564.9798854078776,0.2917180175418796,,0.8066159898214113,both,homogeneous,randomized,0.5,0
econml_X,cate,471.18182762057245,0.3335991790146064,,0.8488949907310174,both,homogeneous,randomized,0.5,0
econml_DR,cate,1137.766015853606,0.19664267394508014,,0.6413399970467452,both,homogeneous,randomized,0.5,0
econml_CausalForest,cate,336.5238345374729,0.5822605667746377,0.7661111111111111,0.9811950932857848,both,homogeneous,randomized,0.5,0
causalml_T,cate,564.9798854078776,0.2917180175418796,,0.8066159898214113,both,homogeneous,randomized,0.5,0
causalml_X,cate,484.1418404480022,0.3242040070508428,,0.8445450272325185,both,homogeneous,randomized,0.5,0
structural_BTYD,cate,371.5705768046199,0.46281860993120977,,0.9423286509431493,both,homogeneous,randomized,0.5,0
conformal_ITE,cate,560.0512007989612,0.26116615151694295,0.9627777777777777,0.7696780275917149,both,homogeneous,randomized,0.5,0
base_value,baseline,,,,0.9925670203861892,both,homogeneous,randomized,0.5,0
base_risk,baseline,,,,7.625501168084902e-05,both,homogeneous,randomized,0.5,0
random,baseline,,,,0.2870002449466256,both,homogeneous,randomized,0.5,0
econml_T,cate,689.2437561940462,0.3363209482114115,,0.7917319227396911,both,homogeneous,randomized,0.5,1
econml_X,cate,645.5620666273726,0.41323831832492913,,0.8382131438996849,both,homogeneous,randomized,0.5,1
econml_DR,cate,1777.642703777048,0.18055893468174114,,0.6424585727643516,both,homogeneous,randomized,0.5,1
econml_CausalForest,cate,409.3765024755346,0.6161302105684897,0.7783333333333333,0.9957519445028975,both,homogeneous,randomized,0.5,1
causalml_T,cate,689.2437561940462,0.3363209482114115,,0.7917319227396911,both,homogeneous,randomized,0.5,1
causalml_X,cate,648.4227493909578,0.41633151064292356,,0.8462731428446193,both,homogeneous,randomized,0.5,1
structural_BTYD,cate,403.66757583468615,0.4508101843599306,,0.9561314370576658,both,homogeneous,randomized,0.5,1
conformal_ITE,cate,569.2869301356641,0.2859654874332468,0.9661111111111111,0.8425653060774032,both,homogeneous,randomized,0.5,1
base_value,baseline,,,,0.9950255843856927,both,homogeneous,randomized,0.5,1
base_risk,baseline,,,,3.1555027863970725e-05,both,homogeneous,randomized,0.5,1
random,baseline,,,,0.27504352191513937,both,homogeneous,randomized,0.5,1
econml_T,cate,573.8746098237492,0.3061507133332791,,0.8708426186660367,both,homogeneous,randomized,0.5,2
econml_X,cate,525.8322566160705,0.34097284919810206,,0.883654972408796,both,homogeneous,randomized,0.5,2
econml_DR,cate,1248.2514539341294,0.13763087442208732,,0.689022114505779,both,homogeneous,randomized,0.5,2
econml_CausalForest,cate,350.2337955170346,0.6259852400951658,0.7744444444444445,0.9903632255658757,both,homogeneous,randomized,0.5,2
causalml_T,cate,573.8746098237492,0.3061507133332791,,0.8708426186660367,both,homogeneous,randomized,0.5,2
causalml_X,cate,528.5981966425067,0.32800649245476593,,0.861498072834754,both,homogeneous,randomized,0.5,2
structural_BTYD,cate,381.5790496518009,0.47623113648794807,,0.9471099728108108,both,homogeneous,randomized,0.5,2
conformal_ITE,cate,575.6661094963544,0.24509072521513023,0.9494444444444444,0.8260637563672221,both,homogeneous,randomized,0.5,2
base_value,baseline,,,,0.9948538240382473,both,homogeneous,randomized,0.5,2
base_risk,baseline,,,,0.0002970274182390528,both,homogeneous,randomized,0.5,2
random,baseline,,,,0.29992732087180135,both,homogeneous,randomized,0.5,2
econml_T,cate,547.200832534892,0.3563171466041942,,0.7723237374680109,both,homogeneous,randomized,0.5,3
econml_X,cate,463.6508020389996,0.4054783070048183,,0.8141838390765798,both,homogeneous,randomized,0.5,3
econml_DR,cate,1326.5361297335376,0.22093303677089257,,0.6183735160114614,both,homogeneous,randomized,0.5,3
econml_CausalForest,cate,337.3444954408243,0.6169931929955993,0.7888888888888889,0.992752283865759,both,homogeneous,randomized,0.5,3
causalml_T,cate,547.200832534892,0.3563171466041942,,0.7723237374680109,both,homogeneous,randomized,0.5,3
causalml_X,cate,466.8123391372912,0.4059749289628227,,0.8079053202109058,both,homogeneous,randomized,0.5,3
structural_BTYD,cate,325.77154719868884,0.41885960251279647,,0.9435164330350686,both,homogeneous,randomized,0.5,3
conformal_ITE,cate,518.312886812187,0.28751972063763553,0.9622222222222222,0.8240031525811482,both,homogeneous,randomized,0.5,3
base_value,baseline,,,,0.9774545557156294,both,homogeneous,randomized,0.5,3
base_risk,baseline,,,,0.00043127558057773693,both,homogeneous,randomized,0.5,3
random,baseline,,,,0.3360143610242196,both,homogeneous,randomized,0.5,3
econml_T,cate,700.4906920496018,0.3178300218679419,,0.722520175796566,both,homogeneous,randomized,0.5,4
econml_X,cate,596.9280451565643,0.3426546645588862,,0.7484945380072681,both,homogeneous,randomized,0.5,4
econml_DR,cate,1476.420254061058,0.20110997067803343,,0.6533505954397253,both,homogeneous,randomized,0.5,4
econml_CausalForest,cate,347.0322066519517,0.6209161325259916,0.8088888888888889,0.995432761824773,both,homogeneous,randomized,0.5,4
causalml_T,cate,700.4906920496018,0.3178300218679419,,0.722520175796566,both,homogeneous,randomized,0.5,4
causalml_X,cate,591.6468758561974,0.33675157661810146,,0.754826242743693,both,homogeneous,randomized,0.5,4
structural_BTYD,cate,353.39735408087404,0.4748600214001937,,0.9600324568917231,both,homogeneous,randomized,0.5,4
conformal_ITE,cate,683.3524993724953,0.32329129452885375,0.9461111111111111,0.7830212679561502,both,homogeneous,randomized,0.5,4
base_value,baseline,,,,0.9953677550510315,both,homogeneous,randomized,0.5,4
base_risk,baseline,,,,0.0012423209747689766,both,homogeneous,randomized,0.5,4
random,baseline,,,,0.3425130722448688,both,homogeneous,randomized,0.5,4
econml_T,cate,738.8830708483807,0.3224672044088787,,0.7645622272683718,both,homogeneous,randomized,0.5,5
econml_X,cate,618.0650299605715,0.37243482563256514,,0.8094040963878754,both,homogeneous,randomized,0.5,5
econml_DR,cate,1293.5181573724376,0.15051825292790913,,0.6127391655473815,both,homogeneous,randomized,0.5,5
econml_CausalForest,cate,334.40348448441875,0.6325857640301711,0.7705555555555555,0.9955449079809637,both,homogeneous,randomized,0.5,5
causalml_T,cate,738.8830708483807,0.3224672044088787,,0.7645622272683718,both,homogeneous,randomized,0.5,5
causalml_X,cate,617.8451023151957,0.3804329013350975,,0.8214337829036218,both,homogeneous,randomized,0.5,5
structural_BTYD,cate,348.67679033952646,0.47739683576126296,,0.9578205278439018,both,homogeneous,randomized,0.5,5
conformal_ITE,cate,647.5644473960906,0.3073063934876616,0.96,0.8293831955259237,both,homogeneous,randomized,0.5,5
base_value,baseline,,,,0.9894581219303245,both,homogeneous,randomized,0.5,5
base_risk,baseline,,,,0.0012373408320244296,both,homogeneous,randomized,0.5,5
random,baseline,,,,0.3079132678273981,both,homogeneous,randomized,0.5,5
econml_T,cate,608.828602677631,0.24242165506667357,,0.720637071166564,both,homogeneous,randomized,0.5,6
econml_X,cate,534.9006856891323,0.31643765340677094,,0.8248203498384823,both,homogeneous,randomized,0.5,6
econml_DR,cate,1338.0656438151286,0.12744283270366885,,0.6264519781048974,both,homogeneous,randomized,0.5,6
econml_CausalForest,cate,468.0223286447713,0.6506885495380096,0.7572222222222222,0.9947180616968077,both,homogeneous,randomized,0.5,6
causalml_T,cate,608.828602677631,0.24242165506667357,,0.720637071166564,both,homogeneous,randomized,0.5,6
causalml_X,cate,539.8874232008416,0.31617585716817737,,0.8346749737851591,both,homogeneous,randomized,0.5,6
structural_BTYD,cate,446.1148793518684,0.4602298663511617,,0.9624666436196248,both,homogeneous,randomized,0.5,6
conformal_ITE,cate,618.85547854195,0.2871530133473902,0.9666666666666667,0.6862883289584537,both,homogeneous,randomized,0.5,6
base_value,baseline,,,,0.9872809028645932,both,homogeneous,randomized,0.5,6
base_risk,baseline,,,,0.0002487397873238552,both,homogeneous,randomized,0.5,6
random,baseline,,,,0.39364219696926206,both,homogeneous,randomized,0.5,6
econml_T,cate,550.0452892262189,0.3338704006496227,,0.8569185494498416,both,homogeneous,randomized,0.5,7
econml_X,cate,488.58774443171444,0.38121632730798477,,0.8969463297636879,both,homogeneous,randomized,0.5,7
econml_DR,cate,1323.150977242951,0.2129158217035656,,0.6676474191598558,both,homogeneous,randomized,0.5,7
econml_CausalForest,cate,332.5151802634218,0.6016958708624116,0.6833333333333333,0.989788087149203,both,homogeneous,randomized,0.5,7
causalml_T,cate,550.0452892262189,0.3338704006496227,,0.8569185494498416,both,homogeneous,randomized,0.5,7
causalml_X,cate,479.8142637691448,0.3807605739220879,,0.8944387914799309,both,homogeneous,randomized,0.5,7
structural_BTYD,cate,362.6344064711826,0.4516802345847966,,0.951080040531698,both,homogeneous,randomized,0.5,7
conformal_ITE,cate,528.8198145998733,0.31200085408828016,0.9661111111111111,0.8616735660780697,both,homogeneous,randomized,0.5,7
base_value,baseline,,,,0.9841272945317993,both,homogeneous,randomized,0.5,7
base_risk,baseline,,,,0.0005803849738645129,both,homogeneous,randomized,0.5,7
random,baseline,,,,0.3113664326019959,both,homogeneous,randomized,0.5,7
econml_T,cate,639.238358122476,0.26145635259175926,,0.770993842595162,both,homogeneous,randomized,0.5,8
econml_X,cate,534.4288725858389,0.32571070679121006,,0.819146710057712,both,homogeneous,randomized,0.5,8
econml_DR,cate,1433.7713927797074,0.14866192526323102,,0.6180772127292226,both,homogeneous,randomized,0.5,8
econml_CausalForest,cate,327.47666276484375,0.6012857415066126,0.7844444444444445,0.9928533002044886,both,homogeneous,randomized,0.5,8
causalml_T,cate,639.238358122476,0.26145635259175926,,0.770993842595162,both,homogeneous,randomized,0.5,8
causalml_X,cate,530.3050739124444,0.32193145704868487,,0.8191984276832242,both,homogeneous,randomized,0.5,8
structural_BTYD,cate,365.35702663829926,0.4613484054563222,,0.9559226984253001,both,homogeneous,randomized,0.5,8
conformal_ITE,cate,678.0869083532165,0.31291377371419793,0.9655555555555555,0.8169051273451717,both,homogeneous,randomized,0.5,8
base_value,baseline,,,,0.9936392206087312,both,homogeneous,randomized,0.5,8
base_risk,baseline,,,,0.0009798757096140063,both,homogeneous,randomized,0.5,8
random,baseline,,,,0.32788941838541336,both,homogeneous,randomized,0.5,8
econml_T,cate,641.2090221937908,0.2575361760333665,,0.702942856391152,both,homogeneous,randomized,0.5,9
econml_X,cate,535.0155737568268,0.29109302715559615,,0.7445240870585662,both,homogeneous,randomized,0.5,9
econml_DR,cate,1363.3133726737526,0.10238420850496249,,0.595135850016596,both,homogeneous,randomized,0.5,9
econml_CausalForest,cate,332.02874453482553,0.5089660435722083,0.8011111111111111,0.8884829250677622,both,homogeneous,randomized,0.5,9
causalml_T,cate,641.2090221937908,0.2575361760333665,,0.702942856391152,both,homogeneous,randomized,0.5,9
causalml_X,cate,540.2948897716823,0.3040395976417585,,0.7544402028732798,both,homogeneous,randomized,0.5,9
structural_BTYD,cate,310.4699138495618,0.45246220356512684,,0.9521435974137711,both,homogeneous,randomized,0.5,9
conformal_ITE,cate,589.3645770714062,0.23899506393248435,0.9527777777777777,0.7014532392951249,both,homogeneous,randomized,0.5,9
base_value,baseline,,,,0.9777485179616144,both,homogeneous,randomized,0.5,9
base_risk,baseline,,,,0.0007000183791501202,both,homogeneous,randomized,0.5,9
random,baseline,,,,0.26930758817218486,both,homogeneous,randomized,0.5,9
econml_T,cate,802.4547189892027,0.2936270771541972,,0.7957532984187662,both,homogeneous,randomized,0.65,0
econml_X,cate,645.3874671109544,0.3408772146718195,,0.8375828230542952,both,homogeneous,randomized,0.65,0
econml_DR,cate,1616.1546653020343,0.260123949358515,,0.6864836710620581,both,homogeneous,randomized,0.65,0
econml_CausalForest,cate,410.3257972404569,0.6378107288615708,0.675,0.9939190657778956,both,homogeneous,randomized,0.65,0
causalml_T,cate,802.4547189892027,0.2936270771541972,,0.7957532984187662,both,homogeneous,randomized,0.65,0
causalml_X,cate,676.158995895839,0.33398684228276027,,0.8340799846473484,both,homogeneous,randomized,0.65,0
structural_BTYD,cate,493.62752144198816,0.462811909412594,,0.9420167432570471,both,homogeneous,randomized,0.65,0
conformal_ITE,cate,690.5491857254754,0.3870956174484235,0.9566666666666667,0.8529502732303454,both,homogeneous,randomized,0.65,0
base_value,baseline,,,,0.9925155943773746,both,homogeneous,randomized,0.65,0
base_risk,baseline,,,,7.40397056698933e-05,both,homogeneous,randomized,0.65,0
random,baseline,,,,0.2956291267647845,both,homogeneous,randomized,0.65,0
econml_T,cate,797.3949799375464,0.395008144235924,,0.8084543553377794,both,homogeneous,randomized,0.65,1
econml_X,cate,716.3685324661898,0.46821622701439447,,0.8700856364114141,both,homogeneous,randomized,0.65,1
econml_DR,cate,2478.4978685814435,0.2934011713233779,,0.7054388245305911,both,homogeneous,randomized,0.65,1
econml_CausalForest,cate,532.62318783142,0.6186202882985551,0.7566666666666667,0.9943128633481058,both,homogeneous,randomized,0.65,1
causalml_T,cate,797.3949799375464,0.395008144235924,,0.8084543553377794,both,homogeneous,randomized,0.65,1
causalml_X,cate,707.9781241073762,0.4705844396073893,,0.8745607550252668,both,homogeneous,randomized,0.65,1
structural_BTYD,cate,543.1023398761072,0.45082812012874357,,0.9562942964079924,both,homogeneous,randomized,0.65,1
conformal_ITE,cate,681.6706230317056,0.34584806447376737,0.9638888888888889,0.8729568688756626,both,homogeneous,randomized,0.65,1
base_value,baseline,,,,0.9950516697561689,both,homogeneous,randomized,0.65,1
base_risk,baseline,,,,3.135015219466841e-05,both,homogeneous,randomized,0.65,1
random,baseline,,,,0.2939652281042165,both,homogeneous,randomized,0.65,1
econml_T,cate,765.6433910182362,0.3339413537924897,,0.8479226029939184,both,homogeneous,randomized,0.65,2
econml_X,cate,705.3827969574476,0.4220078802618192,,0.9180866754790724,both,homogeneous,randomized,0.65,2
econml_DR,cate,1334.7819253309506,0.28170867177035985,,0.765100708854029,both,homogeneous,randomized,0.65,2
econml_CausalForest,cate,561.0130396805455,0.6345404007541802,0.8283333333333334,0.99312698419008,both,homogeneous,randomized,0.65,2
causalml_T,cate,765.6433910182362,0.3339413537924897,,0.8479226029939184,both,homogeneous,randomized,0.65,2
causalml_X,cate,706.2416126962274,0.43866850064927315,,0.9210840087731859,both,homogeneous,randomized,0.65,2
structural_BTYD,cate,528.7815908647466,0.4761292305840344,,0.9472150839233091,both,homogeneous,randomized,0.65,2
conformal_ITE,cate,639.5813091354934,0.3336079052608877,0.9472222222222222,0.8686182634466164,both,homogeneous,randomized,0.65,2
base_value,baseline,,,,0.9949027907714255,both,homogeneous,randomized,0.65,2
base_risk,baseline,,,,0.0002912931962677903,both,homogeneous,randomized,0.65,2
random,baseline,,,,0.3461926863728535,both,homogeneous,randomized,0.65,2
econml_T,cate,558.4399166878852,0.3866535096045482,,0.8287399165224891,both,homogeneous,randomized,0.65,3
econml_X,cate,467.4207352073893,0.49838010980423486,,0.9132890765902438,both,homogeneous,randomized,0.65,3
econml_DR,cate,1258.120395926264,0.3233027192216768,,0.7168423920516046,both,homogeneous,randomized,0.65,3
econml_CausalForest,cate,433.18724880107993,0.6139344162419016,0.6627777777777778,0.9934201417062238,both,homogeneous,randomized,0.65,3
causalml_T,cate,558.4399166878852,0.3866535096045482,,0.8287399165224891,both,homogeneous,randomized,0.65,3
causalml_X,cate,466.4570329394237,0.4999133643707736,,0.9143859482262012,both,homogeneous,randomized,0.65,3
structural_BTYD,cate,439.88339241237264,0.41885158641720405,,0.9437300089549607,both,homogeneous,randomized,0.65,3
conformal_ITE,cate,555.2373030398429,0.38728328075885027,0.9638888888888889,0.8515618492336369,both,homogeneous,randomized,0.65,3
base_value,baseline,,,,0.9778946974355487,both,homogeneous,randomized,0.65,3
base_risk,baseline,,,,0.0004205707370376655,both,homogeneous,randomized,0.65,3
random,baseline,,,,0.3403310846011618,both,homogeneous,randomized,0.65,3
econml_T,cate,711.5002162530907,0.351417815012066,,0.80022390245337,both,homogeneous,randomized,0.65,4
econml_X,cate,638.4906735407595,0.42306920073487564,,0.8705338179112118,both,homogeneous,randomized,0.65,4
econml_DR,cate,1599.6288439450977,0.23456021428674373,,0.7109813829979581,both,homogeneous,randomized,0.65,4
econml_CausalForest,cate,421.22845083243783,0.6391058499677494,0.825,0.9956153266763234,both,homogeneous,randomized,0.65,4
causalml_T,cate,711.5002162530907,0.351417815012066,,0.80022390245337,both,homogeneous,randomized,0.65,4
causalml_X,cate,630.4081726739847,0.43168500869239484,,0.8747586631310409,both,homogeneous,randomized,0.65,4
structural_BTYD,cate,473.0067090285629,0.47484349457437214,,0.9599910697774482,both,homogeneous,randomized,0.65,4
conformal_ITE,cate,625.2027219940111,0.3900715469888217,0.9588888888888889,0.8841608102854162,both,homogeneous,randomized,0.65,4
base_value,baseline,,,,0.9953841720217249,both,homogeneous,randomized,0.65,4
base_risk,baseline,,,,0.0012530376488937656,both,homogeneous,randomized,0.65,4
random,baseline,,,,0.350240953414566,both,homogeneous,randomized,0.65,4
econml_T,cate,888.6145172473365,0.3624710685353155,,0.7970721005703137,both,homogeneous,randomized,0.65,5
econml_X,cate,754.7437740206194,0.43106356898809034,,0.8460363458692082,both,homogeneous,randomized,0.65,5
econml_DR,cate,1858.4194703088567,0.24976547925472406,,0.6447873069004184,both,homogeneous,randomized,0.65,5
econml_CausalForest,cate,483.34461714992676,0.6270375461596118,0.7272222222222222,0.994348130656674,both,homogeneous,randomized,0.65,5
causalml_T,cate,888.6145172473365,0.3624710685353155,,0.7970721005703137,both,homogeneous,randomized,0.65,5
causalml_X,cate,756.6989863713308,0.4265631844098883,,0.8507168256707557,both,homogeneous,randomized,0.65,5
structural_BTYD,cate,478.9092369690702,0.4773656864970676,,0.957884234011852,both,homogeneous,randomized,0.65,5
conformal_ITE,cate,630.9151583775906,0.4230915738481405,0.9588888888888889,0.9108713465642443,both,homogeneous,randomized,0.65,5
base_value,baseline,,,,0.9897065242651474,both,homogeneous,randomized,0.65,5
base_risk,baseline,,,,0.0011915593787192205,both,homogeneous,randomized,0.65,5
random,baseline,,,,0.27144293557504023,both,homogeneous,randomized,0.65,5
econml_T,cate,793.9696923730781,0.2906242209332927,,0.7854722521141312,both,homogeneous,randomized,0.65,6
econml_X,cate,705.4612724594982,0.3346495845780248,,0.8204851126005216,both,homogeneous,randomized,0.65,6
econml_DR,cate,1337.1615466243913,0.26723541674170115,,0.693934189359467,both,homogeneous,randomized,0.65,6
econml_CausalForest,cate,612.4343150619376,0.6377358643311782,0.7427777777777778,0.9937026580962258,both,homogeneous,randomized,0.65,6
causalml_T,cate,793.9696923730781,0.2906242209332927,,0.7854722521141312,both,homogeneous,randomized,0.65,6
causalml_X,cate,718.8208821899489,0.3314304078461474,,0.8282867550891655,both,homogeneous,randomized,0.65,6
structural_BTYD,cate,600.2980912797091,0.46020814350362743,,0.962275270754103,both,homogeneous,randomized,0.65,6
conformal_ITE,cate,882.7736157237954,0.24861200265259983,0.9494444444444444,0.6192650998121888,both,homogeneous,randomized,0.65,6
base_value,baseline,,,,0.9872403989844273,both,homogeneous,randomized,0.65,6
base_risk,baseline,,,,0.00025328194048789275,both,homogeneous,randomized,0.65,6
random,baseline,,,,0.3515149670411942,both,homogeneous,randomized,0.65,6
econml_T,cate,590.24187169677,0.4134464408232322,,0.889624024494213,both,homogeneous,randomized,0.65,7
econml_X,cate,580.256729621414,0.4324671665348488,,0.9051222618787775,both,homogeneous,randomized,0.65,7
econml_DR,cate,1119.1434014392935,0.24960582519284014,,0.6778522123565505,both,homogeneous,randomized,0.65,7
econml_CausalForest,cate,481.18350557315347,0.6212654750859645,0.6994444444444444,0.9905224156118259,both,homogeneous,randomized,0.65,7
causalml_T,cate,590.24187169677,0.4134464408232322,,0.889624024494213,both,homogeneous,randomized,0.65,7
causalml_X,cate,576.1110563598886,0.4370008905341895,,0.9115394150371163,both,homogeneous,randomized,0.65,7
structural_BTYD,cate,480.1922577332294,0.46618911873183233,,0.9509421367910287,both,homogeneous,randomized,0.65,7
conformal_ITE,cate,607.7844898655701,0.32488850303170375,0.9644444444444444,0.8432410024810304,both,homogeneous,randomized,0.65,7
base_value,baseline,,,,0.98410913492537,both,homogeneous,randomized,0.65,7
base_risk,baseline,,,,0.0006020426100892737,both,homogeneous,randomized,0.65,7
random,baseline,,,,0.27612585564479747,both,homogeneous,randomized,0.65,7
econml_T,cate,738.4428258614932,0.2843004508556532,,0.7922358841036127,both,homogeneous,randomized,0.65,8
econml_X,cate,653.2410781962358,0.3485314665639448,,0.8298900888828964,both,homogeneous,randomized,0.65,8
econml_DR,cate,1565.0960469297406,0.23380907761522807,,0.7095710443004787,both,homogeneous,randomized,0.65,8
econml_CausalForest,cate,418.42223934803116,0.5960496585824796,0.7444444444444445,0.9930516239005782,both,homogeneous,randomized,0.65,8
causalml_T,cate,738.4428258614932,0.2843004508556532,,0.7922358841036127,both,homogeneous,randomized,0.65,8
causalml_X,cate,644.0822565101206,0.36138318988608803,,0.8328266827062524,both,homogeneous,randomized,0.65,8
structural_BTYD,cate,486.88609237902375,0.4613212941816218,,0.9557979009882762,both,homogeneous,randomized,0.65,8
conformal_ITE,cate,781.9079647947773,0.3675733190753854,0.9666666666666667,0.8609935922507351,both,homogeneous,randomized,0.65,8
base_value,baseline,,,,0.9935519546034954,both,homogeneous,randomized,0.65,8
base_risk,baseline,,,,0.0009879594273330926,both,homogeneous,randomized,0.65,8
random,baseline,,,,0.3317361710175762,both,homogeneous,randomized,0.65,8
econml_T,cate,558.8830795674746,0.3614533010326346,,0.8122680556701121,both,homogeneous,randomized,0.65,9
econml_X,cate,479.48484408721237,0.41452261219335773,,0.8599789734636527,both,homogeneous,randomized,0.65,9
econml_DR,cate,1132.466710789587,0.2580981861827888,,0.7183476095721044,both,homogeneous,randomized,0.65,9
econml_CausalForest,cate,414.1257178603783,0.6248937340810571,0.7783333333333333,0.9949347613572933,both,homogeneous,randomized,0.65,9
causalml_T,cate,558.8830795674746,0.3614533010326346,,0.8122680556701121,both,homogeneous,randomized,0.65,9
causalml_X,cate,484.3416194121595,0.418806373406549,,0.8597130452465274,both,homogeneous,randomized,0.65,9
structural_BTYD,cate,412.9694051395203,0.45245960484531395,,0.9522790285292401,both,homogeneous,randomized,0.65,9
conformal_ITE,cate,631.5776475841246,0.35491313917855566,0.9483333333333334,0.7712035964369675,both,homogeneous,randomized,0.65,9
base_value,baseline,,,,0.9777618211932985,both,homogeneous,randomized,0.65,9
base_risk,baseline,,,,0.0006910693140680295,both,homogeneous,randomized,0.65,9
random,baseline,,,,0.3049537069262126,both,homogeneous,randomized,0.65,9
econml_T,cate,505.2483073171623,0.15897669672056483,,0.6967600557836792,both,homogeneous,confounded,0.2,0
econml_X,cate,366.8613609984445,0.1400068340389591,,0.6132597706533202,both,homogeneous,confounded,0.2,0
econml_DR,cate,17507.962387079802,0.0017319599831071297,,0.4755479020683637,both,homogeneous,confounded,0.2,0
econml_CausalForest,cate,159.0112853635088,0.5754789489702751,0.7344444444444445,0.9635655676493028,both,homogeneous,confounded,0.2,0
causalml_T,cate,505.2483073171623,0.15897669672056483,,0.6967600557836792,both,homogeneous,confounded,0.2,0
causalml_X,cate,367.76539046571696,0.11981239321959533,,0.5876183259384664,both,homogeneous,confounded,0.2,0
structural_BTYD,cate,217.14539357811034,-0.29351151646986395,,0.003731907545028835,both,homogeneous,confounded,0.2,0
conformal_ITE,cate,509.04307336563033,0.17138303079739906,0.9722222222222222,0.6684440785283543,both,homogeneous,confounded,0.2,0
base_value,baseline,,,,0.9824118729133771,both,homogeneous,confounded,0.2,0
base_risk,baseline,,,,0.00025089248773122575,both,homogeneous,confounded,0.2,0
random,baseline,,,,0.3311193289947648,both,homogeneous,confounded,0.2,0
econml_T,cate,468.57991514316814,0.24430938249794157,,0.7264361290114922,both,homogeneous,confounded,0.2,1
econml_X,cate,301.55900759428437,0.15675374273944048,,0.6598091547302811,both,homogeneous,confounded,0.2,1
econml_DR,cate,6763.515834891363,-0.022466792245541475,,0.5414316691005264,both,homogeneous,confounded,0.2,1
econml_CausalForest,cate,185.622413640768,0.500150186671761,0.8383333333333334,0.979032449121746,both,homogeneous,confounded,0.2,1
causalml_T,cate,468.57991514316814,0.24430938249794157,,0.7264361290114922,both,homogeneous,confounded,0.2,1
causalml_X,cate,306.0854383196643,0.152272476310427,,0.636735748814472,both,homogeneous,confounded,0.2,1
structural_BTYD,cate,225.73999443276446,0.24282287163280367,,0.9298620705565152,both,homogeneous,confounded,0.2,1
conformal_ITE,cate,494.37029615727056,0.16728574667942644,0.9638888888888889,0.6844722981652697,both,homogeneous,confounded,0.2,1
base_value,baseline,,,,0.9835452951352582,both,homogeneous,confounded,0.2,1
base_risk,baseline,,,,0.0006291574548921988,both,homogeneous,confounded,0.2,1
random,baseline,,,,0.27085675389424363,both,homogeneous,confounded,0.2,1
econml_T,cate,463.8551790930287,0.23439227518861017,,0.7376442124773998,both,homogeneous,confounded,0.2,2
econml_X,cate,316.37224861127584,0.2320909093103474,,0.7597067008013241,both,homogeneous,confounded,0.2,2
econml_DR,cate,1772.8101929021034,0.09460239612818055,,0.619287469577303,both,homogeneous,confounded,0.2,2
econml_CausalForest,cate,143.78530116006834,0.5239493608558694,0.8455555555555555,0.9718210963583856,both,homogeneous,confounded,0.2,2
causalml_T,cate,463.8551790930287,0.23439227518861017,,0.7376442124773998,both,homogeneous,confounded,0.2,2
causalml_X,cate,313.4320267464364,0.2259795099874775,,0.7601301250547522,both,homogeneous,confounded,0.2,2
structural_BTYD,cate,225.89652422146892,-0.3754652672088672,,0.001381474537639573,both,homogeneous,confounded,0.2,2
conformal_ITE,cate,696.705892779786,0.15180859397348426,0.935,0.7148876528458091,both,homogeneous,confounded,0.2,2
base_value,baseline,,,,0.9912176253538041,both,homogeneous,confounded,0.2,2
base_risk,baseline,,,,0.00017430565266464486,both,homogeneous,confounded,0.2,2
random,baseline,,,,0.3318823898348201,both,homogeneous,confounded,0.2,2
econml_T,cate,567.2180336131158,0.09717055307671586,,0.6868401799110454,both,homogeneous,confounded,0.2,3
econml_X,cate,301.16349977530575,0.09785489521011385,,0.744669143516021,both,homogeneous,confounded,0.2,3
econml_DR,cate,1490.5573645884976,-0.028163425591343424,,0.6025300770478763,both,homogeneous,confounded,0.2,3
econml_CausalForest,cate,118.90188322561413,0.5579278466695562,0.8194444444444444,0.9771501089628416,both,homogeneous,confounded,0.2,3
causalml_T,cate,567.2180336131158,0.09717055307671586,,0.6868401799110454,both,homogeneous,confounded,0.2,3
causalml_X,cate,312.9214480347226,0.1063109936712696,,0.7599653681240893,both,homogeneous,confounded,0.2,3
structural_BTYD,cate,172.1664357402291,0.231087733386835,,0.9021612774359313,both,homogeneous,confounded,0.2,3
conformal_ITE,cate,450.42055721345565,0.22754172014004925,0.9694444444444444,0.7449316566878627,both,homogeneous,confounded,0.2,3
base_value,baseline,,,,0.9904835523925292,both,homogeneous,confounded,0.2,3
base_risk,baseline,,,,0.00011706675868095509,both,homogeneous,confounded,0.2,3
random,baseline,,,,0.29590130801746806,both,homogeneous,confounded,0.2,3
econml_T,cate,597.9991074003676,0.18657398463732214,,0.6867035846465025,both,homogeneous,confounded,0.2,4
econml_X,cate,395.03958460671106,0.19878184355535672,,0.747690969978148,both,homogeneous,confounded,0.2,4
econml_DR,cate,2567.719644537218,0.02924215358608519,,0.6382679783017622,both,homogeneous,confounded,0.2,4
econml_CausalForest,cate,135.19777482089353,0.6147641182607431,0.8022222222222222,0.992021199765712,both,homogeneous,confounded,0.2,4
causalml_T,cate,597.9991074003676,0.18657398463732214,,0.6867035846465025,both,homogeneous,confounded,0.2,4
causalml_X,cate,379.64155836859754,0.21342718179798778,,0.7530485733537238,both,homogeneous,confounded,0.2,4
structural_BTYD,cate,206.93949571069496,-0.1146652447648766,,0.033461641580681725,both,homogeneous,confounded,0.2,4
conformal_ITE,cate,668.94744566041,0.1679252293976852,0.945,0.7115589293168535,both,homogeneous,confounded,0.2,4
base_value,baseline,,,,0.9829114124267858,both,homogeneous,confounded,0.2,4
base_risk,baseline,,,,0.0006498561410033707,both,homogeneous,confounded,0.2,4
random,baseline,,,,0.3006905174922791,both,homogeneous,confounded,0.2,4
econml_T,cate,591.0825661866714,0.3019002171606589,,0.8114531045997985,both,homogeneous,confounded,0.2,5
econml_X,cate,305.30544874333935,0.33668178573315405,,0.8380863034159047,both,homogeneous,confounded,0.2,5
econml_DR,cate,1427.002790115096,0.02165779121344612,,0.5085650399032406,both,homogeneous,confounded,0.2,5
econml_CausalForest,cate,167.39310600466106,0.594230210291885,0.7788888888888889,0.9886991674986556,both,homogeneous,confounded,0.2,5
causalml_T,cate,591.0825661866714,0.3019002171606589,,0.8114531045997985,both,homogeneous,confounded,0.2,5
causalml_X,cate,301.5460118960644,0.34050166728995646,,0.8388859670663581,both,homogeneous,confounded,0.2,5
structural_BTYD,cate,271.394251524284,-0.44694343991364477,,0.0014975181542408844,both,homogeneous,confounded,0.2,5
conformal_ITE,cate,647.6532473944608,0.31928835080873325,0.9594444444444444,0.7176886665483535,both,homogeneous,confounded,0.2,5
base_value,baseline,,,,0.9869918978383192,both,homogeneous,confounded,0.2,5
base_risk,baseline,,,,0.0014915412310753278,both,homogeneous,confounded,0.2,5
random,baseline,,,,0.31159864778949786,both,homogeneous,confounded,0.2,5
econml_T,cate,419.22556172942774,0.16500390078571284,,0.6433247139744755,both,homogeneous,confounded,0.2,6
econml_X,cate,365.5864273942548,0.20537491909332603,,0.7143264477776539,both,homogeneous,confounded,0.2,6
econml_DR,cate,1888.0848877888552,0.029204243150154546,,0.6282123544789735,both,homogeneous,confounded,0.2,6
econml_CausalForest,cate,172.58036969869733,0.6024587003709516,0.8638888888888889,0.9907226391090432,both,homogeneous,confounded,0.2,6
causalml_T,cate,419.22556172942774,0.16500390078571284,,0.6433247139744755,both,homogeneous,confounded,0.2,6
causalml_X,cate,362.290866853843,0.21006357900280792,,0.7146678291607906,both,homogeneous,confounded,0.2,6
structural_BTYD,cate,293.5819366466151,-0.4557135324073386,,0.002001643495528954,both,homogeneous,confounded,0.2,6
conformal_ITE,cate,451.27242480002184,0.20543645132408003,0.9655555555555555,0.6731303753452341,both,homogeneous,confounded,0.2,6
base_value,baseline,,,,0.9929939300859892,both,homogeneous,confounded,0.2,6
base_risk,baseline,,,,0.00024468135275996974,both,homogeneous,confounded,0.2,6
random,baseline,,,,0.36672609814348955,both,homogeneous,confounded,0.2,6
econml_T,cate,494.2253546787977,0.16816620029300894,,0.6966281300208618,both,homogeneous,confounded,0.2,7
econml_X,cate,286.32421445486113,0.1365565798353698,,0.6357183587182709,both,homogeneous,confounded,0.2,7
econml_DR,cate,1960.057985814645,-0.025209388577425863,,0.4307342547870769,both,homogeneous,confounded,0.2,7
econml_CausalForest,cate,156.07008566620485,0.39086560568870254,0.8194444444444444,0.94206213448095,both,homogeneous,confounded,0.2,7
causalml_T,cate,494.2253546787977,0.16816620029300894,,0.6966281300208618,both,homogeneous,confounded,0.2,7
causalml_X,cate,292.4639931017172,0.10639576735849182,,0.6099474477203645,both,homogeneous,confounded,0.2,7
structural_BTYD,cate,268.0664576260406,-0.4351569959329169,,0.0019432529447344273,both,homogeneous,confounded,0.2,7
conformal_ITE,cate,510.61445306144515,0.23507708280657783,0.9622222222222222,0.8028042899302832,both,homogeneous,confounded,0.2,7
base_value,baseline,,,,0.9915245071283861,both,homogeneous,confounded,0.2,7
base_risk,baseline,,,,0.002142274855047709,both,homogeneous,confounded,0.2,7
random,baseline,,,,0.2855688239579746,both,homogeneous,confounded,0.2,7
econml_T,cate,595.5994470192536,0.2292381235056872,,0.6906899979265726,both,homogeneous,confounded,0.2,8
econml_X,cate,351.2873629671172,0.2820561560752799,,0.8219369719258866,both,homogeneous,confounded,0.2,8
econml_DR,cate,1436.3644416053028,-0.009393859329830853,,0.516448539429112,both,homogeneous,confounded,0.2,8
econml_CausalForest,cate,277.846721212259,0.4632976627678405,0.8238888888888889,0.9651392256373073,both,homogeneous,confounded,0.2,8
causalml_T,cate,595.5994470192536,0.2292381235056872,,0.6906899979265726,both,homogeneous,confounded,0.2,8
causalml_X,cate,347.4118282481627,0.2565670673048422,,0.7943234828955105,both,homogeneous,confounded,0.2,8
structural_BTYD,cate,275.45597963303965,-0.4477115365289146,,0.0022352264722273387,both,homogeneous,confounded,0.2,8
conformal_ITE,cate,628.8307947335765,0.12656701239812718,0.955,0.6886248032019625,both,homogeneous,confounded,0.2,8
base_value,baseline,,,,0.9922183647981361,both,homogeneous,confounded,0.2,8
base_risk,baseline,,,,0.0005663108901898459,both,homogeneous,confounded,0.2,8
random,baseline,,,,0.2658642045887948,both,homogeneous,confounded,0.2,8
econml_T,cate,486.10193466534366,-0.015454203611679354,,0.504374077397994,both,homogeneous,confounded,0.2,9
econml_X,cate,425.72313927484345,-0.02300549154544476,,0.469027805833836,both,homogeneous,confounded,0.2,9
econml_DR,cate,1529.1082869966765,0.03914927062046759,,0.6150466660710253,both,homogeneous,confounded,0.2,9
econml_CausalForest,cate,180.13018538530815,-0.016760073225024198,0.7838888888888889,0.6452658024577883,both,homogeneous,confounded,0.2,9
causalml_T,cate,486.10193466534366,-0.015454203611679354,,0.504374077397994,both,homogeneous,confounded,0.2,9
causalml_X,cate,447.86910181144134,-0.07588577087574594,,0.43492024873700935,both,homogeneous,confounded,0.2,9
structural_BTYD,cate,184.64471655076875,-0.09262629084215021,,0.011655252250467329,both,homogeneous,confounded,0.2,9
conformal_ITE,cate,424.96217340940154,-0.0085885513759082,0.9633333333333334,0.6124509262934144,both,homogeneous,confounded,0.2,9
base_value,baseline,,,,0.9864991562384069,both,homogeneous,confounded,0.2,9
base_risk,baseline,,,,6.49537149247443e-05,both,homogeneous,confounded,0.2,9
random,baseline,,,,0.27048419248709016,both,homogeneous,confounded,0.2,9
econml_T,cate,541.766326270036,0.15027597315662608,,0.7012616034460689,both,homogeneous,confounded,0.35,0
econml_X,cate,400.94120944848333,0.1946958709798168,,0.700252888245274,both,homogeneous,confounded,0.35,0
econml_DR,cate,2407.9581821881247,0.12562142492135636,,0.6698972705951629,both,homogeneous,confounded,0.35,0
econml_CausalForest,cate,307.4200351198558,0.6203695824999098,0.685,0.9944335314841212,both,homogeneous,confounded,0.35,0
causalml_T,cate,541.766326270036,0.15027597315662608,,0.7012616034460689,both,homogeneous,confounded,0.35,0
causalml_X,cate,403.15588522547097,0.17315413047249198,,0.6601436977573124,both,homogeneous,confounded,0.35,0
structural_BTYD,cate,309.21757887666763,0.23440115501664863,,0.9107512811685078,both,homogeneous,confounded,0.35,0
conformal_ITE,cate,478.34076874431764,0.24012366750971406,0.97,0.7336678181921197,both,homogeneous,confounded,0.35,0
base_value,baseline,,,,0.9822891314318322,both,homogeneous,confounded,0.35,0
base_risk,baseline,,,,0.0002482156412534352,both,homogeneous,confounded,0.35,0
random,baseline,,,,0.26485178475663823,both,homogeneous,confounded,0.35,0
econml_T,cate,521.1699912095197,0.29597172233486485,,0.8028648613853936,both,homogeneous,confounded,0.35,1
econml_X,cate,387.4354607544864,0.3016051040345654,,0.8358151316761269,both,homogeneous,confounded,0.35,1
econml_DR,cate,2056.1621006353575,0.1683557581832109,,0.6512351266223566,both,homogeneous,confounded,0.35,1
econml_CausalForest,cate,266.3594608784684,0.5926001498870226,0.8427777777777777,0.9892662995948608,both,homogeneous,confounded,0.35,1
causalml_T,cate,521.1699912095197,0.29597172233486485,,0.8028648613853936,both,homogeneous,confounded,0.35,1
causalml_X,cate,383.64415118489256,0.29779065218136036,,0.823806863061262,both,homogeneous,confounded,0.35,1
structural_BTYD,cate,346.6562106735125,0.24378781163807756,,0.9296597815496163,both,homogeneous,confounded,0.35,1
conformal_ITE,cate,463.40347276393584,0.2905534016761544,0.9722222222222222,0.7979657947284599,both,homogeneous,confounded,0.35,1
base_value,baseline,,,,0.9837383225548234,both,homogeneous,confounded,0.35,1
base_risk,baseline,,,,0.00062358007914642,both,homogeneous,confounded,0.35,1
random,baseline,,,,0.3333595431278335,both,homogeneous,confounded,0.35,1
econml_T,cate,516.1570611112528,0.191542359514556,,0.7443259165377244,both,homogeneous,confounded,0.35,2
econml_X,cate,422.4439950594129,0.22669939074882892,,0.812883893535364,both,homogeneous,confounded,0.35,2
econml_DR,cate,1242.4798280615528,0.16965546544813456,,0.6578836502773041,both,homogeneous,confounded,0.35,2
econml_CausalForest,cate,226.67213545800905,0.5650780677315367,0.7744444444444445,0.9920366915856316,both,homogeneous,confounded,0.35,2
causalml_T,cate,516.1570611112528,0.191542359514556,,0.7443259165377244,both,homogeneous,confounded,0.35,2
causalml_X,cate,418.4035730220729,0.2180210334786015,,0.8027654796377947,both,homogeneous,confounded,0.35,2
structural_BTYD,cate,331.5528451480055,0.30747331402873174,,0.9358605916871892,both,homogeneous,confounded,0.35,2
conformal_ITE,cate,589.8375321025766,0.3038531436321605,0.9511111111111111,0.7914914476838608,both,homogeneous,confounded,0.35,2
base_value,baseline,,,,0.991234048042473,both,homogeneous,confounded,0.35,2
base_risk,baseline,,,,0.00017003171543284972,both,homogeneous,confounded,0.35,2
random,baseline,,,,0.32970608704232207,both,homogeneous,confounded,0.35,2
econml_T,cate,400.2693298951804,0.23928870545143308,,0.7616025063740038,both,homogeneous,confounded,0.35,3
econml_X,cate,329.3420643596416,0.218699370282512,,0.775531050301372,both,homogeneous,confounded,0.35,3
econml_DR,cate,1873.771265150257,0.11182443987986235,,0.6766160860987241,both,homogeneous,confounded,0.35,3
econml_CausalForest,cate,217.6296063633509,0.5883711402998674,0.8311111111111111,0.9915383818552193,both,homogeneous,confounded,0.35,3
causalml_T,cate,400.2693298951804,0.23928870545143308,,0.7616025063740038,both,homogeneous,confounded,0.35,3
causalml_X,cate,325.3481068442517,0.22885360900250698,,0.7742709633857705,both,homogeneous,confounded,0.35,3
structural_BTYD,cate,262.62040606261746,0.23104719796092704,,0.9024095167457998,both,homogeneous,confounded,0.35,3
conformal_ITE,cate,377.70825151637047,0.30159037243932035,0.9533333333333334,0.7794553872430946,both,homogeneous,confounded,0.35,3
base_value,baseline,,,,0.9904907911178097,both,homogeneous,confounded,0.35,3
base_risk,baseline,,,,0.00011552390188267482,both,homogeneous,confounded,0.35,3
random,baseline,,,,0.42112812953887874,both,homogeneous,confounded,0.35,3
econml_T,cate,616.1864133693213,0.2540734943302263,,0.7217012449925334,both,homogeneous,confounded,0.35,4
econml_X,cate,443.2670968100412,0.30067851590136835,,0.8128475603483113,both,homogeneous,confounded,0.35,4
econml_DR,cate,1377.9348830790163,0.05347768505604912,,0.5990477167375826,both,homogeneous,confounded,0.35,4
econml_CausalForest,cate,218.6033068823536,0.6148400802749416,0.8094444444444444,0.9954202517409029,both,homogeneous,confounded,0.35,4
causalml_T,cate,616.1864133693213,0.2540734943302263,,0.7217012449925334,both,homogeneous,confounded,0.35,4
causalml_X,cate,438.0949069386935,0.28378886776010565,,0.7910066727086283,both,homogeneous,confounded,0.35,4
structural_BTYD,cate,299.59982189635355,0.3386250469887547,,0.9409484214791842,both,homogeneous,confounded,0.35,4
conformal_ITE,cate,581.5658798901218,0.2527718936654252,0.9616666666666667,0.7930764859197932,both,homogeneous,confounded,0.35,4
base_value,baseline,,,,0.983117737334695,both,homogeneous,confounded,0.35,4
base_risk,baseline,,,,0.000651760041349219,both,homogeneous,confounded,0.35,4
random,baseline,,,,0.272857691223056,both,homogeneous,confounded,0.35,4
econml_T,cate,618.7876293314785,0.3298017915763234,,0.811713565726018,both,homogeneous,confounded,0.35,5
econml_X,cate,429.2252643290244,0.383830067973782,,0.9099078734275534,both,homogeneous,confounded,0.35,5
econml_DR,cate,1720.3239958667764,0.03891345794983335,,0.558465556457048,both,homogeneous,confounded,0.35,5
econml_CausalForest,cate,264.55792560953756,0.5963792663160177,0.7116666666666667,0.9949291847829753,both,homogeneous,confounded,0.35,5
causalml_T,cate,618.7876293314785,0.3298017915763234,,0.811713565726018,both,homogeneous,confounded,0.35,5
causalml_X,cate,418.9464688997101,0.3928999984639029,,0.9161423403350131,both,homogeneous,confounded,0.35,5
structural_BTYD,cate,345.86813331805826,0.3305650425155737,,0.9428708938752741,both,homogeneous,confounded,0.35,5
conformal_ITE,cate,750.2824922277673,0.3649267150905828,0.935,0.8043538200382917,both,homogeneous,confounded,0.35,5
base_value,baseline,,,,0.9872355325414913,both,homogeneous,confounded,0.35,5
base_risk,baseline,,,,0.0014451145580020473,both,homogeneous,confounded,0.35,5
random,baseline,,,,0.27833766228732004,both,homogeneous,confounded,0.35,5
econml_T,cate,523.6596373617648,0.3362512671546643,,0.7850647895720791,both,homogeneous,confounded,0.35,6
econml_X,cate,395.8110633314186,0.38170695666030974,,0.8926075969386466,both,homogeneous,confounded,0.35,6
econml_DR,cate,1810.6388975080638,0.1480123342561765,,0.6759603726120564,both,homogeneous,confounded,0.35,6
econml_CausalForest,cate,303.9608008111047,0.6200835967007291,0.8038888888888889,0.9939088350062603,both,homogeneous,confounded,0.35,6
causalml_T,cate,523.6596373617648,0.3362512671546643,,0.7850647895720791,both,homogeneous,confounded,0.35,6
causalml_X,cate,391.79868596119064,0.3848678558279477,,0.9006168286115726,both,homogeneous,confounded,0.35,6
structural_BTYD,cate,397.3225696229823,0.3053419196179555,,0.9392412456515626,both,homogeneous,confounded,0.35,6
conformal_ITE,cate,581.9542245711635,0.27808794449210306,0.9605555555555556,0.6965884809838037,both,homogeneous,confounded,0.35,6
base_value,baseline,,,,0.9929997211651266,both,homogeneous,confounded,0.35,6
base_risk,baseline,,,,0.0002416331584418718,both,homogeneous,confounded,0.35,6
random,baseline,,,,0.29255358000240106,both,homogeneous,confounded,0.35,6
econml_T,cate,595.5385423976347,0.24974581021459863,,0.7517589175635907,both,homogeneous,confounded,0.35,7
econml_X,cate,444.19338177058376,0.27410678199622907,,0.8160781652479748,both,homogeneous,confounded,0.35,7
econml_DR,cate,2076.5597553872058,0.07303009427556746,,0.5810407600235311,both,homogeneous,confounded,0.35,7
econml_CausalForest,cate,269.1130089312713,0.5601601418294705,0.8288888888888889,0.9892295882408663,both,homogeneous,confounded,0.35,7
causalml_T,cate,595.5385423976347,0.24974581021459863,,0.7517589175635907,both,homogeneous,confounded,0.35,7
causalml_X,cate,440.75409706615517,0.25921074475992684,,0.7585479383109648,both,homogeneous,confounded,0.35,7
structural_BTYD,cate,353.72489176730033,0.2744731550109252,,0.9305281728276075,both,homogeneous,confounded,0.35,7
conformal_ITE,cate,625.6766193761196,0.2449566331910164,0.9533333333333334,0.8088252145947035,both,homogeneous,confounded,0.35,7
base_value,baseline,,,,0.9915102127269055,both,homogeneous,confounded,0.35,7
base_risk,baseline,,,,0.002151406382964951,both,homogeneous,confounded,0.35,7
random,baseline,,,,0.30656602465379956,both,homogeneous,confounded,0.35,7
econml_T,cate,447.88618924607067,0.3062986760843538,,0.7323935498062114,both,homogeneous,confounded,0.35,8
econml_X,cate,456.62427790417917,0.2620481981544715,,0.6542428479221513,both,homogeneous,confounded,0.35,8
econml_DR,cate,1329.9099717899883,0.09264506900590438,,0.6480530783725833,both,homogeneous,confounded,0.35,8
econml_CausalForest,cate,259.3805474539107,0.5478637089324796,0.7816666666666666,0.9859063108982978,both,homogeneous,confounded,0.35,8
causalml_T,cate,447.88618924607067,0.3062986760843538,,0.7323935498062114,both,homogeneous,confounded,0.35,8
causalml_X,cate,461.95361335164444,0.2665959275041859,,0.6575349745117466,both,homogeneous,confounded,0.35,8
structural_BTYD,cate,358.33066860285277,0.27587179386334304,,0.9216107972883995,both,homogeneous,confounded,0.35,8
conformal_ITE,cate,508.93762760995014,0.22189261253738032,0.9588888888888889,0.7327274738316548,both,homogeneous,confounded,0.35,8
base_value,baseline,,,,0.9921359030455615,both,homogeneous,confounded,0.35,8
base_risk,baseline,,,,0.0005774602894888255,both,homogeneous,confounded,0.35,8
random,baseline,,,,0.2902253396182947,both,homogeneous,confounded,0.35,8
econml_T,cate,571.6079696028676,0.07253237612016603,,0.5934317573745923,both,homogeneous,confounded,0.35,9
econml_X,cate,469.78322543820724,0.12112241263726523,,0.6228810277021919,both,homogeneous,confounded,0.35,9
econml_DR,cate,3014.268937318015,0.004222323460918921,,0.5270305246521173,both,homogeneous,confounded,0.35,9
econml_CausalForest,cate,262.45524792445394,0.2364407258807197,0.8211111111111111,0.8938432952445579,both,homogeneous,confounded,0.35,9
causalml_T,cate,571.6079696028676,0.07253237612016603,,0.5934317573745923,both,homogeneous,confounded,0.35,9
causalml_X,cate,493.5449074664529,0.10523187044624073,,0.59525667420605,both,homogeneous,confounded,0.35,9
structural_BTYD,cate,265.8494208562904,0.27395842937940995,,0.928608177820884,both,homogeneous,confounded,0.35,9
conformal_ITE,cate,567.0031138181365,0.08328883306017956,0.9505555555555556,0.6615386112055309,both,homogeneous,confounded,0.35,9
base_value,baseline,,,,0.9864779253525919,both,homogeneous,confounded,0.35,9
base_risk,baseline,,,,6.662975387520053e-05,both,homogeneous,confounded,0.35,9
random,baseline,,,,0.2244491060721298,both,homogeneous,confounded,0.35,9
econml_T,cate,838.8491182211415,0.2502249661208294,,0.7701759966203546,both,homogeneous,confounded,0.5,0
econml_X,cate,429.54220422221647,0.31484068508232627,,0.8690977505795429,both,homogeneous,confounded,0.5,0
econml_DR,cate,6895.702828023105,0.10240800169214584,,0.6658619925025301,both,homogeneous,confounded,0.5,0
econml_CausalForest,cate,374.84995702707465,0.5959177537104133,0.6922222222222222,0.9942396173631487,both,homogeneous,confounded,0.5,0
causalml_T,cate,838.8491182211415,0.2502249661208294,,0.7701759966203546,both,homogeneous,confounded,0.5,0
causalml_X,cate,426.5057339470783,0.3135696691377181,,0.868733897353179,both,homogeneous,confounded,0.5,0
structural_BTYD,cate,411.1786516452671,0.23439655768466824,,0.9104173115886603,both,homogeneous,confounded,0.5,0
conformal_ITE,cate,773.674984796896,0.30340211782419846,0.9622222222222222,0.7394348803513721,both,homogeneous,confounded,0.5,0
base_value,baseline,,,,0.9821502866288764,both,homogeneous,confounded,0.5,0
base_risk,baseline,,,,0.00024522943442732465,both,homogeneous,confounded,0.5,0
random,baseline,,,,0.2870002449466256,both,homogeneous,confounded,0.5,0
econml_T,cate,671.6241843563912,0.29011297575436285,,0.810651408310527,both,homogeneous,confounded,0.5,1
econml_X,cate,516.7264384111367,0.2680500664262877,,0.8142941045139755,both,homogeneous,confounded,0.5,1
econml_DR,cate,2743.8328368163584,0.1152642001968202,,0.606902770679273,both,homogeneous,confounded,0.5,1
econml_CausalForest,cate,400.4963502673136,0.5357417416641834,0.8361111111111111,0.986129580130086,both,homogeneous,confounded,0.5,1
causalml_T,cate,671.6241843563912,0.29011297575436285,,0.810651408310527,both,homogeneous,confounded,0.5,1
causalml_X,cate,519.0150113194024,0.2537239204402264,,0.8067510960401503,both,homogeneous,confounded,0.5,1
structural_BTYD,cate,470.1278245969141,0.24394782338480228,,0.9294507375341954,both,homogeneous,confounded,0.5,1
conformal_ITE,cate,696.2621006428454,0.27530368668914007,0.9622222222222222,0.7946209131407558,both,homogeneous,confounded,0.5,1
base_value,baseline,,,,0.983931101070098,both,homogeneous,confounded,0.5,1
base_risk,baseline,,,,0.0006173539903471814,both,homogeneous,confounded,0.5,1
random,baseline,,,,0.27504352191513937,both,homogeneous,confounded,0.5,1
econml_T,cate,531.2011194551883,0.33545141128815886,,0.8487495533697823,both,homogeneous,confounded,0.5,2
econml_X,cate,480.1031102235214,0.28889671938071926,,0.8270695049481689,both,homogeneous,confounded,0.5,2
econml_DR,cate,3865.1127478163603,0.050457961290690655,,0.6546070347891673,both,homogeneous,confounded,0.5,2
econml_CausalForest,cate,350.09347597709393,0.5691687968473991,0.805,0.9916898007456578,both,homogeneous,confounded,0.5,2
causalml_T,cate,531.2011194551883,0.33545141128815886,,0.8487495533697823,both,homogeneous,confounded,0.5,2
causalml_X,cate,481.1462311141028,0.29359032305254495,,0.8446227895477387,both,homogeneous,confounded,0.5,2
structural_BTYD,cate,451.0078164203507,0.30750631043139126,,0.9358848608852206,both,homogeneous,confounded,0.5,2
conformal_ITE,cate,675.3038064523096,0.38498578947471174,0.9394444444444444,0.853333249961912,both,homogeneous,confounded,0.5,2
base_value,baseline,,,,0.9912596340035172,both,homogeneous,confounded,0.5,2
base_risk,baseline,,,,0.00016552363841934923,both,homogeneous,confounded,0.5,2
random,baseline,,,,0.29992732087180135,both,homogeneous,confounded,0.5,2
econml_T,cate,715.8147295755151,0.27493592997357763,,0.8239052944380916,both,homogeneous,confounded,0.5,3
econml_X,cate,562.293596570657,0.2711903782274519,,0.8590631945409399,both,homogeneous,confounded,0.5,3
econml_DR,cate,1674.5450546407237,0.11495720276333966,,0.676833663893695,both,homogeneous,confounded,0.5,3
econml_CausalForest,cate,308.54107289507084,0.583240045638291,0.7555555555555555,0.9922684027926201,both,homogeneous,confounded,0.5,3
causalml_T,cate,715.8147295755151,0.27493592997357763,,0.8239052944380916,both,homogeneous,confounded,0.5,3
causalml_X,cate,545.6074404770553,0.2607264725644269,,0.8466964790307225,both,homogeneous,confounded,0.5,3
structural_BTYD,cate,348.2840107967451,0.2309651881430635,,0.9026656497607414,both,homogeneous,confounded,0.5,3
conformal_ITE,cate,606.7229352725992,0.2914969548857184,0.9416666666666667,0.8125185259422094,both,homogeneous,confounded,0.5,3
base_value,baseline,,,,0.990494577464115,both,homogeneous,confounded,0.5,3
base_risk,baseline,,,,0.00011380328353304026,both,homogeneous,confounded,0.5,3
random,baseline,,,,0.3360143610242196,both,homogeneous,confounded,0.5,3
econml_T,cate,616.578616146606,0.35189523270776857,,0.8131032603151764,both,homogeneous,confounded,0.5,4
econml_X,cate,479.5436988164061,0.36668451864526863,,0.8371793715379859,both,homogeneous,confounded,0.5,4
econml_DR,cate,1641.6776561493784,0.16947110107357888,,0.6032496800970605,both,homogeneous,confounded,0.5,4
econml_CausalForest,cate,344.3254466996888,0.629033446288245,0.7844444444444445,0.9954244395689291,both,homogeneous,confounded,0.5,4
causalml_T,cate,616.578616146606,0.35189523270776857,,0.8131032603151764,both,homogeneous,confounded,0.5,4
causalml_X,cate,468.5981735020386,0.36906234232257584,,0.8438753968431254,both,homogeneous,confounded,0.5,4
structural_BTYD,cate,408.8485538965276,0.3386144539737675,,0.94084139126014,both,homogeneous,confounded,0.5,4
conformal_ITE,cate,724.9072671508151,0.33167422665996477,0.9477777777777778,0.8371487693052854,both,homogeneous,confounded,0.5,4
base_value,baseline,,,,0.9833400809504367,both,homogeneous,confounded,0.5,4
base_risk,baseline,,,,0.000652818386374093,both,homogeneous,confounded,0.5,4
random,baseline,,,,0.3425130722448688,both,homogeneous,confounded,0.5,4
econml_T,cate,730.3299379714474,0.4019352585859382,,0.8677420522799564,both,homogeneous,confounded,0.5,5
econml_X,cate,450.363858728135,0.44920189196864335,,0.9501610303280411,both,homogeneous,confounded,0.5,5
econml_DR,cate,1843.2681859674647,0.17096150172030417,,0.5886983479632619,both,homogeneous,confounded,0.5,5
econml_CausalForest,cate,392.89355174056556,0.6027017543282036,0.7005555555555556,0.9952801141797365,both,homogeneous,confounded,0.5,5
causalml_T,cate,730.3299379714474,0.4019352585859382,,0.8677420522799564,both,homogeneous,confounded,0.5,5
causalml_X,cate,449.95914312873714,0.45544553703067897,,0.9509416645797664,both,homogeneous,confounded,0.5,5
structural_BTYD,cate,457.374516610386,0.33042593555170435,,0.9429462523483412,both,homogeneous,confounded,0.5,5
conformal_ITE,cate,884.9808240462265,0.3974185233789603,0.9416666666666667,0.8327564539111398,both,homogeneous,confounded,0.5,5
base_value,baseline,,,,0.9874959906228906,both,homogeneous,confounded,0.5,5
base_risk,baseline,,,,0.001396847750589641,both,homogeneous,confounded,0.5,5
random,baseline,,,,0.3079132678273981,both,homogeneous,confounded,0.5,5
econml_T,cate,570.6250115770667,0.3116535235886898,,0.8059047451389253,both,homogeneous,confounded,0.5,6
econml_X,cate,525.827159253543,0.3762727695772193,,0.8657544055614571,both,homogeneous,confounded,0.5,6
econml_DR,cate,2459.183145495584,0.0964065347099187,,0.6574033301105835,both,homogeneous,confounded,0.5,6
econml_CausalForest,cate,444.6686302748465,0.6363502777601882,0.785,0.9945686195279536,both,homogeneous,confounded,0.5,6
causalml_T,cate,570.6250115770667,0.3116535235886898,,0.8059047451389253,both,homogeneous,confounded,0.5,6
causalml_X,cate,521.8151812055619,0.38561179035531334,,0.8776812446514772,both,homogeneous,confounded,0.5,6
structural_BTYD,cate,532.1077296956126,0.305436201622559,,0.9389109115642201,both,homogeneous,confounded,0.5,6
conformal_ITE,cate,594.0241840584029,0.3636514697526464,0.9494444444444444,0.8198238259844299,both,homogeneous,confounded,0.5,6
base_value,baseline,,,,0.9930073277663664,both,homogeneous,confounded,0.5,6
base_risk,baseline,,,,0.0002382757360586579,both,homogeneous,confounded,0.5,6
random,baseline,,,,0.39364219696926206,both,homogeneous,confounded,0.5,6
econml_T,cate,631.7459662185589,0.3647915772436244,,0.8483233889168124,both,homogeneous,confounded,0.5,7
econml_X,cate,450.20000584122994,0.43122685338679684,,0.8970294338930644,both,homogeneous,confounded,0.5,7
econml_DR,cate,3300.7681968692355,0.06952912383095963,,0.43759679499770165,both,homogeneous,confounded,0.5,7
econml_CausalForest,cate,380.1428508064677,0.5957952518951612,0.7638888888888888,0.9904885915823328,both,homogeneous,confounded,0.5,7
causalml_T,cate,631.7459662185589,0.3647915772436244,,0.8483233889168124,both,homogeneous,confounded,0.5,7
causalml_X,cate,451.012799845113,0.42832346218424217,,0.9003866417828518,both,homogeneous,confounded,0.5,7
structural_BTYD,cate,466.03033525033953,0.2744751182490606,,0.9302503107695362,both,homogeneous,confounded,0.5,7
conformal_ITE,cate,735.877269007816,0.3666315417918634,0.945,0.8588146018955919,both,homogeneous,confounded,0.5,7
base_value,baseline,,,,0.9914898891490811,both,homogeneous,confounded,0.5,7
base_risk,baseline,,,,0.0021642385049250035,both,homogeneous,confounded,0.5,7
random,baseline,,,,0.3113664326019959,both,homogeneous,confounded,0.5,7
econml_T,cate,633.4034644798705,0.30037087090594305,,0.7844209864909956,both,homogeneous,confounded,0.5,8
econml_X,cate,501.79369574731373,0.3535866805848633,,0.8526013266718517,both,homogeneous,confounded,0.5,8
econml_DR,cate,1629.9615122365526,0.09077813883174747,,0.6585976938763253,both,homogeneous,confounded,0.5,8
econml_CausalForest,cate,356.56198183699433,0.49914090258090477,0.78,0.9766109458858223,both,homogeneous,confounded,0.5,8
causalml_T,cate,633.4034644798705,0.30037087090594305,,0.7844209864909956,both,homogeneous,confounded,0.5,8
causalml_X,cate,497.39569388914776,0.34021846226068453,,0.8399744436503725,both,homogeneous,confounded,0.5,8
structural_BTYD,cate,460.9175167477007,0.2759507544068375,,0.9216389038682309,both,homogeneous,confounded,0.5,8
conformal_ITE,cate,651.3651564621875,0.20241075813040463,0.9522222222222222,0.762481491734875,both,homogeneous,confounded,0.5,8
base_value,baseline,,,,0.9920365554214318,both,homogeneous,confounded,0.5,8
base_risk,baseline,,,,0.0005892789150808323,both,homogeneous,confounded,0.5,8
random,baseline,,,,0.32788941838541336,both,homogeneous,confounded,0.5,8
econml_T,cate,739.8553539809815,0.16907291181438935,,0.7016628383905236,both,homogeneous,confounded,0.5,9
econml_X,cate,445.3493950760435,0.22166433614754935,,0.7925604174459379,both,homogeneous,confounded,0.5,9
econml_DR,cate,1612.315358977309,-0.06299517283487077,,0.5500554177929872,both,homogeneous,confounded,0.5,9
econml_CausalForest,cate,327.6798110460536,0.3358322617245567,0.8122222222222222,0.9289430999621471,both,homogeneous,confounded,0.5,9
causalml_T,cate,739.8553539809815,0.16907291181438935,,0.7016628383905236,both,homogeneous,confounded,0.5,9
causalml_X,cate,462.165801448851,0.18099097240268347,,0.7474408535536897,both,homogeneous,confounded,0.5,9
structural_BTYD,cate,346.76733504175695,0.2740528755198093,,0.9284967540139444,both,homogeneous,confounded,0.5,9
conformal_ITE,cate,559.1446122618609,0.09745397543753259,0.9588888888888889,0.7245566928093449,both,homogeneous,confounded,0.5,9
base_value,baseline,,,,0.9864335544545119,both,homogeneous,confounded,0.5,9
base_risk,baseline,,,,6.841664355227185e-05,both,homogeneous,confounded,0.5,9
random,baseline,,,,0.26930758817218486,both,homogeneous,confounded,0.5,9
econml_T,cate,637.6446027663636,0.318034300895037,,0.8508696387489515,both,homogeneous,confounded,0.65,0
econml_X,cate,570.7521629719349,0.4067054279011385,,0.9172743581483421,both,homogeneous,confounded,0.65,0
econml_DR,cate,1902.679437293468,0.275293995331967,,0.7219034147864941,both,homogeneous,confounded,0.65,0
econml_CausalForest,cate,503.01461992041783,0.5967881310931289,0.6894444444444444,0.9939469063118646,both,homogeneous,confounded,0.65,0
causalml_T,cate,637.6446027663636,0.318034300895037,,0.8508696387489515,both,homogeneous,confounded,0.65,0
causalml_X,cate,558.7144115667144,0.41044352925518024,,0.9143366877821653,both,homogeneous,confounded,0.65,0
structural_BTYD,cate,531.389694265524,0.23427821134416005,,0.9100728347044178,both,homogeneous,confounded,0.65,0
conformal_ITE,cate,818.5537971235412,0.35801045493429695,0.9605555555555556,0.839683575844988,both,homogeneous,confounded,0.65,0
base_value,baseline,,,,0.9819930393449845,both,homogeneous,confounded,0.65,0
base_risk,baseline,,,,0.00024189147937791954,both,homogeneous,confounded,0.65,0
random,baseline,,,,0.2956291267647845,both,homogeneous,confounded,0.65,0
econml_T,cate,723.6736012801113,0.3744992487059282,,0.8723112746100918,both,homogeneous,confounded,0.65,1
econml_X,cate,588.4384906483807,0.356108355808355,,0.8806366225843412,both,homogeneous,confounded,0.65,1
econml_DR,cate,3269.7697586228114,0.1097377760689928,,0.6581093069725479,both,homogeneous,confounded,0.65,1
econml_CausalForest,cate,534.900294459406,0.5332622479130431,0.8288888888888889,0.9860531860005469,both,homogeneous,confounded,0.65,1
causalml_T,cate,723.6736012801113,0.3744992487059282,,0.8723112746100918,both,homogeneous,confounded,0.65,1
causalml_X,cate,601.8077217416529,0.3401176224347745,,0.8630370766639694,both,homogeneous,confounded,0.65,1
structural_BTYD,cate,606.2593878179312,0.24393765881428223,,0.9292397207337025,both,homogeneous,confounded,0.65,1
conformal_ITE,cate,713.9821194046281,0.4637824776895005,0.9683333333333334,0.9212842362407156,both,homogeneous,confounded,0.65,1
base_value,baseline,,,,0.9841146425333368,both,homogeneous,confounded,0.65,1
base_risk,baseline,,,,0.0006102966370053119,both,homogeneous,confounded,0.65,1
random,baseline,,,,0.2939652281042165,both,homogeneous,confounded,0.65,1
econml_T,cate,669.3592918994577,0.395062172490193,,0.8467836030006843,both,homogeneous,confounded,0.65,2
econml_X,cate,576.0006150936713,0.4156133711482873,,0.910210777706532,both,homogeneous,confounded,0.65,2
econml_DR,cate,6475.356812613642,0.19646181377403135,,0.6527111131430866,both,homogeneous,confounded,0.65,2
econml_CausalForest,cate,496.45975711604945,0.5837973896900844,0.7905555555555556,0.9920667346879783,both,homogeneous,confounded,0.65,2
causalml_T,cate,669.3592918994577,0.395062172490193,,0.8467836030006843,both,homogeneous,confounded,0.65,2
causalml_X,cate,570.5800436228478,0.4062526588464637,,0.9082504068245351,both,homogeneous,confounded,0.65,2
structural_BTYD,cate,591.0336732452901,0.3075016311383641,,0.9359659740394054,both,homogeneous,confounded,0.65,2
conformal_ITE,cate,838.2160056136842,0.37322914035028215,0.9427777777777778,0.8964128766764359,both,homogeneous,confounded,0.65,2
base_value,baseline,,,,0.9912965992346737,both,homogeneous,confounded,0.65,2
base_risk,baseline,,,,0.00016074570386612007,both,homogeneous,confounded,0.65,2
random,baseline,,,,0.3461926863728535,both,homogeneous,confounded,0.65,2
econml_T,cate,640.241774398925,0.320575910641951,,0.8348236722130431,both,homogeneous,confounded,0.65,3
econml_X,cate,466.6194220467601,0.32883003381860315,,0.8656051116372931,both,homogeneous,confounded,0.65,3
econml_DR,cate,5212.312512879622,0.11958774488134434,,0.6575445126570846,both,homogeneous,confounded,0.65,3
econml_CausalForest,cate,363.01022727120534,0.5985328561544556,0.7733333333333333,0.9923540707766996,both,homogeneous,confounded,0.65,3
causalml_T,cate,640.241774398925,0.320575910641951,,0.8348236722130431,both,homogeneous,confounded,0.65,3
causalml_X,cate,462.2896630885117,0.32158909237388994,,0.8628071342389168,both,homogeneous,confounded,0.65,3
structural_BTYD,cate,463.65503465684674,0.23103745800506756,,0.9029203304086217,both,homogeneous,confounded,0.65,3
conformal_ITE,cate,711.6325410043936,0.27741533050107836,0.93,0.7774688165110678,both,homogeneous,confounded,0.65,3
base_value,baseline,,,,0.9904961922858881,both,homogeneous,confounded,0.65,3
base_risk,baseline,,,,0.00011187963632593642,both,homogeneous,confounded,0.65,3
random,baseline,,,,0.3403310846011618,both,homogeneous,confounded,0.65,3
econml_T,cate,630.0486748934164,0.4992816345229771,,0.9255421191976195,both,homogeneous,confounded,0.65,4
econml_X,cate,556.1232909662381,0.5150988289826871,,0.950442787249574,both,homogeneous,confounded,0.65,4
econml_DR,cate,2957.777310782134,0.2259100940180575,,0.7139005276386496,both,homogeneous,confounded,0.65,4
econml_CausalForest,cate,456.6355887913052,0.6245452533981017,0.7272222222222222,0.9960906485282395,both,homogeneous,confounded,0.65,4
causalml_T,cate,630.0486748934164,0.4992816345229771,,0.9255421191976195,both,homogeneous,confounded,0.65,4
causalml_X,cate,539.8337070001473,0.521867347349005,,0.950168469240176,both,homogeneous,confounded,0.65,4
structural_BTYD,cate,527.9704374931323,0.3385627635055128,,0.9407232522772133,both,homogeneous,confounded,0.65,4
conformal_ITE,cate,724.2235105182158,0.4669138728906467,0.9433333333333334,0.8925499002854032,both,homogeneous,confounded,0.65,4
base_value,baseline,,,,0.9835815624089851,both,homogeneous,confounded,0.65,4
base_risk,baseline,,,,0.0006528753048378913,both,homogeneous,confounded,0.65,4
random,baseline,,,,0.350240953414566,both,homogeneous,confounded,0.65,4
econml_T,cate,966.7424356674745,0.37715947513702924,,0.8432593402748746,both,homogeneous,confounded,0.65,5
econml_X,cate,626.3392888177639,0.4441456900557752,,0.9388015921217078,both,homogeneous,confounded,0.65,5
econml_DR,cate,1617.6069982029696,0.14370659301798436,,0.7106915691422043,both,homogeneous,confounded,0.65,5
econml_CausalForest,cate,491.5564520463557,0.5997213621932809,0.7238888888888889,0.9953803305375649,both,homogeneous,confounded,0.65,5
causalml_T,cate,966.7424356674745,0.37715947513702924,,0.8432593402748746,both,homogeneous,confounded,0.65,5
causalml_X,cate,622.6288029242559,0.4430611962823324,,0.9303834481541332,both,homogeneous,confounded,0.65,5
structural_BTYD,cate,584.0469876613686,0.33030495029301377,,0.9430272192920119,both,homogeneous,confounded,0.65,5
conformal_ITE,cate,891.5509044052792,0.4863996986718718,0.9427777777777778,0.8811177750084082,both,homogeneous,confounded,0.65,5
base_value,baseline,,,,0.9877768589788037,both,homogeneous,confounded,0.65,5
base_risk,baseline,,,,0.0013466198421913716,both,homogeneous,confounded,0.65,5
random,baseline,,,,0.27144293557504023,both,homogeneous,confounded,0.65,5
econml_T,cate,797.8941743891387,0.37187571482384035,,0.8503032680673045,both,homogeneous,confounded,0.65,6
econml_X,cate,643.5322212176499,0.4152053255889039,,0.9132685994389128,both,homogeneous,confounded,0.65,6
econml_DR,cate,3074.9623850053986,0.1142929037734549,,0.6165340763083005,both,homogeneous,confounded,0.65,6
econml_CausalForest,cate,574.2743968977998,0.6202216004400327,0.7372222222222222,0.9957337492776182,both,homogeneous,confounded,0.65,6
causalml_T,cate,797.8941743891387,0.37187571482384035,,0.8503032680673045,both,homogeneous,confounded,0.65,6
causalml_X,cate,639.9380242647696,0.41747318681066187,,0.9205089348593894,both,homogeneous,confounded,0.65,6
structural_BTYD,cate,676.1849131957933,0.30538574303970367,,0.9385200546506698,both,homogeneous,confounded,0.65,6
conformal_ITE,cate,752.4919956174423,0.3951471633346795,0.9444444444444444,0.8453530045482679,both,homogeneous,confounded,0.65,6
base_value,baseline,,,,0.9930177801532555,both,homogeneous,confounded,0.65,6
base_risk,baseline,,,,0.00023455163700228309,both,homogeneous,confounded,0.65,6
random,baseline,,,,0.3515149670411942,both,homogeneous,confounded,0.65,6
econml_T,cate,685.3256441976218,0.357397115479929,,0.8504126840901777,both,homogeneous,confounded,0.65,7
econml_X,cate,597.2142259564112,0.40280221128023114,,0.8947017325810641,both,homogeneous,confounded,0.65,7
econml_DR,cate,3201.523605677824,0.14719978148682114,,0.7228401834943943,both,homogeneous,confounded,0.65,7
econml_CausalForest,cate,510.18661136531784,0.5718269194017735,0.6922222222222222,0.9897010847737697,both,homogeneous,confounded,0.65,7
causalml_T,cate,685.3256441976218,0.357397115479929,,0.8504126840901777,both,homogeneous,confounded,0.65,7
causalml_X,cate,589.7188937787007,0.3843640275001982,,0.8814462474209106,both,homogeneous,confounded,0.65,7
structural_BTYD,cate,568.1158569895632,0.27441099831413385,,0.9299456912230956,both,homogeneous,confounded,0.65,7
conformal_ITE,cate,772.5622529522133,0.45279704571624885,0.9394444444444444,0.9236649441356233,both,homogeneous,confounded,0.65,7
base_value,baseline,,,,0.9914614694144633,both,homogeneous,confounded,0.65,7
base_risk,baseline,,,,0.002181870702240875,both,homogeneous,confounded,0.65,7
random,baseline,,,,0.27612585564479747,both,homogeneous,confounded,0.65,7
econml_T,cate,706.6211490277634,0.3214503714588491,,0.8349371788845887,both,homogeneous,confounded,0.65,8
econml_X,cate,626.6936765601041,0.3285068242917447,,0.8861204835781326,both,homogeneous,confounded,0.65,8
econml_DR,cate,2112.741204212794,0.08186214151125332,,0.6459742265815095,both,homogeneous,confounded,0.65,8
econml_CausalForest,cate,491.3541859064384,0.5678324670091122,0.795,0.9897125605178412,both,homogeneous,confounded,0.65,8
causalml_T,cate,706.6211490277634,0.3214503714588491,,0.8349371788845887,both,homogeneous,confounded,0.65,8
causalml_X,cate,644.7776023538881,0.32254078343522224,,0.855675368042382,both,homogeneous,confounded,0.65,8
structural_BTYD,cate,575.309827291736,0.2760022839739963,,0.9216285512830333,both,homogeneous,confounded,0.65,8
conformal_ITE,cate,764.8339838636756,0.29200558026275975,0.9605555555555556,0.8147329876578102,both,homogeneous,confounded,0.65,8
base_value,baseline,,,,0.9919149337768994,both,homogeneous,confounded,0.65,8
base_risk,baseline,,,,0.0006018017403983579,both,homogeneous,confounded,0.65,8
random,baseline,,,,0.3317361710175762,both,homogeneous,confounded,0.65,8
econml_T,cate,639.4960739185483,0.2908557959123957,,0.7748343110403019,both,homogeneous,confounded,0.65,9
econml_X,cate,459.8146471337125,0.34563213383055463,,0.894827020022936,both,homogeneous,confounded,0.65,9
econml_DR,cate,3689.6085047469182,0.12298783652542171,,0.5943714648470392,both,homogeneous,confounded,0.65,9
econml_CausalForest,cate,403.37148222381904,0.47654437570330294,0.7744444444444445,0.9672251346922346,both,homogeneous,confounded,0.65,9
causalml_T,cate,639.4960739185483,0.2908557959123957,,0.7748343110403019,both,homogeneous,confounded,0.65,9
causalml_X,cate,474.8251096108333,0.32383210118206457,,0.8807411332825335,both,homogeneous,confounded,0.65,9
structural_BTYD,cate,450.5701386767151,0.27402931668097236,,0.9283533411495574,both,homogeneous,confounded,0.65,9
conformal_ITE,cate,714.30336047633,0.2435602484688054,0.9527777777777777,0.768774910468935,both,homogeneous,confounded,0.65,9
base_value,baseline,,,,0.9863520934209601,both,homogeneous,confounded,0.65,9
base_risk,baseline,,,,7.028984565361027e-05,both,homogeneous,confounded,0.65,9
random,baseline,,,,0.3049537069262126,both,homogeneous,confounded,0.65,9
econml_T,cate,528.7437413408932,0.14513864546575364,,0.6592303098709047,both,heterogeneous,randomized,0.2,0
econml_X,cate,424.44174375660685,0.197623414924504,,0.7453605702614546,both,heterogeneous,randomized,0.2,0
econml_DR,cate,1106.1868694188681,0.2622856929763184,,0.7069880871393217,both,heterogeneous,randomized,0.2,0
econml_CausalForest,cate,199.158570008124,0.6250123883282983,0.8477777777777777,0.9901923494410958,both,heterogeneous,randomized,0.2,0
causalml_T,cate,528.7437413408932,0.14513864546575364,,0.6592303098709047,both,heterogeneous,randomized,0.2,0
causalml_X,cate,433.41298819567936,0.18805981619684117,,0.7206217036609404,both,heterogeneous,randomized,0.2,0
structural_BTYD,cate,252.57393626833098,0.4635425912650152,,0.9545764563849786,both,heterogeneous,randomized,0.2,0
conformal_ITE,cate,621.8088576861368,0.23761590964221901,0.9594444444444444,0.7444889683935269,both,heterogeneous,randomized,0.2,0
base_value,baseline,,,,0.994780245740249,both,heterogeneous,randomized,0.2,0
base_risk,baseline,,,,3.2873152505719975e-05,both,heterogeneous,randomized,0.2,0
random,baseline,,,,0.3196277085414223,both,heterogeneous,randomized,0.2,0
econml_T,cate,572.2310396650549,0.21199311523806896,,0.7102363956991521,both,heterogeneous,randomized,0.2,1
econml_X,cate,524.9089523674147,0.3031135291287053,,0.7851851320931704,both,heterogeneous,randomized,0.2,1
econml_DR,cate,1072.789528237564,0.19994123437085107,,0.6147768315924944,both,heterogeneous,randomized,0.2,1
econml_CausalForest,cate,286.27110063648024,0.6224831499496453,0.8527777777777777,0.9977315999217731,both,heterogeneous,randomized,0.2,1
causalml_T,cate,572.2310396650549,0.21199311523806896,,0.7102363956991521,both,heterogeneous,randomized,0.2,1
causalml_X,cate,514.6331487475607,0.3122468673620399,,0.7898621491251964,both,heterogeneous,randomized,0.2,1
structural_BTYD,cate,272.78786712339934,0.4516915727283152,,0.9667925221849144,both,heterogeneous,randomized,0.2,1
conformal_ITE,cate,497.07760170727755,0.18025268583061907,0.965,0.7588360393773103,both,heterogeneous,randomized,0.2,1
base_value,baseline,,,,0.9968632581599285,both,heterogeneous,randomized,0.2,1
base_risk,baseline,,,,1.1995103998053726e-05,both,heterogeneous,randomized,0.2,1
random,baseline,,,,0.32505589324422673,both,heterogeneous,randomized,0.2,1
econml_T,cate,495.7710626555059,0.21632763324932194,,0.8086922496263986,both,heterogeneous,randomized,0.2,2
econml_X,cate,462.10027498352434,0.1894582299391929,,0.7912452582409865,both,heterogeneous,randomized,0.2,2
econml_DR,cate,1004.198689737214,0.03825500791400981,,0.6500995475898281,both,heterogeneous,randomized,0.2,2
econml_CausalForest,cate,249.52126967821468,0.5920315715284401,0.905,0.990868141888115,both,heterogeneous,randomized,0.2,2
causalml_T,cate,495.7710626555059,0.21632763324932194,,0.8086922496263986,both,heterogeneous,randomized,0.2,2
causalml_X,cate,467.95911451432386,0.20707054713160508,,0.8125506371978327,both,heterogeneous,randomized,0.2,2
structural_BTYD,cate,247.39603705533523,0.4467006711074888,,0.9493703171619199,both,heterogeneous,randomized,0.2,2
conformal_ITE,cate,642.5116934655958,0.2195296951951265,0.9383333333333334,0.8430879853322331,both,heterogeneous,randomized,0.2,2
base_value,baseline,,,,0.9969532334797744,both,heterogeneous,randomized,0.2,2
base_risk,baseline,,,,0.00018002842983598315,both,heterogeneous,randomized,0.2,2
random,baseline,,,,0.26125331830866083,both,heterogeneous,randomized,0.2,2
econml_T,cate,530.9614618712808,0.21036225087089877,,0.6570737409588421,both,heterogeneous,randomized,0.2,3
econml_X,cate,440.6189612643262,0.26216260331940666,,0.6487113856108706,both,heterogeneous,randomized,0.2,3
econml_DR,cate,1178.1464894932,0.1746127968555282,,0.6557151496098078,both,heterogeneous,randomized,0.2,3
econml_CausalForest,cate,284.95712405093707,0.5129339632384242,0.8316666666666667,0.7703394765177612,both,heterogeneous,randomized,0.2,3
causalml_T,cate,530.9614618712808,0.21036225087089877,,0.6570737409588421,both,heterogeneous,randomized,0.2,3
causalml_X,cate,438.02691902702986,0.27278327049559065,,0.6867271470127829,both,heterogeneous,randomized,0.2,3
structural_BTYD,cate,218.43144192273664,0.42002637684007327,,0.9565212427603541,both,heterogeneous,randomized,0.2,3
conformal_ITE,cate,432.0783611743636,0.16233485678477763,0.9622222222222222,0.7052977263264593,both,heterogeneous,randomized,0.2,3
base_value,baseline,,,,0.9816847242832517,both,heterogeneous,randomized,0.2,3
base_risk,baseline,,,,0.00019050764747839295,both,heterogeneous,randomized,0.2,3
random,baseline,,,,0.3291055200905003,both,heterogeneous,randomized,0.2,3
econml_T,cate,586.9815285652273,0.07360332116217068,,0.5704033436046351,both,heterogeneous,randomized,0.2,4
econml_X,cate,484.42825820780786,0.12386011483350198,,0.6069090198697489,both,heterogeneous,randomized,0.2,4
econml_DR,cate,1182.8938852966135,0.13080053882490186,,0.6863392958071772,both,heterogeneous,randomized,0.2,4
econml_CausalForest,cate,251.20893164823454,0.5575061681745195,0.91,0.9912871543646591,both,heterogeneous,randomized,0.2,4
causalml_T,cate,586.9815285652273,0.07360332116217068,,0.5704033436046351,both,heterogeneous,randomized,0.2,4
causalml_X,cate,489.7123364696187,0.12722998277207861,,0.6066573272110597,both,heterogeneous,randomized,0.2,4
structural_BTYD,cate,246.88376736420147,0.4749511615193845,,0.9697208774786263,both,heterogeneous,randomized,0.2,4
conformal_ITE,cate,586.6060197721291,0.2033711256796792,0.9533333333333334,0.6706126276542065,both,heterogeneous,randomized,0.2,4
base_value,baseline,,,,0.9975021541133503,both,heterogeneous,randomized,0.2,4
base_risk,baseline,,,,0.0005833036182709952,both,heterogeneous,randomized,0.2,4
random,baseline,,,,0.33641007801620454,both,heterogeneous,randomized,0.2,4
econml_T,cate,639.883800007171,0.12827350950221983,,0.6582910628701614,both,heterogeneous,randomized,0.2,5
econml_X,cate,566.4613322346017,0.2005113654264826,,0.7027757581862575,both,heterogeneous,randomized,0.2,5
econml_DR,cate,1093.939128479956,0.18051880726800304,,0.6369677310214641,both,heterogeneous,randomized,0.2,5
econml_CausalForest,cate,270.95094744668404,0.5134688572829654,0.7622222222222222,0.9687152637553644,both,heterogeneous,randomized,0.2,5
causalml_T,cate,639.883800007171,0.12827350950221983,,0.6582910628701614,both,heterogeneous,randomized,0.2,5
causalml_X,cate,567.8045063979789,0.2080506344070382,,0.7123335046187442,both,heterogeneous,randomized,0.2,5
structural_BTYD,cate,227.20107566643853,0.478101338786445,,0.9673094882940089,both,heterogeneous,randomized,0.2,5
conformal_ITE,cate,556.9074502463393,0.18952762327921507,0.9661111111111111,0.7632621021927971,both,heterogeneous,randomized,0.2,5
base_value,baseline,,,,0.9918304075809383,both,heterogeneous,randomized,0.2,5
base_risk,baseline,,,,0.0009162446605867912,both,heterogeneous,randomized,0.2,5
random,baseline,,,,0.30627131711996364,both,heterogeneous,randomized,0.2,5
econml_T,cate,616.6077278421521,0.1361472273001587,,0.5568187734259281,both,heterogeneous,randomized,0.2,6
econml_X,cate,523.190880316886,0.12907062812222572,,0.5479748178307411,both,heterogeneous,randomized,0.2,6
econml_DR,cate,1571.6960684099452,0.08162732050890965,,0.5644690503661468,both,heterogeneous,randomized,0.2,6
econml_CausalForest,cate,363.77624115841644,0.6377103796361107,0.8333333333333334,0.9688127945260505,both,heterogeneous,randomized,0.2,6
causalml_T,cate,616.6077278421521,0.1361472273001587,,0.5568187734259281,both,heterogeneous,randomized,0.2,6
causalml_X,cate,533.1828570582421,0.12633580595512203,,0.5463920831459167,both,heterogeneous,randomized,0.2,6
structural_BTYD,cate,299.7995761989466,0.4609674838841007,,0.9719674633801534,both,heterogeneous,randomized,0.2,6
conformal_ITE,cate,587.4469475172396,0.09660226056949993,0.9605555555555556,0.5423525316240231,both,heterogeneous,randomized,0.2,6
base_value,baseline,,,,0.9904038501142917,both,heterogeneous,randomized,0.2,6
base_risk,baseline,,,,0.00010905844486867262,both,heterogeneous,randomized,0.2,6
random,baseline,,,,0.2843959386971335,both,heterogeneous,randomized,0.2,6
econml_T,cate,426.2826878778359,0.2349311063495453,,0.7763012162681909,both,heterogeneous,randomized,0.2,7
econml_X,cate,374.6428636286514,0.2642095468115474,,0.8419867360356057,both,heterogeneous,randomized,0.2,7
econml_DR,cate,1168.662269008884,0.15060905373927375,,0.6731537660337487,both,heterogeneous,randomized,0.2,7
econml_CausalForest,cate,237.19180395345208,0.5783721486944526,0.7933333333333333,0.9928940438649689,both,heterogeneous,randomized,0.2,7
causalml_T,cate,426.2826878778359,0.2349311063495453,,0.7763012162681909,both,heterogeneous,randomized,0.2,7
causalml_X,cate,369.5463863755491,0.2690431612280093,,0.8640328646874209,both,heterogeneous,randomized,0.2,7
structural_BTYD,cate,244.78833583354398,0.27531550831697404,,0.9444500355011388,both,heterogeneous,randomized,0.2,7
conformal_ITE,cate,552.115892919571,0.25993845426915113,0.9627777777777777,0.8235964113820206,both,heterogeneous,randomized,0.2,7
base_value,baseline,,,,0.9866852312810189,both,heterogeneous,randomized,0.2,7
base_risk,baseline,,,,0.00020898335589081027,both,heterogeneous,randomized,0.2,7
random,baseline,,,,0.3048863316805159,both,heterogeneous,randomized,0.2,7
econml_T,cate,534.1291696166442,0.17992973339454538,,0.7598431448013627,both,heterogeneous,randomized,0.2,8
econml_X,cate,462.81197154353333,0.2405131976769974,,0.7773095453997617,both,heterogeneous,randomized,0.2,8
econml_DR,cate,1069.7464702289922,0.11647051986104447,,0.6773615085549474,both,heterogeneous,randomized,0.2,8
econml_CausalForest,cate,241.4512950650669,0.5717113502380137,0.8172222222222222,0.9952395040728823,both,heterogeneous,randomized,0.2,8
causalml_T,cate,534.1291696166442,0.17992973339454538,,0.7598431448013627,both,heterogeneous,randomized,0.2,8
causalml_X,cate,455.50219395299376,0.26101972879557195,,0.787273759359945,both,heterogeneous,randomized,0.2,8
structural_BTYD,cate,243.59720319696842,0.43393024598806756,,0.9666053081109244,both,heterogeneous,randomized,0.2,8
conformal_ITE,cate,569.7045711465524,0.12193915944876915,0.9633333333333334,0.7411503436270294,both,heterogeneous,randomized,0.2,8
base_value,baseline,,,,0.9962688538977104,both,heterogeneous,randomized,0.2,8
base_risk,baseline,,,,0.000398113194831349,both,heterogeneous,randomized,0.2,8
random,baseline,,,,0.3080514223081741,both,heterogeneous,randomized,0.2,8
econml_T,cate,564.4011931326295,0.13674114342212923,,0.6199452173086386,both,heterogeneous,randomized,0.2,9
econml_X,cate,488.45153980175223,0.15099333432388287,,0.6403223059273953,both,heterogeneous,randomized,0.2,9
econml_DR,cate,1436.6544849062404,0.03211163370817485,,0.5376913288063259,both,heterogeneous,randomized,0.2,9
econml_CausalForest,cate,290.64777266571735,0.21748187550856443,0.8244444444444444,0.6397334295007574,both,heterogeneous,randomized,0.2,9
causalml_T,cate,564.4011931326295,0.13674114342212923,,0.6199452173086386,both,heterogeneous,randomized,0.2,9
causalml_X,cate,495.09959560962926,0.14659169735248118,,0.6367837754263009,both,heterogeneous,randomized,0.2,9
structural_BTYD,cate,205.91102699705343,0.45332870048726787,,0.9628327377027214,both,heterogeneous,randomized,0.2,9
conformal_ITE,cate,569.4141784314579,0.1304094297124961,0.9577777777777777,0.6326320241382589,both,heterogeneous,randomized,0.2,9
base_value,baseline,,,,0.9816775801886768,both,heterogeneous,randomized,0.2,9
base_risk,baseline,,,,0.0003773979209195331,both,heterogeneous,randomized,0.2,9
random,baseline,,,,0.23594441192930102,both,heterogeneous,randomized,0.2,9
econml_T,cate,663.4925959798021,0.2815511340473835,,0.7612656703794342,both,heterogeneous,randomized,0.35,0
econml_X,cate,588.7352657518903,0.32455523976541206,,0.7567354538410239,both,heterogeneous,randomized,0.35,0
econml_DR,cate,1402.171562564063,0.1814182023545538,,0.6117437157949605,both,heterogeneous,randomized,0.35,0
econml_CausalForest,cate,421.6145361304433,0.6252511730942891,0.7527777777777778,0.9883192061042266,both,heterogeneous,randomized,0.35,0
causalml_T,cate,663.4925959798021,0.2815511340473835,,0.7612656703794342,both,heterogeneous,randomized,0.35,0
causalml_X,cate,595.0575242948839,0.3288764877948197,,0.7613823577223361,both,heterogeneous,randomized,0.35,0
structural_BTYD,cate,458.6413810923171,0.4635497655000237,,0.95464444699421,both,heterogeneous,randomized,0.35,0
conformal_ITE,cate,622.5836225157836,0.29996913879603987,0.9488888888888889,0.8157115440970212,both,heterogeneous,randomized,0.35,0
base_value,baseline,,,,0.9947554693332482,both,heterogeneous,randomized,0.35,0
base_risk,baseline,,,,3.1353232598532275e-05,both,heterogeneous,randomized,0.35,0
random,baseline,,,,0.35154456535169404,both,heterogeneous,randomized,0.35,0
econml_T,cate,719.0885000117308,0.3112053261580423,,0.8049078769360002,both,heterogeneous,randomized,0.35,1
econml_X,cate,679.7772430368741,0.4027917638929629,,0.819129504487344,both,heterogeneous,randomized,0.35,1
econml_DR,cate,1224.5630567302699,0.24488424864588634,,0.6912252804490486,both,heterogeneous,randomized,0.35,1
econml_CausalForest,cate,522.2076895282222,0.6073809258661571,0.7666666666666667,0.9960108701853225,both,heterogeneous,randomized,0.35,1
causalml_T,cate,719.0885000117308,0.3112053261580423,,0.8049078769360002,both,heterogeneous,randomized,0.35,1
causalml_X,cate,679.6483731544639,0.405897317637137,,0.827500681724966,both,heterogeneous,randomized,0.35,1
structural_BTYD,cate,502.3832041833028,0.45173019780583357,,0.9672796975348369,both,heterogeneous,randomized,0.35,1
conformal_ITE,cate,693.7688140297586,0.31841134687541145,0.9605555555555556,0.8752227538350897,both,heterogeneous,randomized,0.35,1
base_value,baseline,,,,0.99690991504717,both,heterogeneous,randomized,0.35,1
base_risk,baseline,,,,1.158026719443553e-05,both,heterogeneous,randomized,0.35,1
random,baseline,,,,0.36358037968105505,both,heterogeneous,randomized,0.35,1
econml_T,cate,693.4368412071838,0.30254590144088067,,0.8744046232606701,both,heterogeneous,randomized,0.35,2
econml_X,cate,604.9121677842687,0.3530678785327207,,0.9164376041999978,both,heterogeneous,randomized,0.35,2
econml_DR,cate,1764.4372458510063,0.08067312247543555,,0.6596752523119023,both,heterogeneous,randomized,0.35,2
econml_CausalForest,cate,432.23797972714976,0.5648329735061044,0.8427777777777777,0.9928499793668386,both,heterogeneous,randomized,0.35,2
causalml_T,cate,693.4368412071838,0.30254590144088067,,0.8744046232606701,both,heterogeneous,randomized,0.35,2
causalml_X,cate,608.3877845331425,0.349043442459407,,0.9179577701838884,both,heterogeneous,randomized,0.35,2
structural_BTYD,cate,477.71818878697036,0.4768339344543104,,0.958596194895762,both,heterogeneous,randomized,0.35,2
conformal_ITE,cate,678.0800012972619,0.288793212730986,0.9461111111111111,0.8667871560547379,both,heterogeneous,randomized,0.35,2
base_value,baseline,,,,0.9970498608458672,both,heterogeneous,randomized,0.35,2
base_risk,baseline,,,,0.00017202062989338379,both,heterogeneous,randomized,0.35,2
random,baseline,,,,0.2513719734025326,both,heterogeneous,randomized,0.35,2
econml_T,cate,635.1049774875482,0.35148209957496496,,0.7337115112640941,both,heterogeneous,randomized,0.35,3
econml_X,cate,540.9581461251287,0.4036257890234069,,0.772058947662729,both,heterogeneous,randomized,0.35,3
econml_DR,cate,1364.2808575327606,0.2228158707452285,,0.7003638724712767,both,heterogeneous,randomized,0.35,3
econml_CausalForest,cate,451.9690819021456,0.6121109905465582,0.7627777777777778,0.9967795507040426,both,heterogeneous,randomized,0.35,3
causalml_T,cate,635.1049774875482,0.35148209957496496,,0.7337115112640941,both,heterogeneous,randomized,0.35,3
causalml_X,cate,540.4788621466633,0.39901557226513756,,0.7709734391879195,both,heterogeneous,randomized,0.35,3
structural_BTYD,cate,400.5616001520867,0.4200617959184771,,0.9572561039276262,both,heterogeneous,randomized,0.35,3
conformal_ITE,cate,474.18672907840255,0.39776587952436876,0.9655555555555555,0.8981092981128604,both,heterogeneous,randomized,0.35,3
base_value,baseline,,,,0.982437207397177,both,heterogeneous,randomized,0.35,3
base_risk,baseline,,,,0.00018158405722122048,both,heterogeneous,randomized,0.35,3
random,baseline,,,,0.24855484717818174,both,heterogeneous,randomized,0.35,3
econml_T,cate,691.4216265858192,0.41454077046037185,,0.8196338125266392,both,heterogeneous,randomized,0.35,4
econml_X,cate,635.0489402366447,0.4318785152486668,,0.8508160834647724,both,heterogeneous,randomized,0.35,4
econml_DR,cate,1378.3540839717202,0.17859945533302796,,0.6401371203854489,both,heterogeneous,randomized,0.35,4
econml_CausalForest,cate,394.49215045283404,0.6243484855833815,0.875,0.9979121000630522,both,heterogeneous,randomized,0.35,4
causalml_T,cate,691.4216265858192,0.41454077046037185,,0.8196338125266392,both,heterogeneous,randomized,0.35,4
causalml_X,cate,634.5678846294404,0.44075667952334086,,0.8534441937511308,both,heterogeneous,randomized,0.35,4
structural_BTYD,cate,436.9422511418849,0.47496822517279474,,0.9700728112866692,both,heterogeneous,randomized,0.35,4
conformal_ITE,cate,589.2949477527013,0.4331942943101736,0.96,0.8925444224913746,both,heterogeneous,randomized,0.35,4
base_value,baseline,,,,0.9975630022071533,both,heterogeneous,randomized,0.35,4
base_risk,baseline,,,,0.0005730992076183002,both,heterogeneous,randomized,0.35,4
random,baseline,,,,0.33397554675516483,both,heterogeneous,randomized,0.35,4
econml_T,cate,667.3993686605467,0.3305453485239759,,0.8126315571648718,both,heterogeneous,randomized,0.35,5
econml_X,cate,565.4937310854908,0.3836698849866504,,0.8497802270930692,both,heterogeneous,randomized,0.35,5
econml_DR,cate,1212.1841709271173,0.25147944099146835,,0.6468009086344648,both,heterogeneous,randomized,0.35,5
econml_CausalForest,cate,460.58340762251845,0.6228476510032028,0.7333333333333333,0.9980734251235136,both,heterogeneous,randomized,0.35,5
causalml_T,cate,667.3993686605467,0.3305453485239759,,0.8126315571648718,both,heterogeneous,randomized,0.35,5
causalml_X,cate,567.3645366108685,0.3724527647385965,,0.8435862114068142,both,heterogeneous,randomized,0.35,5
structural_BTYD,cate,435.71559305139334,0.47810861084400547,,0.9678477945042776,both,heterogeneous,randomized,0.35,5
conformal_ITE,cate,645.5734929933355,0.3048531043377635,0.9577777777777777,0.7930803102239046,both,heterogeneous,randomized,0.35,5
base_value,baseline,,,,0.9921786181398465,both,heterogeneous,randomized,0.35,5
base_risk,baseline,,,,0.0008620831251377215,both,heterogeneous,randomized,0.35,5
random,baseline,,,,0.23161429322963412,both,heterogeneous,randomized,0.35,5
econml_T,cate,724.9851514381082,0.23685759061465503,,0.7847332342451252,both,heterogeneous,randomized,0.35,6
econml_X,cate,681.1698554229838,0.2690668562339367,,0.7677325472629062,both,heterogeneous,randomized,0.35,6
econml_DR,cate,1806.141268457066,0.0869869747953818,,0.5153180075913538,both,heterogeneous,randomized,0.35,6
econml_CausalForest,cate,571.4246023055949,0.641396538173377,0.7688888888888888,0.997127045631943,both,heterogeneous,randomized,0.35,6
causalml_T,cate,724.9851514381082,0.23685759061465503,,0.7847332342451252,both,heterogeneous,randomized,0.35,6
causalml_X,cate,678.9472422224756,0.2640043940145358,,0.7674673795080243,both,heterogeneous,randomized,0.35,6
structural_BTYD,cate,550.6357505456309,0.4610183444251584,,0.9721594317501591,both,heterogeneous,randomized,0.35,6
conformal_ITE,cate,854.6171214838643,0.21880371488946365,0.9527777777777777,0.6201544128592605,both,heterogeneous,randomized,0.35,6
base_value,baseline,,,,0.990483461042731,both,heterogeneous,randomized,0.35,6
base_risk,baseline,,,,0.00010765011545266601,both,heterogeneous,randomized,0.35,6
random,baseline,,,,0.25628842662174633,both,heterogeneous,randomized,0.35,6
econml_T,cate,657.5499805295372,0.34019344283920483,,0.8603777180900009,both,heterogeneous,randomized,0.35,7
econml_X,cate,568.3774040796292,0.39935363560377546,,0.9089196306972387,both,heterogeneous,randomized,0.35,7
econml_DR,cate,1685.7944259073251,0.16324553401964872,,0.6265853890047847,both,heterogeneous,randomized,0.35,7
econml_CausalForest,cate,404.6050821782525,0.6026477369897595,0.6672222222222223,0.994157702848868,both,heterogeneous,randomized,0.35,7
causalml_T,cate,657.5499805295372,0.34019344283920483,,0.8603777180900009,both,heterogeneous,randomized,0.35,7
causalml_X,cate,565.0434810801361,0.40895566416530105,,0.9042054039314261,both,heterogeneous,randomized,0.35,7
structural_BTYD,cate,437.0052997526155,0.45271225979164925,,0.9624289573821061,both,heterogeneous,randomized,0.35,7
conformal_ITE,cate,709.3140269924651,0.2620922560955773,0.9477777777777778,0.839069100978451,both,heterogeneous,randomized,0.35,7
base_value,baseline,,,,0.9867534434469837,both,heterogeneous,randomized,0.35,7
base_risk,baseline,,,,0.00020645792091413255,both,heterogeneous,randomized,0.35,7
random,baseline,,,,0.3112844055442081,both,heterogeneous,randomized,0.35,7
econml_T,cate,762.6664033756196,0.3218010024103216,,0.8125172645547978,both,heterogeneous,randomized,0.35,8
econml_X,cate,653.2553301006318,0.41173590631186796,,0.8871712281444339,both,heterogeneous,randomized,0.35,8
econml_DR,cate,1715.0336362164894,0.18583577139643315,,0.7308772808837456,both,heterogeneous,randomized,0.35,8
econml_CausalForest,cate,404.6874340431223,0.5970417942890883,0.7361111111111112,0.9955735867813448,both,heterogeneous,randomized,0.35,8
causalml_T,cate,762.6664033756196,0.3218010024103216,,0.8125172645547978,both,heterogeneous,randomized,0.35,8
causalml_X,cate,640.1883571577205,0.4075011596540816,,0.9034509893233601,both,heterogeneous,randomized,0.35,8
structural_BTYD,cate,449.4955428079445,0.46235348259287606,,0.9669873085350127,both,heterogeneous,randomized,0.35,8
conformal_ITE,cate,782.0067235558129,0.3328304267786052,0.9644444444444444,0.8189059777905484,both,heterogeneous,randomized,0.35,8
base_value,baseline,,,,0.9963185136039309,both,heterogeneous,randomized,0.35,8
base_risk,baseline,,,,0.00038789690620663343,both,heterogeneous,randomized,0.35,8
random,baseline,,,,0.23639042448391026,both,heterogeneous,randomized,0.35,8
econml_T,cate,669.2657994519919,0.3429864902723675,,0.8032741263888726,both,heterogeneous,randomized,0.35,9
econml_X,cate,621.2886786770306,0.34814273713514715,,0.8381692949639564,both,heterogeneous,randomized,0.35,9
econml_DR,cate,1260.1633780254447,0.21621325563104085,,0.6516047335896487,both,heterogeneous,randomized,0.35,9
econml_CausalForest,cate,352.95824142725314,0.5938969331654909,0.8133333333333334,0.9969578162245235,both,heterogeneous,randomized,0.35,9
causalml_T,cate,669.2657994519919,0.3429864902723675,,0.8032741263888726,both,heterogeneous,randomized,0.35,9
causalml_X,cate,612.2211086331511,0.37020106976515177,,0.8627284528697624,both,heterogeneous,randomized,0.35,9
structural_BTYD,cate,368.86094856511244,0.42908583095234937,,0.9633214844522366,both,heterogeneous,randomized,0.35,9
conformal_ITE,cate,600.2845248240548,0.3282181162698526,0.9616666666666667,0.8248611668953283,both,heterogeneous,randomized,0.35,9
base_value,baseline,,,,0.9818154031963774,both,heterogeneous,randomized,0.35,9
base_risk,baseline,,,,0.00036532845750715683,both,heterogeneous,randomized,0.35,9
random,baseline,,,,0.32120039203954975,both,heterogeneous,randomized,0.35,9
econml_T,cate,905.7970757427527,0.3442674102146352,,0.8048901373295535,both,heterogeneous,randomized,0.5,0
econml_X,cate,767.2199608198544,0.4080240246283715,,0.8847696130747638,both,heterogeneous,randomized,0.5,0
econml_DR,cate,1538.0566331317127,0.18114423311500594,,0.6643196873131064,both,heterogeneous,randomized,0.5,0
econml_CausalForest,cate,613.9737417995054,0.6345422090711957,0.7694444444444445,0.9964937831594494,both,heterogeneous,randomized,0.5,0
causalml_T,cate,905.7970757427527,0.3442674102146352,,0.8048901373295535,both,heterogeneous,randomized,0.5,0
causalml_X,cate,772.804299694328,0.4010509457188286,,0.880312881485578,both,heterogeneous,randomized,0.5,0
structural_BTYD,cate,716.9189826926762,0.4635243189393352,,0.9547591183198647,both,heterogeneous,randomized,0.5,0
conformal_ITE,cate,943.4327686033939,0.35166556426875045,0.9533333333333334,0.8351357792932811,both,heterogeneous,randomized,0.5,0
base_value,baseline,,,,0.9947334635641297,both,heterogeneous,randomized,0.5,0
base_risk,baseline,,,,2.9755627164837098e-05,both,heterogeneous,randomized,0.5,0
random,baseline,,,,0.2627165390932128,both,heterogeneous,randomized,0.5,0
econml_T,cate,946.627180629938,0.43386175877422767,,0.8571725318499438,both,heterogeneous,randomized,0.5,1
econml_X,cate,846.3448126541035,0.5002861252395641,,0.8943257348310143,both,heterogeneous,randomized,0.5,1
econml_DR,cate,1429.0816950346566,0.2748809942428704,,0.7051089240559648,both,heterogeneous,randomized,0.5,1
econml_CausalForest,cate,785.4788743653799,0.6106683159299005,0.75,0.9955060281554541,both,heterogeneous,randomized,0.5,1
causalml_T,cate,946.627180629938,0.43386175877422767,,0.8571725318499438,both,heterogeneous,randomized,0.5,1
causalml_X,cate,850.3473418256348,0.5207441158479519,,0.9367802581358452,both,heterogeneous,randomized,0.5,1
structural_BTYD,cate,840.0557425454256,0.45171276743358296,,0.9679022895342463,both,heterogeneous,randomized,0.5,1
conformal_ITE,cate,849.7754655853558,0.38830924216383317,0.9594444444444444,0.9153123685031991,both,heterogeneous,randomized,0.5,1
base_value,baseline,,,,0.996970865668115,both,heterogeneous,randomized,0.5,1
base_risk,baseline,,,,1.1105364762380236e-05,both,heterogeneous,randomized,0.5,1
random,baseline,,,,0.23964739982626565,both,heterogeneous,randomized,0.5,1
econml_T,cate,875.8643241612674,0.3804738770961467,,0.9188224907431256,both,heterogeneous,randomized,0.5,2
econml_X,cate,833.2218963880251,0.40766718961177906,,0.9343752872014336,both,heterogeneous,randomized,0.5,2
econml_DR,cate,1565.754832281609,0.29191468369467616,,0.8462538382360779,both,heterogeneous,randomized,0.5,2
econml_CausalForest,cate,738.4326270146956,0.6337031999986431,0.7766666666666666,0.9973438533975362,both,heterogeneous,randomized,0.5,2
causalml_T,cate,875.8643241612674,0.3804738770961467,,0.9188224907431256,both,heterogeneous,randomized,0.5,2
causalml_X,cate,838.2303877520533,0.3967235404163734,,0.9300662255160824,both,heterogeneous,randomized,0.5,2
structural_BTYD,cate,802.7267524671321,0.47682138564065596,,0.9593452277893392,both,heterogeneous,randomized,0.5,2
conformal_ITE,cate,878.7068953592797,0.3621436566850713,0.9444444444444444,0.8977985331068742,both,heterogeneous,randomized,0.5,2
base_value,baseline,,,,0.9971635141433194,both,heterogeneous,randomized,0.5,2
base_risk,baseline,,,,0.00016310522182114997,both,heterogeneous,randomized,0.5,2
random,baseline,,,,0.24399016037954369,both,heterogeneous,randomized,0.5,2
econml_T,cate,710.8710971851234,0.39813064443628904,,0.8657479290653317,both,heterogeneous,randomized,0.5,3
econml_X,cate,636.627542977348,0.47477381676166747,,0.9151937850493915,both,heterogeneous,randomized,0.5,3
econml_DR,cate,1787.651446744658,0.3235713089540072,,0.7701899060024219,both,heterogeneous,randomized,0.5,3
econml_CausalForest,cate,532.3339928489547,0.6049466140722906,0.8005555555555556,0.9959535690658584,both,heterogeneous,randomized,0.5,3
causalml_T,cate,710.8710971851234,0.39813064443628904,,0.8657479290653317,both,heterogeneous,randomized,0.5,3
causalml_X,cate,640.6181925501696,0.48949574121562056,,0.922967958766261,both,heterogeneous,randomized,0.5,3
structural_BTYD,cate,619.8711410281297,0.4200395572489278,,0.9581455996839802,both,heterogeneous,randomized,0.5,3
conformal_ITE,cate,786.9884888617307,0.2969349989361506,0.955,0.8806346581153371,both,heterogeneous,randomized,0.5,3
base_value,baseline,,,,0.9832620808351541,both,heterogeneous,randomized,0.5,3
base_risk,baseline,,,,0.00017192492842147683,both,heterogeneous,randomized,0.5,3
random,baseline,,,,0.2931477216441121,both,heterogeneous,randomized,0.5,3
econml_T,cate,845.6185001632808,0.38235763788927996,,0.8172747432474672,both,heterogeneous,randomized,0.5,4
econml_X,cate,779.490824067144,0.40574266867551906,,0.8386088014963462,both,heterogeneous,randomized,0.5,4
econml_DR,cate,1486.0618126396541,0.26189077746539846,,0.6934148196856629,both,heterogeneous,randomized,0.5,4
econml_CausalForest,cate,592.3713836845225,0.6321044320497816,0.8283333333333334,0.997893852512955,both,heterogeneous,randomized,0.5,4
causalml_T,cate,845.6185001632808,0.38235763788927996,,0.8172747432474672,both,heterogeneous,randomized,0.5,4
causalml_X,cate,774.3581903416234,0.40383675259855323,,0.8399254491213134,both,heterogeneous,randomized,0.5,4
structural_BTYD,cate,698.878298463118,0.47495927134793153,,0.9704760587030247,both,heterogeneous,randomized,0.5,4
conformal_ITE,cate,934.6251659714933,0.4074381385676375,0.9472222222222222,0.8026617298642734,both,heterogeneous,randomized,0.5,4
base_value,baseline,,,,0.9976330839156685,both,heterogeneous,randomized,0.5,4
base_risk,baseline,,,,0.0005602541063934905,both,heterogeneous,randomized,0.5,4
random,baseline,,,,0.23994421026694002,both,heterogeneous,randomized,0.5,4
econml_T,cate,888.3968854043638,0.37096791567943505,,0.7842220289645369,both,heterogeneous,randomized,0.5,5
econml_X,cate,820.083340707293,0.4167876594038909,,0.8303784453535277,both,heterogeneous,randomized,0.5,5
econml_DR,cate,1542.8545623960981,0.22493993880386265,,0.6355725466059075,both,heterogeneous,randomized,0.5,5
econml_CausalForest,cate,768.0683984444229,0.6309622282653493,0.72,0.9971079645815659,both,heterogeneous,randomized,0.5,5
causalml_T,cate,888.3968854043638,0.37096791567943505,,0.7842220289645369,both,heterogeneous,randomized,0.5,5
causalml_X,cate,806.5374434979167,0.4188929703404706,,0.8328592799026564,both,heterogeneous,randomized,0.5,5
structural_BTYD,cate,759.3862872173491,0.4780916123025579,,0.9685187913574924,both,heterogeneous,randomized,0.5,5
conformal_ITE,cate,840.1383306628678,0.36713751287718627,0.9516666666666667,0.905951571606713,both,heterogeneous,randomized,0.5,5
base_value,baseline,,,,0.9925746403261779,both,heterogeneous,randomized,0.5,5
base_risk,baseline,,,,0.0008040606833067195,both,heterogeneous,randomized,0.5,5
random,baseline,,,,0.3309597193151592,both,heterogeneous,randomized,0.5,5
econml_T,cate,902.8122761355675,0.3351800570168641,,0.8619305073553832,both,heterogeneous,randomized,0.5,6
econml_X,cate,861.3771929413957,0.40248530061292553,,0.8870088010635175,both,heterogeneous,randomized,0.5,6
econml_DR,cate,2529.9622699795395,0.2086653237469484,,0.6382754752556448,both,heterogeneous,randomized,0.5,6
econml_CausalForest,cate,867.5283399767286,0.6436267973963273,0.7472222222222222,0.9974299926702233,both,heterogeneous,randomized,0.5,6
causalml_T,cate,902.8122761355675,0.3351800570168641,,0.8619305073553832,both,heterogeneous,randomized,0.5,6
causalml_X,cate,863.137960823246,0.39359667534583803,,0.8896227853478427,both,heterogeneous,randomized,0.5,6
structural_BTYD,cate,870.4153872294959,0.46104130735650867,,0.9724107380991334,both,heterogeneous,randomized,0.5,6
conformal_ITE,cate,945.7470420362567,0.30004270099323704,0.9516666666666667,0.824237061254238,both,heterogeneous,randomized,0.5,6
base_value,baseline,,,,0.9905970164105825,both,heterogeneous,randomized,0.5,6
base_risk,baseline,,,,0.00010577696994402714,both,heterogeneous,randomized,0.5,6
random,baseline,,,,0.28151223190645086,both,heterogeneous,randomized,0.5,6
econml_T,cate,787.1854026413624,0.42158665767971093,,0.9416499254888561,both,heterogeneous,randomized,0.5,7
econml_X,cate,756.4651738115011,0.45655973855914206,,0.9639259716697718,both,heterogeneous,randomized,0.5,7
econml_DR,cate,1583.5151379576653,0.2727128788344825,,0.7779536551568658,both,heterogeneous,randomized,0.5,7
econml_CausalForest,cate,648.2277970028149,0.6077731044609571,0.7366666666666667,0.9939009560842027,both,heterogeneous,randomized,0.5,7
causalml_T,cate,787.1854026413624,0.42158665767971093,,0.9416499254888561,both,heterogeneous,randomized,0.5,7
causalml_X,cate,759.4542636267656,0.4661303995204967,,0.9660095188760527,both,heterogeneous,randomized,0.5,7
structural_BTYD,cate,685.6794851232319,0.4527162238004138,,0.9627458157767175,both,heterogeneous,randomized,0.5,7
conformal_ITE,cate,1046.2454609226966,0.39190697172661193,0.9433333333333334,0.8937083101257405,both,heterogeneous,randomized,0.5,7
base_value,baseline,,,,0.9868436030383138,both,heterogeneous,randomized,0.5,7
base_risk,baseline,,,,0.0002038577936713146,both,heterogeneous,randomized,0.5,7
random,baseline,,,,0.31585478987504806,both,heterogeneous,randomized,0.5,7
econml_T,cate,1128.935461292051,0.3348321004968569,,0.8388854451303114,both,heterogeneous,randomized,0.5,8
econml_X,cate,1040.4912148958315,0.41558597503423117,,0.8643120606961683,both,heterogeneous,randomized,0.5,8
econml_DR,cate,2338.676299520172,0.20645551217251354,,0.7314251911384644,both,heterogeneous,randomized,0.5,8
econml_CausalForest,cate,593.8088101833083,0.5971028790730221,0.795,0.996249123261185,both,heterogeneous,randomized,0.5,8
causalml_T,cate,1128.935461292051,0.3348321004968569,,0.8388854451303114,both,heterogeneous,randomized,0.5,8
causalml_X,cate,1046.9380696407363,0.4206730992714656,,0.8702375045854245,both,heterogeneous,randomized,0.5,8
structural_BTYD,cate,722.3997482497432,0.46236572054105435,,0.9673910903053143,both,heterogeneous,randomized,0.5,8
conformal_ITE,cate,1138.4333035260565,0.25563684708416856,0.9427777777777778,0.7696633024128653,both,heterogeneous,randomized,0.5,8
base_value,baseline,,,,0.9963743056285606,both,heterogeneous,randomized,0.5,8
base_risk,baseline,,,,0.0003763842227833372,both,heterogeneous,randomized,0.5,8
random,baseline,,,,0.3011318390559724,both,heterogeneous,randomized,0.5,8
econml_T,cate,811.1924469912568,0.38723397681240984,,0.8335784862483757,both,heterogeneous,randomized,0.5,9
econml_X,cate,775.7162400667173,0.43756959103590976,,0.9043978264132355,both,heterogeneous,randomized,0.5,9
econml_DR,cate,2771.2991792907433,0.3651526087386356,,0.7392465832615089,both,heterogeneous,randomized,0.5,9
econml_CausalForest,cate,523.5584563442387,0.61029388628697,0.8027777777777778,0.99604813865817,both,heterogeneous,randomized,0.5,9
causalml_T,cate,811.1924469912568,0.38723397681240984,,0.8335784862483757,both,heterogeneous,randomized,0.5,9
causalml_X,cate,767.4174652802128,0.458321102390506,,0.9121230354303204,both,heterogeneous,randomized,0.5,9
structural_BTYD,cate,578.7262664892028,0.4533552103168257,,0.9639043158143878,both,heterogeneous,randomized,0.5,9
conformal_ITE,cate,932.1104762487586,0.33733235859968924,0.9611111111111111,0.8186994309086983,both,heterogeneous,randomized,0.5,9
base_value,baseline,,,,0.9819863681077894,both,heterogeneous,randomized,0.5,9
base_risk,baseline,,,,0.0003518736542009981,both,heterogeneous,randomized,0.5,9
random,baseline,,,,0.32926518782470166,both,heterogeneous,randomized,0.5,9
econml_T,cate,812.6654512993691,0.4222705266811153,,0.9028638112584058,both,heterogeneous,randomized,0.65,0
econml_X,cate,756.3487376533116,0.45493586870846775,,0.9189480772925356,both,heterogeneous,randomized,0.65,0
econml_DR,cate,1426.845436769925,0.2514318761857573,,0.656815525595233,both,heterogeneous,randomized,0.65,0
econml_CausalForest,cate,704.4102119256822,0.645547078840486,0.6722222222222223,0.9982135314977502,both,heterogeneous,randomized,0.65,0
causalml_T,cate,812.6654512993691,0.4222705266811153,,0.9028638112584058,both,heterogeneous,randomized,0.65,0
causalml_X,cate,764.7276493460632,0.4466374130742234,,0.9148190555231978,both,heterogeneous,randomized,0.65,0
structural_BTYD,cate,845.405276026584,0.46318298059492913,,0.9477221513293584,both,heterogeneous,randomized,0.65,0
conformal_ITE,cate,771.7731447738785,0.45237871728633117,0.9538888888888889,0.9152342776203812,both,heterogeneous,randomized,0.65,0
base_value,baseline,,,,0.99398904990957,both,heterogeneous,randomized,0.65,0
base_risk,baseline,,,,3.2564945398430495e-05,both,heterogeneous,randomized,0.65,0
random,baseline,,,,0.27999055778142296,both,heterogeneous,randomized,0.65,0
econml_T,cate,995.3473504769238,0.42402417695239036,,0.881077330325012,both,heterogeneous,randomized,0.65,1
econml_X,cate,871.0542462382147,0.5153263900731139,,0.9439593471304671,both,heterogeneous,randomized,0.65,1
econml_DR,cate,1347.7120730065838,0.28602074591800936,,0.7509109081589891,both,heterogeneous,randomized,0.65,1
econml_CausalForest,cate,846.9949260938664,0.6155345645291297,0.7916666666666666,0.9952908168115964,both,heterogeneous,randomized,0.65,1
causalml_T,cate,995.3473504769238,0.42402417695239036,,0.881077330325012,both,heterogeneous,randomized,0.65,1
causalml_X,cate,874.7968433595167,0.5199689197077038,,0.9468199471319112,both,heterogeneous,randomized,0.65,1
structural_BTYD,cate,976.836818075503,0.4515414060485365,,0.9630338233181857,both,heterogeneous,randomized,0.65,1
conformal_ITE,cate,884.589331339576,0.407224280114832,0.9561111111111111,0.9101236980461528,both,heterogeneous,randomized,0.65,1
base_value,baseline,,,,0.9965244093368791,both,heterogeneous,randomized,0.65,1
base_risk,baseline,,,,1.2471852069111314e-05,both,heterogeneous,randomized,0.65,1
random,baseline,,,,0.2686342075136077,both,heterogeneous,randomized,0.65,1
econml_T,cate,1040.1002205630994,0.42976395596961814,,0.9051095527290987,both,heterogeneous,randomized,0.65,2
econml_X,cate,1001.7413952356895,0.4794065112741132,,0.9272368493959402,both,heterogeneous,randomized,0.65,2
econml_DR,cate,2059.603123547595,0.2527631971265829,,0.7512631620908414,both,heterogeneous,randomized,0.65,2
econml_CausalForest,cate,831.6325875119105,0.6437028433879626,0.7794444444444445,0.9976353646668035,both,heterogeneous,randomized,0.65,2
causalml_T,cate,1040.1002205630994,0.42976395596961814,,0.9051095527290987,both,heterogeneous,randomized,0.65,2
causalml_X,cate,996.2989617292687,0.4846023951627425,,0.9213186060805924,both,heterogeneous,randomized,0.65,2
structural_BTYD,cate,966.262255769892,0.4764970399837128,,0.9533229242567155,both,heterogeneous,randomized,0.65,2
conformal_ITE,cate,1184.7730998710974,0.44175758624521444,0.9322222222222222,0.943521358855727,both,heterogeneous,randomized,0.65,2
base_value,baseline,,,,0.9968158416604255,both,heterogeneous,randomized,0.65,2
base_risk,baseline,,,,0.00018034481501162623,both,heterogeneous,randomized,0.65,2
random,baseline,,,,0.3183927976014198,both,heterogeneous,randomized,0.65,2
econml_T,cate,635.2048343050958,0.47069848010456855,,0.9590560589409961,both,heterogeneous,randomized,0.65,3
econml_X,cate,614.1156275420667,0.5136593887648854,,0.9651295246404292,both,heterogeneous,randomized,0.65,3
econml_DR,cate,1864.3221945251642,0.37956702628105565,,0.8094939119523151,both,heterogeneous,randomized,0.65,3
econml_CausalForest,cate,661.2753882264848,0.6114638128745813,0.7277777777777777,0.9963343642006316,both,heterogeneous,randomized,0.65,3
causalml_T,cate,635.2048343050958,0.47069848010456855,,0.9590560589409961,both,heterogeneous,randomized,0.65,3
causalml_X,cate,609.1726102566502,0.5089711337649688,,0.9669269793294369,both,heterogeneous,randomized,0.65,3
structural_BTYD,cate,735.2988390784208,0.41965140234780746,,0.9523850020698931,both,heterogeneous,randomized,0.65,3
conformal_ITE,cate,682.2568285312763,0.4591893277693449,0.9605555555555556,0.9143076390646092,both,heterogeneous,randomized,0.65,3
base_value,baseline,,,,0.9819638745569389,both,heterogeneous,randomized,0.65,3
base_risk,baseline,,,,0.00018853208912942182,both,heterogeneous,randomized,0.65,3
random,baseline,,,,0.3176918823086779,both,heterogeneous,randomized,0.65,3
econml_T,cate,1002.4051003568597,0.49272214793504704,,0.8911325829962317,both,heterogeneous,randomized,0.65,4
econml_X,cate,896.7420602920165,0.5314896757607966,,0.9245794115940628,both,heterogeneous,randomized,0.65,4
econml_DR,cate,1675.0010975902285,0.3245911225326137,,0.7573044427313728,both,heterogeneous,randomized,0.65,4
econml_CausalForest,cate,669.7873305654036,0.6457570537766578,0.7661111111111111,0.9978584813674636,both,heterogeneous,randomized,0.65,4
causalml_T,cate,1002.4051003568597,0.49272214793504704,,0.8911325829962317,both,heterogeneous,randomized,0.65,4
causalml_X,cate,909.3569571081459,0.517789275655102,,0.9087496824110247,both,heterogeneous,randomized,0.65,4
structural_BTYD,cate,825.1615575435491,0.47467276617672455,,0.9660280399545242,both,heterogeneous,randomized,0.65,4
conformal_ITE,cate,1005.4544903087722,0.47111622642203144,0.9477777777777778,0.9311597626601389,both,heterogeneous,randomized,0.65,4
base_value,baseline,,,,0.9973283692944702,both,heterogeneous,randomized,0.65,4
base_risk,baseline,,,,0.0006362795213616801,both,heterogeneous,randomized,0.65,4
random,baseline,,,,0.3022883259598762,both,heterogeneous,randomized,0.65,4
econml_T,cate,1006.4432725394756,0.4287186236193043,,0.8648901122156348,both,heterogeneous,randomized,0.65,5
econml_X,cate,905.7481078233463,0.5080540086462519,,0.9067252505832958,both,heterogeneous,randomized,0.65,5
econml_DR,cate,1658.504309210026,0.2374328841074919,,0.6728075682783952,both,heterogeneous,randomized,0.65,5
econml_CausalForest,cate,881.4587206104359,0.6338892353666702,0.6944444444444444,0.9975536469195603,both,heterogeneous,randomized,0.65,5
causalml_T,cate,1006.4432725394756,0.4287186236193043,,0.8648901122156348,both,heterogeneous,randomized,0.65,5
causalml_X,cate,899.8718825208549,0.5137296447835945,,0.9086457226930698,both,heterogeneous,randomized,0.65,5
structural_BTYD,cate,907.5386448026412,0.47774027870550373,,0.9633653211056581,both,heterogeneous,randomized,0.65,5
conformal_ITE,cate,862.2128497193213,0.4820830230591092,0.9527777777777777,0.9097793967939377,both,heterogeneous,randomized,0.65,5
base_value,baseline,,,,0.9919622881883629,both,heterogeneous,randomized,0.65,5
base_risk,baseline,,,,0.0008860463851291466,both,heterogeneous,randomized,0.65,5
random,baseline,,,,0.2634365982027361,both,heterogeneous,randomized,0.65,5
econml_T,cate,1073.5576415547237,0.4056500369360262,,0.8782951039410269,both,heterogeneous,randomized,0.65,6
econml_X,cate,983.9446452807503,0.46202177052054116,,0.9113358123752202,both,heterogeneous,randomized,0.65,6
econml_DR,cate,1906.0341657056792,0.18904011993463574,,0.730467505706072,both,heterogeneous,randomized,0.65,6
econml_CausalForest,cate,922.9976498125034,0.6428848782518176,0.6894444444444444,0.998676088165763,both,heterogeneous,randomized,0.65,6
causalml_T,cate,1073.5576415547237,0.4056500369360262,,0.8782951039410269,both,heterogeneous,randomized,0.65,6
causalml_X,cate,994.1926774514196,0.45923645967049936,,0.9144273426369347,both,heterogeneous,randomized,0.65,6
structural_BTYD,cate,1002.3600374098185,0.4607608075242625,,0.9678694856758041,both,heterogeneous,randomized,0.65,6
conformal_ITE,cate,1069.1704488150865,0.42458154436305867,0.9466666666666667,0.8908622740547848,both,heterogeneous,randomized,0.65,6
base_value,baseline,,,,0.989427160960771,both,heterogeneous,randomized,0.65,6
base_risk,baseline,,,,0.00012179057666105556,both,heterogeneous,randomized,0.65,6
random,baseline,,,,0.3027447662757674,both,heterogeneous,randomized,0.65,6
econml_T,cate,839.1867466385046,0.46613670054253725,,0.9519074491149562,both,heterogeneous,randomized,0.65,7
econml_X,cate,799.8308416224888,0.5400604624309718,,0.9784472273113088,both,heterogeneous,randomized,0.65,7
econml_DR,cate,1661.8488025935667,0.3703921546667616,,0.8590943370034777,both,heterogeneous,randomized,0.65,7
econml_CausalForest,cate,721.5051267121747,0.6088845785302466,0.6766666666666666,0.9934804679452193,both,heterogeneous,randomized,0.65,7
causalml_T,cate,839.1867466385046,0.46613670054253725,,0.9519074491149562,both,heterogeneous,randomized,0.65,7
causalml_X,cate,806.5554274119448,0.5370445561945448,,0.977082055289429,both,heterogeneous,randomized,0.65,7
structural_BTYD,cate,806.4008557170725,0.4523815811988817,,0.9569407853941654,both,heterogeneous,randomized,0.65,7
conformal_ITE,cate,1115.3468412056393,0.4618914771972842,0.9416666666666667,0.9252647950563653,both,heterogeneous,randomized,0.65,7
base_value,baseline,,,,0.9867951047947301,both,heterogeneous,randomized,0.65,7
base_risk,baseline,,,,0.00023480784843916432,both,heterogeneous,randomized,0.65,7
random,baseline,,,,0.3119156064440293,both,heterogeneous,randomized,0.65,7
econml_T,cate,929.1288395374695,0.4402696845530228,,0.9211231275457188,both,heterogeneous,randomized,0.65,8
econml_X,cate,835.4825557099904,0.5045907769072282,,0.9526521249853745,both,heterogeneous,randomized,0.65,8
econml_DR,cate,2314.5130686732145,0.23033858000822793,,0.7009738421878264,both,heterogeneous,randomized,0.65,8
econml_CausalForest,cate,648.5009989753112,0.6194516992113259,0.6866666666666666,0.9967471602839624,both,heterogeneous,randomized,0.65,8
causalml_T,cate,929.1288395374695,0.4402696845530228,,0.9211231275457188,both,heterogeneous,randomized,0.65,8
causalml_X,cate,826.5429448284634,0.49168426290197714,,0.9512583839487229,both,heterogeneous,randomized,0.65,8
structural_BTYD,cate,842.7507036607782,0.46207872063891886,,0.9622483702254282,both,heterogeneous,randomized,0.65,8
conformal_ITE,cate,944.4415601469408,0.4320052268196971,0.9638888888888889,0.9148387774903245,both,heterogeneous,randomized,0.65,8
base_value,baseline,,,,0.9958220260444358,both,heterogeneous,randomized,0.65,8
base_risk,baseline,,,,0.00042623066639062475,both,heterogeneous,randomized,0.65,8
random,baseline,,,,0.33260570757526264,both,heterogeneous,randomized,0.65,8
econml_T,cate,887.4516568521296,0.4591370357473174,,0.912223044767082,both,heterogeneous,randomized,0.65,9
econml_X,cate,841.2402317172739,0.5263321315406553,,0.9432138352056714,both,heterogeneous,randomized,0.65,9
econml_DR,cate,1499.4732120559836,0.4428324819580643,,0.8253358528392515,both,heterogeneous,randomized,0.65,9
econml_CausalForest,cate,519.6018138538394,0.6142445487089634,0.7438888888888889,0.9967124160275617,both,heterogeneous,randomized,0.65,9
causalml_T,cate,887.4516568521296,0.4591370357473174,,0.912223044767082,both,heterogeneous,randomized,0.65,9
causalml_X,cate,826.846377193259,0.5146794794523137,,0.9338098208434554,both,heterogeneous,randomized,0.65,9
structural_BTYD,cate,693.5137703217085,0.45301280010681433,,0.9589779898781909,both,heterogeneous,randomized,0.65,9
conformal_ITE,cate,896.1514816265985,0.4217229986857101,0.9472222222222222,0.852875589943337,both,heterogeneous,randomized,0.65,9
base_value,baseline,,,,0.9798425444499426,both,heterogeneous,randomized,0.65,9
base_risk,baseline,,,,0.00039038015953556684,both,heterogeneous,randomized,0.65,9
random,baseline,,,,0.2735734972636875,both,heterogeneous,randomized,0.65,9
econml_T,cate,542.99371630941,0.21252515429243518,,0.7398722306646037,both,heterogeneous,confounded,0.2,0
econml_X,cate,368.55186862235956,0.20459321215769666,,0.7768357434769908,both,heterogeneous,confounded,0.2,0
econml_DR,cate,3392.171901690242,0.13325101659591346,,0.6323290360044403,both,heterogeneous,confounded,0.2,0
econml_CausalForest,cate,245.72638860728665,0.6292448079228878,0.7194444444444444,0.997698689893627,both,heterogeneous,confounded,0.2,0
causalml_T,cate,542.99371630941,0.21252515429243518,,0.7398722306646037,both,heterogeneous,confounded,0.2,0
causalml_X,cate,364.4398640072652,0.210918371126313,,0.7859022877830077,both,heterogeneous,confounded,0.2,0
structural_BTYD,cate,304.06412721538624,0.2352601540835318,,0.927026773478505,both,heterogeneous,confounded,0.2,0
conformal_ITE,cate,665.8654705583559,0.2786300210093635,0.9616666666666667,0.784151208669241,both,heterogeneous,confounded,0.2,0
base_value,baseline,,,,0.9861385006915997,both,heterogeneous,confounded,0.2,0
base_risk,baseline,,,,0.00014444549404283156,both,heterogeneous,confounded,0.2,0
random,baseline,,,,0.3196277085414223,both,heterogeneous,confounded,0.2,0
econml_T,cate,515.9912679103347,0.28354938842406024,,0.808054971221229,both,heterogeneous,confounded,0.2,1
econml_X,cate,407.96159246208725,0.26762521985964666,,0.8358483817612261,both,heterogeneous,confounded,0.2,1
econml_DR,cate,4356.445755979351,0.15981013894807636,,0.6416318871451037,both,heterogeneous,confounded,0.2,1
econml_CausalForest,cate,258.2901913259259,0.5529054678317034,0.8133333333333334,0.9919271228712897,both,heterogeneous,confounded,0.2,1
causalml_T,cate,515.9912679103347,0.28354938842406024,,0.808054971221229,both,heterogeneous,confounded,0.2,1
causalml_X,cate,413.28632628819634,0.2619937126790721,,0.8239219432418373,both,heterogeneous,confounded,0.2,1
structural_BTYD,cate,345.51167695994457,0.24328194017707877,,0.944369118923409,both,heterogeneous,confounded,0.2,1
conformal_ITE,cate,597.1878328170701,0.28851626464880065,0.9594444444444444,0.7840847295730086,both,heterogeneous,confounded,0.2,1
base_value,baseline,,,,0.9873389764723467,both,heterogeneous,confounded,0.2,1
base_risk,baseline,,,,0.000268005739655051,both,heterogeneous,confounded,0.2,1
random,baseline,,,,0.32505589324422673,both,heterogeneous,confounded,0.2,1
econml_T,cate,507.5468316409653,0.28216823773622784,,0.769952509618086,both,heterogeneous,confounded,0.2,2
econml_X,cate,377.3144726896398,0.22514388940515107,,0.7671542495029493,both,heterogeneous,confounded,0.2,2
econml_DR,cate,1399.8302318916055,0.010398109906733647,,0.5947183045530515,both,heterogeneous,confounded,0.2,2
econml_CausalForest,cate,248.9712311195062,0.5625422847456107,0.7316666666666667,0.9945454805798664,both,heterogeneous,confounded,0.2,2
causalml_T,cate,507.5468316409653,0.28216823773622784,,0.769952509618086,both,heterogeneous,confounded,0.2,2
causalml_X,cate,380.69920606483726,0.2220850398636977,,0.7834312035219597,both,heterogeneous,confounded,0.2,2
structural_BTYD,cate,320.53604920334413,0.3082097270938324,,0.9483247248767559,both,heterogeneous,confounded,0.2,2
conformal_ITE,cate,600.0215099141782,0.28265899256550764,0.9494444444444444,0.8166871805616623,both,heterogeneous,confounded,0.2,2
base_value,baseline,,,,0.9940831972344015,both,heterogeneous,confounded,0.2,2
base_risk,baseline,,,,8.940460583025018e-05,both,heterogeneous,confounded,0.2,2
random,baseline,,,,0.26125331830866083,both,heterogeneous,confounded,0.2,2
econml_T,cate,432.86086939127034,0.1761690161725825,,0.7640237691744103,both,heterogeneous,confounded,0.2,3
econml_X,cate,294.1159887711086,0.18595776010239298,,0.7975994244246994,both,heterogeneous,confounded,0.2,3
econml_DR,cate,1544.541250378873,0.1033843041893227,,0.6343685956438065,both,heterogeneous,confounded,0.2,3
econml_CausalForest,cate,195.40718727256476,0.5870888843901477,0.8294444444444444,0.9957456640462584,both,heterogeneous,confounded,0.2,3
causalml_T,cate,432.86086939127034,0.1761690161725825,,0.7640237691744103,both,heterogeneous,confounded,0.2,3
causalml_X,cate,295.6567975601939,0.19688041955968894,,0.8086328611839332,both,heterogeneous,confounded,0.2,3
structural_BTYD,cate,254.04721502924997,0.23177412628870556,,0.9199364279905081,both,heterogeneous,confounded,0.2,3
conformal_ITE,cate,415.8563741807552,0.24843276215705293,0.9616666666666667,0.7958332885016828,both,heterogeneous,confounded,0.2,3
base_value,baseline,,,,0.9942596901326031,both,heterogeneous,confounded,0.2,3
base_risk,baseline,,,,4.338653434976412e-05,both,heterogeneous,confounded,0.2,3
random,baseline,,,,0.3291055200905003,both,heterogeneous,confounded,0.2,3
econml_T,cate,556.4457415106118,0.1992837461113383,,0.7427607064537535,both,heterogeneous,confounded,0.2,4
econml_X,cate,410.1041743239958,0.18447054114519407,,0.7452531161165747,both,heterogeneous,confounded,0.2,4
econml_DR,cate,2612.630575602935,-5.65364425027998e-05,,0.5838405815438582,both,heterogeneous,confounded,0.2,4
econml_CausalForest,cate,231.40332948037897,0.548989757057022,0.7983333333333333,0.993922072444553,both,heterogeneous,confounded,0.2,4
causalml_T,cate,556.4457415106118,0.1992837461113383,,0.7427607064537535,both,heterogeneous,confounded,0.2,4
causalml_X,cate,415.8746939850211,0.17404581208819905,,0.7379248567302009,both,heterogeneous,confounded,0.2,4
structural_BTYD,cate,299.25761719448735,0.3392312344244498,,0.9529427917266635,both,heterogeneous,confounded,0.2,4
conformal_ITE,cate,579.7430672432449,0.15616030755253404,0.9488888888888889,0.706585408237223,both,heterogeneous,confounded,0.2,4
base_value,baseline,,,,0.9859555590257085,both,heterogeneous,confounded,0.2,4
base_risk,baseline,,,,0.0002684282832885425,both,heterogeneous,confounded,0.2,4
random,baseline,,,,0.33641007801620454,both,heterogeneous,confounded,0.2,4
econml_T,cate,654.7683707784388,0.22889821734409307,,0.8204437456169892,both,heterogeneous,confounded,0.2,5
econml_X,cate,502.33546424127064,0.284193835202212,,0.8914000488663845,both,heterogeneous,confounded,0.2,5
econml_DR,cate,1708.5433138493352,0.021217628332199943,,0.5748619868388617,both,heterogeneous,confounded,0.2,5
econml_CausalForest,cate,243.18163065744997,0.6038395152827862,0.7633333333333333,0.9963623687086036,both,heterogeneous,confounded,0.2,5
causalml_T,cate,654.7683707784388,0.22889821734409307,,0.8204437456169892,both,heterogeneous,confounded,0.2,5
causalml_X,cate,489.0927927274648,0.27061805641594666,,0.8857657949294316,both,heterogeneous,confounded,0.2,5
structural_BTYD,cate,345.9879256535518,0.33135085233249906,,0.9544674222949292,both,heterogeneous,confounded,0.2,5
conformal_ITE,cate,809.9489659311573,0.3529500085965753,0.95,0.8079594962941608,both,heterogeneous,confounded,0.2,5
base_value,baseline,,,,0.9893810611197046,both,heterogeneous,confounded,0.2,5
base_risk,baseline,,,,0.0009887784306567221,both,heterogeneous,confounded,0.2,5
random,baseline,,,,0.30627131711996364,both,heterogeneous,confounded,0.2,5
econml_T,cate,503.9466633151043,0.2871793556853889,,0.7610367363875995,both,heterogeneous,confounded,0.2,6
econml_X,cate,402.9091844984973,0.3049470642847674,,0.835992440986181,both,heterogeneous,confounded,0.2,6
econml_DR,cate,2861.8915575077854,0.23590619659671305,,0.6697437362925156,both,heterogeneous,confounded,0.2,6
econml_CausalForest,cate,312.2580682974246,0.6173163862279379,0.8588888888888889,0.9969682625463219,both,heterogeneous,confounded,0.2,6
causalml_T,cate,503.9466633151043,0.2871793556853889,,0.7610367363875995,both,heterogeneous,confounded,0.2,6
causalml_X,cate,395.1892551991585,0.3152388985108657,,0.8413962593374369,both,heterogeneous,confounded,0.2,6
structural_BTYD,cate,392.0153698410162,0.30584963843987334,,0.9518160662894052,both,heterogeneous,confounded,0.2,6
conformal_ITE,cate,455.3284990809606,0.3043117707351745,0.9583333333333334,0.7829134594959442,both,heterogeneous,confounded,0.2,6
base_value,baseline,,,,0.9949806494811811,both,heterogeneous,confounded,0.2,6
base_risk,baseline,,,,8.93224759093885e-05,both,heterogeneous,confounded,0.2,6
random,baseline,,,,0.2843959386971335,both,heterogeneous,confounded,0.2,6
econml_T,cate,563.7361564896147,0.19611197056878318,,0.7715481162631056,both,heterogeneous,confounded,0.2,7
econml_X,cate,401.92671403224284,0.23421112326049387,,0.8563845997010932,both,heterogeneous,confounded,0.2,7
econml_DR,cate,1686.3122547450196,0.02055194038610726,,0.5351348682064264,both,heterogeneous,confounded,0.2,7
econml_CausalForest,cate,262.0727469913249,0.5149037694791891,0.7816666666666666,0.9894737793799155,both,heterogeneous,confounded,0.2,7
causalml_T,cate,563.7361564896147,0.19611197056878318,,0.7715481162631056,both,heterogeneous,confounded,0.2,7
causalml_X,cate,393.34228198033753,0.23888502504304518,,0.857928626755562,both,heterogeneous,confounded,0.2,7
structural_BTYD,cate,350.42157868633353,0.27531550831697404,,0.9444500355011388,both,heterogeneous,confounded,0.2,7
conformal_ITE,cate,727.8087628758208,0.27634898924757734,0.9388888888888889,0.847179948312358,both,heterogeneous,confounded,0.2,7
base_value,baseline,,,,0.9949135062119925,both,heterogeneous,confounded,0.2,7
base_risk,baseline,,,,0.001139566513108573,both,heterogeneous,confounded,0.2,7
random,baseline,,,,0.3048863316805159,both,heterogeneous,confounded,0.2,7
econml_T,cate,557.3743282341364,0.2001323569319181,,0.7860684877493401,both,heterogeneous,confounded,0.2,8
econml_X,cate,423.13284139462513,0.20762335278649585,,0.8015413878617771,both,heterogeneous,confounded,0.2,8
econml_DR,cate,1001.9850286731571,0.09710853630739404,,0.6462349249521153,both,heterogeneous,confounded,0.2,8
econml_CausalForest,cate,266.0647903878835,0.43650977817679065,0.7794444444444445,0.9757425170142644,both,heterogeneous,confounded,0.2,8
causalml_T,cate,557.3743282341364,0.2001323569319181,,0.7860684877493401,both,heterogeneous,confounded,0.2,8
causalml_X,cate,415.4409341796141,0.18122537109744682,,0.758716021910716,both,heterogeneous,confounded,0.2,8
structural_BTYD,cate,344.2054929426524,0.27626351189206505,,0.9367004851058475,both,heterogeneous,confounded,0.2,8
conformal_ITE,cate,671.7721451956901,0.1078854129580998,0.9522222222222222,0.7445455414468,both,heterogeneous,confounded,0.2,8
base_value,baseline,,,,0.9949123117747339,both,heterogeneous,confounded,0.2,8
base_risk,baseline,,,,0.000246890080314157,both,heterogeneous,confounded,0.2,8
random,baseline,,,,0.3080514223081741,both,heterogeneous,confounded,0.2,8
econml_T,cate,629.945461119886,0.15226015783366756,,0.6805655223951504,both,heterogeneous,confounded,0.2,9
econml_X,cate,355.6970430626931,0.19957445037457,,0.7742946652054002,both,heterogeneous,confounded,0.2,9
econml_DR,cate,1975.6041591680168,0.030458979478910984,,0.6105796171039949,both,heterogeneous,confounded,0.2,9
econml_CausalForest,cate,214.3483253185647,0.4036812576997263,0.8455555555555555,0.9521773181315956,both,heterogeneous,confounded,0.2,9
causalml_T,cate,629.945461119886,0.15226015783366756,,0.6805655223951504,both,heterogeneous,confounded,0.2,9
causalml_X,cate,359.60527713549163,0.19189929954524962,,0.7614357022007103,both,heterogeneous,confounded,0.2,9
structural_BTYD,cate,256.0650529675139,0.27482774735628107,,0.9430823019370801,both,heterogeneous,confounded,0.2,9
conformal_ITE,cate,486.0890998883658,0.1399564411774453,0.9661111111111111,0.7402784805633761,both,heterogeneous,confounded,0.2,9
base_value,baseline,,,,0.9901747308251847,both,heterogeneous,confounded,0.2,9
base_risk,baseline,,,,2.3906212442612284e-05,both,heterogeneous,confounded,0.2,9
random,baseline,,,,0.23594441192930102,both,heterogeneous,confounded,0.2,9
econml_T,cate,618.2121890931635,0.29777408333073974,,0.8114222854341424,both,heterogeneous,confounded,0.35,0
econml_X,cate,511.52429767652626,0.322107433599544,,0.8745142483186497,both,heterogeneous,confounded,0.35,0
econml_DR,cate,2388.2614729773654,0.17110600732560863,,0.6914338734119727,both,heterogeneous,confounded,0.35,0
econml_CausalForest,cate,477.8716970854718,0.6182124063139057,0.6277777777777778,0.9966310074140292,both,heterogeneous,confounded,0.35,0
causalml_T,cate,618.2121890931635,0.29777408333073974,,0.8114222854341424,both,heterogeneous,confounded,0.35,0
causalml_X,cate,506.0326513847868,0.3307805399238966,,0.8825348472454332,both,heterogeneous,confounded,0.35,0
structural_BTYD,cate,499.7681098305105,0.23527057299045945,,0.927269518495354,both,heterogeneous,confounded,0.35,0
conformal_ITE,cate,653.9312443956367,0.35521320700644443,0.9533333333333334,0.8412833929771725,both,heterogeneous,confounded,0.35,0
base_value,baseline,,,,0.9860883308905012,both,heterogeneous,confounded,0.35,0
base_risk,baseline,,,,0.00014010242837144866,both,heterogeneous,confounded,0.35,0
random,baseline,,,,0.35154456535169404,both,heterogeneous,confounded,0.35,0
econml_T,cate,636.9641415767173,0.34679541926032603,,0.8058296750075371,both,heterogeneous,confounded,0.35,1
econml_X,cate,579.6510733436168,0.34840748224098483,,0.8561708837986,both,heterogeneous,confounded,0.35,1
econml_DR,cate,3215.3582726806694,0.19975126345026487,,0.6876938105896525,both,heterogeneous,confounded,0.35,1
econml_CausalForest,cate,555.7709761630565,0.5450196346439128,0.7955555555555556,0.9921669230498664,both,heterogeneous,confounded,0.35,1
causalml_T,cate,636.9641415767173,0.34679541926032603,,0.8058296750075371,both,heterogeneous,confounded,0.35,1
causalml_X,cate,591.7610716327167,0.3530687416708676,,0.8734057559605146,both,heterogeneous,confounded,0.35,1
structural_BTYD,cate,576.5565620384957,0.2439920789866678,,0.9446848604582672,both,heterogeneous,confounded,0.35,1
conformal_ITE,cate,657.3768443560937,0.3031570026471254,0.9555555555555556,0.8334477622909409,both,heterogeneous,confounded,0.35,1
base_value,baseline,,,,0.987720053678412,both,heterogeneous,confounded,0.35,1
base_risk,baseline,,,,0.00025783540979588965,both,heterogeneous,confounded,0.35,1
random,baseline,,,,0.36358037968105505,both,heterogeneous,confounded,0.35,1
econml_T,cate,576.0394960432322,0.37331122100344516,,0.8574218369076976,both,heterogeneous,confounded,0.35,2
econml_X,cate,572.9764335409888,0.34573430712756276,,0.8682867850321208,both,heterogeneous,confounded,0.35,2
econml_DR,cate,4893.287254853211,0.1500310476577618,,0.6639361204662693,both,heterogeneous,confounded,0.35,2
econml_CausalForest,cate,443.6891747096753,0.5885665785866564,0.715,0.9958188243059339,both,heterogeneous,confounded,0.35,2
causalml_T,cate,576.0394960432322,0.37331122100344516,,0.8574218369076976,both,heterogeneous,confounded,0.35,2
causalml_X,cate,575.282846703454,0.34507132249018685,,0.8879387825594247,both,heterogeneous,confounded,0.35,2
structural_BTYD,cate,538.5479610205915,0.308181816624857,,0.9489101246579452,both,heterogeneous,confounded,0.35,2
conformal_ITE,cate,820.10378113376,0.3374697686089709,0.9388888888888889,0.8888302226246566,both,heterogeneous,confounded,0.35,2
base_value,baseline,,,,0.9941852915501563,both,heterogeneous,confounded,0.35,2
base_risk,baseline,,,,8.510455671510837e-05,both,heterogeneous,confounded,0.35,2
random,baseline,,,,0.2513719734025326,both,heterogeneous,confounded,0.35,2
econml_T,cate,710.7956662542585,0.3017241835577494,,0.8568137648136959,both,heterogeneous,confounded,0.35,3
econml_X,cate,527.0400240471666,0.31174834187593514,,0.8814445585027223,both,heterogeneous,confounded,0.35,3
econml_DR,cate,3404.404288193062,0.018104739391517192,,0.6068410610109831,both,heterogeneous,confounded,0.35,3
econml_CausalForest,cate,357.173036724945,0.5998337315858372,0.8072222222222222,0.9968618225759613,both,heterogeneous,confounded,0.35,3
causalml_T,cate,710.7956662542585,0.3017241835577494,,0.8568137648136959,both,heterogeneous,confounded,0.35,3
causalml_X,cate,524.0035324020856,0.2903182876334037,,0.8722452538527504,both,heterogeneous,confounded,0.35,3
structural_BTYD,cate,418.8693775209302,0.23171494235754805,,0.9210337525476476,both,heterogeneous,confounded,0.35,3
conformal_ITE,cate,686.7738140509073,0.27151801276724524,0.9366666666666666,0.8018299475328835,both,heterogeneous,confounded,0.35,3
base_value,baseline,,,,0.9943749784755591,both,heterogeneous,confounded,0.35,3
base_risk,baseline,,,,4.154722658404618e-05,both,heterogeneous,confounded,0.35,3
random,baseline,,,,0.24855484717818174,both,heterogeneous,confounded,0.35,3
econml_T,cate,621.8385702567801,0.4196609580900921,,0.8929504801439111,both,heterogeneous,confounded,0.35,4
econml_X,cate,475.5619128283856,0.3985760847092504,,0.9056427988141359,both,heterogeneous,confounded,0.35,4
econml_DR,cate,1631.242422461929,0.1366446411569145,,0.6346779448726582,both,heterogeneous,confounded,0.35,4
econml_CausalForest,cate,427.26550430080295,0.6160233796209292,0.7483333333333333,0.9978645375063392,both,heterogeneous,confounded,0.35,4
causalml_T,cate,621.8385702567801,0.4196609580900921,,0.8929504801439111,both,heterogeneous,confounded,0.35,4
causalml_X,cate,466.37512986320553,0.40469278206919473,,0.9053455418552779,both,heterogeneous,confounded,0.35,4
structural_BTYD,cate,480.80227198689335,0.3392403403983088,,0.9533257323429535,both,heterogeneous,confounded,0.35,4
conformal_ITE,cate,566.4136859834009,0.3609589378143627,0.9444444444444444,0.8653884395716502,both,heterogeneous,confounded,0.35,4
base_value,baseline,,,,0.9864108294263121,both,heterogeneous,confounded,0.35,4
base_risk,baseline,,,,0.0002604111105768958,both,heterogeneous,confounded,0.35,4
random,baseline,,,,0.33397554675516483,both,heterogeneous,confounded,0.35,4
econml_T,cate,708.6296391218646,0.401192703727335,,0.8846527009535797,both,heterogeneous,confounded,0.35,5
econml_X,cate,575.3532696991748,0.4286993639011594,,0.9363597460312552,both,heterogeneous,confounded,0.35,5
econml_DR,cate,2514.7479787050943,0.17640263729209443,,0.7491345427481217,both,heterogeneous,confounded,0.35,5
econml_CausalForest,cate,448.1575664887564,0.5983401907547711,0.6033333333333334,0.9975015520057634,both,heterogeneous,confounded,0.35,5
causalml_T,cate,708.6296391218646,0.401192703727335,,0.8846527009535797,both,heterogeneous,confounded,0.35,5
causalml_X,cate,557.9805630498815,0.4428454255215481,,0.9450178565422667,both,heterogeneous,confounded,0.35,5
structural_BTYD,cate,548.0285694682606,0.3312316515928335,,0.9551713434319591,both,heterogeneous,confounded,0.35,5
conformal_ITE,cate,709.6792758576295,0.40452123316762334,0.9483333333333334,0.8532520973015169,both,heterogeneous,confounded,0.35,5
base_value,baseline,,,,0.9898367311638541,both,heterogeneous,confounded,0.35,5
base_risk,baseline,,,,0.0009307546561308842,both,heterogeneous,confounded,0.35,5
random,baseline,,,,0.23161429322963412,both,heterogeneous,confounded,0.35,5
econml_T,cate,607.5234266134083,0.3714180710437286,,0.8666900214509137,both,heterogeneous,confounded,0.35,6
econml_X,cate,598.1827216040257,0.4079861890245999,,0.9291306334870532,both,heterogeneous,confounded,0.35,6
econml_DR,cate,2301.343279353293,0.08918169075589928,,0.6393996366149912,both,heterogeneous,confounded,0.35,6
econml_CausalForest,cate,544.4637767265882,0.6089845355896757,0.7711111111111111,0.9966405889260893,both,heterogeneous,confounded,0.35,6
causalml_T,cate,607.5234266134083,0.3714180710437286,,0.8666900214509137,both,heterogeneous,confounded,0.35,6
causalml_X,cate,602.8354936793598,0.4091907302771712,,0.9288356050001048,both,heterogeneous,confounded,0.35,6
structural_BTYD,cate,629.558639766715,0.3059557126437978,,0.9520097026839235,both,heterogeneous,confounded,0.35,6
conformal_ITE,cate,705.7007929077389,0.3530901980484181,0.9505555555555556,0.8321271098344072,both,heterogeneous,confounded,0.35,6
base_value,baseline,,,,0.9950734964490492,both,heterogeneous,confounded,0.35,6
base_risk,baseline,,,,8.568031664008402e-05,both,heterogeneous,confounded,0.35,6
random,baseline,,,,0.25628842662174633,both,heterogeneous,confounded,0.35,6
econml_T,cate,685.7494730039946,0.40356294817556765,,0.8884268994322868,both,heterogeneous,confounded,0.35,7
econml_X,cate,514.5829213009819,0.4394553879857109,,0.9168326424138008,both,heterogeneous,confounded,0.35,7
econml_DR,cate,2110.2866334537275,0.13670741904831588,,0.7179402238888912,both,heterogeneous,confounded,0.35,7
econml_CausalForest,cate,461.3527699824522,0.5768014143372189,0.7294444444444445,0.9937556622348909,both,heterogeneous,confounded,0.35,7
causalml_T,cate,685.7494730039946,0.40356294817556765,,0.8884268994322868,both,heterogeneous,confounded,0.35,7
causalml_X,cate,515.1066675631185,0.4386019422989029,,0.916076694399187,both,heterogeneous,confounded,0.35,7
structural_BTYD,cate,530.1979297680545,0.27533677769247966,,0.9446346885594695,both,heterogeneous,confounded,0.35,7
conformal_ITE,cate,817.4717388746396,0.3624061653809719,0.9444444444444444,0.8741654123803186,both,heterogeneous,confounded,0.35,7
base_value,baseline,,,,0.9950259574333938,both,heterogeneous,confounded,0.35,7
base_risk,baseline,,,,0.0011080310343355951,both,heterogeneous,confounded,0.35,7
random,baseline,,,,0.3112844055442081,both,heterogeneous,confounded,0.35,7
econml_T,cate,749.6242755353109,0.295563755311308,,0.8038900690623666,both,heterogeneous,confounded,0.35,8
econml_X,cate,616.3097890708756,0.3220561788539955,,0.8080464070419445,both,heterogeneous,confounded,0.35,8
econml_DR,cate,1681.3456455087153,0.12344526790813094,,0.6973284356749694,both,heterogeneous,confounded,0.35,8
econml_CausalForest,cate,517.446442503031,0.47344546373260055,0.7416666666666667,0.9767971885237475,both,heterogeneous,confounded,0.35,8
causalml_T,cate,749.6242755353109,0.295563755311308,,0.8038900690623666,both,heterogeneous,confounded,0.35,8
causalml_X,cate,635.8620153690863,0.3191552422989227,,0.8048760334411006,both,heterogeneous,confounded,0.35,8
structural_BTYD,cate,534.8731166261281,0.27646500312757516,,0.937463819056936,both,heterogeneous,confounded,0.35,8
conformal_ITE,cate,727.8078821933709,0.23829256554717318,0.9422222222222222,0.8023721118631066,both,heterogeneous,confounded,0.35,8
base_value,baseline,,,,0.9949531074104295,both,heterogeneous,confounded,0.35,8
base_risk,baseline,,,,0.0002420656129619575,both,heterogeneous,confounded,0.35,8
random,baseline,,,,0.23639042448391026,both,heterogeneous,confounded,0.35,8
econml_T,cate,771.7127201909323,0.25433741473232885,,0.7205368942761103,both,heterogeneous,confounded,0.35,9
econml_X,cate,526.5618609423765,0.3401922807559913,,0.8050331481392251,both,heterogeneous,confounded,0.35,9
econml_DR,cate,2045.3309973940986,0.0800907708237291,,0.6313798520766867,both,heterogeneous,confounded,0.35,9
econml_CausalForest,cate,379.4445839331461,0.5628617764502606,0.8061111111111111,0.9941228713653982,both,heterogeneous,confounded,0.35,9
causalml_T,cate,771.7127201909323,0.25433741473232885,,0.7205368942761103,both,heterogeneous,confounded,0.35,9
causalml_X,cate,549.1066985888784,0.3264575550649059,,0.7470034876483987,both,heterogeneous,confounded,0.35,9
structural_BTYD,cate,408.85383421942885,0.2748225571353215,,0.9434588357611008,both,heterogeneous,confounded,0.35,9
conformal_ITE,cate,953.5891731765747,0.3307678740241812,0.9583333333333334,0.8058407563624417,both,heterogeneous,confounded,0.35,9
base_value,baseline,,,,0.9902212887747218,both,heterogeneous,confounded,0.35,9
base_risk,baseline,,,,2.352525779858535e-05,both,heterogeneous,confounded,0.35,9
random,baseline,,,,0.32120039203954975,both,heterogeneous,confounded,0.35,9
econml_T,cate,848.1908803358396,0.4045517365851155,,0.9078669330034308,both,heterogeneous,confounded,0.5,0
econml_X,cate,724.0465572082067,0.43721700154450316,,0.9364404690222571,both,heterogeneous,confounded,0.5,0
econml_DR,cate,6422.859409422444,0.29115362140609663,,0.7956323646610823,both,heterogeneous,confounded,0.5,0
econml_CausalForest,cate,714.0326961639303,0.6224367462058767,0.6655555555555556,0.9978483183518002,both,heterogeneous,confounded,0.5,0
causalml_T,cate,848.1908803358396,0.4045517365851155,,0.9078669330034308,both,heterogeneous,confounded,0.5,0
causalml_X,cate,713.4228687232568,0.43807952757765073,,0.9388443522334674,both,heterogeneous,confounded,0.5,0
structural_BTYD,cate,737.1111426593426,0.23533747544294126,,0.9276090152648472,both,heterogeneous,confounded,0.5,0
conformal_ITE,cate,1098.1124080105096,0.2887817583261149,0.955,0.8348461707388564,both,heterogeneous,confounded,0.5,0
base_value,baseline,,,,0.9860311223079167,both,heterogeneous,confounded,0.5,0
base_risk,baseline,,,,0.00013524214516308516,both,heterogeneous,confounded,0.5,0
random,baseline,,,,0.2627165390932128,both,heterogeneous,confounded,0.5,0
econml_T,cate,800.5443214422967,0.41586635214229545,,0.8940881020071706,both,heterogeneous,confounded,0.5,1
econml_X,cate,787.9227956836272,0.44129304574031053,,0.9464385948797387,both,heterogeneous,confounded,0.5,1
econml_DR,cate,4096.864340613698,0.1684588066080643,,0.6463409542404245,both,heterogeneous,confounded,0.5,1
econml_CausalForest,cate,782.0430713050868,0.5836641425161684,0.7961111111111111,0.9948141606891607,both,heterogeneous,confounded,0.5,1
causalml_T,cate,800.5443214422967,0.41586635214229545,,0.8940881020071706,both,heterogeneous,confounded,0.5,1
causalml_X,cate,794.439326134925,0.43154161080931713,,0.936131539250322,both,heterogeneous,confounded,0.5,1
structural_BTYD,cate,899.4457896146502,0.24600486146093398,,0.945133530210803,both,heterogeneous,confounded,0.5,1
conformal_ITE,cate,753.4054419253393,0.44004479432777394,0.9588888888888889,0.9008101388863178,both,heterogeneous,confounded,0.5,1
base_value,baseline,,,,0.9881348596029196,both,heterogeneous,confounded,0.5,1
base_risk,baseline,,,,0.00024642006485188224,both,heterogeneous,confounded,0.5,1
random,baseline,,,,0.23964739982626565,both,heterogeneous,confounded,0.5,1
econml_T,cate,829.4334831623565,0.4236365703678766,,0.8737587361401354,both,heterogeneous,confounded,0.5,2
econml_X,cate,848.5228058931253,0.42646003535358357,,0.9146591224771763,both,heterogeneous,confounded,0.5,2
econml_DR,cate,2328.7766698253913,0.1608001245881025,,0.6724815088650274,both,heterogeneous,confounded,0.5,2
econml_CausalForest,cate,779.5613959444863,0.6185608384838506,0.765,0.9969723839256217,both,heterogeneous,confounded,0.5,2
causalml_T,cate,829.4334831623565,0.4236365703678766,,0.8737587361401354,both,heterogeneous,confounded,0.5,2
causalml_X,cate,857.9556940692053,0.4346969681185338,,0.9237690998346634,both,heterogeneous,confounded,0.5,2
structural_BTYD,cate,843.9710103794889,0.3078485248734611,,0.9497334330882783,both,heterogeneous,confounded,0.5,2
conformal_ITE,cate,1050.3398423881297,0.4243509516300047,0.9388888888888889,0.9172623412265328,both,heterogeneous,confounded,0.5,2
base_value,baseline,,,,0.9943178091405793,both,heterogeneous,confounded,0.5,2
base_risk,baseline,,,,8.037677102612457e-05,both,heterogeneous,confounded,0.5,2
random,baseline,,,,0.24399016037954369,both,heterogeneous,confounded,0.5,2
econml_T,cate,746.8385230532673,0.37733466692811934,,0.8984955480519891,both,heterogeneous,confounded,0.5,3
econml_X,cate,615.9570099022759,0.4096066085656914,,0.9437491513310664,both,heterogeneous,confounded,0.5,3
econml_DR,cate,2316.3311125528403,0.1612408518465482,,0.7037244750781589,both,heterogeneous,confounded,0.5,3
econml_CausalForest,cate,503.6692258083532,0.5970334666021769,0.755,0.9965074207600406,both,heterogeneous,confounded,0.5,3
causalml_T,cate,746.8385230532673,0.37733466692811934,,0.8984955480519891,both,heterogeneous,confounded,0.5,3
causalml_X,cate,611.2881849371721,0.4115196700800225,,0.951919845184745,both,heterogeneous,confounded,0.5,3
structural_BTYD,cate,647.4280654041906,0.23295641535838552,,0.9222914360395936,both,heterogeneous,confounded,0.5,3
conformal_ITE,cate,848.2465255202223,0.36051042940017386,0.935,0.9073864126321366,both,heterogeneous,confounded,0.5,3
base_value,baseline,,,,0.9945055541541997,both,heterogeneous,confounded,0.5,3
base_risk,baseline,,,,3.952179733373413e-05,both,heterogeneous,confounded,0.5,3
random,baseline,,,,0.2931477216441121,both,heterogeneous,confounded,0.5,3
econml_T,cate,878.5261255050616,0.41854029779101587,,0.878375481934528,both,heterogeneous,confounded,0.5,4
econml_X,cate,726.7856505559317,0.4729776046645883,,0.9337395283288435,both,heterogeneous,confounded,0.5,4
econml_DR,cate,2201.5741808519147,0.22037236543625005,,0.7041827481172427,both,heterogeneous,confounded,0.5,4
econml_CausalForest,cate,621.9860737342728,0.627965159723435,0.7638888888888888,0.9980126965840936,both,heterogeneous,confounded,0.5,4
causalml_T,cate,878.5261255050616,0.41854029779101587,,0.878375481934528,both,heterogeneous,confounded,0.5,4
causalml_X,cate,717.8090778916456,0.46724450534823153,,0.930435938297903,both,heterogeneous,confounded,0.5,4
structural_BTYD,cate,732.2430377299409,0.33916206691683415,,0.9537864821867571,both,heterogeneous,confounded,0.5,4
conformal_ITE,cate,903.2969288626682,0.4039805934130879,0.9394444444444444,0.8850706668128251,both,heterogeneous,confounded,0.5,4
base_value,baseline,,,,0.9869193496204601,both,heterogeneous,confounded,0.5,4
base_risk,baseline,,,,0.00025123053402245735,both,heterogeneous,confounded,0.5,4
random,baseline,,,,0.23994421026694002,both,heterogeneous,confounded,0.5,4
econml_T,cate,899.6955001457202,0.45341503994916393,,0.9239957619441685,both,heterogeneous,confounded,0.5,5
econml_X,cate,729.0589078170719,0.4593025790617033,,0.9661012399682856,both,heterogeneous,confounded,0.5,5
econml_DR,cate,2752.684460145735,0.15845911740488813,,0.685856377930911,both,heterogeneous,confounded,0.5,5
econml_CausalForest,cate,664.7875088804587,0.6030780640670927,0.7072222222222222,0.9971531521760473,both,heterogeneous,confounded,0.5,5
causalml_T,cate,899.6955001457202,0.45341503994916393,,0.9239957619441685,both,heterogeneous,confounded,0.5,5
causalml_X,cate,710.395777712697,0.46494273192349295,,0.9675673213698085,both,heterogeneous,confounded,0.5,5
structural_BTYD,cate,829.1897958085989,0.33110090564222344,,0.9560332218024659,both,heterogeneous,confounded,0.5,5
conformal_ITE,cate,903.7247678275239,0.4586250482134639,0.9422222222222222,0.8922472779509085,both,heterogeneous,confounded,0.5,5
base_value,baseline,,,,0.9903493336421277,both,heterogeneous,confounded,0.5,5
base_risk,baseline,,,,0.0008684780229313752,both,heterogeneous,confounded,0.5,5
random,baseline,,,,0.3309597193151592,both,heterogeneous,confounded,0.5,5
econml_T,cate,787.0240464266217,0.48634791170015784,,0.9517596594850296,both,heterogeneous,confounded,0.5,6
econml_X,cate,802.8425643822501,0.5175288768413062,,0.9749039973390299,both,heterogeneous,confounded,0.5,6
econml_DR,cate,7120.038212024097,0.193128210884846,,0.6960042514183457,both,heterogeneous,confounded,0.5,6
econml_CausalForest,cate,775.7374693690612,0.6198564106596107,0.7105555555555556,0.9967317673097392,both,heterogeneous,confounded,0.5,6
causalml_T,cate,787.0240464266217,0.48634791170015784,,0.9517596594850296,both,heterogeneous,confounded,0.5,6
causalml_X,cate,811.572833820246,0.5149843602680171,,0.9742561501572403,both,heterogeneous,confounded,0.5,6
structural_BTYD,cate,920.1485769009926,0.3062549662493384,,0.9522209486302211,both,heterogeneous,confounded,0.5,6
conformal_ITE,cate,837.8582645102717,0.46366599987800416,0.9527777777777777,0.9253388247867023,both,heterogeneous,confounded,0.5,6
base_value,baseline,,,,0.995187663177022,both,heterogeneous,confounded,0.5,6
base_risk,baseline,,,,8.170817110766494e-05,both,heterogeneous,confounded,0.5,6
random,baseline,,,,0.28151223190645086,both,heterogeneous,confounded,0.5,6
econml_T,cate,918.533718175886,0.40450464188922836,,0.9143177984059255,both,heterogeneous,confounded,0.5,7
econml_X,cate,713.0741626733922,0.4101687897997436,,0.9313574631276024,both,heterogeneous,confounded,0.5,7
econml_DR,cate,16646.456581732207,0.19295631244358724,,0.7394842228361375,both,heterogeneous,confounded,0.5,7
econml_CausalForest,cate,687.002284567982,0.553674648585943,0.6844444444444444,0.9933306225597355,both,heterogeneous,confounded,0.5,7
causalml_T,cate,918.533718175886,0.40450464188922836,,0.9143177984059255,both,heterogeneous,confounded,0.5,7
causalml_X,cate,700.7296658721542,0.40629980048850983,,0.9290840530704962,both,heterogeneous,confounded,0.5,7
structural_BTYD,cate,755.3203001183783,0.27524173386980466,,0.9448701468605848,both,heterogeneous,confounded,0.5,7
conformal_ITE,cate,1014.2369803368003,0.4264635536870769,0.9416666666666667,0.9062006973878618,both,heterogeneous,confounded,0.5,7
base_value,baseline,,,,0.9951529548471545,both,heterogeneous,confounded,0.5,7
base_risk,baseline,,,,0.0010741219211144568,both,heterogeneous,confounded,0.5,7
random,baseline,,,,0.31585478987504806,both,heterogeneous,confounded,0.5,7
econml_T,cate,1156.8869229519428,0.4113697840169656,,0.8772764223569157,both,heterogeneous,confounded,0.5,8
econml_X,cate,778.5744151196805,0.4128063691075034,,0.914723016283336,both,heterogeneous,confounded,0.5,8
econml_DR,cate,2249.8364261442484,0.17273979809665888,,0.681626854035313,both,heterogeneous,confounded,0.5,8
econml_CausalForest,cate,667.4015709804798,0.5731222194903044,0.7694444444444445,0.9955814778257494,both,heterogeneous,confounded,0.5,8
causalml_T,cate,1156.8869229519428,0.4113697840169656,,0.8772764223569157,both,heterogeneous,confounded,0.5,8
causalml_X,cate,781.542637207059,0.41283065286137494,,0.9155363938152172,both,heterogeneous,confounded,0.5,8
structural_BTYD,cate,745.2632038859193,0.27652538065350163,,0.9382867490515882,both,heterogeneous,confounded,0.5,8
conformal_ITE,cate,1221.91545148075,0.1723655406818386,0.9305555555555556,0.7772131632972644,both,heterogeneous,confounded,0.5,8
base_value,baseline,,,,0.9949935949861672,both,heterogeneous,confounded,0.5,8
base_risk,baseline,,,,0.0002363855084276707,both,heterogeneous,confounded,0.5,8
random,baseline,,,,0.3011318390559724,both,heterogeneous,confounded,0.5,8
econml_T,cate,880.5455770916475,0.3234082675956245,,0.858200308604341,both,heterogeneous,confounded,0.5,9
econml_X,cate,585.2175417857237,0.3384735445815886,,0.8872108066065263,both,heterogeneous,confounded,0.5,9
econml_DR,cate,3344.3836057928866,0.09934612652846242,,0.5719598499822519,both,heterogeneous,confounded,0.5,9
econml_CausalForest,cate,539.2358749410531,0.5178652746634679,0.8122222222222222,0.9883896703694118,both,heterogeneous,confounded,0.5,9
causalml_T,cate,880.5455770916475,0.3234082675956245,,0.858200308604341,both,heterogeneous,confounded,0.5,9
causalml_X,cate,608.1761596746786,0.3254192212230235,,0.879002538830115,both,heterogeneous,confounded,0.5,9
structural_BTYD,cate,602.5882424752398,0.2748297469268038,,0.943857386774941,both,heterogeneous,confounded,0.5,9
conformal_ITE,cate,848.0746226965774,0.2547061962559279,0.9494444444444444,0.8474337723106581,both,heterogeneous,confounded,0.5,9
base_value,baseline,,,,0.9902114222264441,both,heterogeneous,confounded,0.5,9
base_risk,baseline,,,,2.3052680496960423e-05,both,heterogeneous,confounded,0.5,9
random,baseline,,,,0.32926518782470166,both,heterogeneous,confounded,0.5,9
econml_T,cate,875.6845687629342,0.44765387687092206,,0.9231214916714796,both,heterogeneous,confounded,0.65,0
econml_X,cate,755.5549776624943,0.4679395572867203,,0.943449819075166,both,heterogeneous,confounded,0.65,0
econml_DR,cate,9562.426858621793,0.29580127560300884,,0.8210120902753755,both,heterogeneous,confounded,0.65,0
econml_CausalForest,cate,760.1574073337575,0.6291392330403972,0.6761111111111111,0.9969310484607246,both,heterogeneous,confounded,0.65,0
causalml_T,cate,875.6845687629342,0.44765387687092206,,0.9231214916714796,both,heterogeneous,confounded,0.65,0
causalml_X,cate,756.1016937839731,0.4720114841719525,,0.9460496168875688,both,heterogeneous,confounded,0.65,0
structural_BTYD,cate,864.423187882302,0.234346293807054,,0.9165729824177041,both,heterogeneous,confounded,0.65,0
conformal_ITE,cate,923.2881030630115,0.4369116610232476,0.9505555555555556,0.8950153874858512,both,heterogeneous,confounded,0.65,0
base_value,baseline,,,,0.9838501776403232,both,heterogeneous,confounded,0.65,0
base_risk,baseline,,,,0.00015057473730100538,both,heterogeneous,confounded,0.65,0
random,baseline,,,,0.27999055778142296,both,heterogeneous,confounded,0.65,0
econml_T,cate,905.3915131268802,0.4317086369654997,,0.9142089132882333,both,heterogeneous,confounded,0.65,1
econml_X,cate,891.408409067728,0.48994474661404747,,0.9740778433427385,both,heterogeneous,confounded,0.65,1
econml_DR,cate,3089.6063694847444,0.18100604602545936,,0.7229113644247191,both,heterogeneous,confounded,0.65,1
econml_CausalForest,cate,865.6078707427314,0.5284814770297999,0.8022222222222222,0.9882169540975736,both,heterogeneous,confounded,0.65,1
causalml_T,cate,905.3915131268802,0.4317086369654997,,0.9142089132882333,both,heterogeneous,confounded,0.65,1
causalml_X,cate,892.472489677743,0.4863364333008342,,0.9674301419523991,both,heterogeneous,confounded,0.65,1
structural_BTYD,cate,1036.1976237241654,0.2488318639385967,,0.9361570075326031,both,heterogeneous,confounded,0.65,1
conformal_ITE,cate,949.6180341033506,0.4806477991569369,0.9544444444444444,0.9355308434090883,both,heterogeneous,confounded,0.65,1
base_value,baseline,,,,0.9872264146962476,both,heterogeneous,confounded,0.65,1
base_risk,baseline,,,,0.0002758234800548469,both,heterogeneous,confounded,0.65,1
random,baseline,,,,0.2686342075136077,both,heterogeneous,confounded,0.65,1
econml_T,cate,910.4470230542297,0.4478694052435194,,0.9237519273248044,both,heterogeneous,confounded,0.65,2
econml_X,cate,951.8034578206883,0.44882232840204106,,0.9548952204029871,both,heterogeneous,confounded,0.65,2
econml_DR,cate,2500.5989126985005,0.16027140823218533,,0.7113750176481287,both,heterogeneous,confounded,0.65,2
econml_CausalForest,cate,861.3605899021074,0.6262651555080171,0.74,0.9984463366054168,both,heterogeneous,confounded,0.65,2
causalml_T,cate,910.4470230542297,0.4478694052435194,,0.9237519273248044,both,heterogeneous,confounded,0.65,2
causalml_X,cate,952.4256072600093,0.44409853471437893,,0.9511516421313279,both,heterogeneous,confounded,0.65,2
structural_BTYD,cate,1008.1482926202432,0.30649047672552293,,0.9421338424160218,both,heterogeneous,confounded,0.65,2
conformal_ITE,cate,1179.3076375337112,0.4535638752988798,0.9294444444444444,0.9196777145105135,both,heterogeneous,confounded,0.65,2
base_value,baseline,,,,0.9935097665060062,both,heterogeneous,confounded,0.65,2
base_risk,baseline,,,,8.8509868047584e-05,both,heterogeneous,confounded,0.65,2
random,baseline,,,,0.3183927976014198,both,heterogeneous,confounded,0.65,2
econml_T,cate,778.1638508099131,0.4043264573821637,,0.9206578407183793,both,heterogeneous,confounded,0.65,3
econml_X,cate,713.8131091707495,0.3716994986040278,,0.9179938606785282,both,heterogeneous,confounded,0.65,3
econml_DR,cate,2775.676505065419,0.1472919149290195,,0.6812243001646575,both,heterogeneous,confounded,0.65,3
econml_CausalForest,cate,606.0986684159741,0.588873544822321,0.6844444444444444,0.995954362372113,both,heterogeneous,confounded,0.65,3
causalml_T,cate,778.1638508099131,0.4043264573821637,,0.9206578407183793,both,heterogeneous,confounded,0.65,3
causalml_X,cate,731.8702577653884,0.37266490767160815,,0.9186072202456254,both,heterogeneous,confounded,0.65,3
structural_BTYD,cate,763.9890972280616,0.23108160103736905,,0.9110381709107596,both,heterogeneous,confounded,0.65,3
conformal_ITE,cate,899.6224708447243,0.37643098751495824,0.9172222222222223,0.8627068992628981,both,heterogeneous,confounded,0.65,3
base_value,baseline,,,,0.9937597525122261,both,heterogeneous,confounded,0.65,3
base_risk,baseline,,,,4.3544000537175856e-05,both,heterogeneous,confounded,0.65,3
random,baseline,,,,0.3176918823086779,both,heterogeneous,confounded,0.65,3
econml_T,cate,965.1055527639071,0.5236607655709518,,0.9382784571838934,both,heterogeneous,confounded,0.65,4
econml_X,cate,779.7708671161982,0.5485380474033171,,0.961979483973639,both,heterogeneous,confounded,0.65,4
econml_DR,cate,3195.7021385237836,0.15750368534203957,,0.6296183540710609,both,heterogeneous,confounded,0.65,4
econml_CausalForest,cate,733.7051798587897,0.6317955202454454,0.6505555555555556,0.9977643867266435,both,heterogeneous,confounded,0.65,4
causalml_T,cate,965.1055527639071,0.5236607655709518,,0.9382784571838934,both,heterogeneous,confounded,0.65,4
causalml_X,cate,787.2952967240254,0.5467600588986774,,0.9622478840618263,both,heterogeneous,confounded,0.65,4
structural_BTYD,cate,865.6443954656972,0.3384706014043882,,0.9466241390552094,both,heterogeneous,confounded,0.65,4
conformal_ITE,cate,838.5534796303759,0.49768254779424215,0.9411111111111111,0.9283194172986525,both,heterogeneous,confounded,0.65,4
base_value,baseline,,,,0.9867402324756525,both,heterogeneous,confounded,0.65,4
base_risk,baseline,,,,0.00028141475530749457,both,heterogeneous,confounded,0.65,4
random,baseline,,,,0.3022883259598762,both,heterogeneous,confounded,0.65,4
econml_T,cate,1039.047744330051,0.4537313775259191,,0.9137794998920927,both,heterogeneous,confounded,0.65,5
econml_X,cate,889.4879230094197,0.47673498354823746,,0.9579391193290195,both,heterogeneous,confounded,0.65,5
econml_DR,cate,2339.989334921195,0.22161858044492655,,0.7401058031518699,both,heterogeneous,confounded,0.65,5
econml_CausalForest,cate,809.6243780677703,0.6016628080058075,0.7216666666666667,0.9973840233870394,both,heterogeneous,confounded,0.65,5
causalml_T,cate,1039.047744330051,0.4537313775259191,,0.9137794998920927,both,heterogeneous,confounded,0.65,5
causalml_X,cate,875.880862317551,0.47604916524098245,,0.9544981308554734,both,heterogeneous,confounded,0.65,5
structural_BTYD,cate,987.0201896724948,0.3302270272458116,,0.9487259318207776,both,heterogeneous,confounded,0.65,5
conformal_ITE,cate,1132.9842655480559,0.4841789949162537,0.9377777777777778,0.882742830350262,both,heterogeneous,confounded,0.65,5
base_value,baseline,,,,0.9895933383574621,both,heterogeneous,confounded,0.65,5
base_risk,baseline,,,,0.0009575172051837067,both,heterogeneous,confounded,0.65,5
random,baseline,,,,0.2634365982027361,both,heterogeneous,confounded,0.65,5
econml_T,cate,934.733196451351,0.5221833711811986,,0.9557644381150084,both,heterogeneous,confounded,0.65,6
econml_X,cate,889.0081042883561,0.5402540094642774,,0.9775236763332628,both,heterogeneous,confounded,0.65,6
econml_DR,cate,3671.844648649335,0.26740572181132277,,0.8208240232569718,both,heterogeneous,confounded,0.65,6
econml_CausalForest,cate,881.9874326553656,0.620743568203849,0.6905555555555556,0.9970074493922908,both,heterogeneous,confounded,0.65,6
causalml_T,cate,934.733196451351,0.5221833711811986,,0.9557644381150084,both,heterogeneous,confounded,0.65,6
causalml_X,cate,880.2779645041081,0.5446278743239005,,0.9788063582836594,both,heterogeneous,confounded,0.65,6
structural_BTYD,cate,1051.5309425210316,0.30792855343426695,,0.9440272377276665,both,heterogeneous,confounded,0.65,6
conformal_ITE,cate,944.6027204532074,0.47063914353628367,0.9483333333333334,0.9419042258235423,both,heterogeneous,confounded,0.65,6
base_value,baseline,,,,0.9948132055438019,both,heterogeneous,confounded,0.65,6
base_risk,baseline,,,,9.118645394280497e-05,both,heterogeneous,confounded,0.65,6
random,baseline,,,,0.3027447662757674,both,heterogeneous,confounded,0.65,6
econml_T,cate,989.3367861154007,0.4816618864032035,,0.9372194750764545,both,heterogeneous,confounded,0.65,7
econml_X,cate,764.9864637064132,0.4993946828814691,,0.9574734072731381,both,heterogeneous,confounded,0.65,7
econml_DR,cate,3163.0691817436045,0.1514098500552925,,0.672946554263365,both,heterogeneous,confounded,0.65,7
econml_CausalForest,cate,754.3061093403837,0.5756891030472461,0.6266666666666667,0.9935143463850655,both,heterogeneous,confounded,0.65,7
causalml_T,cate,989.3367861154007,0.4816618864032035,,0.9372194750764545,both,heterogeneous,confounded,0.65,7
causalml_X,cate,765.2811907251535,0.4933403648843863,,0.9520835241716443,both,heterogeneous,confounded,0.65,7
structural_BTYD,cate,885.2860410264337,0.2745586713544135,,0.9360244801988308,both,heterogeneous,confounded,0.65,7
conformal_ITE,cate,1062.4940235140632,0.4803597275324943,0.94,0.9126427749010539,both,heterogeneous,confounded,0.65,7
base_value,baseline,,,,0.9945119471509792,both,heterogeneous,confounded,0.65,7
base_risk,baseline,,,,0.001210332063073914,both,heterogeneous,confounded,0.65,7
random,baseline,,,,0.3119156064440293,both,heterogeneous,confounded,0.65,7
econml_T,cate,1028.993550130064,0.4120755021336401,,0.9055572847448655,both,heterogeneous,confounded,0.65,8
econml_X,cate,921.222438617672,0.42727580717833585,,0.9413411598137574,both,heterogeneous,confounded,0.65,8
econml_DR,cate,2129.3956538447833,0.2245449285545135,,0.7463740828300016,both,heterogeneous,confounded,0.65,8
econml_CausalForest,cate,778.500217634456,0.6168311518067977,0.745,0.9970652522830252,both,heterogeneous,confounded,0.65,8
causalml_T,cate,1028.993550130064,0.4120755021336401,,0.9055572847448655,both,heterogeneous,confounded,0.65,8
causalml_X,cate,938.0580379725229,0.4302377682717016,,0.9329048818745969,both,heterogeneous,confounded,0.65,8
structural_BTYD,cate,878.2076672196218,0.27639301553596113,,0.9287052936776927,both,heterogeneous,confounded,0.65,8
conformal_ITE,cate,1088.2453819448401,0.3090109121343419,0.9366666666666666,0.8335151567270325,both,heterogeneous,confounded,0.65,8
base_value,baseline,,,,0.9941773039504637,both,heterogeneous,confounded,0.65,8
base_risk,baseline,,,,0.0002694424789618752,both,heterogeneous,confounded,0.65,8
random,baseline,,,,0.33260570757526264,both,heterogeneous,confounded,0.65,8
econml_T,cate,818.4372754885959,0.40274147614505973,,0.911575673761081,both,heterogeneous,confounded,0.65,9
econml_X,cate,608.2461910431136,0.4489435146054833,,0.9456792755208455,both,heterogeneous,confounded,0.65,9
econml_DR,cate,9176.319751395637,0.1278451329494136,,0.6533927764787053,both,heterogeneous,confounded,0.65,9
econml_CausalForest,cate,591.0939180082585,0.48196426740233994,0.7527777777777778,0.9772199547022529,both,heterogeneous,confounded,0.65,9
causalml_T,cate,818.4372754885959,0.40274147614505973,,0.911575673761081,both,heterogeneous,confounded,0.65,9
causalml_X,cate,627.9176502440017,0.432099923313569,,0.936267135402386,both,heterogeneous,confounded,0.65,9
structural_BTYD,cate,724.5020135287004,0.274615023371065,,0.935377823223671,both,heterogeneous,confounded,0.65,9
conformal_ITE,cate,762.2541136204046,0.39067014547214074,0.9522222222222222,0.9047240137613436,both,heterogeneous,confounded,0.65,9
base_value,baseline,,,,0.9885032810381269,both,heterogeneous,confounded,0.65,9
base_risk,baseline,,,,2.604357786103068e-05,both,heterogeneous,confounded,0.65,9
random,baseline,,,,0.2735734972636875,both,heterogeneous,confounded,0.65,9
econml_T,cate,382.45205005993364,0.2355074882767426,,-16.388565679483452,both,sleeping_dogs,randomized,0.2,0
econml_X,cate,319.2948994665684,0.265667254918081,,-14.581737681194896,both,sleeping_dogs,randomized,0.2,0
econml_DR,cate,1191.0133068832426,0.08323523330655795,,-22.20374513795781,both,sleeping_dogs,randomized,0.2,0
econml_CausalForest,cate,114.96127738859094,0.6214679086130379,0.8638888888888889,0.6470383197320153,both,sleeping_dogs,randomized,0.2,0
causalml_T,cate,382.45205005993364,0.2355074882767426,,-16.388565679483452,both,sleeping_dogs,randomized,0.2,0
causalml_X,cate,321.54780290579515,0.2715518039793548,,-14.41040378843468,both,sleeping_dogs,randomized,0.2,0
structural_BTYD,cate,130.52361553046984,0.4931044346985386,,0.08796151240430916,both,sleeping_dogs,randomized,0.2,0
conformal_ITE,cate,362.87720325966967,0.17649468321956321,0.965,-25.013966139119628,both,sleeping_dogs,randomized,0.2,0
base_value,baseline,,,,-52.25348371050859,both,sleeping_dogs,randomized,0.2,0
base_risk,baseline,,,,0.03877412995415278,both,sleeping_dogs,randomized,0.2,0
random,baseline,,,,-11.28241312262321,both,sleeping_dogs,randomized,0.2,0
econml_T,cate,384.193388307334,0.13990658868575528,,-16.042591668910163,both,sleeping_dogs,randomized,0.2,1
econml_X,cate,314.3788876756856,0.20671475934417313,,-9.805047285254062,both,sleeping_dogs,randomized,0.2,1
econml_DR,cate,1140.4767286396486,0.13403617822489372,,-18.15900318865052,both,sleeping_dogs,randomized,0.2,1
econml_CausalForest,cate,202.95712873396945,0.5788090897561179,0.7788888888888889,0.41945376650301014,both,sleeping_dogs,randomized,0.2,1
causalml_T,cate,384.193388307334,0.13990658868575528,,-16.042591668910163,both,sleeping_dogs,randomized,0.2,1
causalml_X,cate,318.7545701634817,0.20221924283227724,,-10.441379314877018,both,sleeping_dogs,randomized,0.2,1
structural_BTYD,cate,165.96932033225747,0.5015561411635513,,0.060517619583402016,both,sleeping_dogs,randomized,0.2,1
conformal_ITE,cate,338.7227303367317,0.04329087185649451,0.9711111111111111,-15.761495185413663,both,sleeping_dogs,randomized,0.2,1
base_value,baseline,,,,-55.41622051916186,both,sleeping_dogs,randomized,0.2,1
base_risk,baseline,,,,0.014666367743373977,both,sleeping_dogs,randomized,0.2,1
random,baseline,,,,-17.317878374399278,both,sleeping_dogs,randomized,0.2,1
econml_T,cate,410.56980654527086,0.17530822530382867,,-33.914808530648976,both,sleeping_dogs,randomized,0.2,2
econml_X,cate,355.40509575439535,0.1860786411366738,,-30.96105744852482,both,sleeping_dogs,randomized,0.2,2
econml_DR,cate,1080.3414838605988,0.19464263418858355,,-29.368082269629205,both,sleeping_dogs,randomized,0.2,2
econml_CausalForest,cate,132.3719999071152,0.3654175393936927,0.8366666666666667,-4.566148201371871,both,sleeping_dogs,randomized,0.2,2
causalml_T,cate,410.56980654527086,0.17530822530382867,,-33.914808530648976,both,sleeping_dogs,randomized,0.2,2
causalml_X,cate,350.72474296546005,0.16481302826109115,,-33.12374048851063,both,sleeping_dogs,randomized,0.2,2
structural_BTYD,cate,146.55770015407714,0.5275027499089401,,0.32647919411457693,both,sleeping_dogs,randomized,0.2,2
conformal_ITE,cate,412.0696724357852,-0.053468125886707324,0.9516666666666667,-51.848884574921584,both,sleeping_dogs,randomized,0.2,2
base_value,baseline,,,,-92.39445789941401,both,sleeping_dogs,randomized,0.2,2
base_risk,baseline,,,,0.006692908785882151,both,sleeping_dogs,randomized,0.2,2
random,baseline,,,,-27.103692743228006,both,sleeping_dogs,randomized,0.2,2
econml_T,cate,378.6532238825337,0.17230586996309957,,-17.552052760177222,both,sleeping_dogs,randomized,0.2,3
econml_X,cate,276.0118824949742,0.21211313231269877,,-13.523878027092087,both,sleeping_dogs,randomized,0.2,3
econml_DR,cate,710.7615435399601,0.08273109574357833,,-23.365182613802407,both,sleeping_dogs,randomized,0.2,3
econml_CausalForest,cate,138.47352311242162,0.5159740953982195,0.8855555555555555,-5.837253821720754,both,sleeping_dogs,randomized,0.2,3
causalml_T,cate,378.6532238825337,0.17230586996309957,,-17.552052760177222,both,sleeping_dogs,randomized,0.2,3
causalml_X,cate,280.34565277329534,0.1874431547690966,,-14.246844070373823,both,sleeping_dogs,randomized,0.2,3
structural_BTYD,cate,138.7087043223606,0.4842849369204582,,0.2836260000641582,both,sleeping_dogs,randomized,0.2,3
conformal_ITE,cate,322.72839944625844,0.10308183057112218,0.9727777777777777,-17.410188731617446,both,sleeping_dogs,randomized,0.2,3
base_value,baseline,,,,-45.40816592004363,both,sleeping_dogs,randomized,0.2,3
base_risk,baseline,,,,0.034653363389895414,both,sleeping_dogs,randomized,0.2,3
random,baseline,,,,-14.063793100030514,both,sleeping_dogs,randomized,0.2,3
econml_T,cate,452.0739777609746,0.2081708377681475,,-21.79877435818028,both,sleeping_dogs,randomized,0.2,4
econml_X,cate,399.38340000107513,0.22533068814580517,,-21.62481795060115,both,sleeping_dogs,randomized,0.2,4
econml_DR,cate,1173.8086922173295,0.11220178707778437,,-28.750573318240026,both,sleeping_dogs,randomized,0.2,4
econml_CausalForest,cate,175.44623415319452,0.5678331913342741,0.8288888888888889,0.08814727191301001,both,sleeping_dogs,randomized,0.2,4
causalml_T,cate,452.0739777609746,0.2081708377681475,,-21.79877435818028,both,sleeping_dogs,randomized,0.2,4
causalml_X,cate,395.90219435686487,0.2153644512427632,,-21.810392209502908,both,sleeping_dogs,randomized,0.2,4
structural_BTYD,cate,137.55994481642628,0.5304707606794034,,0.34712019054020204,both,sleeping_dogs,randomized,0.2,4
conformal_ITE,cate,334.6898793677269,0.2854158146736901,0.9616666666666667,-16.334149926038577,both,sleeping_dogs,randomized,0.2,4
base_value,baseline,,,,-70.25688730503542,both,sleeping_dogs,randomized,0.2,4
base_risk,baseline,,,,0.0330387430690885,both,sleeping_dogs,randomized,0.2,4
random,baseline,,,,-22.35665568535254,both,sleeping_dogs,randomized,0.2,4
econml_T,cate,423.23549779820496,0.06832625485885406,,-31.983415174549148,both,sleeping_dogs,randomized,0.2,5
econml_X,cate,347.3052877339155,0.13655085113078366,,-25.251710500663965,both,sleeping_dogs,randomized,0.2,5
econml_DR,cate,931.8371974911746,0.11337419793836478,,-31.998184504453096,both,sleeping_dogs,randomized,0.2,5
econml_CausalForest,cate,145.96258596871635,0.6418564372315834,0.8766666666666667,0.7804530197746847,both,sleeping_dogs,randomized,0.2,5
causalml_T,cate,423.23549779820496,0.06832625485885406,,-31.983415174549148,both,sleeping_dogs,randomized,0.2,5
causalml_X,cate,346.78821998064655,0.1333148565544287,,-25.1676180442398,both,sleeping_dogs,randomized,0.2,5
structural_BTYD,cate,137.16762211982254,0.5341649344451361,,0.07524150232774005,both,sleeping_dogs,randomized,0.2,5
conformal_ITE,cate,500.2240980373033,0.1371858988811533,0.945,-27.425247399616932,both,sleeping_dogs,randomized,0.2,5
base_value,baseline,,,,-67.99093896737769,both,sleeping_dogs,randomized,0.2,5
base_risk,baseline,,,,0.012004473795012401,both,sleeping_dogs,randomized,0.2,5
random,baseline,,,,-24.526431147695316,both,sleeping_dogs,randomized,0.2,5
econml_T,cate,394.7946691309872,0.08913935694383816,,-28.590312988991105,both,sleeping_dogs,randomized,0.2,6
econml_X,cate,337.99446962511286,0.08309651169209474,,-26.145491215785974,both,sleeping_dogs,randomized,0.2,6
econml_DR,cate,1157.77031912591,0.002387779493722434,,-36.78719086450377,both,sleeping_dogs,randomized,0.2,6
econml_CausalForest,cate,204.42767933431517,0.48550801009968764,0.8272222222222222,-4.170369585871904,both,sleeping_dogs,randomized,0.2,6
causalml_T,cate,394.7946691309872,0.08913935694383816,,-28.590312988991105,both,sleeping_dogs,randomized,0.2,6
causalml_X,cate,335.7612515604399,0.07992122614564831,,-27.347132188570438,both,sleeping_dogs,randomized,0.2,6
structural_BTYD,cate,183.82062838273902,0.5252834018705537,,0.21214457374808304,both,sleeping_dogs,randomized,0.2,6
conformal_ITE,cate,421.2868705265821,0.1439223617528989,0.9588888888888889,-22.855420186065427,both,sleeping_dogs,randomized,0.2,6
base_value,baseline,,,,-68.52914723033179,both,sleeping_dogs,randomized,0.2,6
base_risk,baseline,,,,0.023094904185743198,both,sleeping_dogs,randomized,0.2,6
random,baseline,,,,-20.737410703137503,both,sleeping_dogs,randomized,0.2,6
econml_T,cate,508.70578963792684,0.05660676703140792,,-31.89834176080006,both,sleeping_dogs,randomized,0.2,7
econml_X,cate,493.9011643303764,0.12271941091749575,,-28.676380938282648,both,sleeping_dogs,randomized,0.2,7
econml_DR,cate,1086.3090965195522,0.019181813989746253,,-32.09104767180622,both,sleeping_dogs,randomized,0.2,7
econml_CausalForest,cate,217.2159801275766,0.25149063953192763,0.8605555555555555,-25.69576018557246,both,sleeping_dogs,randomized,0.2,7
causalml_T,cate,508.70578963792684,0.05660676703140792,,-31.89834176080006,both,sleeping_dogs,randomized,0.2,7
causalml_X,cate,499.87121260435464,0.13302431640280918,,-28.659924902623054,both,sleeping_dogs,randomized,0.2,7
structural_BTYD,cate,151.83129035771367,0.5210570918472528,,0.18770954374053234,both,sleeping_dogs,randomized,0.2,7
conformal_ITE,cate,499.95831897145723,-0.01062956760083184,0.9472222222222222,-35.53270545934991,both,sleeping_dogs,randomized,0.2,7
base_value,baseline,,,,-57.63236527602507,both,sleeping_dogs,randomized,0.2,7
base_risk,baseline,,,,0.08470233111826315,both,sleeping_dogs,randomized,0.2,7
random,baseline,,,,-19.682333845062608,both,sleeping_dogs,randomized,0.2,7
econml_T,cate,399.88472659792626,0.21596332590452458,,-22.154929847246674,both,sleeping_dogs,randomized,0.2,8
econml_X,cate,336.79190347497905,0.20485169432376607,,-22.322042850019006,both,sleeping_dogs,randomized,0.2,8
econml_DR,cate,891.5037984694897,0.15665174715358782,,-29.81577831721486,both,sleeping_dogs,randomized,0.2,8
econml_CausalForest,cate,186.5048434228894,0.4694564430954932,0.87,-13.065737141343407,both,sleeping_dogs,randomized,0.2,8
causalml_T,cate,399.88472659792626,0.21596332590452458,,-22.154929847246674,both,sleeping_dogs,randomized,0.2,8
causalml_X,cate,332.57648496597716,0.22679581101166824,,-20.73987409955781,both,sleeping_dogs,randomized,0.2,8
structural_BTYD,cate,145.65799209200742,0.2855588959783038,,-3.8991986285300104,both,sleeping_dogs,randomized,0.2,8
conformal_ITE,cate,399.2502977051874,0.13496663093989564,0.9588888888888889,-26.584860830173472,both,sleeping_dogs,randomized,0.2,8
base_value,baseline,,,,-66.82924412498686,both,sleeping_dogs,randomized,0.2,8
base_risk,baseline,,,,0.02657017899342716,both,sleeping_dogs,randomized,0.2,8
random,baseline,,,,-23.99722218821943,both,sleeping_dogs,randomized,0.2,8
econml_T,cate,444.79750469305674,0.17420429074800017,,-19.368058649475543,both,sleeping_dogs,randomized,0.2,9
econml_X,cate,359.9415901594759,0.16594845399064126,,-20.260112362658447,both,sleeping_dogs,randomized,0.2,9
econml_DR,cate,989.2887633727811,0.048025365162367585,,-26.39432530652141,both,sleeping_dogs,randomized,0.2,9
econml_CausalForest,cate,129.3359765487882,0.5021834988529411,0.8688888888888889,-1.484281180179934,both,sleeping_dogs,randomized,0.2,9
causalml_T,cate,444.79750469305674,0.17420429074800017,,-19.368058649475543,both,sleeping_dogs,randomized,0.2,9
causalml_X,cate,357.5519260710359,0.1857695263564401,,-18.218722601447947,both,sleeping_dogs,randomized,0.2,9
structural_BTYD,cate,118.39388300077128,0.49948308036977485,,0.06411785616025853,both,sleeping_dogs,randomized,0.2,9
conformal_ITE,cate,436.158913239227,0.2580935154962541,0.9738888888888889,-12.631607554891206,both,sleeping_dogs,randomized,0.2,9
base_value,baseline,,,,-60.252109092028185,both,sleeping_dogs,randomized,0.2,9
base_risk,baseline,,,,0.022258376860584843,both,sleeping_dogs,randomized,0.2,9
random,baseline,,,,-17.536457189266642,both,sleeping_dogs,randomized,0.2,9
econml_T,cate,397.6192398005974,0.3101207560290941,,-10.283286411337997,both,sleeping_dogs,randomized,0.35,0
econml_X,cate,334.89505055533806,0.3035648365218229,,-9.881484208578199,both,sleeping_dogs,randomized,0.35,0
econml_DR,cate,985.649106417385,0.11997163206915085,,-16.897356307896317,both,sleeping_dogs,randomized,0.35,0
econml_CausalForest,cate,197.07751680877453,0.6202365109144374,0.7916666666666666,0.5016635759597117,both,sleeping_dogs,randomized,0.35,0
causalml_T,cate,397.6192398005974,0.3101207560290941,,-10.283286411337997,both,sleeping_dogs,randomized,0.35,0
causalml_X,cate,335.18337332517956,0.32093815632721906,,-8.715018063854465,both,sleeping_dogs,randomized,0.35,0
structural_BTYD,cate,215.28675169243863,0.49310131844371397,,0.091205785566976,both,sleeping_dogs,randomized,0.35,0
conformal_ITE,cate,390.79418522206976,0.24804726331597904,0.9616666666666667,-13.558017212495415,both,sleeping_dogs,randomized,0.35,0
base_value,baseline,,,,-49.63714803580893,both,sleeping_dogs,randomized,0.35,0
base_risk,baseline,,,,0.03815971823736924,both,sleeping_dogs,randomized,0.35,0
random,baseline,,,,-16.668341938432256,both,sleeping_dogs,randomized,0.35,0
econml_T,cate,376.1101476661831,0.2936242969795605,,-5.893954138425715,both,sleeping_dogs,randomized,0.35,1
econml_X,cate,344.39548024786984,0.3147987322556183,,-4.758038563740736,both,sleeping_dogs,randomized,0.35,1
econml_DR,cate,898.0690685211347,0.17149412100638467,,-13.240511447170334,both,sleeping_dogs,randomized,0.35,1
econml_CausalForest,cate,321.42642112447834,0.5878388351353879,0.7911111111111111,0.5711184696230096,both,sleeping_dogs,randomized,0.35,1
causalml_T,cate,376.1101476661831,0.2936242969795605,,-5.893954138425715,both,sleeping_dogs,randomized,0.35,1
causalml_X,cate,345.1638790298146,0.32101013868674133,,-4.572502831042758,both,sleeping_dogs,randomized,0.35,1
structural_BTYD,cate,273.68614094310954,0.501549228268041,,0.059350674996989684,both,sleeping_dogs,randomized,0.35,1
conformal_ITE,cate,423.2248440677527,0.07027576387634596,0.9655555555555555,-12.374765324453447,both,sleeping_dogs,randomized,0.35,1
base_value,baseline,,,,-52.180459471948495,both,sleeping_dogs,randomized,0.35,1
base_risk,baseline,,,,0.01440173317294632,both,sleeping_dogs,randomized,0.35,1
random,baseline,,,,-14.942054895919343,both,sleeping_dogs,randomized,0.35,1
econml_T,cate,432.49701737036156,0.274143010772231,,-26.93867832240097,both,sleeping_dogs,randomized,0.35,2
econml_X,cate,389.4456661964554,0.305096342273973,,-21.857494020501463,both,sleeping_dogs,randomized,0.35,2
econml_DR,cate,1014.7481748660596,0.16839934481868862,,-27.060018093691145,both,sleeping_dogs,randomized,0.35,2
econml_CausalForest,cate,222.61716530374412,0.5694236945204543,0.8672222222222222,0.08209510760220307,both,sleeping_dogs,randomized,0.35,2
causalml_T,cate,432.49701737036156,0.274143010772231,,-26.93867832240097,both,sleeping_dogs,randomized,0.35,2
causalml_X,cate,385.3243051881183,0.2969016412978369,,-22.393107813198945,both,sleeping_dogs,randomized,0.35,2
structural_BTYD,cate,245.27183447441845,0.5275360505607243,,0.3697834796735716,both,sleeping_dogs,randomized,0.35,2
conformal_ITE,cate,391.43246195957755,0.18106844477186784,0.9472222222222222,-27.629738636562085,both,sleeping_dogs,randomized,0.35,2
base_value,baseline,,,,-87.05938699810963,both,sleeping_dogs,randomized,0.35,2
base_risk,baseline,,,,0.006642194137894647,both,sleeping_dogs,randomized,0.35,2
random,baseline,,,,-24.03344377105297,both,sleeping_dogs,randomized,0.35,2
econml_T,cate,340.5754256986293,0.3050757150739095,,-7.216087721419425,both,sleeping_dogs,randomized,0.35,3
econml_X,cate,270.54501205232407,0.41000108376360406,,-3.998954470292385,both,sleeping_dogs,randomized,0.35,3
econml_DR,cate,812.7328086870986,0.24091743011962533,,-13.832962194248395,both,sleeping_dogs,randomized,0.35,3
econml_CausalForest,cate,207.874161998796,0.5923263029106447,0.8405555555555555,0.6114231962966318,both,sleeping_dogs,randomized,0.35,3
causalml_T,cate,340.5754256986293,0.3050757150739095,,-7.216087721419425,both,sleeping_dogs,randomized,0.35,3
causalml_X,cate,273.3691992727761,0.4029476566242763,,-4.262575592752197,both,sleeping_dogs,randomized,0.35,3
structural_BTYD,cate,214.74569295326646,0.48430342553984823,,0.2873098075432987,both,sleeping_dogs,randomized,0.35,3
conformal_ITE,cate,253.00544933478184,0.2938952018329534,0.975,-7.346110176269254,both,sleeping_dogs,randomized,0.35,3
base_value,baseline,,,,-42.86342289043237,both,sleeping_dogs,randomized,0.35,3
base_risk,baseline,,,,0.03392428286734097,both,sleeping_dogs,randomized,0.35,3
random,baseline,,,,-15.750618291910788,both,sleeping_dogs,randomized,0.35,3
econml_T,cate,454.388414871318,0.30779495304976195,,-17.44587002334542,both,sleeping_dogs,randomized,0.35,4
econml_X,cate,419.168837673701,0.39848727246682186,,-12.979386165698855,both,sleeping_dogs,randomized,0.35,4
econml_DR,cate,1241.036153234359,0.1992991853349283,,-23.942661320002944,both,sleeping_dogs,randomized,0.35,4
econml_CausalForest,cate,207.52580477845308,0.5719435377456685,0.8511111111111112,0.07199732310698488,both,sleeping_dogs,randomized,0.35,4
causalml_T,cate,454.388414871318,0.30779495304976195,,-17.44587002334542,both,sleeping_dogs,randomized,0.35,4
causalml_X,cate,418.6652627768016,0.3870760633019776,,-14.9426669008613,both,sleeping_dogs,randomized,0.35,4
structural_BTYD,cate,213.87632860810317,0.530451922911288,,0.34929092144979107,both,sleeping_dogs,randomized,0.35,4
conformal_ITE,cate,332.70557504668676,0.359134605215661,0.9661111111111111,-10.29808809254382,both,sleeping_dogs,randomized,0.35,4
base_value,baseline,,,,-65.93828068251486,both,sleeping_dogs,randomized,0.35,4
base_risk,baseline,,,,0.03266824422445523,both,sleeping_dogs,randomized,0.35,4
random,baseline,,,,-19.739894234475933,both,sleeping_dogs,randomized,0.35,4
econml_T,cate,458.0122254771879,0.22478368995086329,,-21.735350455985166,both,sleeping_dogs,randomized,0.35,5
econml_X,cate,379.2370761759035,0.3029962099793939,,-16.61633919450318,both,sleeping_dogs,randomized,0.35,5
econml_DR,cate,918.5120632710124,0.1384297937787171,,-26.13775436763684,both,sleeping_dogs,randomized,0.35,5
econml_CausalForest,cate,237.07954009080714,0.6417489580602294,0.7844444444444445,0.7381919686239372,both,sleeping_dogs,randomized,0.35,5
causalml_T,cate,458.0122254771879,0.22478368995086329,,-21.735350455985166,both,sleeping_dogs,randomized,0.35,5
causalml_X,cate,377.5132578319799,0.3171954438402172,,-15.739239367970827,both,sleeping_dogs,randomized,0.35,5
structural_BTYD,cate,228.71561197408082,0.534186972970028,,0.0738170740096905,both,sleeping_dogs,randomized,0.35,5
conformal_ITE,cate,492.78640284037704,0.2490421207620355,0.9461111111111111,-15.0796557216275,both,sleeping_dogs,randomized,0.35,5
base_value,baseline,,,,-63.709072766405114,both,sleeping_dogs,randomized,0.35,5
base_risk,baseline,,,,0.011983472484319645,both,sleeping_dogs,randomized,0.35,5
random,baseline,,,,-18.567805437425584,both,sleeping_dogs,randomized,0.35,5
econml_T,cate,421.578703522913,0.2119378241055502,,-16.7625002782883,both,sleeping_dogs,randomized,0.35,6
econml_X,cate,365.8767572318472,0.2379413389453237,,-13.538338007479329,both,sleeping_dogs,randomized,0.35,6
econml_DR,cate,761.4468704948152,0.08812569395537366,,-30.466245707431728,both,sleeping_dogs,randomized,0.35,6
econml_CausalForest,cate,297.46487113669764,0.5685962650503184,0.7994444444444444,0.05702230201369898,both,sleeping_dogs,randomized,0.35,6
causalml_T,cate,421.578703522913,0.2119378241055502,,-16.7625002782883,both,sleeping_dogs,randomized,0.35,6
causalml_X,cate,366.5299373476476,0.22929318421347483,,-13.287763283692891,both,sleeping_dogs,randomized,0.35,6
structural_BTYD,cate,314.34230538625457,0.5252334892096542,,0.2198122633497753,both,sleeping_dogs,randomized,0.35,6
conformal_ITE,cate,433.20245100811553,0.34272736425769235,0.9655555555555555,-9.701458439610894,both,sleeping_dogs,randomized,0.35,6
base_value,baseline,,,,-64.64847648437144,both,sleeping_dogs,randomized,0.35,6
base_risk,baseline,,,,0.023562228639252645,both,sleeping_dogs,randomized,0.35,6
random,baseline,,,,-19.805949448685908,both,sleeping_dogs,randomized,0.35,6
econml_T,cate,528.4794848077436,0.13521517849918277,,-27.194730137943935,both,sleeping_dogs,randomized,0.35,7
econml_X,cate,529.0777347230829,0.1953087360436849,,-24.80460582508744,both,sleeping_dogs,randomized,0.35,7
econml_DR,cate,879.6473509618901,0.06716972339508437,,-26.35435492160399,both,sleeping_dogs,randomized,0.35,7
econml_CausalForest,cate,326.70380503264016,0.5209820739727833,0.7733333333333333,-4.227247016710015,both,sleeping_dogs,randomized,0.35,7
causalml_T,cate,528.4794848077436,0.13521517849918277,,-27.194730137943935,both,sleeping_dogs,randomized,0.35,7
causalml_X,cate,526.0516505043765,0.21864217808446254,,-24.2887810974937,both,sleeping_dogs,randomized,0.35,7
structural_BTYD,cate,257.07380302412963,0.5210187567355433,,0.19384614169316566,both,sleeping_dogs,randomized,0.35,7
conformal_ITE,cate,493.52417926391485,0.1269760206610039,0.9466666666666667,-26.551663753902734,both,sleeping_dogs,randomized,0.35,7
base_value,baseline,,,,-54.92963144014396,both,sleeping_dogs,randomized,0.35,7
base_risk,baseline,,,,0.08498060027685167,both,sleeping_dogs,randomized,0.35,7
random,baseline,,,,-15.96869575249074,both,sleeping_dogs,randomized,0.35,7
econml_T,cate,418.49972857286207,0.3045292531736051,,-14.614990651712668,both,sleeping_dogs,randomized,0.35,8
econml_X,cate,349.6797851558391,0.3616099604885182,,-11.317560807741561,both,sleeping_dogs,randomized,0.35,8
econml_DR,cate,857.7432261966235,0.21683159172754837,,-22.76606890228956,both,sleeping_dogs,randomized,0.35,8
econml_CausalForest,cate,292.12219367066996,0.5936559510184644,0.8316666666666667,-0.9708627487034771,both,sleeping_dogs,randomized,0.35,8
causalml_T,cate,418.49972857286207,0.3045292531736051,,-14.614990651712668,both,sleeping_dogs,randomized,0.35,8
causalml_X,cate,345.3988464091442,0.3638150796514994,,-10.8941263543234,both,sleeping_dogs,randomized,0.35,8
structural_BTYD,cate,237.46303736765609,0.5024293930487205,,0.06584907904820797,both,sleeping_dogs,randomized,0.35,8
conformal_ITE,cate,451.8756553004204,0.3058528973133236,0.9494444444444444,-18.6020024709242,both,sleeping_dogs,randomized,0.35,8
base_value,baseline,,,,-62.913489876210576,both,sleeping_dogs,randomized,0.35,8
base_risk,baseline,,,,0.026541983148061974,both,sleeping_dogs,randomized,0.35,8
random,baseline,,,,-20.20252018313158,both,sleeping_dogs,randomized,0.35,8
econml_T,cate,435.2712703064639,0.26516195405698745,,-13.616145373051369,both,sleeping_dogs,randomized,0.35,9
econml_X,cate,367.49899775786656,0.33187243470801714,,-7.2357815751649595,both,sleeping_dogs,randomized,0.35,9
econml_DR,cate,1273.4118222335987,0.10045792549610381,,-20.1452840736131,both,sleeping_dogs,randomized,0.35,9
econml_CausalForest,cate,172.1807456764058,0.5578309835275341,0.8405555555555555,-0.5909287785083961,both,sleeping_dogs,randomized,0.35,9
causalml_T,cate,435.2712703064639,0.26516195405698745,,-13.616145373051369,both,sleeping_dogs,randomized,0.35,9
causalml_X,cate,368.66499297950406,0.32545745834768003,,-7.860539204726279,both,sleeping_dogs,randomized,0.35,9
structural_BTYD,cate,196.25875916895114,0.49521492273683815,,0.09545301119813636,both,sleeping_dogs,randomized,0.35,9
conformal_ITE,cate,435.473963827614,0.3476373189926051,0.9694444444444444,-9.073485488248862,both,sleeping_dogs,randomized,0.35,9
base_value,baseline,,,,-57.006824892109265,both,sleeping_dogs,randomized,0.35,9
base_risk,baseline,,,,0.021821876847167253,both,sleeping_dogs,randomized,0.35,9
random,baseline,,,,-16.5883999540366,both,sleeping_dogs,randomized,0.35,9
econml_T,cate,442.43849578738707,0.38846518946164377,,-6.712205446862169,both,sleeping_dogs,randomized,0.5,0
econml_X,cate,358.4488327962558,0.43513386406137994,,-6.098340427718777,both,sleeping_dogs,randomized,0.5,0
econml_DR,cate,652.0205007126881,0.18486204020454378,,-14.04982214649717,both,sleeping_dogs,randomized,0.5,0
econml_CausalForest,cate,265.8911117771446,0.6435415260317665,0.7866666666666666,0.5997547765344828,both,sleeping_dogs,randomized,0.5,0
causalml_T,cate,442.43849578738707,0.38846518946164377,,-6.712205446862169,both,sleeping_dogs,randomized,0.5,0
causalml_X,cate,363.9008585296331,0.449340724643071,,-5.528803906089442,both,sleeping_dogs,randomized,0.5,0
structural_BTYD,cate,301.1706771371855,0.493108526923281,,0.09409285141004194,both,sleeping_dogs,randomized,0.5,0
conformal_ITE,cate,437.0000857156364,0.41423508535707015,0.9561111111111111,-7.823435854450179,both,sleeping_dogs,randomized,0.5,0
base_value,baseline,,,,-47.15458969500102,both,sleeping_dogs,randomized,0.5,0
base_risk,baseline,,,,0.03751399492814652,both,sleeping_dogs,randomized,0.5,0
random,baseline,,,,-12.29338840302005,both,sleeping_dogs,randomized,0.5,0
econml_T,cate,446.88887898363043,0.3287160189668961,,-4.487948548758158,both,sleeping_dogs,randomized,0.5,1
econml_X,cate,406.60953239731674,0.401863752859588,,-2.987651105247879,both,sleeping_dogs,randomized,0.5,1
econml_DR,cate,766.9709782980441,0.24647219946874502,,-8.768043780208599,both,sleeping_dogs,randomized,0.5,1
econml_CausalForest,cate,392.9170857514868,0.6022763283120833,0.81,0.7290580135890843,both,sleeping_dogs,randomized,0.5,1
causalml_T,cate,446.88887898363043,0.3287160189668961,,-4.487948548758158,both,sleeping_dogs,randomized,0.5,1
causalml_X,cate,410.36732358469965,0.3977372287466316,,-3.192771632009792,both,sleeping_dogs,randomized,0.5,1
structural_BTYD,cate,383.4821854404641,0.5015381734443808,,0.05791373627925756,both,sleeping_dogs,randomized,0.5,1
conformal_ITE,cate,471.55090552966476,0.21714263697029773,0.9561111111111111,-7.811523533631598,both,sleeping_dogs,randomized,0.5,1
base_value,baseline,,,,-48.95653466114666,both,sleeping_dogs,randomized,0.5,1
base_risk,baseline,,,,0.01407892057262641,both,sleeping_dogs,randomized,0.5,1
random,baseline,,,,-12.37430765378709,both,sleeping_dogs,randomized,0.5,1
econml_T,cate,441.44336763049256,0.4107472305855034,,-10.887367041041312,both,sleeping_dogs,randomized,0.5,2
econml_X,cate,385.9657058207732,0.4607805372505441,,-5.39908044730177,both,sleeping_dogs,randomized,0.5,2
econml_DR,cate,918.0617926941751,0.31777041881179163,,-18.364663163432404,both,sleeping_dogs,randomized,0.5,2
econml_CausalForest,cate,290.4900297741852,0.5741934806340209,0.8116666666666666,0.09912405300971465,both,sleeping_dogs,randomized,0.5,2
causalml_T,cate,441.44336763049256,0.4107472305855034,,-10.887367041041312,both,sleeping_dogs,randomized,0.5,2
causalml_X,cate,383.95767808069246,0.4653987783012031,,-5.82703585762448,both,sleeping_dogs,randomized,0.5,2
structural_BTYD,cate,336.1565759643821,0.5275261844052167,,0.3748810653488645,both,sleeping_dogs,randomized,0.5,2
conformal_ITE,cate,469.4822287180918,0.2926499911200867,0.9455555555555556,-20.201509371900254,both,sleeping_dogs,randomized,0.5,2
base_value,baseline,,,,-82.00569970798634,both,sleeping_dogs,randomized,0.5,2
base_risk,baseline,,,,0.006582545458901009,both,sleeping_dogs,randomized,0.5,2
random,baseline,,,,-27.44269215776617,both,sleeping_dogs,randomized,0.5,2
econml_T,cate,414.4977117791308,0.32867674889601967,,-8.01625038189358,both,sleeping_dogs,randomized,0.5,3
econml_X,cate,344.23747279080084,0.42979801492012654,,-3.7300412914205,both,sleeping_dogs,randomized,0.5,3
econml_DR,cate,780.6899440309166,0.2214972809436555,,-13.726070317411786,both,sleeping_dogs,randomized,0.5,3
econml_CausalForest,cate,285.14973104831273,0.5973519964245265,0.79,0.7035805509164662,both,sleeping_dogs,randomized,0.5,3
causalml_T,cate,414.4977117791308,0.32867674889601967,,-8.01625038189358,both,sleeping_dogs,randomized,0.5,3
causalml_X,cate,350.31165262260527,0.4195011035904186,,-4.852455038079258,both,sleeping_dogs,randomized,0.5,3
structural_BTYD,cate,288.33540912222816,0.4842955635160841,,0.2907998976517039,both,sleeping_dogs,randomized,0.5,3
conformal_ITE,cate,333.643077028709,0.36403669877799777,0.9583333333333334,-4.975198341177214,both,sleeping_dogs,randomized,0.5,3
base_value,baseline,,,,-40.442957785406016,both,sleeping_dogs,randomized,0.5,3
base_risk,baseline,,,,0.03314410380028719,both,sleeping_dogs,randomized,0.5,3
random,baseline,,,,-7.816818510210465,both,sleeping_dogs,randomized,0.5,3
econml_T,cate,483.1661910395617,0.44820641152900126,,-7.376464374658872,both,sleeping_dogs,randomized,0.5,4
econml_X,cate,435.705542227619,0.493936274451083,,-4.2663707032488,both,sleeping_dogs,randomized,0.5,4
econml_DR,cate,1604.4541678665737,0.2088988766043763,,-18.414329841800846,both,sleeping_dogs,randomized,0.5,4
econml_CausalForest,cate,278.07460842375605,0.6177318584312801,0.7477777777777778,0.4766432895801341,both,sleeping_dogs,randomized,0.5,4
causalml_T,cate,483.1661910395617,0.44820641152900126,,-7.376464374658872,both,sleeping_dogs,randomized,0.5,4
causalml_X,cate,437.0927151337156,0.48429227906266137,,-5.998088986395112,both,sleeping_dogs,randomized,0.5,4
structural_BTYD,cate,293.7497662870972,0.5304208098770247,,0.350746243916092,both,sleeping_dogs,randomized,0.5,4
conformal_ITE,cate,356.781610563338,0.4728371658414565,0.9483333333333334,-2.6155654966920103,both,sleeping_dogs,randomized,0.5,4
base_value,baseline,,,,-61.81296467412577,both,sleeping_dogs,randomized,0.5,4
base_risk,baseline,,,,0.032220679645040884,both,sleeping_dogs,randomized,0.5,4
random,baseline,,,,-23.307410146625653,both,sleeping_dogs,randomized,0.5,4
econml_T,cate,434.9385573635623,0.36564506538499547,,-8.746566384068295,both,sleeping_dogs,randomized,0.5,5
econml_X,cate,383.7996586678102,0.40964865991125476,,-7.230866738749151,both,sleeping_dogs,randomized,0.5,5
econml_DR,cate,951.669617105816,0.2674055623345408,,-16.448620546581633,both,sleeping_dogs,randomized,0.5,5
econml_CausalForest,cate,326.8188951432761,0.6456521508734259,0.7672222222222222,0.6942496415956249,both,sleeping_dogs,randomized,0.5,5
causalml_T,cate,434.9385573635623,0.36564506538499547,,-8.746566384068295,both,sleeping_dogs,randomized,0.5,5
causalml_X,cate,387.0962689864854,0.4010874849132716,,-7.61624499958767,both,sleeping_dogs,randomized,0.5,5
structural_BTYD,cate,317.78755757825445,0.5341804506385117,,0.0722746529460826,both,sleeping_dogs,randomized,0.5,5
conformal_ITE,cate,514.9019568854193,0.30152090522314884,0.9355555555555556,-12.098497899814344,both,sleeping_dogs,randomized,0.5,5
base_value,baseline,,,,-59.643175747642225,both,sleeping_dogs,randomized,0.5,5
base_risk,baseline,,,,0.011937672996529917,both,sleeping_dogs,randomized,0.5,5
random,baseline,,,,-18.13681027817689,both,sleeping_dogs,randomized,0.5,5
econml_T,cate,514.2608255022045,0.3550396852831386,,-11.341429190772914,both,sleeping_dogs,randomized,0.5,6
econml_X,cate,470.95979838272706,0.3889981387675323,,-8.782224260540282,both,sleeping_dogs,randomized,0.5,6
econml_DR,cate,889.6340066322875,0.17308574263085338,,-29.08809207329546,both,sleeping_dogs,randomized,0.5,6
econml_CausalForest,cate,416.1503207196614,0.5798074120094985,0.7333333333333333,0.22411705608442367,both,sleeping_dogs,randomized,0.5,6
causalml_T,cate,514.2608255022045,0.3550396852831386,,-11.341429190772914,both,sleeping_dogs,randomized,0.5,6
causalml_X,cate,472.1470368136852,0.39143145077638114,,-8.884520855778998,both,sleeping_dogs,randomized,0.5,6
structural_BTYD,cate,436.941310111563,0.5251769727460888,,0.22696068596543634,both,sleeping_dogs,randomized,0.5,6
conformal_ITE,cate,509.8097674675873,0.4197901117979119,0.9527777777777777,-4.862526420904618,both,sleeping_dogs,randomized,0.5,6
base_value,baseline,,,,-60.973330023879754,both,sleeping_dogs,randomized,0.5,6
base_risk,baseline,,,,0.02404641578019019,both,sleeping_dogs,randomized,0.5,6
random,baseline,,,,-15.80796654871065,both,sleeping_dogs,randomized,0.5,6
econml_T,cate,459.696324360074,0.3801513778723695,,-9.871312729252242,both,sleeping_dogs,randomized,0.5,7
econml_X,cate,416.2749976534502,0.44828553502811924,,-6.964429556496187,both,sleeping_dogs,randomized,0.5,7
econml_DR,cate,737.9926319735846,0.22017446002204022,,-17.72649627262708,both,sleeping_dogs,randomized,0.5,7
econml_CausalForest,cate,386.8873024246802,0.6266249854834665,0.7405555555555555,0.5894242812598716,both,sleeping_dogs,randomized,0.5,7
causalml_T,cate,459.696324360074,0.3801513778723695,,-9.871312729252242,both,sleeping_dogs,randomized,0.5,7
causalml_X,cate,420.7381358699609,0.43208932892803315,,-8.105818118348289,both,sleeping_dogs,randomized,0.5,7
structural_BTYD,cate,359.8922376793034,0.520990904738054,,0.20021223174142222,both,sleeping_dogs,randomized,0.5,7
conformal_ITE,cate,450.51591785188293,0.4260410010424221,0.9483333333333334,-6.828569238936966,both,sleeping_dogs,randomized,0.5,7
base_value,baseline,,,,-52.354414753799844,both,sleeping_dogs,randomized,0.5,7
base_risk,baseline,,,,0.08530020086263305,both,sleeping_dogs,randomized,0.5,7
random,baseline,,,,-14.617160750821435,both,sleeping_dogs,randomized,0.5,7
econml_T,cate,436.22380306200955,0.40171270856318414,,-9.009418080164192,both,sleeping_dogs,randomized,0.5,8
econml_X,cate,394.98751502816765,0.4371018547183155,,-8.086823195474238,both,sleeping_dogs,randomized,0.5,8
econml_DR,cate,697.0735062919895,0.309617983139743,,-16.852108595901157,both,sleeping_dogs,randomized,0.5,8
econml_CausalForest,cate,318.79217093169495,0.6387998990358994,0.75,0.7636609789887574,both,sleeping_dogs,randomized,0.5,8
causalml_T,cate,436.22380306200955,0.40171270856318414,,-9.009418080164192,both,sleeping_dogs,randomized,0.5,8
causalml_X,cate,388.6247929838372,0.43620921806147894,,-8.129401324595563,both,sleeping_dogs,randomized,0.5,8
structural_BTYD,cate,326.88390829767263,0.5167478989845281,,0.1036139885998722,both,sleeping_dogs,randomized,0.5,8
conformal_ITE,cate,395.2348254258634,0.44112255582557813,0.9488888888888889,-5.916111088799226,both,sleeping_dogs,randomized,0.5,8
base_value,baseline,,,,-59.151481075806146,both,sleeping_dogs,randomized,0.5,8
base_risk,baseline,,,,0.026471574085988533,both,sleeping_dogs,randomized,0.5,8
random,baseline,,,,-23.458877514903858,both,sleeping_dogs,randomized,0.5,8
econml_T,cate,393.55417634907997,0.43776743640625965,,-3.366190130332543,both,sleeping_dogs,randomized,0.5,9
econml_X,cate,344.3911750815025,0.4756191737992219,,-2.560107493538803,both,sleeping_dogs,randomized,0.5,9
econml_DR,cate,1195.5483797310987,0.2079127968801447,,-16.20978424758323,both,sleeping_dogs,randomized,0.5,9
econml_CausalForest,cate,216.7824058518389,0.5657024155030079,0.8188888888888889,-0.13380272423985898,both,sleeping_dogs,randomized,0.5,9
causalml_T,cate,393.55417634907997,0.43776743640625965,,-3.366190130332543,both,sleeping_dogs,randomized,0.5,9
causalml_X,cate,341.55423091627193,0.47441495803113415,,-2.733914162218716,both,sleeping_dogs,randomized,0.5,9
structural_BTYD,cate,274.6045646333424,0.4951612822724339,,0.10019447168441649,both,sleeping_dogs,randomized,0.5,9
conformal_ITE,cate,430.06829508434595,0.42217460278567703,0.965,-6.240805071221252,both,sleeping_dogs,randomized,0.5,9
base_value,baseline,,,,-53.917776595616694,both,sleeping_dogs,randomized,0.5,9
base_risk,baseline,,,,0.021369488856327962,both,sleeping_dogs,randomized,0.5,9
random,baseline,,,,-15.555384504130892,both,sleeping_dogs,randomized,0.5,9
econml_T,cate,476.8552151140023,0.4661009241599354,,-5.338964082064201,both,sleeping_dogs,randomized,0.65,0
econml_X,cate,397.49622445652125,0.5558545373613355,,-0.7912979237872352,both,sleeping_dogs,randomized,0.65,0
econml_DR,cate,816.4253838220812,0.35446166090117903,,-7.731005901673648,both,sleeping_dogs,randomized,0.65,0
econml_CausalForest,cate,342.44878506489613,0.6406420934833905,0.7555555555555555,0.7644093037940957,both,sleeping_dogs,randomized,0.65,0
causalml_T,cate,476.8552151140023,0.4661009241599354,,-5.338964082064201,both,sleeping_dogs,randomized,0.65,0
causalml_X,cate,406.76121185571645,0.5568694499680822,,-0.9448568829343222,both,sleeping_dogs,randomized,0.65,0
structural_BTYD,cate,385.0759817643513,0.49310135554198564,,0.09665954274702357,both,sleeping_dogs,randomized,0.65,0
conformal_ITE,cate,489.606062593485,0.5219574409843198,0.9505555555555556,-2.538144833737467,both,sleeping_dogs,randomized,0.65,0
base_value,baseline,,,,-44.780912614856796,both,sleeping_dogs,randomized,0.65,0
base_risk,baseline,,,,0.03683447897866301,both,sleeping_dogs,randomized,0.65,0
random,baseline,,,,-11.371167762895064,both,sleeping_dogs,randomized,0.65,0
econml_T,cate,504.5194836925024,0.4792770479732853,,-1.1909292296902592,both,sleeping_dogs,randomized,0.65,1
econml_X,cate,451.8700962162533,0.5053561919299367,,-0.7445930104060382,both,sleeping_dogs,randomized,0.65,1
econml_DR,cate,942.2089330371381,0.3020278762239295,,-8.484048769739754,both,sleeping_dogs,randomized,0.65,1
econml_CausalForest,cate,481.07968855613143,0.6148965463102933,0.7044444444444444,0.7496678114581437,both,sleeping_dogs,randomized,0.65,1
causalml_T,cate,504.5194836925024,0.4792770479732853,,-1.1909292296902592,both,sleeping_dogs,randomized,0.65,1
causalml_X,cate,457.443309738776,0.498653606156327,,-0.9839000355166887,both,sleeping_dogs,randomized,0.65,1
structural_BTYD,cate,492.3466931712268,0.49888433464237975,,0.2900277638789271,both,sleeping_dogs,randomized,0.65,1
conformal_ITE,cate,537.2703141014323,0.3337503100696469,0.9488888888888889,-3.33502567235395,both,sleeping_dogs,randomized,0.65,1
base_value,baseline,,,,-45.669133062520594,both,sleeping_dogs,randomized,0.65,1
base_risk,baseline,,,,0.013679553871373564,both,sleeping_dogs,randomized,0.65,1
random,baseline,,,,-16.037525670916267,both,sleeping_dogs,randomized,0.65,1
econml_T,cate,545.456178499635,0.4548103342916329,,-12.868268664031799,both,sleeping_dogs,randomized,0.65,2
econml_X,cate,497.91082663927614,0.5302589386229516,,-10.399366939712436,both,sleeping_dogs,randomized,0.65,2
econml_DR,cate,1058.4632447842598,0.3691971621021817,,-16.412002374212108,both,sleeping_dogs,randomized,0.65,2
econml_CausalForest,cate,382.5118541809658,0.5878905840688085,0.7838888888888889,0.14062868102654694,both,sleeping_dogs,randomized,0.65,2
causalml_T,cate,545.456178499635,0.4548103342916329,,-12.868268664031799,both,sleeping_dogs,randomized,0.65,2
causalml_X,cate,493.12871701074926,0.5266940305515776,,-10.846323318082103,both,sleeping_dogs,randomized,0.65,2
structural_BTYD,cate,421.9156444119685,0.5275221136104388,,0.3789570916628765,both,sleeping_dogs,randomized,0.65,2
conformal_ITE,cate,512.486548701589,0.44883408571893046,0.9411111111111111,-8.001630741259042,both,sleeping_dogs,randomized,0.65,2
base_value,baseline,,,,-77.16891527867317,both,sleeping_dogs,randomized,0.65,2
base_risk,baseline,,,,0.006513108077822756,both,sleeping_dogs,randomized,0.65,2
random,baseline,,,,-20.400616623908572,both,sleeping_dogs,randomized,0.65,2
econml_T,cate,414.78597191819574,0.4587197569039839,,-2.989189390968852,both,sleeping_dogs,randomized,0.65,3
econml_X,cate,378.38755390410864,0.5346084935013918,,-0.23357953781600493,both,sleeping_dogs,randomized,0.65,3
econml_DR,cate,760.2218871618443,0.34407318378531493,,-8.925515666177256,both,sleeping_dogs,randomized,0.65,3
econml_CausalForest,cate,334.14373870044824,0.6200404684662604,0.79,0.797123635644067,both,sleeping_dogs,randomized,0.65,3
causalml_T,cate,414.78597191819574,0.4587197569039839,,-2.989189390968852,both,sleeping_dogs,randomized,0.65,3
causalml_X,cate,381.0932357298628,0.5365356565849665,,-0.1854196179127734,both,sleeping_dogs,randomized,0.65,3
structural_BTYD,cate,363.93407511287677,0.48429931501975115,,0.2941105511466461,both,sleeping_dogs,randomized,0.65,3
conformal_ITE,cate,358.4418705326418,0.4560485006979332,0.9544444444444444,-1.9265380257879214,both,sleeping_dogs,randomized,0.65,3
base_value,baseline,,,,-38.102826079741476,both,sleeping_dogs,randomized,0.65,3
base_risk,baseline,,,,0.03230691684516676,both,sleeping_dogs,randomized,0.65,3
random,baseline,,,,-13.614586089869102,both,sleeping_dogs,randomized,0.65,3
econml_T,cate,497.66548270644313,0.5184710717283675,,-4.454616591663927,both,sleeping_dogs,randomized,0.65,4
econml_X,cate,469.3644530945612,0.5724661311965764,,-0.9965706200849773,both,sleeping_dogs,randomized,0.65,4
econml_DR,cate,897.5259126115299,0.41964929655411837,,-9.48132522324153,both,sleeping_dogs,randomized,0.65,4
econml_CausalForest,cate,332.61635292091034,0.6169403597701356,0.7455555555555555,0.5591557711221126,both,sleeping_dogs,randomized,0.65,4
causalml_T,cate,497.66548270644313,0.5184710717283675,,-4.454616591663927,both,sleeping_dogs,randomized,0.65,4
causalml_X,cate,471.55879822518733,0.5789398819614053,,-0.5176498728268637,both,sleeping_dogs,randomized,0.65,4
structural_BTYD,cate,368.71949749879496,0.5303975425636178,,0.35136086432553576,both,sleeping_dogs,randomized,0.65,4
conformal_ITE,cate,400.1223295773848,0.5176711883741774,0.9394444444444444,-1.0517251259965246,both,sleeping_dogs,randomized,0.65,4
base_value,baseline,,,,-57.821857356461514,both,sleeping_dogs,randomized,0.65,4
base_risk,baseline,,,,0.03168226113558129,both,sleeping_dogs,randomized,0.65,4
random,baseline,,,,-14.113972918548608,both,sleeping_dogs,randomized,0.65,4
econml_T,cate,520.4000385605186,0.4096518528144895,,-9.029786424416006,both,sleeping_dogs,randomized,0.65,5
econml_X,cate,462.6424130921609,0.47400141385992484,,-6.045604826504583,both,sleeping_dogs,randomized,0.65,5
econml_DR,cate,1052.3371780903956,0.3200755255123584,,-14.505795775680367,both,sleeping_dogs,randomized,0.65,5
econml_CausalForest,cate,418.44707063383186,0.6429791827233956,0.7894444444444444,0.6698787858875078,both,sleeping_dogs,randomized,0.65,5
causalml_T,cate,520.4000385605186,0.4096518528144895,,-9.029786424416006,both,sleeping_dogs,randomized,0.65,5
causalml_X,cate,461.98846456681065,0.47403020760352843,,-5.8405216903937,both,sleeping_dogs,randomized,0.65,5
structural_BTYD,cate,401.617395853025,0.5341502449458776,,0.07058786399975231,both,sleeping_dogs,randomized,0.65,5
conformal_ITE,cate,523.2715507926046,0.38871116310183407,0.9294444444444444,-8.15123095780926,both,sleeping_dogs,randomized,0.65,5
base_value,baseline,,,,-55.732705350254136,both,sleeping_dogs,randomized,0.65,5
base_risk,baseline,,,,0.011864225986313195,both,sleeping_dogs,randomized,0.65,5
random,baseline,,,,-17.854723021482474,both,sleeping_dogs,randomized,0.65,5
econml_T,cate,548.4880570921438,0.48465395460120847,,-2.4558117842378597,both,sleeping_dogs,randomized,0.65,6
econml_X,cate,515.6060109786964,0.5247146161550215,,-1.0382534616403614,both,sleeping_dogs,randomized,0.65,6
econml_DR,cate,853.1207313884462,0.33443825641417624,,-14.647626417483906,both,sleeping_dogs,randomized,0.65,6
econml_CausalForest,cate,516.6956234742848,0.5783550997758963,0.765,0.21947388730350886,both,sleeping_dogs,randomized,0.65,6
causalml_T,cate,548.4880570921438,0.48465395460120847,,-2.4558117842378597,both,sleeping_dogs,randomized,0.65,6
causalml_X,cate,516.9352299818158,0.5216943123755317,,-1.5475894838118462,both,sleeping_dogs,randomized,0.65,6
structural_BTYD,cate,551.1581499272007,0.5251452109211802,,0.23366361293681942,both,sleeping_dogs,randomized,0.65,6
conformal_ITE,cate,583.2351402163528,0.45693198975996957,0.9466666666666667,-3.6404838684641674,both,sleeping_dogs,randomized,0.65,6
base_value,baseline,,,,-57.39849413407352,both,sleeping_dogs,randomized,0.65,6
base_risk,baseline,,,,0.024547546985707193,both,sleeping_dogs,randomized,0.65,6
random,baseline,,,,-17.07820984228683,both,sleeping_dogs,randomized,0.65,6
econml_T,cate,532.5315196723587,0.4534638764730836,,-5.386318017602849,both,sleeping_dogs,randomized,0.65,7
econml_X,cate,491.1028160017774,0.5164177821921829,,-2.3167886152007258,both,sleeping_dogs,randomized,0.65,7
econml_DR,cate,736.2954241994812,0.2254266458499411,,-15.730454697393919,both,sleeping_dogs,randomized,0.65,7
econml_CausalForest,cate,491.2104991407124,0.6345552637503556,0.7727777777777778,0.7499164125222394,both,sleeping_dogs,randomized,0.65,7
causalml_T,cate,532.5315196723587,0.4534638764730836,,-5.386318017602849,both,sleeping_dogs,randomized,0.65,7
causalml_X,cate,500.20494796326534,0.5219932010942565,,-2.464274788393087,both,sleeping_dogs,randomized,0.65,7
structural_BTYD,cate,455.3096089148662,0.5209362025719476,,0.2070145503450374,both,sleeping_dogs,randomized,0.65,7
conformal_ITE,cate,522.2908667960514,0.5219147781686458,0.935,-1.5783918117883922,both,sleeping_dogs,randomized,0.65,7
base_value,baseline,,,,-49.862356892677944,both,sleeping_dogs,randomized,0.65,7
base_risk,baseline,,,,0.08567339856180624,both,sleeping_dogs,randomized,0.65,7
random,baseline,,,,-12.525132528562391,both,sleeping_dogs,randomized,0.65,7
econml_T,cate,454.475409853428,0.43160459352129016,,-6.225179933665803,both,sleeping_dogs,randomized,0.65,8
econml_X,cate,424.28089260867114,0.4910916185884309,,-3.9779861468328117,both,sleeping_dogs,randomized,0.65,8
econml_DR,cate,865.0619362601954,0.35067931996159085,,-13.441637496385228,both,sleeping_dogs,randomized,0.65,8
econml_CausalForest,cate,400.43720319668773,0.6379279868120742,0.7344444444444445,0.7662592073653534,both,sleeping_dogs,randomized,0.65,8
causalml_T,cate,454.475409853428,0.43160459352129016,,-6.225179933665803,both,sleeping_dogs,randomized,0.65,8
causalml_X,cate,418.58933495790455,0.4955806761446327,,-3.8365492631069325,both,sleeping_dogs,randomized,0.65,8
structural_BTYD,cate,411.0922253122871,0.5167010094113714,,0.10316175661370107,both,sleeping_dogs,randomized,0.65,8
conformal_ITE,cate,458.0079706577118,0.5029541025104877,0.9427777777777778,-3.943461995264534,both,sleeping_dogs,randomized,0.65,8
base_value,baseline,,,,-55.49804276608361,both,sleeping_dogs,randomized,0.65,8
base_risk,baseline,,,,0.02634805994431572,both,sleeping_dogs,randomized,0.65,8
random,baseline,,,,-18.317393384923683,both,sleeping_dogs,randomized,0.65,8
econml_T,cate,428.3693885173373,0.5084025602178572,,-1.608343343618354,both,sleeping_dogs,randomized,0.65,9
econml_X,cate,380.7788002103046,0.5432802221283015,,-0.07797942632602652,both,sleeping_dogs,randomized,0.65,9
econml_DR,cate,865.372914083548,0.26166271391952284,,-12.751494950628269,both,sleeping_dogs,randomized,0.65,9
econml_CausalForest,cate,274.2603078894462,0.6153448003470912,0.7855555555555556,0.6258697714333866,both,sleeping_dogs,randomized,0.65,9
causalml_T,cate,428.3693885173373,0.5084025602178572,,-1.608343343618354,both,sleeping_dogs,randomized,0.65,9
causalml_X,cate,377.76149177061075,0.5414849456581724,,-0.1681321397276485,both,sleeping_dogs,randomized,0.65,9
structural_BTYD,cate,349.6505880347099,0.49512570146699586,,0.10416729130969211,both,sleeping_dogs,randomized,0.65,9
conformal_ITE,cate,426.608960709306,0.4916833535033292,0.9572222222222222,-1.4064840498267206,both,sleeping_dogs,randomized,0.65,9
base_value,baseline,,,,-50.95210604050079,both,sleeping_dogs,randomized,0.65,9
base_risk,baseline,,,,0.020897856769415375,both,sleeping_dogs,randomized,0.65,9
random,baseline,,,,-14.433449441201725,both,sleeping_dogs,randomized,0.65,9
econml_T,cate,330.2125107244195,0.08946481290195067,,-21.751735568153823,both,sleeping_dogs,confounded,0.2,0
econml_X,cate,278.0253230277675,0.12746057295683724,,-15.89825979852301,both,sleeping_dogs,confounded,0.2,0
econml_DR,cate,2559.0118667993515,0.09175763638426254,,-19.71094794307912,both,sleeping_dogs,confounded,0.2,0
econml_CausalForest,cate,142.52506840458906,0.09411494625047546,0.7961111111111111,-10.959807000658362,both,sleeping_dogs,confounded,0.2,0
causalml_T,cate,330.2125107244195,0.08946481290195067,,-21.751735568153823,both,sleeping_dogs,confounded,0.2,0
causalml_X,cate,270.82840212188177,0.12166175532478743,,-14.326166944640464,both,sleeping_dogs,confounded,0.2,0
structural_BTYD,cate,193.33973156287118,0.5059522225501015,,0.042875429343582,both,sleeping_dogs,confounded,0.2,0
conformal_ITE,cate,306.1386750327306,-0.017882787333636043,0.975,-21.577295270964708,both,sleeping_dogs,confounded,0.2,0
base_value,baseline,,,,-52.76504630160321,both,sleeping_dogs,confounded,0.2,0
base_risk,baseline,,,,0.023572020845363275,both,sleeping_dogs,confounded,0.2,0
random,baseline,,,,-11.28241312262321,both,sleeping_dogs,confounded,0.2,0
econml_T,cate,411.7080149877306,0.05892979197277928,,-26.7185612029441,both,sleeping_dogs,confounded,0.2,1
econml_X,cate,281.8295762463112,0.128564874223329,,-19.17725654833996,both,sleeping_dogs,confounded,0.2,1
econml_DR,cate,2255.570049892009,0.04892766537820419,,-27.19904351928104,both,sleeping_dogs,confounded,0.2,1
econml_CausalForest,cate,196.5556762740848,0.556467528470611,0.855,0.2655625833865981,both,sleeping_dogs,confounded,0.2,1
causalml_T,cate,411.7080149877306,0.05892979197277928,,-26.7185612029441,both,sleeping_dogs,confounded,0.2,1
causalml_X,cate,274.04781638241826,0.14103933685945863,,-18.33006508565165,both,sleeping_dogs,confounded,0.2,1
structural_BTYD,cate,165.8936848668683,0.5010893028732721,,0.060517619583402016,both,sleeping_dogs,confounded,0.2,1
conformal_ITE,cate,514.2542269452344,-0.13881986078536,0.96,-37.99922294976397,both,sleeping_dogs,confounded,0.2,1
base_value,baseline,,,,-55.69825696082443,both,sleeping_dogs,confounded,0.2,1
base_risk,baseline,,,,0.014565045017392642,both,sleeping_dogs,confounded,0.2,1
random,baseline,,,,-17.317878374399278,both,sleeping_dogs,confounded,0.2,1
econml_T,cate,424.65670405829167,0.02024762471530345,,-49.19753368639416,both,sleeping_dogs,confounded,0.2,2
econml_X,cate,279.76786372572735,0.06674001455883166,,-39.94502768968837,both,sleeping_dogs,confounded,0.2,2
econml_DR,cate,1511.6868648910502,-0.019772898143992648,,-57.195568875902346,both,sleeping_dogs,confounded,0.2,2
econml_CausalForest,cate,142.9772264432289,0.3999763849588092,0.8933333333333333,-4.215840268731949,both,sleeping_dogs,confounded,0.2,2
causalml_T,cate,424.65670405829167,0.02024762471530345,,-49.19753368639416,both,sleeping_dogs,confounded,0.2,2
causalml_X,cate,284.1044135262024,0.07019722740748692,,-39.88561720766282,both,sleeping_dogs,confounded,0.2,2
structural_BTYD,cate,164.42373507639283,0.5134348072106781,,0.0810966283552131,both,sleeping_dogs,confounded,0.2,2
conformal_ITE,cate,472.3952556190092,-0.05062066034093383,0.9516666666666667,-59.75920463616533,both,sleeping_dogs,confounded,0.2,2
base_value,baseline,,,,-92.1528895691238,both,sleeping_dogs,confounded,0.2,2
base_risk,baseline,,,,0.006692908785882151,both,sleeping_dogs,confounded,0.2,2
random,baseline,,,,-27.103692743228006,both,sleeping_dogs,confounded,0.2,2
econml_T,cate,408.1427404366176,0.1651482668124982,,-15.635705727291397,both,sleeping_dogs,confounded,0.2,3
econml_X,cate,248.31194766455332,0.24481196451311868,,-5.95951494353946,both,sleeping_dogs,confounded,0.2,3
econml_DR,cate,1750.651682159349,0.14733365249037364,,-15.35316073333146,both,sleeping_dogs,confounded,0.2,3
econml_CausalForest,cate,124.82758648071244,0.5140901824485251,0.7661111111111111,-0.13835102513544448,both,sleeping_dogs,confounded,0.2,3
causalml_T,cate,408.1427404366176,0.1651482668124982,,-15.635705727291397,both,sleeping_dogs,confounded,0.2,3
causalml_X,cate,251.78117958569965,0.23094976122383648,,-6.084774363108551,both,sleeping_dogs,confounded,0.2,3
structural_BTYD,cate,176.30917441270435,0.488098653629012,,0.13715602252401793,both,sleeping_dogs,confounded,0.2,3
conformal_ITE,cate,419.20308046577566,0.08266263519785756,0.94,-17.044852306144143,both,sleeping_dogs,confounded,0.2,3
base_value,baseline,,,,-45.45559625846689,both,sleeping_dogs,confounded,0.2,3
base_risk,baseline,,,,0.06485890458908809,both,sleeping_dogs,confounded,0.2,3
random,baseline,,,,-14.063793100030514,both,sleeping_dogs,confounded,0.2,3
econml_T,cate,478.1627502571207,0.16877586749066728,,-22.48863407477724,both,sleeping_dogs,confounded,0.2,4
econml_X,cate,397.0448053884901,0.22171339504358084,,-16.307544670107557,both,sleeping_dogs,confounded,0.2,4
econml_DR,cate,1470.1388194585006,0.06628511714667289,,-32.59107145111703,both,sleeping_dogs,confounded,0.2,4
econml_CausalForest,cate,136.9025228350217,0.5519386078284577,0.7605555555555555,-0.001048028588382371,both,sleeping_dogs,confounded,0.2,4
causalml_T,cate,478.1627502571207,0.16877586749066728,,-22.48863407477724,both,sleeping_dogs,confounded,0.2,4
causalml_X,cate,398.4971489041156,0.23491527258158268,,-13.819063651646161,both,sleeping_dogs,confounded,0.2,4
structural_BTYD,cate,248.40116684414645,0.5284825063102829,,0.0861017598997844,both,sleeping_dogs,confounded,0.2,4
conformal_ITE,cate,363.34205878611846,0.0686944483997275,0.96,-27.970516404991937,both,sleeping_dogs,confounded,0.2,4
base_value,baseline,,,,-70.29989908446319,both,sleeping_dogs,confounded,0.2,4
base_risk,baseline,,,,0.025605795124904105,both,sleeping_dogs,confounded,0.2,4
random,baseline,,,,-22.35665568535254,both,sleeping_dogs,confounded,0.2,4
econml_T,cate,497.31238508633305,0.1820043960023592,,-25.88628575543922,both,sleeping_dogs,confounded,0.2,5
econml_X,cate,316.13781571277394,0.29636163981260016,,-11.09274275672708,both,sleeping_dogs,confounded,0.2,5
econml_DR,cate,1589.1050501711663,0.026558487680419175,,-36.541525917110114,both,sleeping_dogs,confounded,0.2,5
econml_CausalForest,cate,152.72864602915516,0.5795079901609694,0.8188888888888889,0.14154781932877558,both,sleeping_dogs,confounded,0.2,5
causalml_T,cate,497.31238508633305,0.1820043960023592,,-25.88628575543922,both,sleeping_dogs,confounded,0.2,5
causalml_X,cate,315.05415594974517,0.29808183462457116,,-11.005362452832008,both,sleeping_dogs,confounded,0.2,5
structural_BTYD,cate,219.86741744078455,0.5341944559771217,,0.07524150232774005,both,sleeping_dogs,confounded,0.2,5
conformal_ITE,cate,416.98328852539726,0.20118539299804136,0.9322222222222222,-20.707024019478016,both,sleeping_dogs,confounded,0.2,5
base_value,baseline,,,,-68.20788035532337,both,sleeping_dogs,confounded,0.2,5
base_risk,baseline,,,,0.001058864650477219,both,sleeping_dogs,confounded,0.2,5
random,baseline,,,,-24.526431147695316,both,sleeping_dogs,confounded,0.2,5
econml_T,cate,378.4645665048234,0.1196149685995087,,-19.280743641066195,both,sleeping_dogs,confounded,0.2,6
econml_X,cate,299.569460202142,0.22904625573574178,,-10.583044672253333,both,sleeping_dogs,confounded,0.2,6
econml_DR,cate,1707.6917252636715,0.0029973818365613436,,-36.08854000035601,both,sleeping_dogs,confounded,0.2,6
econml_CausalForest,cate,189.35645946724676,0.46455378769654293,0.7811111111111111,-1.9508096297735935,both,sleeping_dogs,confounded,0.2,6
causalml_T,cate,378.4645665048234,0.1196149685995087,,-19.280743641066195,both,sleeping_dogs,confounded,0.2,6
causalml_X,cate,295.4064176421659,0.2174792427328435,,-11.646904086995706,both,sleeping_dogs,confounded,0.2,6
structural_BTYD,cate,236.72702307363107,0.5254333579369579,,0.06760286476875485,both,sleeping_dogs,confounded,0.2,6
conformal_ITE,cate,383.84346469013406,0.1761867120705502,0.9366666666666666,-15.558887103106121,both,sleeping_dogs,confounded,0.2,6
base_value,baseline,,,,-68.28675042611594,both,sleeping_dogs,confounded,0.2,6
base_risk,baseline,,,,0.016941330013194728,both,sleeping_dogs,confounded,0.2,6
random,baseline,,,,-20.737410703137503,both,sleeping_dogs,confounded,0.2,6
econml_T,cate,415.9216161417641,0.12018634322232574,,-24.13788072265048,both,sleeping_dogs,confounded,0.2,7
econml_X,cate,331.67725662329036,0.1950195560683039,,-21.871775907481023,both,sleeping_dogs,confounded,0.2,7
econml_DR,cate,1268.1531438796687,0.04020855023429177,,-28.680847550035043,both,sleeping_dogs,confounded,0.2,7
econml_CausalForest,cate,162.00420515013604,0.5517408059238067,0.7366666666666667,0.04465527429601737,both,sleeping_dogs,confounded,0.2,7
causalml_T,cate,415.9216161417641,0.12018634322232574,,-24.13788072265048,both,sleeping_dogs,confounded,0.2,7
causalml_X,cate,328.73287917135815,0.1849139950757596,,-23.036757368101053,both,sleeping_dogs,confounded,0.2,7
structural_BTYD,cate,212.84365363186615,0.5139719213206194,,0.027321934785199575,both,sleeping_dogs,confounded,0.2,7
conformal_ITE,cate,544.3729292955348,0.06167217065247702,0.9516666666666667,-28.633007356906944,both,sleeping_dogs,confounded,0.2,7
base_value,baseline,,,,-56.92951999672776,both,sleeping_dogs,confounded,0.2,7
base_risk,baseline,,,,0.08335983372436234,both,sleeping_dogs,confounded,0.2,7
random,baseline,,,,-19.682333845062608,both,sleeping_dogs,confounded,0.2,7
econml_T,cate,406.9364482885001,0.13612457404040687,,-25.626238795181575,both,sleeping_dogs,confounded,0.2,8
econml_X,cate,278.3526581423547,0.2393303890960595,,-18.08082729811224,both,sleeping_dogs,confounded,0.2,8
econml_DR,cate,1514.7875116962193,0.22205790669453596,,-26.023800722142532,both,sleeping_dogs,confounded,0.2,8
econml_CausalForest,cate,213.04026232340783,0.37140198508205735,0.6622222222222223,-30.019492243719867,both,sleeping_dogs,confounded,0.2,8
causalml_T,cate,406.9364482885001,0.13612457404040687,,-25.626238795181575,both,sleeping_dogs,confounded,0.2,8
causalml_X,cate,281.75500464279236,0.22347969344338592,,-20.60727440271247,both,sleeping_dogs,confounded,0.2,8
structural_BTYD,cate,191.22068744228602,0.5168339131253604,,0.10413173516968452,both,sleeping_dogs,confounded,0.2,8
conformal_ITE,cate,446.6210971875275,0.04882741099429608,0.9566666666666667,-33.787232940001296,both,sleeping_dogs,confounded,0.2,8
base_value,baseline,,,,-68.99620546011674,both,sleeping_dogs,confounded,0.2,8
base_risk,baseline,,,,0.023132504343207218,both,sleeping_dogs,confounded,0.2,8
random,baseline,,,,-23.99722218821943,both,sleeping_dogs,confounded,0.2,8
econml_T,cate,494.56854772161404,0.010435348959790466,,-29.804029090697068,both,sleeping_dogs,confounded,0.2,9
econml_X,cate,307.8167524588678,0.009852178132405659,,-33.633039545153714,both,sleeping_dogs,confounded,0.2,9
econml_DR,cate,1036.8400041734085,0.030609502323995372,,-29.193922093696717,both,sleeping_dogs,confounded,0.2,9
econml_CausalForest,cate,184.6721639566855,0.332073845386403,0.7988888888888889,-26.401225663447352,both,sleeping_dogs,confounded,0.2,9
causalml_T,cate,494.56854772161404,0.010435348959790466,,-29.804029090697068,both,sleeping_dogs,confounded,0.2,9
causalml_X,cate,305.2741542134964,0.021162152233715308,,-33.12312540495915,both,sleeping_dogs,confounded,0.2,9
structural_BTYD,cate,145.26028904922006,0.49966921656383884,,0.06411785616025853,both,sleeping_dogs,confounded,0.2,9
conformal_ITE,cate,401.08815582266885,0.03616238340232543,0.965,-36.638428520026565,both,sleeping_dogs,confounded,0.2,9
base_value,baseline,,,,-60.55908384925178,both,sleeping_dogs,confounded,0.2,9
base_risk,baseline,,,,0.018971221403227198,both,sleeping_dogs,confounded,0.2,9
random,baseline,,,,-17.536457189266642,both,sleeping_dogs,confounded,0.2,9
econml_T,cate,393.7816893995386,0.29364654633545395,,-11.313629030211569,both,sleeping_dogs,confounded,0.35,0
econml_X,cate,312.84578010115916,0.3361147241182399,,-6.740604297905211,both,sleeping_dogs,confounded,0.35,0
econml_DR,cate,2540.15305589043,0.16299072776711723,,-19.514888365397525,both,sleeping_dogs,confounded,0.35,0
econml_CausalForest,cate,194.18712597214537,0.43536527558441096,0.695,-3.434157418356582,both,sleeping_dogs,confounded,0.35,0
causalml_T,cate,393.7816893995386,0.29364654633545395,,-11.313629030211569,both,sleeping_dogs,confounded,0.35,0
causalml_X,cate,308.6599208981062,0.3509696921662933,,-6.308796851969651,both,sleeping_dogs,confounded,0.35,0
structural_BTYD,cate,248.99510459266708,0.5059250095409364,,0.04220876979575966,both,sleeping_dogs,confounded,0.35,0
conformal_ITE,cate,327.14283791646847,0.13799072207478785,0.965,-13.086983166022453,both,sleeping_dogs,confounded,0.35,0
base_value,baseline,,,,-50.10443680279999,both,sleeping_dogs,confounded,0.35,0
base_risk,baseline,,,,0.023313513621171338,both,sleeping_dogs,confounded,0.35,0
random,baseline,,,,-16.668341938432256,both,sleeping_dogs,confounded,0.35,0
econml_T,cate,464.79033768946834,0.1346504741740727,,-19.62252952535536,both,sleeping_dogs,confounded,0.35,1
econml_X,cate,332.5495606837969,0.2716244543474291,,-5.628646265843307,both,sleeping_dogs,confounded,0.35,1
econml_DR,cate,1606.265942860625,0.09610308734441063,,-22.882934871685478,both,sleeping_dogs,confounded,0.35,1
econml_CausalForest,cate,301.34093744127694,0.5859613628361481,0.8072222222222222,0.5073627130364422,both,sleeping_dogs,confounded,0.35,1
causalml_T,cate,464.79033768946834,0.1346504741740727,,-19.62252952535536,both,sleeping_dogs,confounded,0.35,1
causalml_X,cate,329.9035981475338,0.2720805393921638,,-5.230044127349718,both,sleeping_dogs,confounded,0.35,1
structural_BTYD,cate,275.31049152706737,0.5015190075868078,,0.059350674996989684,both,sleeping_dogs,confounded,0.35,1
conformal_ITE,cate,451.79017596427883,0.11036893808295103,0.9683333333333334,-15.024467605556678,both,sleeping_dogs,confounded,0.35,1
base_value,baseline,,,,-52.44846852259672,both,sleeping_dogs,confounded,0.35,1
base_risk,baseline,,,,0.014303087916679818,both,sleeping_dogs,confounded,0.35,1
random,baseline,,,,-14.942054895919343,both,sleeping_dogs,confounded,0.35,1
econml_T,cate,380.591577830576,0.2206760655830154,,-27.168325852004788,both,sleeping_dogs,confounded,0.35,2
econml_X,cate,289.14832176824643,0.3364261815816953,,-14.125245707572043,both,sleeping_dogs,confounded,0.35,2
econml_DR,cate,2159.55841324458,0.06833398306840673,,-39.116213835790965,both,sleeping_dogs,confounded,0.35,2
econml_CausalForest,cate,251.37230863085824,0.5946768989020405,0.8127777777777778,0.18815644847937898,both,sleeping_dogs,confounded,0.35,2
causalml_T,cate,380.591577830576,0.2206760655830154,,-27.168325852004788,both,sleeping_dogs,confounded,0.35,2
causalml_X,cate,296.28046853392135,0.3288629221795998,,-14.70629286900271,both,sleeping_dogs,confounded,0.35,2
structural_BTYD,cate,241.19164958430838,0.5139948508613504,,0.08082034235311768,both,sleeping_dogs,confounded,0.35,2
conformal_ITE,cate,433.7946471422616,0.1842450121207058,0.9622222222222222,-34.7825035918164,both,sleeping_dogs,confounded,0.35,2
base_value,baseline,,,,-86.83657579910826,both,sleeping_dogs,confounded,0.35,2
base_risk,baseline,,,,0.006642194137894647,both,sleeping_dogs,confounded,0.35,2
random,baseline,,,,-24.03344377105297,both,sleeping_dogs,confounded,0.35,2
econml_T,cate,349.158996861371,0.28914477793838395,,-6.221414464333758,both,sleeping_dogs,confounded,0.35,3
econml_X,cate,303.92350856849333,0.38670462684819157,,-2.4008285420402804,both,sleeping_dogs,confounded,0.35,3
econml_DR,cate,4608.959979448638,0.18851147764921414,,-15.003518900116624,both,sleeping_dogs,confounded,0.35,3
econml_CausalForest,cate,201.0478634484818,0.533673464400082,0.6583333333333333,0.2381966743772771,both,sleeping_dogs,confounded,0.35,3
causalml_T,cate,349.158996861371,0.28914477793838395,,-6.221414464333758,both,sleeping_dogs,confounded,0.35,3
causalml_X,cate,305.8451237191564,0.39910717476658797,,-1.87955211581605,both,sleeping_dogs,confounded,0.35,3
structural_BTYD,cate,238.89577484938067,0.48800399247913817,,0.1372662912796307,both,sleeping_dogs,confounded,0.35,3
conformal_ITE,cate,369.8999190900438,0.254946546651126,0.9383333333333334,-7.743390456983027,both,sleeping_dogs,confounded,0.35,3
base_value,baseline,,,,-42.910125336042086,both,sleeping_dogs,confounded,0.35,3
base_risk,baseline,,,,0.06352627434419697,both,sleeping_dogs,confounded,0.35,3
random,baseline,,,,-15.750618291910788,both,sleeping_dogs,confounded,0.35,3
econml_T,cate,491.5619167120833,0.2590885411823339,,-15.888572122044234,both,sleeping_dogs,confounded,0.35,4
econml_X,cate,444.08959428871725,0.35403776646438573,,-9.068741138903938,both,sleeping_dogs,confounded,0.35,4
econml_DR,cate,4396.1881512912105,0.23329312663184373,,-18.55461637102433,both,sleeping_dogs,confounded,0.35,4
econml_CausalForest,cate,229.4557903953708,0.5639248045964866,0.7655555555555555,0.054292318961731145,both,sleeping_dogs,confounded,0.35,4
causalml_T,cate,491.5619167120833,0.2590885411823339,,-15.888572122044234,both,sleeping_dogs,confounded,0.35,4
causalml_X,cate,444.61467323670627,0.3614683003760119,,-8.686091509810733,both,sleeping_dogs,confounded,0.35,4
structural_BTYD,cate,285.56246180071963,0.528467090459204,,0.08440735488737257,both,sleeping_dogs,confounded,0.35,4
conformal_ITE,cate,412.5833647121256,0.1855947494620117,0.94,-22.172987025287327,both,sleeping_dogs,confounded,0.35,4
base_value,baseline,,,,-65.97744030830131,both,sleeping_dogs,confounded,0.35,4
base_risk,baseline,,,,0.02506864718917112,both,sleeping_dogs,confounded,0.35,4
random,baseline,,,,-19.739894234475933,both,sleeping_dogs,confounded,0.35,4
econml_T,cate,512.7233010641728,0.2999702630795592,,-15.82810834801646,both,sleeping_dogs,confounded,0.35,5
econml_X,cate,361.3936001971965,0.4515446435763372,,-4.126676354517478,both,sleeping_dogs,confounded,0.35,5
econml_DR,cate,2135.318492093636,0.061029595148745876,,-34.404726905635286,both,sleeping_dogs,confounded,0.35,5
econml_CausalForest,cate,237.70658975080278,0.6265155358267581,0.7611111111111111,0.8759599297485049,both,sleeping_dogs,confounded,0.35,5
causalml_T,cate,512.7233010641728,0.2999702630795592,,-15.82810834801646,both,sleeping_dogs,confounded,0.35,5
causalml_X,cate,361.6047762397689,0.4500348083406151,,-4.6540370155998065,both,sleeping_dogs,confounded,0.35,5
structural_BTYD,cate,276.4563622977112,0.534186972970028,,0.0738170740096905,both,sleeping_dogs,confounded,0.35,5
conformal_ITE,cate,432.4894701921965,0.3022425525246667,0.9222222222222223,-10.8018092150836,both,sleeping_dogs,confounded,0.35,5
base_value,baseline,,,,-63.903366501649245,both,sleeping_dogs,confounded,0.35,5
base_risk,baseline,,,,0.0010251239448514375,both,sleeping_dogs,confounded,0.35,5
random,baseline,,,,-18.567805437425584,both,sleeping_dogs,confounded,0.35,5
econml_T,cate,409.1666898269948,0.2522921811679113,,-13.6156133128802,both,sleeping_dogs,confounded,0.35,6
econml_X,cate,370.845675599605,0.3425186660223869,,-5.92831296187699,both,sleeping_dogs,confounded,0.35,6
econml_DR,cate,1315.7799321846744,0.11842546150910073,,-28.757923363833058,both,sleeping_dogs,confounded,0.35,6
econml_CausalForest,cate,319.1404670636255,0.5537905434480568,0.6627777777777778,0.03481384190337748,both,sleeping_dogs,confounded,0.35,6
causalml_T,cate,409.1666898269948,0.2522921811679113,,-13.6156133128802,both,sleeping_dogs,confounded,0.35,6
causalml_X,cate,368.3789707752908,0.3315614561549547,,-6.4026019250583035,both,sleeping_dogs,confounded,0.35,6
structural_BTYD,cate,335.3095320824095,0.5253843318647174,,0.06773846432176343,both,sleeping_dogs,confounded,0.35,6
conformal_ITE,cate,441.7143425581156,0.23728717892339288,0.9338888888888889,-11.96478788001071,both,sleeping_dogs,confounded,0.35,6
base_value,baseline,,,,-64.41787259465592,both,sleeping_dogs,confounded,0.35,6
base_risk,baseline,,,,0.016988795761002675,both,sleeping_dogs,confounded,0.35,6
random,baseline,,,,-19.805949448685908,both,sleeping_dogs,confounded,0.35,6
econml_T,cate,496.46836132023867,0.2264287202259218,,-18.18578904735755,both,sleeping_dogs,confounded,0.35,7
econml_X,cate,373.42472379802064,0.337227006175921,,-14.61819003519449,both,sleeping_dogs,confounded,0.35,7
econml_DR,cate,1372.2806677144606,0.07716271330446954,,-28.17476045625878,both,sleeping_dogs,confounded,0.35,7
econml_CausalForest,cate,285.1093955985132,0.5539772478866316,0.6288888888888889,0.0391832438281734,both,sleeping_dogs,confounded,0.35,7
causalml_T,cate,496.46836132023867,0.2264287202259218,,-18.18578904735755,both,sleeping_dogs,confounded,0.35,7
causalml_X,cate,365.53553608469406,0.33990551625726034,,-13.296383579788134,both,sleeping_dogs,confounded,0.35,7
structural_BTYD,cate,288.8481608000858,0.513939389309869,,0.029123377366446733,both,sleeping_dogs,confounded,0.35,7
conformal_ITE,cate,587.2919206052015,0.09472866823537016,0.9566666666666667,-23.711356726286876,both,sleeping_dogs,confounded,0.35,7
base_value,baseline,,,,-54.2640093821611,both,sleeping_dogs,confounded,0.35,7
base_risk,baseline,,,,0.08354218324012236,both,sleeping_dogs,confounded,0.35,7
random,baseline,,,,-15.96869575249074,both,sleeping_dogs,confounded,0.35,7
econml_T,cate,382.79669172159726,0.2920211495127471,,-17.48448559414375,both,sleeping_dogs,confounded,0.35,8
econml_X,cate,302.99110340987744,0.4324931873290728,,-6.598986228966719,both,sleeping_dogs,confounded,0.35,8
econml_DR,cate,757.2213480156342,0.2016039862653895,,-24.068419231061682,both,sleeping_dogs,confounded,0.35,8
econml_CausalForest,cate,264.4156399442845,0.5596088887053658,0.5227777777777778,0.04207742157598586,both,sleeping_dogs,confounded,0.35,8
causalml_T,cate,382.79669172159726,0.2920211495127471,,-17.48448559414375,both,sleeping_dogs,confounded,0.35,8
causalml_X,cate,306.22117923648693,0.4140798430395833,,-7.891893303595748,both,sleeping_dogs,confounded,0.35,8
structural_BTYD,cate,242.32434740106675,0.5167883052389394,,0.10392873959927822,both,sleeping_dogs,confounded,0.35,8
conformal_ITE,cate,474.2170809949458,0.2058890676370527,0.945,-21.575317816031795,both,sleeping_dogs,confounded,0.35,8
base_value,baseline,,,,-64.96213993293995,both,sleeping_dogs,confounded,0.35,8
base_risk,baseline,,,,0.023199135448423957,both,sleeping_dogs,confounded,0.35,8
random,baseline,,,,-20.20252018313158,both,sleeping_dogs,confounded,0.35,8
econml_T,cate,476.26350787926145,0.1867590490744411,,-18.0552484975477,both,sleeping_dogs,confounded,0.35,9
econml_X,cate,315.21152293377384,0.2165267245587029,,-12.4801720382781,both,sleeping_dogs,confounded,0.35,9
econml_DR,cate,743.9743805997624,0.14530704406506706,,-23.120329780605836,both,sleeping_dogs,confounded,0.35,9
econml_CausalForest,cate,247.8785133809596,0.553134569708453,0.7461111111111111,0.019646642369043673,both,sleeping_dogs,confounded,0.35,9
causalml_T,cate,476.26350787926145,0.1867590490744411,,-18.0552484975477,both,sleeping_dogs,confounded,0.35,9
causalml_X,cate,310.45328827305923,0.21809034249636322,,-11.598538865628951,both,sleeping_dogs,confounded,0.35,9
structural_BTYD,cate,209.91835595223932,0.49944950057859283,,0.06421621136202216,both,sleeping_dogs,confounded,0.35,9
conformal_ITE,cate,406.77865823491345,0.151785235308877,0.9605555555555556,-26.423699526916916,both,sleeping_dogs,confounded,0.35,9
base_value,baseline,,,,-57.30679373012891,both,sleeping_dogs,confounded,0.35,9
base_risk,baseline,,,,0.01861761259688898,both,sleeping_dogs,confounded,0.35,9
random,baseline,,,,-16.5883999540366,both,sleeping_dogs,confounded,0.35,9
econml_T,cate,409.60961930092293,0.3771421799342735,,-5.351751962196871,both,sleeping_dogs,confounded,0.5,0
econml_X,cate,355.57876477255627,0.45262447189743404,,-2.3753542705312447,both,sleeping_dogs,confounded,0.5,0
econml_DR,cate,1547.070509127557,0.1937750943810533,,-13.917240993552483,both,sleeping_dogs,confounded,0.5,0
econml_CausalForest,cate,277.72083078617027,0.5832880063032196,0.6566666666666666,-0.022554239153406635,both,sleeping_dogs,confounded,0.5,0
causalml_T,cate,409.60961930092293,0.3771421799342735,,-5.351751962196871,both,sleeping_dogs,confounded,0.5,0
causalml_X,cate,354.64548158561007,0.43932790080762085,,-2.631417135256387,both,sleeping_dogs,confounded,0.5,0
structural_BTYD,cate,321.15942550500574,0.5059284083133688,,0.04157259685803421,both,sleeping_dogs,confounded,0.5,0
conformal_ITE,cate,379.8721235707838,0.2525002748913937,0.9538888888888889,-7.502893485234153,both,sleeping_dogs,confounded,0.5,0
base_value,baseline,,,,-47.581307534689344,both,sleeping_dogs,confounded,0.5,0
base_risk,baseline,,,,0.02305940838341232,both,sleeping_dogs,confounded,0.5,0
random,baseline,,,,-12.29338840302005,both,sleeping_dogs,confounded,0.5,0
econml_T,cate,533.9750053189174,0.2556316358722772,,-12.585555779245611,both,sleeping_dogs,confounded,0.5,1
econml_X,cate,434.4612964685377,0.3850954618487173,,-3.0809921174358785,both,sleeping_dogs,confounded,0.5,1
econml_DR,cate,3524.574511571302,0.1806903658897928,,-18.43059393756729,both,sleeping_dogs,confounded,0.5,1
econml_CausalForest,cate,438.17672709195733,0.5935341969617838,0.7661111111111111,0.5396593159350674,both,sleeping_dogs,confounded,0.5,1
causalml_T,cate,533.9750053189174,0.2556316358722772,,-12.585555779245611,both,sleeping_dogs,confounded,0.5,1
causalml_X,cate,430.03008161983445,0.3672664192471255,,-3.8714668457751285,both,sleeping_dogs,confounded,0.5,1
structural_BTYD,cate,389.2812163089859,0.5015381734443808,,0.05791373627925756,both,sleeping_dogs,confounded,0.5,1
conformal_ITE,cate,489.7844027702432,0.23035848480069268,0.9622222222222222,-5.5759972729703,both,sleeping_dogs,confounded,0.5,1
base_value,baseline,,,,-49.21022508598598,both,sleeping_dogs,confounded,0.5,1
base_risk,baseline,,,,0.013983337515404629,both,sleeping_dogs,confounded,0.5,1
random,baseline,,,,-12.37430765378709,both,sleeping_dogs,confounded,0.5,1
econml_T,cate,417.2976222481249,0.2868734179646772,,-19.881317886320968,both,sleeping_dogs,confounded,0.5,2
econml_X,cate,331.5841629682225,0.4165343371026814,,-6.499197007329411,both,sleeping_dogs,confounded,0.5,2
econml_DR,cate,1241.8915900412387,0.06319677923280127,,-35.00955957136039,both,sleeping_dogs,confounded,0.5,2
econml_CausalForest,cate,332.62975826963225,0.6079977471486533,0.7855555555555556,0.45494598677294873,both,sleeping_dogs,confounded,0.5,2
causalml_T,cate,417.2976222481249,0.2868734179646772,,-19.881317886320968,both,sleeping_dogs,confounded,0.5,2
causalml_X,cate,335.0886339921847,0.4308799995628181,,-5.638601761122853,both,sleeping_dogs,confounded,0.5,2
structural_BTYD,cate,329.13112685378485,0.5139835205069307,,0.08044937701557027,both,sleeping_dogs,confounded,0.5,2
conformal_ITE,cate,518.5521816980007,0.27547667114285124,0.9561111111111111,-24.136322045725244,both,sleeping_dogs,confounded,0.5,2
base_value,baseline,,,,-81.8008041469936,both,sleeping_dogs,confounded,0.5,2
base_risk,baseline,,,,0.006582545458901009,both,sleeping_dogs,confounded,0.5,2
random,baseline,,,,-27.44269215776617,both,sleeping_dogs,confounded,0.5,2
econml_T,cate,386.13635053438725,0.348840621208536,,-3.4199879061891987,both,sleeping_dogs,confounded,0.5,3
econml_X,cate,296.0594053067762,0.4549985810327637,,-0.565428137257379,both,sleeping_dogs,confounded,0.5,3
econml_DR,cate,1442.2722393873162,0.27559911402608006,,-10.330339752762502,both,sleeping_dogs,confounded,0.5,3
econml_CausalForest,cate,266.92781727997794,0.5179231186489752,0.6677777777777778,0.19187161685350548,both,sleeping_dogs,confounded,0.5,3
causalml_T,cate,386.13635053438725,0.348840621208536,,-3.4199879061891987,both,sleeping_dogs,confounded,0.5,3
causalml_X,cate,299.05425180895537,0.44649976565425714,,-0.7653565218899,both,sleeping_dogs,confounded,0.5,3
structural_BTYD,cate,312.83984461885564,0.4879922495895115,,0.13726199319876548,both,sleeping_dogs,confounded,0.5,3
conformal_ITE,cate,401.310556699701,0.3488660747305255,0.9316666666666666,-3.8309860802570754,both,sleeping_dogs,confounded,0.5,3
base_value,baseline,,,,-40.48882335176852,both,sleeping_dogs,confounded,0.5,3
base_risk,baseline,,,,0.062097527837513475,both,sleeping_dogs,confounded,0.5,3
random,baseline,,,,-7.816818510210465,both,sleeping_dogs,confounded,0.5,3
econml_T,cate,501.1254799805964,0.42466445481302123,,-5.310456242135426,both,sleeping_dogs,confounded,0.5,4
econml_X,cate,435.56779367833667,0.47848566647784907,,-2.448119195830208,both,sleeping_dogs,confounded,0.5,4
econml_DR,cate,1618.6315493120344,0.16745644935496581,,-26.450437938133046,both,sleeping_dogs,confounded,0.5,4
econml_CausalForest,cate,276.5074340888462,0.5644964702499713,0.7055555555555556,0.0430193769522559,both,sleeping_dogs,confounded,0.5,4
causalml_T,cate,501.1254799805964,0.42466445481302123,,-5.310456242135426,both,sleeping_dogs,confounded,0.5,4
causalml_X,cate,436.92748559884745,0.4794021711389103,,-2.4102820008556947,both,sleeping_dogs,confounded,0.5,4
structural_BTYD,cate,341.94687087411205,0.5284293374131073,,0.0825588360902987,both,sleeping_dogs,confounded,0.5,4
conformal_ITE,cate,414.65968937931416,0.3411438891316642,0.9527777777777777,-6.719957732208622,both,sleeping_dogs,confounded,0.5,4
base_value,baseline,,,,-61.847744326769245,both,sleeping_dogs,confounded,0.5,4
base_risk,baseline,,,,0.024478299145826176,both,sleeping_dogs,confounded,0.5,4
random,baseline,,,,-23.307410146625653,both,sleeping_dogs,confounded,0.5,4
econml_T,cate,537.5648817087041,0.43455350336508575,,-9.22679829706995,both,sleeping_dogs,confounded,0.5,5
econml_X,cate,405.84370248561953,0.5642973175885571,,0.04530049829842883,both,sleeping_dogs,confounded,0.5,5
econml_DR,cate,1547.400797277722,0.22514301156751196,,-25.87154128642628,both,sleeping_dogs,confounded,0.5,5
econml_CausalForest,cate,315.3318923947645,0.607562364333186,0.7555555555555555,0.5756083037675708,both,sleeping_dogs,confounded,0.5,5
causalml_T,cate,537.5648817087041,0.43455350336508575,,-9.22679829706995,both,sleeping_dogs,confounded,0.5,5
causalml_X,cate,404.3438764917083,0.5714220110884878,,0.3819135322471367,both,sleeping_dogs,confounded,0.5,5
structural_BTYD,cate,343.669909889738,0.5341804506385117,,0.0722746529460826,both,sleeping_dogs,confounded,0.5,5
conformal_ITE,cate,468.68230513578135,0.4375725039247954,0.9205555555555556,-5.0612187423419694,both,sleeping_dogs,confounded,0.5,5
base_value,baseline,,,,-59.817214343521414,both,sleeping_dogs,confounded,0.5,5
base_risk,baseline,,,,0.0010107876528368711,both,sleeping_dogs,confounded,0.5,5
random,baseline,,,,-18.13681027817689,both,sleeping_dogs,confounded,0.5,5
econml_T,cate,484.2090676841336,0.4011099787185989,,-5.150725081063849,both,sleeping_dogs,confounded,0.5,6
econml_X,cate,446.48419907906776,0.48211054445680324,,-2.5403289623075573,both,sleeping_dogs,confounded,0.5,6
econml_DR,cate,1249.5949849923588,0.1375659215723441,,-23.839089844401087,both,sleeping_dogs,confounded,0.5,6
econml_CausalForest,cate,436.6402751293136,0.5816732069467035,0.6577777777777778,0.3787265684126994,both,sleeping_dogs,confounded,0.5,6
causalml_T,cate,484.2090676841336,0.4011099787185989,,-5.150725081063849,both,sleeping_dogs,confounded,0.5,6
causalml_X,cate,445.33452597539144,0.4755449954998161,,-3.1072157447316298,both,sleeping_dogs,confounded,0.5,6
structural_BTYD,cate,443.62693678049243,0.525335663563785,,0.067812045842245,both,sleeping_dogs,confounded,0.5,6
conformal_ITE,cate,491.1691668652148,0.4163011971406004,0.925,-4.1871634922383425,both,sleeping_dogs,confounded,0.5,6
base_value,baseline,,,,-60.75411724979824,both,sleeping_dogs,confounded,0.5,6
base_risk,baseline,,,,0.017031900850186285,both,sleeping_dogs,confounded,0.5,6
random,baseline,,,,-15.80796654871065,both,sleeping_dogs,confounded,0.5,6
econml_T,cate,443.4095490425464,0.3152031283068537,,-8.869507017189369,both,sleeping_dogs,confounded,0.5,7
econml_X,cate,404.6871731226156,0.4772702536407102,,-2.2301562448657024,both,sleeping_dogs,confounded,0.5,7
econml_DR,cate,1419.7833191581026,0.25287950870195286,,-13.455793056155098,both,sleeping_dogs,confounded,0.5,7
econml_CausalForest,cate,374.265029668013,0.5589983906460323,0.6622222222222223,0.04715530521423615,both,sleeping_dogs,confounded,0.5,7
causalml_T,cate,443.4095490425464,0.3152031283068537,,-8.869507017189369,both,sleeping_dogs,confounded,0.5,7
causalml_X,cate,404.7911803443205,0.4844303303802977,,-2.2894414970210577,both,sleeping_dogs,confounded,0.5,7
structural_BTYD,cate,356.5784129514611,0.5139085116159593,,0.030985733781199242,both,sleeping_dogs,confounded,0.5,7
conformal_ITE,cate,420.9812402003296,0.24989142031509878,0.9472222222222222,-8.653190983002741,both,sleeping_dogs,confounded,0.5,7
base_value,baseline,,,,-51.722969697911466,both,sleeping_dogs,confounded,0.5,7
base_risk,baseline,,,,0.08368230309789111,both,sleeping_dogs,confounded,0.5,7
random,baseline,,,,-14.617160750821435,both,sleeping_dogs,confounded,0.5,7
econml_T,cate,406.80517706663466,0.38951659729812765,,-6.788197079796096,both,sleeping_dogs,confounded,0.5,8
econml_X,cate,351.4562149462087,0.4994973950464557,,-2.409357891962011,both,sleeping_dogs,confounded,0.5,8
econml_DR,cate,1175.677874817928,0.27383983846972204,,-15.429556857749075,both,sleeping_dogs,confounded,0.5,8
econml_CausalForest,cate,341.1660144318635,0.5670847916483707,0.5344444444444445,0.05485048502209065,both,sleeping_dogs,confounded,0.5,8
causalml_T,cate,406.80517706663466,0.38951659729812765,,-6.788197079796096,both,sleeping_dogs,confounded,0.5,8
causalml_X,cate,349.2665855094262,0.501725433078456,,-2.793414624258397,both,sleeping_dogs,confounded,0.5,8
structural_BTYD,cate,316.9983274795498,0.5167478989845281,,0.1036139885998722,both,sleeping_dogs,confounded,0.5,8
conformal_ITE,cate,446.55409371595863,0.31010397608562995,0.9416666666666667,-13.936225718123758,both,sleeping_dogs,confounded,0.5,8
base_value,baseline,,,,-61.083980538605225,both,sleeping_dogs,confounded,0.5,8
base_risk,baseline,,,,0.023228882905492527,both,sleeping_dogs,confounded,0.5,8
random,baseline,,,,-23.458877514903858,both,sleeping_dogs,confounded,0.5,8
econml_T,cate,450.24261927558894,0.3750310078626405,,-10.54983469161151,both,sleeping_dogs,confounded,0.5,9
econml_X,cate,352.90121649153656,0.44864805675817615,,-3.5946586340228537,both,sleeping_dogs,confounded,0.5,9
econml_DR,cate,950.5613374183197,0.20633976219354433,,-17.24560479160542,both,sleeping_dogs,confounded,0.5,9
econml_CausalForest,cate,304.2532056456847,0.5581263567247078,0.6944444444444444,0.0367430794906096,both,sleeping_dogs,confounded,0.5,9
causalml_T,cate,450.24261927558894,0.3750310078626405,,-10.54983469161151,both,sleeping_dogs,confounded,0.5,9
causalml_X,cate,351.4975175322536,0.45748147695780067,,-3.2990875215009146,both,sleeping_dogs,confounded,0.5,9
structural_BTYD,cate,279.9571569436765,0.4994087021212639,,0.06414923313842703,both,sleeping_dogs,confounded,0.5,9
conformal_ITE,cate,470.09004966802064,0.3059300253655521,0.9605555555555556,-18.354985310402174,both,sleeping_dogs,confounded,0.5,9
base_value,baseline,,,,-54.21059728236369,both,sleeping_dogs,confounded,0.5,9
base_risk,baseline,,,,0.01825108635883014,both,sleeping_dogs,confounded,0.5,9
random,baseline,,,,-15.555384504130892,both,sleeping_dogs,confounded,0.5,9
econml_T,cate,435.627280634998,0.5043232515582525,,-1.3475434313568115,both,sleeping_dogs,confounded,0.65,0
econml_X,cate,395.95715347293856,0.5698176550477546,,-0.09162534110360919,both,sleeping_dogs,confounded,0.65,0
econml_DR,cate,1722.1685413816735,0.3637308862040057,,-7.349178242070006,both,sleeping_dogs,confounded,0.65,0
econml_CausalForest,cate,351.42687655892024,0.6068915897303058,0.6861111111111111,0.407747030366193,both,sleeping_dogs,confounded,0.65,0
causalml_T,cate,435.627280634998,0.5043232515582525,,-1.3475434313568115,both,sleeping_dogs,confounded,0.65,0
causalml_X,cate,395.74819646846083,0.5682575955111479,,0.11825160179936013,both,sleeping_dogs,confounded,0.65,0
structural_BTYD,cate,399.91213423841276,0.505913203729389,,0.04092430238449156,both,sleeping_dogs,confounded,0.65,0
conformal_ITE,cate,393.8151072232372,0.4208402387676496,0.9577777777777777,-2.0379358932444935,both,sleeping_dogs,confounded,0.65,0
base_value,baseline,,,,-45.17015871698654,both,sleeping_dogs,confounded,0.65,0
base_risk,baseline,,,,0.022809982818944682,both,sleeping_dogs,confounded,0.65,0
random,baseline,,,,-11.371167762895064,both,sleeping_dogs,confounded,0.65,0
econml_T,cate,612.560308005364,0.37722652980030213,,-7.490463690614382,both,sleeping_dogs,confounded,0.65,1
econml_X,cate,534.1004699719552,0.5071819913127158,,-0.5840501824783871,both,sleeping_dogs,confounded,0.65,1
econml_DR,cate,1345.7636005205052,0.18007961805138817,,-17.554887606523025,both,sleeping_dogs,confounded,0.65,1
econml_CausalForest,cate,566.1370329732187,0.5825673910370013,0.7983333333333333,0.4432214155999544,both,sleeping_dogs,confounded,0.65,1
causalml_T,cate,612.560308005364,0.37722652980030213,,-7.490463690614382,both,sleeping_dogs,confounded,0.65,1
causalml_X,cate,531.493077362112,0.5005078251929046,,-0.5804961366575377,both,sleeping_dogs,confounded,0.65,1
structural_BTYD,cate,498.0200825201751,0.501514207771753,,0.05615246264112159,both,sleeping_dogs,confounded,0.65,1
conformal_ITE,cate,577.8029654229448,0.3627147559144536,0.96,-2.5537108180095274,both,sleeping_dogs,confounded,0.65,1
base_value,baseline,,,,-45.90805861151137,both,sleeping_dogs,confounded,0.65,1
base_risk,baseline,,,,0.013587529504116574,both,sleeping_dogs,confounded,0.65,1
random,baseline,,,,-16.037525670916267,both,sleeping_dogs,confounded,0.65,1
econml_T,cate,503.85473932277966,0.40620029689773074,,-11.452537358567639,both,sleeping_dogs,confounded,0.65,2
econml_X,cate,411.98522303970526,0.48677796958029773,,-5.046114298314187,both,sleeping_dogs,confounded,0.65,2
econml_DR,cate,1354.7979324825644,0.24708882707571522,,-29.931284415327866,both,sleeping_dogs,confounded,0.65,2
econml_CausalForest,cate,410.00309009370545,0.6319122508670239,0.7427777777777778,0.585537261024583,both,sleeping_dogs,confounded,0.65,2
causalml_T,cate,503.85473932277966,0.40620029689773074,,-11.452537358567639,both,sleeping_dogs,confounded,0.65,2
causalml_X,cate,415.5513471195723,0.507332870165136,,-2.972932799481454,both,sleeping_dogs,confounded,0.65,2
structural_BTYD,cate,416.7509019703203,0.5139673879896449,,0.07997364146828612,both,sleeping_dogs,confounded,0.65,2
conformal_ITE,cate,600.6131143608155,0.36963664238522537,0.9522222222222222,-20.014887178996094,both,sleeping_dogs,confounded,0.65,2
base_value,baseline,,,,-76.98110341577068,both,sleeping_dogs,confounded,0.65,2
base_risk,baseline,,,,0.006513108077822756,both,sleeping_dogs,confounded,0.65,2
random,baseline,,,,-20.400616623908572,both,sleeping_dogs,confounded,0.65,2
econml_T,cate,406.86399049643705,0.46423125543807947,,-1.0060762894390076,both,sleeping_dogs,confounded,0.65,3
econml_X,cate,354.2661855106806,0.5269593252098469,,-0.07808936350188028,both,sleeping_dogs,confounded,0.65,3
econml_DR,cate,1278.5942629014312,0.31359967175702735,,-10.021690932093225,both,sleeping_dogs,confounded,0.65,3
econml_CausalForest,cate,331.11106917754756,0.5802179942380808,0.6677777777777778,0.5829388371396855,both,sleeping_dogs,confounded,0.65,3
causalml_T,cate,406.86399049643705,0.46423125543807947,,-1.0060762894390076,both,sleeping_dogs,confounded,0.65,3
causalml_X,cate,356.1536401821487,0.5312493437719757,,-0.02724544453046418,both,sleeping_dogs,confounded,0.65,3
structural_BTYD,cate,382.07702186106746,0.48798380616262177,,0.13711356655146043,both,sleeping_dogs,confounded,0.65,3
conformal_ITE,cate,413.48995821659383,0.39310506197968964,0.9233333333333333,-1.4417336915861723,both,sleeping_dogs,confounded,0.65,3
base_value,baseline,,,,-38.147864427179385,both,sleeping_dogs,confounded,0.65,3
base_risk,baseline,,,,0.06056138150819406,both,sleeping_dogs,confounded,0.65,3
random,baseline,,,,-13.614586089869102,both,sleeping_dogs,confounded,0.65,3
econml_T,cate,534.6473326730214,0.4952295320759415,,-1.7001684331110203,both,sleeping_dogs,confounded,0.65,4
econml_X,cate,469.0202980621112,0.5247472452730172,,-0.5534915096194605,both,sleeping_dogs,confounded,0.65,4
econml_DR,cate,1109.0134507031278,0.3733432077773855,,-12.244209272099473,both,sleeping_dogs,confounded,0.65,4
econml_CausalForest,cate,345.79681359490684,0.5663760154091579,0.7244444444444444,0.04582632643817253,both,sleeping_dogs,confounded,0.65,4
causalml_T,cate,534.6473326730214,0.4952295320759415,,-1.7001684331110203,both,sleeping_dogs,confounded,0.65,4
causalml_X,cate,469.96615675688423,0.5213937442456862,,-0.7578087658651416,both,sleeping_dogs,confounded,0.65,4
structural_BTYD,cate,404.24525297663996,0.5284084126200879,,0.0805153504628437,both,sleeping_dogs,confounded,0.65,4
conformal_ITE,cate,464.3627661806212,0.40665457613447364,0.9383333333333334,-3.391114003435282,both,sleeping_dogs,confounded,0.65,4
base_value,baseline,,,,-57.85201538941909,both,sleeping_dogs,confounded,0.65,4
base_risk,baseline,,,,0.02382623564411445,both,sleeping_dogs,confounded,0.65,4
random,baseline,,,,-14.113972918548608,both,sleeping_dogs,confounded,0.65,4
econml_T,cate,570.7743500225981,0.44829298760061437,,-4.3824206923284885,both,sleeping_dogs,confounded,0.65,5
econml_X,cate,496.04393211165177,0.5305448630005736,,-1.539286692376976,both,sleeping_dogs,confounded,0.65,5
econml_DR,cate,1130.2147670636582,0.21135059604204626,,-20.746902763144643,both,sleeping_dogs,confounded,0.65,5
econml_CausalForest,cate,414.6207107080823,0.5810073090747303,0.7255555555555555,0.1626457591243452,both,sleeping_dogs,confounded,0.65,5
causalml_T,cate,570.7743500225981,0.44829298760061437,,-4.3824206923284885,both,sleeping_dogs,confounded,0.65,5
causalml_X,cate,494.85699615252753,0.521307903335562,,-1.5913646383797235,both,sleeping_dogs,confounded,0.65,5
structural_BTYD,cate,417.3223567317895,0.5341502449458776,,0.07058786399975231,both,sleeping_dogs,confounded,0.65,5
conformal_ITE,cate,507.9114695819383,0.42747243676650165,0.9088888888888889,-3.679763672593882,both,sleeping_dogs,confounded,0.65,5
base_value,baseline,,,,-55.88830293371668,both,sleeping_dogs,confounded,0.65,5
base_risk,baseline,,,,0.0010007510409747304,both,sleeping_dogs,confounded,0.65,5
random,baseline,,,,-17.854723021482474,both,sleeping_dogs,confounded,0.65,5
econml_T,cate,553.028177802297,0.48751836712424806,,-1.9005647265147652,both,sleeping_dogs,confounded,0.65,6
econml_X,cate,523.6313718023324,0.5557563576134972,,-0.30372017303878224,both,sleeping_dogs,confounded,0.65,6
econml_DR,cate,1271.3745736264104,0.25459180781088814,,-18.9129461912589,both,sleeping_dogs,confounded,0.65,6
econml_CausalForest,cate,544.6174914291275,0.5860055043762712,0.6111111111111112,0.3615482251134849,both,sleeping_dogs,confounded,0.65,6
causalml_T,cate,553.028177802297,0.48751836712424806,,-1.9005647265147652,both,sleeping_dogs,confounded,0.65,6
causalml_X,cate,525.9879727095082,0.562256657859028,,-0.2487175191614015,both,sleeping_dogs,confounded,0.65,6
structural_BTYD,cate,550.2002344010448,0.5253076818564395,,0.06784522820320102,both,sleeping_dogs,confounded,0.65,6
conformal_ITE,cate,558.762349831401,0.5012497752071696,0.9205555555555556,-2.0831690893440435,both,sleeping_dogs,confounded,0.65,6
base_value,baseline,,,,-57.19028071659958,both,sleeping_dogs,confounded,0.65,6
base_risk,baseline,,,,0.017069814794764313,both,sleeping_dogs,confounded,0.65,6
random,baseline,,,,-17.07820984228683,both,sleeping_dogs,confounded,0.65,6
econml_T,cate,521.4968018071064,0.4165528449326006,,-3.518258241852326,both,sleeping_dogs,confounded,0.65,7
econml_X,cate,476.43848620241,0.5234322896541751,,-0.5175381240906906,both,sleeping_dogs,confounded,0.65,7
econml_DR,cate,1223.408972552565,0.30199472590941046,,-11.762333987347489,both,sleeping_dogs,confounded,0.65,7
econml_CausalForest,cate,472.8652490564406,0.5551169929864698,0.625,0.0322491394690884,both,sleeping_dogs,confounded,0.65,7
causalml_T,cate,521.4968018071064,0.4165528449326006,,-3.518258241852326,both,sleeping_dogs,confounded,0.65,7
causalml_X,cate,475.6558495274737,0.5227672176238877,,-0.5527565249928152,both,sleeping_dogs,confounded,0.65,7
structural_BTYD,cate,447.9502040114509,0.5138545716481878,,0.03294113128378964,both,sleeping_dogs,confounded,0.65,7
conformal_ITE,cate,506.36633214422335,0.39844064510585814,0.9338888888888889,-1.7269204005910825,both,sleeping_dogs,confounded,0.65,7
base_value,baseline,,,,-49.26377529834306,both,sleeping_dogs,confounded,0.65,7
base_risk,baseline,,,,0.08376853457078588,both,sleeping_dogs,confounded,0.65,7
random,baseline,,,,-12.525132528562391,both,sleeping_dogs,confounded,0.65,7
econml_T,cate,456.63927100581293,0.45810794088212364,,-2.3470936767691883,both,sleeping_dogs,confounded,0.65,8
econml_X,cate,412.9692097215397,0.5418866909104499,,-0.3385799453004961,both,sleeping_dogs,confounded,0.65,8
econml_DR,cate,1178.3073394404896,0.3197656142247751,,-11.105907834878035,both,sleeping_dogs,confounded,0.65,8
econml_CausalForest,cate,424.66274817448885,0.5636681363841475,0.5511111111111111,0.04664027972636421,both,sleeping_dogs,confounded,0.65,8
causalml_T,cate,456.63927100581293,0.45810794088212364,,-2.3470936767691883,both,sleeping_dogs,confounded,0.65,8
causalml_X,cate,414.070252422283,0.5477415473659998,,-0.2472866801681931,both,sleeping_dogs,confounded,0.65,8
structural_BTYD,cate,395.49620007252094,0.5167010094113714,,0.10316175661370107,both,sleeping_dogs,confounded,0.65,8
conformal_ITE,cate,494.65084981108885,0.450934344688178,0.9305555555555556,-4.481322074720887,both,sleeping_dogs,confounded,0.65,8
base_value,baseline,,,,-57.31571697414717,both,sleeping_dogs,confounded,0.65,8
base_risk,baseline,,,,0.023211620983962285,both,sleeping_dogs,confounded,0.65,8
random,baseline,,,,-18.317393384923683,both,sleeping_dogs,confounded,0.65,8
econml_T,cate,482.83364629549385,0.4122545256744109,,-7.575860344285558,both,sleeping_dogs,confounded,0.65,9
econml_X,cate,372.3292763485176,0.49705583374084134,,-1.0948786633869259,both,sleeping_dogs,confounded,0.65,9
econml_DR,cate,749.6260186904295,0.22394412028926045,,-13.92724399003254,both,sleeping_dogs,confounded,0.65,9
econml_CausalForest,cate,374.8115974290341,0.559927387460309,0.6866666666666666,0.04637927994862657,both,sleeping_dogs,confounded,0.65,9
causalml_T,cate,482.83364629549385,0.4122545256744109,,-7.575860344285558,both,sleeping_dogs,confounded,0.65,9
causalml_X,cate,369.2293056560235,0.4970902304625834,,-1.3411826687224877,both,sleeping_dogs,confounded,0.65,9
structural_BTYD,cate,349.8257056604337,0.49937794338481195,,0.06391616727488775,both,sleeping_dogs,confounded,0.65,9
conformal_ITE,cate,445.21394104768643,0.3967589890406423,0.9644444444444444,-7.0191606393738,both,sleeping_dogs,confounded,0.65,9
base_value,baseline,,,,-51.23761915651057,both,sleeping_dogs,confounded,0.65,9
base_risk,baseline,,,,0.017868135260909693,both,sleeping_dogs,confounded,0.65,9
random,baseline,,,,-14.433449441201725,both,sleeping_dogs,confounded,0.65,9
