N,T,rep,horizon,method,cond,n_active,pct_active,E_lambda,E_mu,CV_lambda,CV_mu,nMAE,nRMSE,nMdAE,CRPS,cov50,cov80,cov95,sharpness_std,pit_ks
200,26,0,13,MCMC,all,64,0.32,0.1227715280785461,0.1086747070226823,1.514419756970015,2.385487174387622,0.6582278481012658,1.519573257837055,0.0,0.5782118124999999,0.835,0.915,0.985,1.0909676701893705,0.0313396715005126
200,26,0,13,MCMC,active,64,0.32,0.1227715280785461,0.1086747070226823,1.514419756970015,2.385487174387622,0.5907172995780591,0.8421924016793012,0.270042194092827,1.5823663085937498,0.53125,0.734375,0.953125,1.9032200494193157,0.3375216245803119
200,26,0,13,MLE_plugin,all,64,0.32,0.1227715280785461,0.1086747070226823,1.514419756970015,2.385487174387622,0.679324894514768,1.5843867810564207,0.0,0.58407984375,0.83,0.91,0.98,1.0736376908681182,0.0439412634530972
200,26,0,13,MLE_plugin,active,64,0.32,0.1227715280785461,0.1086747070226823,1.514419756970015,2.385487174387622,0.6286919831223629,0.8860357636055148,0.270042194092827,1.6323947265625,0.515625,0.71875,0.9375,1.9203172770256225,0.3482144891034808
200,26,0,13,heuristic,all,64,0.32,0.1227715280785461,0.1086747070226823,1.514419756970015,2.385487174387622,0.7341772151898733,1.4171186180376931,0.0,0.87,0.57,0.57,0.57,0.0,0.29
200,26,0,13,heuristic,active,64,0.32,0.1227715280785461,0.1086747070226823,1.514419756970015,2.385487174387622,0.5063291139240507,0.728676224301195,0.270042194092827,1.875,0.234375,0.234375,0.234375,0.0,0.421875
200,26,0,26,MCMC,all,77,0.385,0.1227715280785461,0.1086747070226823,1.514419756970015,2.385487174387622,0.6039823008849559,1.483456160552231,0.0,1.02919534375,0.785,0.92,0.98,1.8539263442468417,0.0601017388055452
200,26,0,26,MCMC,active,77,0.385,0.1227715280785461,0.1086747070226823,1.514419756970015,2.385487174387622,0.5508849557522124,0.9086121847515346,0.3407079646017699,2.405962094155844,0.4935064935064935,0.8051948051948052,0.948051948051948,3.0768064830275583,0.2876603452614052
200,26,0,26,MLE_plugin,all,77,0.385,0.1227715280785461,0.1086747070226823,1.514419756970015,2.385487174387622,0.6139380530973452,1.587765133906133,0.0,1.0667388125,0.785,0.9,0.98,1.817443279144684,0.0551450237947768
200,26,0,26,MLE_plugin,active,77,0.385,0.1227715280785461,0.1086747070226823,1.514419756970015,2.385487174387622,0.5807522123893806,0.9784646899221184,0.3407079646017699,2.5524379870129867,0.4675324675324675,0.7532467532467533,0.948051948051948,3.0859938462795378,0.3121985407508984
200,26,0,26,heuristic,all,77,0.385,0.1227715280785461,0.1086747070226823,1.514419756970015,2.385487174387622,0.6880530973451328,1.3373523238679128,0.4424778761061947,1.555,0.485,0.485,0.485,0.0,0.305
200,26,0,26,heuristic,active,77,0.385,0.1227715280785461,0.1086747070226823,1.514419756970015,2.385487174387622,0.5398230088495576,0.7780001813920513,0.3407079646017699,3.168831168831169,0.0389610389610389,0.0389610389610389,0.0389610389610389,0.0,0.5324675324675325
200,26,0,52,MCMC,all,92,0.46,0.1227715280785461,0.1086747070226823,1.514419756970015,2.385487174387622,0.6240045506257111,1.448960780270925,0.2275312855517633,2.000028625,0.72,0.9,0.965,3.3488549482298384,0.0471565143653114
200,26,0,52,MCMC,active,92,0.46,0.1227715280785461,0.1086747070226823,1.514419756970015,2.385487174387622,0.5921501706484641,0.9750697876849168,0.3139931740614334,4.027880434782609,0.4239130434782608,0.7934782608695652,0.9239130434782608,5.172022769489432,0.3361400626641011
200,26,0,52,MLE_plugin,all,92,0.46,0.1227715280785461,0.1086747070226823,1.514419756970015,2.385487174387622,0.6700796359499431,1.6525022557519995,0.0,2.182513,0.695,0.865,0.945,3.133894769400165,0.093395476943392
200,26,0,52,MLE_plugin,active,92,0.46,0.1227715280785461,0.1086747070226823,1.514419756970015,2.385487174387622,0.6507394766780432,1.1168970587474405,0.3139931740614334,4.517710326086957,0.358695652173913,0.7065217391304348,0.8804347826086957,4.954433992302085,0.4088898819713013
200,26,0,52,heuristic,all,92,0.46,0.1227715280785461,0.1086747070226823,1.514419756970015,2.385487174387622,0.6803185437997726,1.3323700543305894,0.2275312855517633,2.99,0.45,0.45,0.45,0.0,0.29
200,26,0,52,heuristic,active,92,0.46,0.1227715280785461,0.1086747070226823,1.514419756970015,2.385487174387622,0.5585893060295791,0.8549758650573372,0.3139931740614334,5.336956521739131,0.0543478260869565,0.0543478260869565,0.0543478260869565,0.0,0.5543478260869565
200,26,1,13,MCMC,all,115,0.575,0.1602152977290567,0.0338160583960488,0.6284210519245215,2.36985339748824,0.6241379310344828,1.007109094242085,0.6896551724137931,0.67545584375,0.815,0.95,0.985,1.579796453356306,0.0785779554284997
200,26,1,13,MCMC,active,115,0.575,0.1602152977290567,0.0338160583960488,0.6284210519245215,2.36985339748824,0.4896551724137931,0.691312663397053,0.396551724137931,0.8898523913043478,0.7391304347826086,0.9304347826086956,0.9739130434782608,1.83239812803302,0.1971187959400331
200,26,1,13,MLE_plugin,all,115,0.575,0.1602152977290567,0.0338160583960488,0.6284210519245215,2.36985339748824,0.6413793103448276,1.0118207414566351,0.6896551724137931,0.6806871874999999,0.81,0.965,0.995,1.5883719806235677,0.1173032504498428
200,26,1,13,MLE_plugin,active,115,0.575,0.1602152977290567,0.0338160583960488,0.6284210519245215,2.36985339748824,0.453448275862069,0.6471261815805626,0.396551724137931,0.8441707608695653,0.7739130434782608,0.9565217391304348,0.991304347826087,1.8363021534388373,0.1690989689483733
200,26,1,13,heuristic,all,115,0.575,0.1602152977290567,0.0338160583960488,0.6284210519245215,2.36985339748824,0.8655172413793103,1.2556649280022845,0.6896551724137931,1.255,0.315,0.315,0.315,0.0,0.485
200,26,1,13,heuristic,active,115,0.575,0.1602152977290567,0.0338160583960488,0.6284210519245215,2.36985339748824,0.5551724137931033,0.7460159740458042,0.396551724137931,1.4,0.2434782608695652,0.2434782608695652,0.2434782608695652,0.0,0.4087268439668179
200,26,1,26,MCMC,all,134,0.67,0.1602152977290567,0.0338160583960488,0.6284210519245215,2.36985339748824,0.5485519591141397,0.8340573536554444,0.3407155025553662,1.1362623124999998,0.815,0.935,0.995,2.6572246360219163,0.095702891409115
200,26,1,26,MCMC,active,134,0.67,0.1602152977290567,0.0338160583960488,0.6284210519245215,2.36985339748824,0.4378194207836457,0.5953777965233275,0.3424190800681431,1.332083162313433,0.8059701492537313,0.9253731343283582,0.9925373134328358,2.968812536667276,0.22378677985575
200,26,1,26,MLE_plugin,all,134,0.67,0.1602152977290567,0.0338160583960488,0.6284210519245215,2.36985339748824,0.5374787052810902,0.8153180306751525,0.3407155025553662,1.1490559375,0.765,0.94,0.99,2.646660208796273,0.1167308261135631
200,26,1,26,MLE_plugin,active,134,0.67,0.1602152977290567,0.0338160583960488,0.6284210519245215,2.36985339748824,0.399488926746167,0.547128259244681,0.2282793867120954,1.2538891324626866,0.7611940298507462,0.9552238805970148,0.9925373134328358,2.945895874658237,0.1392227975030111
200,26,1,26,heuristic,all,134,0.67,0.1602152977290567,0.0338160583960488,0.6284210519245215,2.36985339748824,0.6933560477001703,1.0921513066320006,0.3407155025553662,2.035,0.265,0.265,0.265,0.0,0.4697840665985944
200,26,1,26,heuristic,active,134,0.67,0.1602152977290567,0.0338160583960488,0.6284210519245215,2.36985339748824,0.4821124361158433,0.6719398650447517,0.4565587734241908,2.111940298507463,0.1492537313432835,0.1492537313432835,0.1492537313432835,0.0,0.4477611940298507
200,26,1,52,MCMC,all,138,0.69,0.1602152977290567,0.0338160583960488,0.6284210519245215,2.36985339748824,0.5255057167985928,0.8207034836409389,0.3518029903254178,2.149897625,0.725,0.935,0.985,4.718136721962993,0.0797373682675067
200,26,1,52,MCMC,active,138,0.69,0.1602152977290567,0.0338160583960488,0.6284210519245215,2.36985339748824,0.4261213720316622,0.6037961347391305,0.2427440633245382,2.4925140398550725,0.6884057971014492,0.9347826086956522,0.9782608695652174,5.252928144193647,0.2494463047416373
200,26,1,52,MLE_plugin,all,138,0.69,0.1602152977290567,0.0338160583960488,0.6284210519245215,2.36985339748824,0.5131926121372032,0.8257305949524337,0.3518029903254178,2.16278084375,0.735,0.925,0.965,4.676824090616267,0.1392384715008694
200,26,1,52,MLE_plugin,active,138,0.69,0.1602152977290567,0.0338160583960488,0.6284210519245215,2.36985339748824,0.3720316622691292,0.5504086799045464,0.2427440633245382,2.259180117753623,0.7246376811594203,0.9565217391304348,0.9710144927536232,5.14107743027958,0.1407203288923121
200,26,1,52,heuristic,all,138,0.69,0.1602152977290567,0.0338160583960488,0.6284210519245215,2.36985339748824,0.6701846965699209,1.1194302604536372,0.3518029903254178,3.81,0.255,0.255,0.255,0.0,0.465
200,26,1,52,heuristic,active,138,0.69,0.1602152977290567,0.0338160583960488,0.6284210519245215,2.36985339748824,0.467018469656992,0.7073372917697079,0.3641160949868073,3.847826086956522,0.144927536231884,0.144927536231884,0.144927536231884,0.0,0.4492753623188406
200,26,2,13,MCMC,all,16,0.08,0.1444048131293993,0.1425153357733019,0.6204660227436904,0.6550643151286393,0.9473684210526316,3.608239263368971,0.0,0.1390394999999999,0.94,0.965,0.99,0.5018648557902964,0.02878088324419
200,26,2,13,MCMC,active,16,0.08,0.1444048131293993,0.1425153357733019,0.6204660227436904,0.6550643151286393,0.868421052631579,1.0041465278073112,0.8421052631578947,1.454048046875,0.25,0.5625,0.875,1.2140376151256929,0.5500980348469606
200,26,2,13,MLE_plugin,all,16,0.08,0.1444048131293993,0.1425153357733019,0.6204660227436904,0.6550643151286393,0.9473684210526316,3.684210526315789,0.0,0.1441254062499999,0.935,0.96,0.985,0.4094888735983755,0.0478809410145731
200,26,2,13,MLE_plugin,active,16,0.08,0.1444048131293993,0.1425153357733019,0.6204660227436904,0.6550643151286393,0.9473684210526316,1.0420520985907016,0.8421052631578947,1.6349078125,0.1875,0.5,0.8125,1.0279751019831247,0.6222085199465108
200,26,2,13,heuristic,all,16,0.08,0.1444048131293993,0.1425153357733019,0.6204660227436904,0.6550643151286393,3.3157894736842106,5.954583420518295,0.0,0.63,0.58,0.58,0.58,0.0,0.39
200,26,2,13,heuristic,active,16,0.08,0.1444048131293993,0.1425153357733019,0.6204660227436904,0.6550643151286393,0.5263157894736842,0.7443229275647869,0.4210526315789473,1.25,0.375,0.375,0.375,0.0,0.3402099232939792
200,26,2,26,MCMC,all,17,0.085,0.1444048131293993,0.1425153357733019,0.6204660227436904,0.6550643151286393,0.9464285714285714,3.720119045714224,0.0,0.2099854374999999,0.945,0.975,0.995,0.7860462276845283,0.0327059314296354
200,26,2,26,MCMC,active,17,0.085,0.1444048131293993,0.1425153357733019,0.6204660227436904,0.6550643151286393,0.8571428571428572,1.0720236442716882,0.9107142857142858,2.015239705882353,0.3529411764705882,0.7058823529411765,0.9411764705882352,1.9198814003916835,0.5036729759851906
200,26,2,26,MLE_plugin,all,17,0.085,0.1444048131293993,0.1425153357733019,0.6204660227436904,0.6550643151286393,0.9285714285714284,3.813242232868325,0.0,0.2139335624999999,0.935,0.95,0.98,0.5920090086949936,0.0462636491614122
200,26,2,26,MLE_plugin,active,17,0.085,0.1444048131293993,0.1425153357733019,0.6204660227436904,0.6550643151286393,0.9107142857142858,1.1093008921783825,0.9107142857142858,2.2858617647058823,0.2352941176470588,0.4117647058823529,0.7647058823529411,1.5110732152021404,0.5680626538879214
200,26,2,26,heuristic,all,17,0.085,0.1444048131293993,0.1425153357733019,0.6204660227436904,0.6550643151286393,3.9642857142857135,7.371345514482247,0.0,1.11,0.565,0.565,0.565,0.0,0.405
200,26,2,26,heuristic,active,17,0.085,0.1444048131293993,0.1425153357733019,0.6204660227436904,0.6550643151286393,0.7321428571428571,0.9627964690506122,0.6071428571428572,2.411764705882353,0.1764705882352941,0.1764705882352941,0.1764705882352941,0.0,0.4705882352941176
200,26,2,52,MCMC,all,17,0.085,0.1444048131293993,0.1425153357733019,0.6204660227436904,0.6550643151286393,1.0,4.03495529064832,0.0,0.288976875,0.94,0.975,0.99,1.2196334972559355,0.0398517155600449
200,26,2,52,MCMC,active,17,0.085,0.1444048131293993,0.1425153357733019,0.6204660227436904,0.6550643151286393,0.9027777777777778,1.1637695510285675,0.7083333333333334,2.7515816176470587,0.2941176470588235,0.7058823529411765,0.8823529411764706,3.0560009952575684,0.4566300756956763
200,26,2,52,MLE_plugin,all,17,0.085,0.1444048131293993,0.1425153357733019,0.6204660227436904,0.6550643151286393,0.9375,4.144617586493548,0.0,0.28819259375,0.935,0.955,0.98,0.8272488872068184,0.0417015210571732
200,26,2,52,MLE_plugin,active,17,0.085,0.1444048131293993,0.1425153357733019,0.6204660227436904,0.6550643151286393,0.9166666666666666,1.2066559238318595,0.7083333333333334,3.120324632352941,0.2352941176470588,0.4705882352941176,0.7647058823529411,2.160310358625364,0.5751166977042845
200,26,2,52,heuristic,all,17,0.085,0.1444048131293993,0.1425153357733019,0.6204660227436904,0.6550643151286393,6.361111111111112,11.821068239418452,0.0,2.29,0.55,0.55,0.55,0.0,0.43
200,26,2,52,heuristic,active,17,0.085,0.1444048131293993,0.1425153357733019,0.6204660227436904,0.6550643151286393,1.3194444444444444,1.6725013609767665,1.1805555555555556,5.588235294117647,0.0,0.0,0.0,0.0,0.7647058823529411
200,26,3,13,MCMC,all,33,0.165,0.1126118909382185,0.1262076821381667,1.4843955807311906,1.360718490499213,0.8787878787878788,2.314432169169616,0.0,0.32422565625,0.885,0.925,0.975,0.7402340869924191,0.0374286050877599
200,26,3,13,MCMC,active,33,0.165,0.1126118909382185,0.1262076821381667,1.4843955807311906,1.360718490499213,0.7626262626262627,0.9031370691409836,0.6666666666666666,1.614725,0.3333333333333333,0.5454545454545454,0.8484848484848485,1.468603000437909,0.5707895783970258
200,26,3,13,MLE_plugin,all,33,0.165,0.1126118909382185,0.1262076821381667,1.4843955807311906,1.360718490499213,0.904040404040404,2.387131777393227,0.0,0.3284129062499999,0.88,0.925,0.965,0.7062050604400568,0.042325544252342
200,26,3,13,MLE_plugin,active,33,0.165,0.1126118909382185,0.1262076821381667,1.4843955807311906,1.360718490499213,0.8030303030303031,0.9378857231185628,0.6666666666666666,1.6778001893939392,0.3333333333333333,0.5454545454545454,0.7878787878787878,1.4291713200047242,0.5579631245815082
200,26,3,13,heuristic,all,33,0.165,0.1126118909382185,0.1262076821381667,1.4843955807311906,1.360718490499213,1.323232323232323,2.519184628957561,0.0,0.655,0.61,0.61,0.61,0.0,0.2991075860430709
200,26,3,13,heuristic,active,33,0.165,0.1126118909382185,0.1262076821381667,1.4843955807311906,1.360718490499213,0.5151515151515151,0.6487491201346025,0.3333333333333333,1.5454545454545454,0.1818181818181818,0.1818181818181818,0.1818181818181818,0.0,0.5454545454545454
200,26,3,26,MCMC,all,39,0.195,0.1126118909382185,0.1262076821381667,1.4843955807311906,1.360718490499213,0.8448275862068966,2.1295410705343567,0.0,0.54180103125,0.855,0.925,0.98,1.223818562930211,0.0297885607076363
200,26,3,26,MCMC,active,39,0.195,0.1126118909382185,0.1262076821381667,1.4843955807311906,1.360718490499213,0.7126436781609194,0.896551724137931,0.4482758620689655,2.21087516025641,0.3076923076923077,0.6153846153846154,0.8974358974358975,2.221780927708328,0.5703338380730243
200,26,3,26,MLE_plugin,all,39,0.195,0.1126118909382185,0.1262076821381667,1.4843955807311906,1.360718490499213,0.8563218390804598,2.1876857828361245,0.0,0.5469139374999998,0.845,0.915,0.975,1.1627169777903197,0.0501001957804345
200,26,3,26,MLE_plugin,active,39,0.195,0.1126118909382185,0.1262076821381667,1.4843955807311906,1.360718490499213,0.7442528735632185,0.9250151309407229,0.6724137931034483,2.310102564102564,0.2564102564102564,0.5641025641025641,0.8717948717948718,2.1534846137470565,0.6026696045083922
200,26,3,26,heuristic,all,39,0.195,0.1126118909382185,0.1262076821381667,1.4843955807311906,1.360718490499213,1.2988505747126435,2.5573098231364355,0.0,1.13,0.59,0.59,0.59,0.0,0.29
200,26,3,26,heuristic,active,39,0.195,0.1126118909382185,0.1262076821381667,1.4843955807311906,1.360718490499213,0.4597701149425287,0.5940983369172679,0.4482758620689655,2.051282051282051,0.1794871794871795,0.1794871794871795,0.1794871794871795,0.0,0.5897435897435898
200,26,3,52,MCMC,all,44,0.22,0.1126118909382185,0.1262076821381667,1.4843955807311906,1.360718490499213,0.8231511254019294,2.20157463262041,0.0,0.91044175,0.83,0.905,0.98,2.066622950853922,0.0283912141556511
200,26,3,52,MCMC,active,44,0.22,0.1126118909382185,0.1262076821381667,1.4843955807311906,1.360718490499213,0.707395498392283,0.9963073227399832,0.495176848874598,3.3581244318181813,0.3181818181818182,0.5681818181818182,0.9090909090909092,3.744144443437968,0.4860224140041621
200,26,3,52,MLE_plugin,all,44,0.22,0.1126118909382185,0.1262076821381667,1.4843955807311906,1.360718490499213,0.8440514469453376,2.293238030468096,0.0,0.9420605,0.83,0.905,0.97,1.9446013545959908,0.0438834857682346
200,26,3,52,MLE_plugin,active,44,0.22,0.1126118909382185,0.1262076821381667,1.4843955807311906,1.360718490499213,0.7508038585209003,1.0497247368423397,0.495176848874598,3.639432670454546,0.2727272727272727,0.5681818181818182,0.8636363636363636,3.582565134046837,0.5286780241228766
200,26,3,52,heuristic,all,44,0.22,0.1126118909382185,0.1262076821381667,1.4843955807311906,1.360718490499213,1.334405144694534,2.626047201169829,0.0,2.075,0.55,0.55,0.55,0.0,0.335
200,26,3,52,heuristic,active,44,0.22,0.1126118909382185,0.1262076821381667,1.4843955807311906,1.360718490499213,0.4469453376205787,0.5315103786735399,0.4244372990353697,3.159090909090909,0.0227272727272727,0.0227272727272727,0.0227272727272727,0.0,0.5
200,26,4,13,MCMC,all,28,0.14,0.032445657378935,0.160433987272629,0.9909465132995724,1.577047606533175,0.9782608695652174,2.8675882517984603,0.0,0.18317415625,0.895,0.925,0.97,0.4500067422143549,0.0575510138637748
200,26,4,13,MCMC,active,28,0.14,0.032445657378935,0.160433987272629,0.9909465132995724,1.577047606533175,0.9130434782608696,1.0542917959114906,0.6086956521739131,1.1438917410714284,0.25,0.4642857142857143,0.7857142857142857,0.6680848960045099,0.6112870695905177
200,26,4,13,MLE_plugin,all,28,0.14,0.032445657378935,0.160433987272629,0.9909465132995724,1.577047606533175,1.0,2.7839670597534125,0.0,0.18620171875,0.9,0.915,0.97,0.4437150632987058,0.0509038203328976
200,26,4,13,MLE_plugin,active,28,0.14,0.032445657378935,0.160433987272629,0.9909465132995724,1.577047606533175,0.8913043478260869,1.009407544890774,0.6086956521739131,1.1472223214285715,0.2857142857142857,0.3928571428571428,0.7857142857142857,0.6694884164159048,0.5981852456715554
200,26,4,13,heuristic,all,28,0.14,0.032445657378935,0.160433987272629,0.9909465132995724,1.577047606533175,1.326086956521739,3.0589667998848453,0.0,0.305,0.775,0.775,0.775,0.0,0.135
200,26,4,13,heuristic,active,28,0.14,0.032445657378935,0.160433987272629,0.9909465132995724,1.577047606533175,0.6521739130434783,0.8295123490582136,0.6086956521739131,1.0714285714285714,0.25,0.25,0.25,0.0,0.6071428571428572
200,26,4,26,MCMC,all,38,0.19,0.032445657378935,0.160433987272629,0.9909465132995724,1.577047606533175,0.9759036144578316,2.3670943017335544,0.0,0.3091104062499999,0.85,0.915,0.96,0.7084503551467327,0.0530762114574541
200,26,4,26,MCMC,active,38,0.19,0.032445657378935,0.160433987272629,0.9909465132995724,1.577047606533175,0.8795180722891567,0.9992013068248354,0.9156626506024096,1.3951695723684208,0.2105263157894736,0.5526315789473685,0.7894736842105263,1.0422449416992212,0.6118984333890277
200,26,4,26,MLE_plugin,all,38,0.19,0.032445657378935,0.160433987272629,0.9909465132995724,1.577047606533175,1.0120481927710845,2.4216567761737084,0.0,0.31617075,0.85,0.89,0.965,0.7035777343731299,0.0544838163978348
200,26,4,26,MLE_plugin,active,38,0.19,0.032445657378935,0.160433987272629,0.9909465132995724,1.577047606533175,0.8674698795180723,0.996437259187245,0.9156626506024096,1.395272697368421,0.2368421052631578,0.4210526315789473,0.8157894736842105,1.0307606172179316,0.6216056120331539
200,26,4,26,heuristic,all,38,0.19,0.032445657378935,0.160433987272629,0.9909465132995724,1.577047606533175,1.2530120481927711,2.8409219572413487,0.0,0.52,0.74,0.74,0.74,0.0,0.13
200,26,4,26,heuristic,active,38,0.19,0.032445657378935,0.160433987272629,0.9909465132995724,1.577047606533175,0.6506024096385542,0.8067792309775039,0.4578313253012048,1.4210526315789471,0.1578947368421052,0.1578947368421052,0.1578947368421052,0.0,0.6578947368421053
200,26,4,52,MCMC,all,45,0.225,0.032445657378935,0.160433987272629,0.9909465132995724,1.577047606533175,0.9411764705882352,2.249567432467405,0.0,0.5099470625,0.835,0.91,0.96,1.1581005276298846,0.0397025720557975
200,26,4,52,MCMC,active,45,0.225,0.032445657378935,0.160433987272629,0.9909465132995724,1.577047606533175,0.8382352941176471,1.0322963785409638,0.6617647058823529,1.9450944444444445,0.2666666666666666,0.6,0.8222222222222222,1.7086287424986255,0.5477916798192356
200,26,4,52,MLE_plugin,all,45,0.225,0.032445657378935,0.160433987272629,0.9909465132995724,1.577047606533175,0.9595588235294116,2.2930097249283343,0.0,0.52328021875,0.83,0.905,0.965,1.2047931438869088,0.0347562833713738
200,26,4,52,MLE_plugin,active,45,0.225,0.032445657378935,0.160433987272629,0.9909465132995724,1.577047606533175,0.8272058823529412,1.030232078617798,0.6617647058823529,1.9328101388888883,0.3111111111111111,0.5777777777777777,0.8444444444444444,1.7745971668712024,0.5251247888657918
200,26,4,52,heuristic,all,45,0.225,0.032445657378935,0.160433987272629,0.9909465132995724,1.577047606533175,1.426470588235294,3.3855483627121576,0.0,0.97,0.715,0.715,0.715,0.0,0.15
200,26,4,52,heuristic,active,45,0.225,0.032445657378935,0.160433987272629,0.9909465132995724,1.577047606533175,0.801470588235294,1.1171874054794648,0.6617647058823529,2.422222222222222,0.1111111111111111,0.1111111111111111,0.1111111111111111,0.0,0.5777777777777777
200,26,5,13,MCMC,all,38,0.19,0.290699381202699,0.1887474550416257,1.8650105660756495,1.186872822019217,0.4263565891472868,1.283174058701306,0.0,0.41286596875,0.9,0.94,0.99,0.9516527647880996,0.0388967726837931
200,26,5,13,MCMC,active,38,0.19,0.290699381202699,0.1887474550416257,1.8650105660756495,1.186872822019217,0.3875968992248062,0.5321241023792407,0.2945736434108527,1.9623039473684212,0.5,0.7105263157894737,0.9473684210526316,3.1041889176538056,0.3516250585595159
200,26,5,13,MLE_plugin,all,38,0.19,0.290699381202699,0.1887474550416257,1.8650105660756495,1.186872822019217,0.4302325581395349,1.2690469413755736,0.0,0.4032392187499999,0.9,0.935,0.98,0.9577207715791768,0.0388241733152157
200,26,5,13,MLE_plugin,active,38,0.19,0.290699381202699,0.1887474550416257,1.8650105660756495,1.186872822019217,0.3934108527131782,0.5335972057705413,0.2209302325581395,1.9138184210526317,0.5,0.6842105263157895,0.8947368421052632,3.137934420787873,0.3257590164677001
200,26,5,13,heuristic,all,38,0.19,0.290699381202699,0.1887474550416257,1.8650105660756495,1.186872822019217,0.7751937984496123,1.6787913044734664,0.0,1.0,0.625,0.625,0.625,0.0,0.2829897638039695
200,26,5,13,heuristic,active,38,0.19,0.290699381202699,0.1887474550416257,1.8650105660756495,1.186872822019217,0.3294573643410852,0.4651485776899285,0.1472868217054263,2.236842105263158,0.1578947368421052,0.1578947368421052,0.1578947368421052,0.0,0.4736842105263158
200,26,5,26,MCMC,all,39,0.195,0.290699381202699,0.1887474550416257,1.8650105660756495,1.186872822019217,0.4357142857142856,1.4175228729642868,0.0,0.7942065937499998,0.895,0.94,0.985,1.744451940060976,0.0458651507366013
200,26,5,26,MCMC,active,39,0.195,0.290699381202699,0.1887474550416257,1.8650105660756495,1.186872822019217,0.3989795918367347,0.6088605439801685,0.2387755102040816,3.708739743589744,0.4871794871794871,0.717948717948718,0.9230769230769232,5.812534606180021,0.4414593089110686
200,26,5,26,MLE_plugin,all,39,0.195,0.290699381202699,0.1887474550416257,1.8650105660756495,1.186872822019217,0.4071428571428571,1.3270799490499228,0.0,0.7703390625000001,0.89,0.935,0.99,1.7297549923721984,0.0420604941883324
200,26,5,26,MLE_plugin,active,39,0.195,0.290699381202699,0.1887474550416257,1.8650105660756495,1.186872822019217,0.3755102040816326,0.5739448969105942,0.2387755102040816,3.603001762820512,0.4615384615384615,0.6923076923076923,0.9487179487179488,5.829322186214786,0.4121398376039489
200,26,5,26,heuristic,all,39,0.195,0.290699381202699,0.1887474550416257,1.8650105660756495,1.186872822019217,0.7632653061224489,1.6942463331034496,0.0,1.87,0.61,0.61,0.61,0.0,0.3029897638039695
200,26,5,26,heuristic,active,39,0.195,0.290699381202699,0.1887474550416257,1.8650105660756495,1.186872822019217,0.310204081632653,0.4462533183704087,0.1591836734693877,3.897435897435898,0.0769230769230769,0.0769230769230769,0.0769230769230769,0.0,0.4851692509834567
200,26,5,52,MCMC,all,40,0.2,0.290699381202699,0.1887474550416257,1.8650105660756495,1.186872822019217,0.5857142857142857,2.322180537550772,0.0,1.7670357187499997,0.875,0.92,0.975,3.178019094759512,0.0475471705368529
200,26,5,52,MCMC,active,40,0.2,0.290699381202699,0.1887474550416257,1.8650105660756495,1.186872822019217,0.5605714285714285,1.0332149153126322,0.1828571428571428,8.3090334375,0.4,0.625,0.875,10.895672955760018,0.334071650691385
200,26,5,52,MLE_plugin,all,40,0.2,0.290699381202699,0.1887474550416257,1.8650105660756495,1.186872822019217,0.5468571428571428,2.062991685363165,0.0,1.6924867499999998,0.885,0.92,0.98,3.180178713262132,0.0443933877789991
200,26,5,52,MLE_plugin,active,40,0.2,0.290699381202699,0.1887474550416257,1.8650105660756495,1.186872822019217,0.524,0.917729229552764,0.2057142857142857,7.959939531250001,0.45,0.625,0.9,11.013292000617628,0.3303561399269744
200,26,5,52,heuristic,all,40,0.2,0.290699381202699,0.1887474550416257,1.8650105660756495,1.186872822019217,0.9451428571428572,2.0750333166737644,0.0,4.135,0.605,0.605,0.605,0.0,0.3179897638039695
200,26,5,52,heuristic,active,40,0.2,0.290699381202699,0.1887474550416257,1.8650105660756495,1.186872822019217,0.4388571428571428,0.6247990697424416,0.2971428571428571,9.6,0.05,0.05,0.05,0.0,0.5729897638039695
200,26,6,13,MCMC,all,27,0.135,0.2633351593642023,0.1701772857344051,0.5708279941432874,0.6133558298873074,0.8297872340425533,2.782275921408941,0.0,0.2852438124999999,0.94,0.975,0.99,0.8046700314688957,0.0936382860265981
200,26,6,13,MCMC,active,27,0.135,0.2633351593642023,0.1701772857344051,0.5708279941432874,0.6133558298873074,0.6808510638297872,0.9574468085106383,0.574468085106383,1.6729805555555557,0.6296296296296297,0.8148148148148148,0.925925925925926,2.4438055471493976,0.279482370208716
200,26,6,13,MLE_plugin,all,27,0.135,0.2633351593642023,0.1701772857344051,0.5708279941432874,0.6133558298873074,0.8457446808510639,2.7873558524625324,0.0,0.285735125,0.94,0.975,0.99,0.800058281507004,0.0970962371923017
200,26,6,13,MLE_plugin,active,27,0.135,0.2633351593642023,0.1701772857344051,0.5708279941432874,0.6133558298873074,0.675531914893617,0.9530484077641986,0.574468085106383,1.664403472222222,0.6666666666666666,0.8148148148148148,0.925925925925926,2.4736266323121407,0.3013841272090414
200,26,6,13,heuristic,all,27,0.135,0.2633351593642023,0.1701772857344051,0.5708279941432874,0.6133558298873074,2.4787234042553195,4.388861988241759,2.127659574468085,1.165,0.485,0.485,0.485,0.0,0.4935816424834691
200,26,6,13,heuristic,active,27,0.135,0.2633351593642023,0.1701772857344051,0.5708279941432874,0.6133558298873074,0.6914893617021277,0.9717023838918082,0.2872340425531915,2.4074074074074074,0.2592592592592592,0.2592592592592592,0.2592592592592592,0.0,0.5555555555555556
200,26,6,26,MCMC,all,28,0.14,0.2633351593642023,0.1701772857344051,0.5708279941432874,0.6133558298873074,0.9206896551724136,2.9474187098424967,0.0,0.4741012187499999,0.93,0.98,0.99,1.3443353383948298,0.1105776482932212
200,26,6,26,MCMC,active,28,0.14,0.2633351593642023,0.1701772857344051,0.5708279941432874,0.6133558298873074,0.7689655172413793,1.0445259607872943,0.5793103448275861,2.757509151785714,0.6071428571428571,0.8571428571428571,0.9285714285714286,4.199560324441204,0.2128706650086876
200,26,6,26,MLE_plugin,all,28,0.14,0.2633351593642023,0.1701772857344051,0.5708279941432874,0.6133558298873074,0.8689655172413794,2.751715495622069,0.0,0.4732416875,0.93,0.975,0.99,1.351484922972282,0.1070153887423199
200,26,6,26,MLE_plugin,active,28,0.14,0.2633351593642023,0.1701772857344051,0.5708279941432874,0.6133558298873074,0.7310344827586206,0.9751246147384074,0.5793103448275861,2.752343303571429,0.6071428571428571,0.8214285714285714,0.9285714285714286,4.281732607466116,0.2273902390034857
200,26,6,26,heuristic,all,28,0.14,0.2633351593642023,0.1701772857344051,0.5708279941432874,0.6133558298873074,3.2,5.812774484332546,1.3793103448275863,2.32,0.45,0.45,0.45,0.0,0.5185816424834692
200,26,6,26,heuristic,active,28,0.14,0.2633351593642023,0.1701772857344051,0.5708279941432874,0.6133558298873074,1.0482758620689656,1.3972624840970012,0.7724137931034483,5.428571428571429,0.0,0.0,0.0,0.0,0.75
200,26,6,52,MCMC,all,29,0.145,0.2633351593642023,0.1701772857344051,0.5708279941432874,0.6133558298873074,0.9973118279569892,3.270523394560415,0.0,0.6774659375000001,0.92,0.985,0.985,2.218426144220061,0.1198587780686718
200,26,6,52,MCMC,active,29,0.145,0.2633351593642023,0.1701772857344051,0.5708279941432874,0.6133558298873074,0.8736559139784947,1.2088318430571694,0.6236559139784946,3.8606086206896553,0.5517241379310345,0.896551724137931,0.896551724137931,6.986645774578849,0.2053124815386394
200,26,6,52,MLE_plugin,all,29,0.145,0.2633351593642023,0.1701772857344051,0.5708279941432874,0.6133558298873074,0.9596774193548386,3.1402176016531804,0.0,0.6738521875000001,0.93,0.985,0.99,2.230933658748953,0.1233042473125766
200,26,6,52,MLE_plugin,active,29,0.145,0.2633351593642023,0.1701772857344051,0.5708279941432874,0.6133558298873074,0.836021505376344,1.152749481799139,0.6236559139784946,3.829440086206896,0.6206896551724138,0.896551724137931,0.9310344827586208,7.0667169390514,0.1968643441899011
200,26,6,52,heuristic,all,29,0.145,0.2633351593642023,0.1701772857344051,0.5708279941432874,0.6133558298873074,5.215053763440859,9.615693227702168,2.150537634408602,4.85,0.445,0.445,0.445,0.0,0.5385816424834692
200,26,6,52,heuristic,active,29,0.145,0.2633351593642023,0.1701772857344051,0.5708279941432874,0.6133558298873074,1.8870967741935485,2.5571793792411026,1.403225806451613,12.10344827586207,0.0,0.0,0.0,0.0,0.8620689655172413
200,26,7,13,MCMC,all,48,0.24,0.1572422743068424,0.177869250736768,1.7560178785165053,2.089625279786509,0.6377551020408163,1.7951644985468551,0.0,0.4756283124999999,0.855,0.925,0.97,0.9451483642898654,0.0427715182432305
200,26,7,13,MCMC,active,48,0.24,0.1572422743068424,0.177869250736768,1.7560178785165053,2.089625279786509,0.5510204081632654,0.8274748952127875,0.2448979591836735,1.6671131510416666,0.4791666666666667,0.7083333333333334,0.875,2.105347191772884,0.2935956292467099
200,26,7,13,MLE_plugin,all,48,0.24,0.1572422743068424,0.177869250736768,1.7560178785165053,2.089625279786509,0.6479591836734694,1.7893548894643043,0.0,0.472446625,0.855,0.925,0.98,0.9350956759397258,0.0518890047054508
200,26,7,13,MLE_plugin,active,48,0.24,0.1572422743068424,0.177869250736768,1.7560178785165053,2.089625279786509,0.5714285714285715,0.8364857768130285,0.2448979591836735,1.6882199218750005,0.4791666666666667,0.7083333333333334,0.9166666666666666,2.085475961410288,0.3054894712093375
200,26,7,13,heuristic,all,48,0.24,0.1572422743068424,0.177869250736768,1.7560178785165053,2.089625279786509,0.9183673469387756,1.9062797645172864,0.0,0.9,0.605,0.605,0.605,0.0,0.2838971493070832
200,26,7,13,heuristic,active,48,0.24,0.1572422743068424,0.177869250736768,1.7560178785165053,2.089625279786509,0.5,0.696274371805387,0.2448979591836735,2.0416666666666665,0.1666666666666666,0.1666666666666666,0.1666666666666666,0.0,0.4583333333333333
200,26,7,26,MCMC,all,59,0.295,0.1572422743068424,0.177869250736768,1.7560178785165053,2.089625279786509,0.664021164021164,1.6844187703419689,0.0,0.91632328125,0.8,0.865,0.975,1.638251464503602,0.0676256623853713
200,26,7,26,MCMC,active,59,0.295,0.1572422743068424,0.177869250736768,1.7560178785165053,2.089625279786509,0.5793650793650794,0.8594871267175869,0.3121693121693121,2.641968326271187,0.3898305084745763,0.576271186440678,0.9152542372881356,3.201271640357072,0.3778626612802912
200,26,7,26,MLE_plugin,all,59,0.295,0.1572422743068424,0.177869250736768,1.7560178785165053,2.089625279786509,0.664021164021164,1.700134287096257,0.0,0.9165125625,0.795,0.875,0.97,1.5993446305585306,0.0654823350034601
200,26,7,26,MLE_plugin,active,59,0.295,0.1572422743068424,0.177869250736768,1.7560178785165053,2.089625279786509,0.5846560846560847,0.8780239551969018,0.3121693121693121,2.6967381355932205,0.3728813559322034,0.5932203389830508,0.8983050847457628,3.161159378365439,0.3953079812942987
200,26,7,26,heuristic,all,59,0.295,0.1572422743068424,0.177869250736768,1.7560178785165053,2.089625279786509,0.8703703703703705,1.868032110466638,0.0,1.645,0.565,0.565,0.565,0.0,0.2638971493070833
200,26,7,26,heuristic,active,59,0.295,0.1572422743068424,0.177869250736768,1.7560178785165053,2.089625279786509,0.4841269841269842,0.7368805312474619,0.3121693121693121,3.101694915254237,0.1186440677966101,0.1186440677966101,0.1186440677966101,0.0,0.576271186440678
200,26,7,52,MCMC,all,64,0.32,0.1572422743068424,0.177869250736768,1.7560178785165053,2.089625279786509,0.6508264462809917,1.6593937802403216,0.0,1.73037003125,0.785,0.875,0.97,2.9724794285869405,0.0713359542026609
200,26,7,52,MCMC,active,64,0.32,0.1572422743068424,0.177869250736768,1.7560178785165053,2.089625279786509,0.5736914600550964,0.8887276071914092,0.3305785123966942,4.748771874999999,0.375,0.640625,0.90625,5.837598196867653,0.3636704116066491
200,26,7,52,MLE_plugin,all,64,0.32,0.1572422743068424,0.177869250736768,1.7560178785165053,2.089625279786509,0.6639118457300276,1.707044526932776,0.0,1.73833503125,0.785,0.875,0.97,2.8981028425813906,0.0706879084662566
200,26,7,52,MLE_plugin,active,64,0.32,0.1572422743068424,0.177869250736768,1.7560178785165053,2.089625279786509,0.6005509641873278,0.9270289680571572,0.3526170798898072,4.87765673828125,0.375,0.625,0.90625,5.74733526739013,0.3874544531535463
200,26,7,52,heuristic,all,64,0.32,0.1572422743068424,0.177869250736768,1.7560178785165053,2.089625279786509,0.8388429752066116,1.8617984010031088,0.0,3.045,0.535,0.535,0.535,0.0,0.2888971493070832
200,26,7,52,heuristic,active,64,0.32,0.1572422743068424,0.177869250736768,1.7560178785165053,2.089625279786509,0.4793388429752066,0.768669092081335,0.2644628099173554,5.4375,0.03125,0.03125,0.03125,0.0,0.546875
200,26,8,13,MCMC,all,80,0.4,0.2671621566663952,0.0450610073197424,1.382143403457434,1.938434730478603,0.5931952662721893,1.2012344408675617,0.0,0.71931140625,0.79,0.94,0.995,1.5809474609011678,0.0985903362987232
200,26,8,13,MCMC,active,80,0.4,0.2671621566663952,0.0450610073197424,1.382143403457434,1.938434730478603,0.4837278106508876,0.6997526160073411,0.2366863905325444,1.430424609375,0.525,0.8625,0.9875,2.5097732028062505,0.1955073248070404
200,26,8,13,MLE_plugin,all,80,0.4,0.2671621566663952,0.0450610073197424,1.382143403457434,1.938434730478603,0.5961538461538463,1.219315445857685,0.0,0.7248957187499999,0.785,0.92,0.99,1.572162275736956,0.0838512583085218
200,26,8,13,MLE_plugin,active,80,0.4,0.2671621566663952,0.0450610073197424,1.382143403457434,1.938434730478603,0.5103550295857988,0.7277144305472689,0.2366863905325444,1.512349140625,0.5125,0.8125,0.975,2.572111858540731,0.2368142342575285
200,26,8,13,heuristic,all,80,0.4,0.2671621566663952,0.0450610073197424,1.382143403457434,1.938434730478603,0.8846153846153847,1.5091657686221125,0.591715976331361,1.495,0.375,0.375,0.375,0.0,0.4673295828260917
200,26,8,13,heuristic,active,80,0.4,0.2671621566663952,0.0450610073197424,1.382143403457434,1.938434730478603,0.5059171597633136,0.7508034047603267,0.2366863905325444,2.1375,0.15,0.15,0.15,0.0,0.425
200,26,8,26,MCMC,all,91,0.455,0.2671621566663952,0.0450610073197424,1.382143403457434,1.938434730478603,0.5761538461538461,1.200837971717886,0.3076923076923077,1.33790078125,0.75,0.94,0.99,2.794435788663737,0.087238795575446
200,26,8,26,MCMC,active,91,0.455,0.2671621566663952,0.0450610073197424,1.382143403457434,1.938434730478603,0.4853846153846153,0.7542444003004698,0.2799999999999999,2.4367210164835167,0.5274725274725275,0.8901098901098901,0.978021978021978,4.297186534248331,0.1925806442116858
200,26,8,26,MLE_plugin,all,91,0.455,0.2671621566663952,0.0450610073197424,1.382143403457434,1.938434730478603,0.5823076923076923,1.203004129216206,0.0,1.3570448125,0.74,0.93,0.99,2.744620442842768,0.0655707085453083
200,26,8,26,MLE_plugin,active,91,0.455,0.2671621566663952,0.0450610073197424,1.382143403457434,1.938434730478603,0.5176923076923077,0.7748101504438162,0.42,2.6179576236263737,0.4725274725274725,0.8571428571428571,0.978021978021978,4.341391596599581,0.2758203634660023
200,26,8,26,heuristic,all,91,0.455,0.2671621566663952,0.0450610073197424,1.382143403457434,1.938434730478603,0.8292307692307692,1.5669666924936902,0.3076923076923077,2.695,0.35,0.35,0.35,0.0,0.4423295828260917
200,26,8,26,heuristic,active,91,0.455,0.2671621566663952,0.0450610073197424,1.382143403457434,1.938434730478603,0.5246153846153846,0.8688630944648742,0.2799999999999999,3.7472527472527473,0.0989010989010989,0.0989010989010989,0.0989010989010989,0.0,0.4725274725274725
200,26,8,52,MCMC,all,97,0.485,0.2671621566663952,0.0450610073197424,1.382143403457434,1.938434730478603,0.6053702196908056,1.274322014675469,0.1627339300244101,2.6595523125,0.74,0.89,0.985,5.240583043502595,0.092703918472172
200,26,8,52,MCMC,active,97,0.485,0.2671621566663952,0.0450610073197424,1.382143403457434,1.938434730478603,0.5223759153783564,0.8333494763651784,0.3157038242473556,4.701917396907216,0.5154639175257731,0.8041237113402062,0.9690721649484536,7.939527762766433,0.1770739281412545
200,26,8,52,MLE_plugin,all,97,0.485,0.2671621566663952,0.0450610073197424,1.382143403457434,1.938434730478603,0.6720911310008137,1.388159532118431,0.0,2.82252484375,0.69,0.875,0.97,4.864578350202427,0.0601871657064523
200,26,8,52,MLE_plugin,active,97,0.485,0.2671621566663952,0.0450610073197424,1.382143403457434,1.938434730478603,0.6289666395443451,0.947518220226028,0.3946297803091945,5.352969329896906,0.4020618556701031,0.7525773195876289,0.9381443298969072,7.629831130553218,0.3393591333175549
200,26,8,52,heuristic,all,97,0.485,0.2671621566663952,0.0450610073197424,1.382143403457434,1.938434730478603,0.8991049633848659,1.7207141328985778,0.3254678600488202,5.525,0.32,0.32,0.32,0.0,0.482455010072337
200,26,8,52,heuristic,active,97,0.485,0.2671621566663952,0.0450610073197424,1.382143403457434,1.938434730478603,0.5890968266883646,1.0074998103174044,0.3157038242473556,7.463917525773196,0.0412371134020618,0.0412371134020618,0.0412371134020618,0.0,0.5257731958762887
200,26,9,13,MCMC,all,22,0.11,0.1796039184503211,0.1594202758850169,2.4104796597959464,1.4056565887135586,0.6886792452830188,2.616306845276917,0.0,0.3703469062499999,0.915,0.96,0.985,0.7216624547653413,0.0621716790449896
200,26,9,13,MCMC,active,22,0.11,0.1796039184503211,0.1594202758850169,2.4104796597959464,1.4056565887135586,0.5628930817610063,0.7233387990665496,0.4150943396226415,2.801626136363636,0.3181818181818182,0.6363636363636364,0.8636363636363636,3.588467120095031,0.4295152046691739
200,26,9,13,MLE_plugin,all,22,0.11,0.1796039184503211,0.1594202758850169,2.4104796597959464,1.4056565887135586,0.6918238993710693,2.662391256417198,0.0,0.38365315625,0.92,0.955,0.99,0.7103120976420111,0.0572351119240124
200,26,9,13,MLE_plugin,active,22,0.11,0.1796039184503211,0.1594202758850169,2.4104796597959464,1.4056565887135586,0.5471698113207547,0.6999522493559868,0.4150943396226415,2.7871414772727268,0.3636363636363636,0.5909090909090909,0.9090909090909092,3.5153473524665064,0.4355520478628106
200,26,9,13,heuristic,all,22,0.11,0.1796039184503211,0.1594202758850169,2.4104796597959464,1.4056565887135586,1.119496855345912,3.458547694306294,0.0,0.89,0.73,0.73,0.73,0.0,0.2233350775434125
200,26,9,13,heuristic,active,22,0.11,0.1796039184503211,0.1594202758850169,2.4104796597959464,1.4056565887135586,0.4025157232704403,0.6880399663485455,0.2075471698113207,2.909090909090909,0.3636363636363636,0.3636363636363636,0.3636363636363636,0.0,0.409090909090909
200,26,9,26,MCMC,all,27,0.135,0.1796039184503211,0.1594202758850169,2.4104796597959464,1.4056565887135586,0.889344262295082,3.4284446521908816,0.0,0.7135255624999999,0.905,0.945,0.975,1.262822455655925,0.0593585000027375
200,26,9,26,MCMC,active,27,0.135,0.1796039184503211,0.1594202758850169,2.4104796597959464,1.4056565887135586,0.7459016393442623,1.0941932194075568,0.3319672131147541,4.547530555555555,0.3703703703703703,0.5925925925925926,0.8148148148148148,5.725222648333169,0.3604307386354677
200,26,9,26,MLE_plugin,all,27,0.135,0.1796039184503211,0.1594202758850169,2.4104796597959464,1.4056565887135586,0.8975409836065574,3.51576286906052,0.0,0.7381671249999999,0.9,0.945,0.98,1.272832773862651,0.064427108895705
200,26,9,26,MLE_plugin,active,27,0.135,0.1796039184503211,0.1594202758850169,2.4104796597959464,1.4056565887135586,0.7295081967213115,1.0771712820974872,0.3319672131147541,4.540228935185185,0.3703703703703703,0.5925925925925926,0.8518518518518519,5.764094434074293,0.3966938381516734
200,26,9,26,heuristic,all,27,0.135,0.1796039184503211,0.1594202758850169,2.4104796597959464,1.4056565887135586,1.6065573770491803,5.1782263842908485,0.0,1.96,0.69,0.69,0.69,0.0,0.2562404341575617
200,26,9,26,heuristic,active,27,0.135,0.1796039184503211,0.1594202758850169,2.4104796597959464,1.4056565887135586,0.7418032786885246,1.3985621959966417,0.2213114754098361,6.703703703703703,0.074074074074074,0.074074074074074,0.074074074074074,0.0,0.4814814814814814
200,26,9,52,MCMC,all,28,0.14,0.1796039184503211,0.1594202758850169,2.4104796597959464,1.4056565887135586,0.9624624624624624,3.5536451933086526,0.0,1.15170746875,0.905,0.94,0.965,2.2557103743697877,0.0628562275956124
200,26,9,52,MCMC,active,28,0.14,0.1796039184503211,0.1594202758850169,2.4104796597959464,1.4056565887135586,0.8408408408408409,1.2282465838551448,0.4624624624624625,7.233183705357142,0.3928571428571428,0.5714285714285714,0.75,10.252146477079362,0.4028544708234237
200,26,9,52,MLE_plugin,all,28,0.14,0.1796039184503211,0.1594202758850169,2.4104796597959464,1.4056565887135586,1.0885885885885886,4.084580874218939,0.0,1.2421782499999998,0.905,0.935,0.975,2.3334500450359745,0.0566635357718723
200,26,9,52,MLE_plugin,active,28,0.14,0.1796039184503211,0.1594202758850169,2.4104796597959464,1.4056565887135586,0.9144144144144144,1.3438664919996668,0.4624624624624625,7.515427232142857,0.4285714285714285,0.5357142857142857,0.8214285714285714,10.624614416908328,0.3891154465604666
200,26,9,52,heuristic,all,28,0.14,0.1796039184503211,0.1594202758850169,2.4104796597959464,1.4056565887135586,2.696696696696697,8.780279581297053,0.0,4.49,0.68,0.68,0.68,0.0,0.2712404341575617
200,26,9,52,heuristic,active,28,0.14,0.1796039184503211,0.1594202758850169,2.4104796597959464,1.4056565887135586,1.4384384384384383,2.655884106480123,0.4204204204204204,17.107142857142858,0.0357142857142857,0.0357142857142857,0.0357142857142857,0.0,0.5714285714285714
200,26,10,13,MCMC,all,35,0.175,0.1746205778107109,0.1377387595159425,1.5368054287412891,1.5519233860208583,0.810344827586207,2.1876857828361245,0.0,0.348530625,0.86,0.92,0.975,0.7269967899750815,0.0573260538896567
200,26,10,13,MCMC,active,35,0.175,0.1746205778107109,0.1377387595159425,1.5368054287412891,1.5519233860208583,0.6551724137931033,0.8349172422622931,0.603448275862069,1.636142142857143,0.2857142857142857,0.5428571428571428,0.8571428571428571,1.744726754987903,0.4875831330410831
200,26,10,13,MLE_plugin,all,35,0.175,0.1746205778107109,0.1377387595159425,1.5368054287412891,1.5519233860208583,0.810344827586207,2.1740552091238783,0.0,0.34910690625,0.87,0.91,0.96,0.698555013689641,0.0645816321483124
200,26,10,13,MLE_plugin,active,35,0.175,0.1746205778107109,0.1377387595159425,1.5368054287412891,1.5519233860208583,0.6637931034482759,0.8364734733280252,0.603448275862069,1.683641964285714,0.3428571428571428,0.4857142857142857,0.7714285714285715,1.7181163654758045,0.4954401440274397
200,26,10,13,heuristic,all,35,0.175,0.1746205778107109,0.1377387595159425,1.5368054287412891,1.5519233860208583,1.6551724137931034,3.789182926868261,0.0,0.96,0.615,0.615,0.615,0.0,0.29
200,26,10,13,heuristic,active,35,0.175,0.1746205778107109,0.1377387595159425,1.5368054287412891,1.5519233860208583,0.4913793103448275,0.7650103167801228,0.3017241379310345,1.6285714285714286,0.2285714285714285,0.2285714285714285,0.2285714285714285,0.0,0.5142857142857142
200,26,10,26,MCMC,all,40,0.2,0.1746205778107109,0.1377387595159425,1.5368054287412891,1.5519233860208583,0.8676470588235294,2.4734266297142877,0.0,0.6472497812500001,0.84,0.895,0.96,1.232358915368226,0.0635117201351426
200,26,10,26,MCMC,active,40,0.2,0.1746205778107109,0.1377387595159425,1.5368054287412891,1.5519233860208583,0.7352941176470589,1.0394006494665549,0.4901960784313726,2.74796015625,0.3,0.475,0.8,2.914763379004747,0.4713913982899692
200,26,10,26,MLE_plugin,all,40,0.2,0.1746205778107109,0.1377387595159425,1.5368054287412891,1.5519233860208583,0.8431372549019608,2.43129348385044,0.0,0.648057,0.835,0.88,0.96,1.1680736780520948,0.0756876382115121
200,26,10,26,MLE_plugin,active,40,0.2,0.1746205778107109,0.1377387595159425,1.5368054287412891,1.5519233860208583,0.7352941176470589,1.03754953375082,0.4901960784313726,2.84061796875,0.275,0.4,0.8,2.7824277608022783,0.5052139796124786
200,26,10,26,heuristic,all,40,0.2,0.1746205778107109,0.1377387595159425,1.5368054287412891,1.5519233860208583,1.872549019607843,4.508738151987027,0.0,1.91,0.57,0.57,0.57,0.0,0.3
200,26,10,26,heuristic,active,40,0.2,0.1746205778107109,0.1377387595159425,1.5368054287412891,1.5519233860208583,0.6470588235294118,1.1475195990901594,0.3921568627450981,3.3,0.05,0.05,0.05,0.0,0.625
200,26,10,52,MCMC,all,44,0.22,0.1746205778107109,0.1377387595159425,1.5368054287412891,1.5519233860208583,0.9044776119402984,2.811521976679332,0.0,1.144446,0.825,0.885,0.95,2.1151248683520483,0.0685385188859496
200,26,10,52,MCMC,active,44,0.22,0.1746205778107109,0.1377387595159425,1.5368054287412891,1.5519233860208583,0.7820895522388059,1.2660869496035168,0.3940298507462687,4.532315198863636,0.2954545454545454,0.4772727272727273,0.7727272727272727,4.9077663758682695,0.4867370404525671
200,26,10,52,MLE_plugin,all,44,0.22,0.1746205778107109,0.1377387595159425,1.5368054287412891,1.5519233860208583,0.8552238805970149,2.701533767311334,0.0,1.1317224375,0.82,0.87,0.945,1.9209412193217943,0.0857337597279666
200,26,10,52,MLE_plugin,active,44,0.22,0.1746205778107109,0.1377387595159425,1.5368054287412891,1.5519233860208583,0.7805970149253731,1.2454416775402029,0.3940298507462687,4.670727840909091,0.2727272727272727,0.4090909090909091,0.75,4.548725497994504,0.5106645892095532
200,26,10,52,heuristic,all,44,0.22,0.1746205778107109,0.1377387595159425,1.5368054287412891,1.5519233860208583,2.301492537313433,6.0412187800482124,0.0,3.855,0.565,0.565,0.565,0.0,0.3
200,26,10,52,heuristic,active,44,0.22,0.1746205778107109,0.1377387595159425,1.5368054287412891,1.5519233860208583,0.835820895522388,1.9021086656149613,0.3940298507462687,6.363636363636363,0.0454545454545454,0.0454545454545454,0.0454545454545454,0.0,0.5909090909090908
200,26,11,13,MCMC,all,72,0.36,0.1476533737467208,0.1808701083312658,0.899880357783962,2.1908825287069797,0.7857142857142857,1.5188610125716586,0.0,0.4971417812499999,0.82,0.935,0.99,1.1380037273121284,0.0728012599988516
200,26,11,13,MCMC,active,72,0.36,0.1476533737467208,0.1808701083312658,0.899880357783962,2.1908825287069797,0.6257142857142858,0.8526740650591468,0.4114285714285715,1.1093792534722222,0.5555555555555556,0.8194444444444444,0.9722222222222222,1.6806068533402605,0.268753026138767
200,26,11,13,MLE_plugin,all,72,0.36,0.1476533737467208,0.1808701083312658,0.899880357783962,2.1908825287069797,0.7914285714285715,1.5274361605284184,0.0,0.4883451562499999,0.815,0.945,0.98,1.140946077327914,0.0706754020144169
200,26,11,13,MLE_plugin,active,72,0.36,0.1476533737467208,0.1808701083312658,0.899880357783962,2.1908825287069797,0.6342857142857143,0.8605645987207635,0.4114285714285715,1.0799115451388888,0.5416666666666666,0.8472222222222222,0.9444444444444444,1.6680558717498049,0.2773752940440753
200,26,11,13,heuristic,all,72,0.36,0.1476533737467208,0.1808701083312658,0.899880357783962,2.1908825287069797,1.1142857142857143,1.80882191901079,1.1428571428571428,0.975,0.44,0.44,0.44,0.0,0.423156299483316
200,26,11,13,heuristic,active,72,0.36,0.1476533737467208,0.1808701083312658,0.899880357783962,2.1908825287069797,0.6171428571428572,0.8619294918841054,0.4114285714285715,1.5,0.2361111111111111,0.2361111111111111,0.2361111111111111,0.0,0.3888888888888888
200,26,11,26,MCMC,all,83,0.415,0.1476533737467208,0.1808701083312658,0.899880357783962,2.1908825287069797,0.728486646884273,1.3560863326130388,0.0,0.86746515625,0.765,0.915,0.985,1.9348439036279816,0.108504637967781
200,26,11,26,MCMC,active,83,0.415,0.1476533737467208,0.1808701083312658,0.899880357783962,2.1908825287069797,0.6201780415430267,0.8345562148591973,0.4925816023738872,1.749520105421687,0.4698795180722891,0.7951807228915663,0.963855421686747,2.778876122559385,0.2563586395558136
200,26,11,26,MLE_plugin,all,83,0.415,0.1476533737467208,0.1808701083312658,0.899880357783962,2.1908825287069797,0.7270029673590505,1.3237215444032917,0.0,0.8549330312499999,0.795,0.915,0.99,1.947322730915705,0.0973998488924424
200,26,11,26,MLE_plugin,active,83,0.415,0.1476533737467208,0.1808701083312658,0.899880357783962,2.1908825287069797,0.6142433234421365,0.8114682664079053,0.4925816023738872,1.694345707831325,0.5542168674698795,0.7951807228915663,0.9759036144578314,2.7778562527527693,0.2427344154038735
200,26,11,26,heuristic,all,83,0.415,0.1476533737467208,0.1808701083312658,0.899880357783962,2.1908825287069797,1.0296735905044512,1.7009982964945416,0.5934718100890207,1.735,0.405,0.405,0.405,0.0,0.423156299483316
200,26,11,26,heuristic,active,83,0.415,0.1476533737467208,0.1808701083312658,0.899880357783962,2.1908825287069797,0.6824925816023739,0.9231205530384784,0.4925816023738872,2.7710843373493974,0.144578313253012,0.144578313253012,0.144578313253012,0.0,0.4295962394858736
200,26,11,52,MCMC,all,89,0.445,0.1476533737467208,0.1808701083312658,0.899880357783962,2.1908825287069797,0.7560553633217993,1.374425650482295,0.0,1.532071375,0.745,0.925,0.98,3.4870126478172265,0.0989889429717061
200,26,11,52,MCMC,active,89,0.445,0.1476533737467208,0.1808701083312658,0.899880357783962,2.1908825287069797,0.6522491349480969,0.8731001041465575,0.4619377162629757,2.892525983146068,0.5168539325842697,0.8314606741573034,0.9550561797752808,4.9141172597918,0.1777901375633834
200,26,11,52,MLE_plugin,all,89,0.445,0.1476533737467208,0.1808701083312658,0.899880357783962,2.1908825287069797,0.7318339100346021,1.3199909730250847,0.3460207612456747,1.4959264375,0.745,0.925,0.985,3.497291893133164,0.0936186070656315
200,26,11,52,MLE_plugin,active,89,0.445,0.1476533737467208,0.1808701083312658,0.899880357783962,2.1908825287069797,0.6167820069204152,0.8297254806689938,0.4619377162629757,2.779488202247191,0.5393258426966292,0.8314606741573034,0.9662921348314608,4.9347951781630215,0.1559101321682554
200,26,11,52,heuristic,all,89,0.445,0.1476533737467208,0.1808701083312658,0.899880357783962,2.1908825287069797,1.1868512110726643,2.0036364971354224,0.6920415224913494,3.43,0.37,0.37,0.37,0.0,0.468156299483316
200,26,11,52,heuristic,active,89,0.445,0.1476533737467208,0.1808701083312658,0.899880357783962,2.1908825287069797,0.7906574394463668,1.1290368996757776,0.4619377162629757,5.134831460674158,0.0786516853932584,0.0786516853932584,0.0786516853932584,0.0,0.5393258426966292
200,26,12,13,MCMC,all,27,0.135,0.0431926153249159,0.1313556186221222,1.9188714726611569,1.990179081326267,0.8571428571428571,3.011693009684171,0.0,0.1553234687499999,0.925,0.94,0.99,0.5066010352124448,0.0418025653688486
200,26,12,13,MCMC,active,27,0.135,0.0431926153249159,0.1313556186221222,1.9188714726611569,1.990179081326267,0.7619047619047619,1.07854777646725,0.6428571428571428,0.9630502314814814,0.4444444444444444,0.5555555555555556,0.925925925925926,0.9641887255085776,0.4094441036120214
200,26,12,13,MLE_plugin,all,27,0.135,0.0431926153249159,0.1313556186221222,1.9188714726611569,1.990179081326267,0.9285714285714286,3.067642553982173,0.0,0.1604086875,0.93,0.94,0.99,0.551674635768465,0.0566576870751446
200,26,12,13,MLE_plugin,active,27,0.135,0.0431926153249159,0.1313556186221222,1.9188714726611569,1.990179081326267,0.8095238095238095,1.0926470386270253,0.6428571428571428,0.9347833333333332,0.4814814814814814,0.5555555555555556,0.925925925925926,1.019381305668903,0.3844344749127122
200,26,12,13,heuristic,all,27,0.135,0.0431926153249159,0.1313556186221222,1.9188714726611569,1.990179081326267,1.8571428571428568,4.040610178208843,0.0,0.39,0.725,0.725,0.725,0.0,0.2252137169426317
200,26,12,13,heuristic,active,27,0.135,0.0431926153249159,0.1313556186221222,1.9188714726611569,1.990179081326267,0.7619047619047619,0.9422075684480656,0.6428571428571428,1.1851851851851851,0.1851851851851851,0.1851851851851851,0.1851851851851851,0.0,0.4444444444444444
200,26,12,26,MCMC,all,39,0.195,0.0431926153249159,0.1313556186221222,1.9188714726611569,1.990179081326267,0.8585858585858586,2.5910616845213457,0.0,0.3362807499999999,0.885,0.915,0.975,0.8017363600853338,0.0613838253098926
200,26,12,26,MCMC,active,39,0.195,0.0431926153249159,0.1313556186221222,1.9188714726611569,1.990179081326267,0.8080808080808081,1.1248915874709444,0.393939393939394,1.5263190705128205,0.4358974358974359,0.5641025641025641,0.8717948717948718,1.477017549543966,0.4840003885799478
200,26,12,26,MLE_plugin,all,39,0.195,0.0431926153249159,0.1313556186221222,1.9188714726611569,1.990179081326267,0.8737373737373737,2.416865881617253,0.0,0.33466075,0.895,0.92,0.97,0.8975321125711979,0.0504788302802484
200,26,12,26,MLE_plugin,active,39,0.195,0.0431926153249159,0.1313556186221222,1.9188714726611569,1.990179081326267,0.7525252525252526,1.0254266658100877,0.393939393939394,1.4183261217948715,0.4871794871794871,0.5897435897435898,0.8461538461538461,1.6076378712731487,0.4321813068799816
200,26,12,26,heuristic,all,39,0.195,0.0431926153249159,0.1313556186221222,1.9188714726611569,1.990179081326267,1.323232323232323,3.1653413365641208,0.0,0.655,0.715,0.715,0.715,0.0,0.2102137169426317
200,26,12,26,heuristic,active,39,0.195,0.0431926153249159,0.1313556186221222,1.9188714726611569,1.990179081326267,0.696969696969697,0.9163013714082104,0.393939393939394,1.7692307692307692,0.1538461538461538,0.1538461538461538,0.1538461538461538,0.0,0.4358974358974359
200,26,12,52,MCMC,all,49,0.245,0.0431926153249159,0.1313556186221222,1.9188714726611569,1.990179081326267,0.873056994818653,2.5480957110749847,0.0,0.672816125,0.83,0.895,0.95,1.2811231665939096,0.0825271364056544
200,26,12,52,MCMC,active,49,0.245,0.0431926153249159,0.1313556186221222,1.9188714726611569,1.990179081326267,0.8393782383419689,1.251163918908004,0.5077720207253886,2.538401913265306,0.3265306122448979,0.5714285714285714,0.7959183673469388,2.256433652850206,0.4761971259263231
200,26,12,52,MLE_plugin,all,49,0.245,0.0431926153249159,0.1313556186221222,1.9188714726611569,1.990179081326267,0.8419689119170984,2.34738472333146,0.0,0.66331315625,0.845,0.915,0.965,1.5066346971420943,0.0413266224269495
200,26,12,52,MLE_plugin,active,49,0.245,0.0431926153249159,0.1313556186221222,1.9188714726611569,1.990179081326267,0.7487046632124352,1.135557569234952,0.5077720207253886,2.332011352040817,0.4081632653061224,0.6530612244897959,0.8571428571428571,2.5599566020366624,0.40652077660003
200,26,12,52,heuristic,all,49,0.245,0.0431926153249159,0.1313556186221222,1.9188714726611569,1.990179081326267,1.378238341968912,3.14998635307164,0.0,1.33,0.67,0.67,0.67,0.0,0.2202137169426317
200,26,12,52,heuristic,active,49,0.245,0.0431926153249159,0.1313556186221222,1.9188714726611569,1.990179081326267,0.8497409326424871,1.104878999814453,0.7616580310880828,3.346938775510204,0.0612244897959183,0.0612244897959183,0.0612244897959183,0.0,0.4897959183673469
200,26,13,13,MCMC,all,12,0.06,0.2530150002874342,0.1839887900846433,1.6224684730335015,0.7648593245566753,0.653061224489796,2.6452002850644325,0.0,0.11904096875,0.965,0.98,0.99,0.4368613077192541,0.0626136823214977
200,26,13,13,MLE_plugin,all,12,0.06,0.2530150002874342,0.1839887900846433,1.6224684730335015,0.7648593245566753,0.7142857142857143,3.095051201653694,0.0,0.12597740625,0.965,0.975,0.99,0.4103164746569191,0.0603067777101791
200,26,13,13,heuristic,all,12,0.06,0.2530150002874342,0.1839887900846433,1.6224684730335015,0.7648593245566753,3.734693877551021,8.096667112194845,0.0,0.915,0.605,0.605,0.605,0.0,0.3749933781834957
200,26,13,26,MCMC,all,13,0.065,0.2530150002874342,0.1839887900846433,1.6224684730335015,0.7648593245566753,0.763157894736842,3.451283433843158,0.0,0.1955031874999999,0.955,0.985,0.99,0.7150306562126303,0.0577894317739464
200,26,13,26,MLE_plugin,all,13,0.065,0.2530150002874342,0.1839887900846433,1.6224684730335015,0.7648593245566753,0.7499999999999999,3.735544622783787,0.0,0.20269271875,0.955,0.975,0.99,0.6430208021591437,0.0548188247721094
200,26,13,26,heuristic,all,13,0.065,0.2530150002874342,0.1839887900846433,1.6224684730335015,0.7648593245566753,4.447368421052631,10.542750328426385,0.0,1.69,0.61,0.61,0.61,0.0,0.3749933781834957
200,26,13,52,MCMC,all,13,0.065,0.2530150002874342,0.1839887900846433,1.6224684730335015,0.7648593245566753,0.8672566371681416,5.217487778047319,0.0,0.3251367187499999,0.955,0.985,0.99,1.1376828851086105,0.0577894317739464
200,26,13,52,MLE_plugin,all,13,0.065,0.2530150002874342,0.1839887900846433,1.6224684730335015,0.7648593245566753,0.8495575221238939,5.455233630945997,0.0,0.3308145937499999,0.95,0.985,0.99,0.9542644327139694,0.0557947306482488
200,26,13,52,heuristic,all,13,0.065,0.2530150002874342,0.1839887900846433,1.6224684730335015,0.7648593245566753,6.185840707964602,14.542922447428762,0.0,3.495,0.605,0.605,0.605,0.0,0.3949933781834957
200,26,14,13,MCMC,all,12,0.06,0.0252134129226829,0.1683831193143847,0.7799830577514486,1.3131054239534243,1.0263157894736843,4.419172532564912,0.0,0.0865383437499999,0.945,0.96,0.99,0.3586384276123338,0.080720580361512
200,26,14,13,MLE_plugin,all,12,0.06,0.0252134129226829,0.1683831193143847,0.7799830577514486,1.3131054239534243,1.0,4.403473823863555,0.0,0.08552615625,0.945,0.96,0.99,0.333422189250443,0.0821372855348879
200,26,14,13,heuristic,all,12,0.06,0.0252134129226829,0.1683831193143847,0.7799830577514486,1.3131054239534243,2.5789473684210527,6.271776467269992,0.0,0.245,0.805,0.805,0.805,0.0,0.15
200,26,14,26,MCMC,all,18,0.09,0.0252134129226829,0.1683831193143847,0.7799830577514486,1.3131054239534243,1.027777777777778,3.4471315683307937,0.0,0.15996428125,0.925,0.95,0.98,0.5531380887817261,0.0672633277986158
200,26,14,26,MCMC,active,18,0.09,0.0252134129226829,0.1683831193143847,0.7799830577514486,1.3131054239534243,0.8888888888888888,1.0,0.75,1.4089694444444445,0.1666666666666666,0.4444444444444444,0.7777777777777778,0.804402982979403,0.6543801952927324
200,26,14,26,MLE_plugin,all,18,0.09,0.0252134129226829,0.1683831193143847,0.7799830577514486,1.3131054239534243,1.0,3.424674446093876,0.0,0.1582584062499999,0.92,0.94,0.985,0.5160977079465846,0.0718242512543758
200,26,14,26,MLE_plugin,active,18,0.09,0.0252134129226829,0.1683831193143847,0.7799830577514486,1.3131054239534243,0.8888888888888888,1.0,0.75,1.439446527777778,0.1111111111111111,0.3333333333333333,0.8333333333333334,0.7297038671631411,0.7234779066746491
200,26,14,26,heuristic,all,18,0.09,0.0252134129226829,0.1683831193143847,0.7799830577514486,1.3131054239534243,2.2777777777777777,5.773502691896258,0.0,0.41,0.775,0.775,0.775,0.0,0.155
200,26,14,26,heuristic,active,18,0.09,0.0252134129226829,0.1683831193143847,0.7799830577514486,1.3131054239534243,0.7777777777777778,0.9128709291752768,0.5,1.5555555555555556,0.0555555555555555,0.0555555555555555,0.0555555555555555,0.0,0.7222222222222222
200,26,14,52,MCMC,all,29,0.145,0.0252134129226829,0.1683831193143847,0.7799830577514486,1.3131054239534243,0.9533333333333333,2.8550150807151806,0.0,0.3055885312499999,0.9,0.925,0.97,0.9003538510554323,0.0850621703652407
200,26,14,52,MCMC,active,29,0.145,0.0252134129226829,0.1683831193143847,0.7799830577514486,1.3131054239534243,0.8533333333333333,1.064998695878179,0.3866666666666666,1.7899448275862069,0.3448275862068966,0.4827586206896552,0.7931034482758621,1.3858257319545044,0.5403108186229979
200,26,14,52,MLE_plugin,all,29,0.145,0.0252134129226829,0.1683831193143847,0.7799830577514486,1.3131054239534243,0.9333333333333332,2.872087897138402,0.0,0.30109365625,0.895,0.915,0.97,0.831103673472424,0.0993098031874426
200,26,14,52,MLE_plugin,active,29,0.145,0.0252134129226829,0.1683831193143847,0.7799830577514486,1.3131054239534243,0.8533333333333333,1.0746368895791938,0.3866666666666666,1.8191471982758625,0.2758620689655172,0.4137931034482758,0.7931034482758621,1.2362392949561145,0.5299915246737739
200,26,14,52,heuristic,all,29,0.145,0.0252134129226829,0.1683831193143847,0.7799830577514486,1.3131054239534243,2.1866666666666665,5.339995838533543,0.0,0.82,0.75,0.75,0.75,0.0,0.16
200,26,14,52,heuristic,active,29,0.145,0.0252134129226829,0.1683831193143847,0.7799830577514486,1.3131054239534243,1.0,1.3259126835672266,0.3866666666666666,2.586206896551724,0.0344827586206896,0.0344827586206896,0.0344827586206896,0.0,0.5862068965517242
300,26,0,13,MCMC,all,165,0.55,0.2845659755858361,0.1075576060350984,0.612149256476251,2.067000541528275,0.5830670926517572,1.0548575416799588,0.4792332268370607,0.8789736249999999,0.7733333333333333,0.9233333333333332,0.98,1.7642647484532927,0.0363741145821412
300,26,0,13,MCMC,active,165,0.55,0.2845659755858361,0.1075576060350984,0.612149256476251,2.067000541528275,0.5239616613418531,0.756305851064635,0.2635782747603833,1.43236125,0.6303030303030303,0.8666666666666667,0.9636363636363636,2.3675077924947736,0.1701835857925178
300,26,0,13,MLE_plugin,all,165,0.55,0.2845659755858361,0.1075576060350984,0.612149256476251,2.067000541528275,0.5758785942492013,1.0314653314711288,0.4792332268370607,0.8771987708333332,0.7666666666666667,0.9233333333333332,0.97,1.7595696505456135,0.0313940382252625
300,26,0,13,MLE_plugin,active,165,0.55,0.2845659755858361,0.1075576060350984,0.612149256476251,2.067000541528275,0.507188498402556,0.7331968191144966,0.2635782747603833,1.400810075757576,0.6303030303030303,0.8666666666666667,0.9454545454545454,2.3724644419107803,0.1324743227175666
300,26,0,13,heuristic,all,165,0.55,0.2845659755858361,0.1075576060350984,0.612149256476251,2.067000541528275,0.7667731629392972,1.1777832965601769,0.4792332268370607,1.6,0.33,0.33,0.33,0.0,0.4824583445821656
300,26,0,13,heuristic,active,165,0.55,0.2845659755858361,0.1075576060350984,0.612149256476251,2.067000541528275,0.5351437699680511,0.7696879503247889,0.5271565495207667,2.0303030303030303,0.2363636363636363,0.2363636363636363,0.2363636363636363,0.0,0.4233674354912565
300,26,0,26,MCMC,all,174,0.58,0.2845659755858361,0.1075576060350984,0.612149256476251,2.067000541528275,0.5535117056856187,0.9074699414371348,0.2508361204013378,1.5395369583333331,0.7133333333333334,0.91,0.98,3.0981015869116284,0.0461407541327789
300,26,0,26,MCMC,active,174,0.58,0.2845659755858361,0.1075576060350984,0.612149256476251,2.067000541528275,0.5137959866220736,0.6717172435807838,0.4364548494983277,2.4267591594827587,0.5402298850574713,0.8620689655172413,0.9655172413793104,4.108370742767021,0.1916909938665207
300,26,0,26,MLE_plugin,all,174,0.58,0.2845659755858361,0.1075576060350984,0.612149256476251,2.067000541528275,0.5560200668896321,0.901033697561744,0.2508361204013378,1.5388984166666666,0.69,0.9033333333333332,0.9766666666666668,3.041769829575113,0.0211411884460561
300,26,0,26,MLE_plugin,active,174,0.58,0.2845659755858361,0.1075576060350984,0.612149256476251,2.067000541528275,0.5016722408026756,0.6554714678445825,0.4364548494983277,2.373166846264368,0.5172413793103449,0.8505747126436781,0.9597701149425288,4.036054032423827,0.1507475559652246
300,26,0,26,heuristic,all,174,0.58,0.2845659755858361,0.1075576060350984,0.612149256476251,2.067000541528275,0.7257525083612041,1.0781090916190332,0.5016722408026756,2.893333333333333,0.25,0.25,0.25,0.0,0.5066666666666667
300,26,0,26,heuristic,active,174,0.58,0.2845659755858361,0.1075576060350984,0.612149256476251,2.067000541528275,0.5242474916387959,0.7090488339167111,0.4364548494983277,3.603448275862069,0.0977011494252873,0.0977011494252873,0.0977011494252873,0.0,0.4827586206896552
300,26,0,52,MCMC,all,179,0.5966666666666667,0.2845659755858361,0.1075576060350984,0.612149256476251,2.067000541528275,0.5689952565761104,0.9634446117328896,0.258732212160414,3.1185482916666665,0.7066666666666667,0.8766666666666667,0.97,5.751321562698067,0.0587274302354305
300,26,0,52,MCMC,active,179,0.5966666666666667,0.2845659755858361,0.1075576060350984,0.612149256476251,2.067000541528275,0.5370849504096593,0.7298436969461384,0.3859422164726175,4.866279888268156,0.5363128491620112,0.8100558659217877,0.9497206703910616,7.557366736467546,0.2179589194548941
300,26,0,52,MLE_plugin,all,179,0.5966666666666667,0.2845659755858361,0.1075576060350984,0.612149256476251,2.067000541528275,0.5521776627856835,0.936445907865969,0.258732212160414,3.057886625,0.68,0.87,0.9666666666666668,5.686837554696971,0.0303641012586135
300,26,0,52,MLE_plugin,active,179,0.5966666666666667,0.2845659755858361,0.1075576060350984,0.612149256476251,2.067000541528275,0.5051746442432083,0.69865552638372,0.3859422164726175,4.669918819832402,0.5027932960893855,0.7932960893854749,0.9441340782122905,7.461399715696888,0.1515024603974869
300,26,0,52,heuristic,all,179,0.5966666666666667,0.2845659755858361,0.1075576060350984,0.612149256476251,2.067000541528275,0.7477360931435963,1.1411136779914888,0.4527813712807244,5.78,0.2266666666666666,0.2266666666666666,0.2266666666666666,0.0,0.5366666666666666
300,26,0,52,heuristic,active,179,0.5966666666666667,0.2845659755858361,0.1075576060350984,0.612149256476251,2.067000541528275,0.542475204829668,0.768556863699908,0.3859422164726175,7.027932960893855,0.0670391061452514,0.0670391061452514,0.0670391061452514,0.0,0.5363128491620112
300,26,1,13,MCMC,all,29,0.0966666666666666,0.0614089444710437,0.1503585263456971,1.8084394817929303,1.2982177730694384,0.9017857142857144,3.5298923929947845,0.0,0.1350809374999999,0.9333333333333332,0.9566666666666668,0.9733333333333334,0.3672658184872354,0.0473709058368819
300,26,1,13,MCMC,active,29,0.0966666666666666,0.0614089444710437,0.1503585263456971,1.8084394817929303,1.2982177730694384,0.8214285714285714,1.0534200859823304,0.5178571428571428,1.242946551724138,0.3448275862068966,0.5517241379310345,0.7241379310344828,1.0470668441960882,0.4782384136419485
300,26,1,13,MLE_plugin,all,29,0.0966666666666666,0.0614089444710437,0.1503585263456971,1.8084394817929303,1.2982177730694384,0.8839285714285714,3.523110653026581,0.0,0.133260625,0.94,0.9633333333333334,0.97,0.3653301881212567,0.0442215339676111
300,26,1,13,MLE_plugin,active,29,0.0966666666666666,0.0614089444710437,0.1503585263456971,1.8084394817929303,1.2982177730694384,0.8124999999999999,1.0523222012796851,0.5178571428571428,1.2206872844827588,0.4137931034482758,0.6206896551724138,0.6896551724137931,1.044948012549547,0.4443939328669142
300,26,1,13,heuristic,all,29,0.0966666666666666,0.0614089444710437,0.1503585263456971,1.8084394817929303,1.2982177730694384,1.607142857142857,4.439215319520019,0.0,0.3,0.8033333333333333,0.8033333333333333,0.8033333333333333,0.0,0.167772147949864
300,26,1,13,heuristic,active,29,0.0966666666666666,0.0614089444710437,0.1503585263456971,1.8084394817929303,1.2982177730694384,0.4821428571428571,0.6867458758224788,0.5178571428571428,0.9310344827586208,0.3448275862068966,0.3448275862068966,0.3448275862068966,0.0,0.3880916802587458
300,26,1,26,MCMC,all,34,0.1133333333333333,0.0614089444710437,0.1503585263456971,1.8084394817929303,1.2982177730694384,0.9067796610169492,3.7795090035555527,0.0,0.2942258124999999,0.9033333333333332,0.9333333333333332,0.97,0.5611129978825975,0.0506856004895825
300,26,1,26,MCMC,active,34,0.1133333333333333,0.0614089444710437,0.1503585263456971,1.8084394817929303,1.2982177730694384,0.8559322033898306,1.2549814558259842,0.576271186440678,2.374486213235294,0.1764705882352941,0.4117647058823529,0.7352941176470589,1.5094235044078894,0.6370288717141712
300,26,1,26,MLE_plugin,all,34,0.1133333333333333,0.0614089444710437,0.1503585263456971,1.8084394817929303,1.2982177730694384,0.9322033898305084,3.759503900477768,0.0,0.2869815,0.9033333333333332,0.9366666666666666,0.9733333333333334,0.5751571137045274,0.0496388071764186
300,26,1,26,MLE_plugin,active,34,0.1133333333333333,0.0614089444710437,0.1503585263456971,1.8084394817929303,1.2982177730694384,0.8813559322033897,1.2481529013060788,0.576271186440678,2.303223897058824,0.1764705882352941,0.4411764705882353,0.7647058823529411,1.5496966336076112,0.6113601593038158
300,26,1,26,heuristic,all,34,0.1133333333333333,0.0614089444710437,0.1503585263456971,1.8084394817929303,1.2982177730694384,1.4915254237288136,4.088928163327057,0.0,0.5866666666666667,0.7766666666666666,0.7766666666666666,0.7766666666666666,0.0,0.157772147949864
300,26,1,26,heuristic,active,34,0.1133333333333333,0.0614089444710437,0.1503585263456971,1.8084394817929303,1.2982177730694384,0.5847457627118644,0.7828784020258304,0.288135593220339,2.0294117647058822,0.1470588235294117,0.1470588235294117,0.1470588235294117,0.0,0.6633621179192355
300,26,1,52,MCMC,all,40,0.1333333333333333,0.0614089444710437,0.1503585263456971,1.8084394817929303,1.2982177730694384,0.9285714285714288,3.825265096855967,0.0,0.5216740208333333,0.8933333333333333,0.91,0.96,0.9001505433099304,0.0621763480787219
300,26,1,52,MCMC,active,40,0.1333333333333333,0.0614089444710437,0.1503585263456971,1.8084394817929303,1.2982177730694384,0.8952380952380953,1.3879951773132708,0.3809523809523809,3.6589271874999993,0.225,0.325,0.7,2.311981086150073,0.6036801431787424
300,26,1,52,MLE_plugin,all,40,0.1333333333333333,0.0614089444710437,0.1503585263456971,1.8084394817929303,1.2982177730694384,0.9357142857142858,3.78256832446576,0.0,0.5165652708333333,0.8933333333333333,0.9166666666666666,0.96,0.9128777861555116,0.0552176206831285
300,26,1,52,MLE_plugin,active,40,0.1333333333333333,0.0614089444710437,0.1503585263456971,1.8084394817929303,1.2982177730694384,0.8976190476190476,1.368664542678551,0.3809523809523809,3.60381875,0.225,0.375,0.7,2.3535639371335053,0.5915723680524229
300,26,1,52,heuristic,all,40,0.1333333333333333,0.0614089444710437,0.1503585263456971,1.8084394817929303,1.2982177730694384,1.6380952380952385,4.362798827065279,0.0,1.1466666666666667,0.7466666666666667,0.7466666666666667,0.7466666666666667,0.0,0.177772147949864
300,26,1,52,heuristic,active,40,0.1333333333333333,0.0614089444710437,0.1503585263456971,1.8084394817929303,1.2982177730694384,0.6285714285714286,0.8013593892557193,0.3809523809523809,3.3,0.0,0.0,0.0,0.0,0.625
300,26,2,13,MCMC,all,87,0.29,0.2094311065147746,0.0292160123507759,1.81802179921632,0.9280710004913516,0.5148401826484018,1.4160313574049792,0.0,0.5624810625,0.8366666666666667,0.9,0.9866666666666668,1.1056164240105628,0.0727706324648562
300,26,2,13,MCMC,active,87,0.29,0.2094311065147746,0.0292160123507759,1.81802179921632,0.9280710004913516,0.4920091324200913,0.7529808780205943,0.3972602739726028,1.8036006465517245,0.4367816091954023,0.6551724137931034,0.9540229885057472,2.512563367016662,0.3824911375464024
300,26,2,13,MLE_plugin,all,87,0.29,0.2094311065147746,0.0292160123507759,1.81802179921632,0.9280710004913516,0.523972602739726,1.4493221896917003,0.0,0.5797362708333332,0.82,0.89,0.98,1.0965925968843806,0.0776544813342139
300,26,2,13,MLE_plugin,active,87,0.29,0.2094311065147746,0.0292160123507759,1.81802179921632,0.9280710004913516,0.5034246575342466,0.7737730578828641,0.3972602739726028,1.8765353448275863,0.3793103448275862,0.6206896551724138,0.9310344827586208,2.5152722812756507,0.4161543749502945
300,26,2,13,heuristic,all,87,0.29,0.2094311065147746,0.0292160123507759,1.81802179921632,0.9280710004913516,0.7831050228310502,1.8969017019351,0.0,1.143333333333333,0.5566666666666666,0.5566666666666666,0.5566666666666666,0.0,0.3189108261652323
300,26,2,13,heuristic,active,87,0.29,0.2094311065147746,0.0292160123507759,1.81802179921632,0.9280710004913516,0.3858447488584475,0.6175661930127297,0.1986301369863014,1.942528735632184,0.2183908045977011,0.2183908045977011,0.2183908045977011,0.0,0.4482758620689655
300,26,2,26,MCMC,all,92,0.3066666666666666,0.2094311065147746,0.0292160123507759,1.81802179921632,0.9280710004913516,0.5632111251580278,1.5824637224955862,0.0,1.041128875,0.82,0.8966666666666666,0.9733333333333334,1.9500824946203617,0.079936025903505
300,26,2,26,MCMC,active,92,0.3066666666666666,0.2094311065147746,0.0292160123507759,1.81802179921632,0.9280710004913516,0.534134007585335,0.868660704177343,0.3489254108723135,3.1690135190217386,0.4239130434782608,0.6630434782608695,0.9130434782608696,4.445824792666499,0.4360562504636734
300,26,2,26,MLE_plugin,all,92,0.3066666666666666,0.2094311065147746,0.0292160123507759,1.81802179921632,0.9280710004913516,0.5847029077117573,1.6764777346129194,0.0,1.098020125,0.8066666666666666,0.89,0.9733333333333334,1.8601514203989549,0.0958309052657242
300,26,2,26,MLE_plugin,active,92,0.3066666666666666,0.2094311065147746,0.0292160123507759,1.81802179921632,0.9280710004913516,0.5644753476611885,0.9244233192037744,0.3489254108723135,3.3986874320652176,0.3695652173913043,0.6413043478260869,0.9130434782608696,4.328729425145366,0.4740335066901384
300,26,2,26,heuristic,all,92,0.3066666666666666,0.2094311065147746,0.0292160123507759,1.81802179921632,0.9280710004913516,0.8179519595448799,2.208340162988087,0.0,2.1566666666666667,0.5366666666666666,0.5366666666666666,0.5366666666666666,0.0,0.3311907481071776
300,26,2,26,heuristic,active,92,0.3066666666666666,0.2094311065147746,0.0292160123507759,1.81802179921632,0.9280710004913516,0.4032869785082175,0.8079044545065626,0.2326169405815423,3.467391304347826,0.1521739130434782,0.1521739130434782,0.1521739130434782,0.0,0.4456521739130434
300,26,2,52,MCMC,all,104,0.3466666666666667,0.2094311065147746,0.0292160123507759,1.81802179921632,0.9280710004913516,0.6537884471117779,2.1058801368797693,0.0,1.9766824166666668,0.77,0.8833333333333333,0.9733333333333334,3.428719005910773,0.0990486352293483
300,26,2,52,MCMC,active,104,0.3466666666666667,0.2094311065147746,0.0292160123507759,1.81802179921632,0.9280710004913516,0.6335333833458365,1.2357239928296553,0.2340585146286571,5.439542788461538,0.3557692307692308,0.6634615384615384,0.9230769230769232,7.41786821439987,0.4441918280245356
300,26,2,52,MLE_plugin,all,104,0.3466666666666667,0.2094311065147746,0.0292160123507759,1.81802179921632,0.9280710004913516,0.7104276069017255,2.310309704751779,0.0,2.150465041666666,0.7566666666666667,0.87,0.9666666666666668,3.054163615795151,0.1274683672086921
300,26,2,52,MLE_plugin,active,104,0.3466666666666667,0.2094311065147746,0.0292160123507759,1.81802179921632,0.9280710004913516,0.6991747936984246,1.3591758767989135,0.2730682670667667,6.016278485576923,0.2980769230769231,0.625,0.903846153846154,6.684898380146047,0.5078844273001069
300,26,2,52,heuristic,all,104,0.3466666666666667,0.2094311065147746,0.0292160123507759,1.81802179921632,0.9280710004913516,0.9947486871717928,2.910108904770223,0.2250562640660165,4.42,0.49,0.49,0.49,0.0,0.3830953315239824
300,26,2,52,heuristic,active,104,0.3466666666666667,0.2094311065147746,0.0292160123507759,1.81802179921632,0.9280710004913516,0.5206301575393849,1.262902356280208,0.2340585146286571,6.673076923076923,0.0576923076923076,0.0576923076923076,0.0576923076923076,0.0,0.5576923076923077
300,26,3,13,MCMC,all,64,0.2133333333333333,0.2273393453130905,0.0315537236742891,2.211481678834234,0.5769296123850054,0.6078838174273858,1.8179886020320664,0.0,0.7078100416666666,0.8533333333333334,0.9266666666666666,0.9733333333333334,1.276357502853452,0.0731970296103465
300,26,3,13,MCMC,active,64,0.2133333333333333,0.2273393453130905,0.0315537236742891,2.211481678834234,0.5769296123850054,0.4948132780082988,0.6576992548074543,0.3983402489626556,2.6301220703125,0.375,0.671875,0.875,3.5160984636237944,0.3415110376872948
300,26,3,13,MLE_plugin,all,64,0.2133333333333333,0.2273393453130905,0.0315537236742891,2.211481678834234,0.5769296123850054,0.6234439834024896,1.8588158035495683,0.0,0.7180422083333333,0.8533333333333334,0.9233333333333332,0.9733333333333334,1.260841131935209,0.0597131893379159
300,26,3,13,MLE_plugin,active,64,0.2133333333333333,0.2273393453130905,0.0315537236742891,2.211481678834234,0.5769296123850054,0.5238589211618258,0.7116152329272922,0.3983402489626556,2.78143720703125,0.375,0.65625,0.875,3.528288867527287,0.3724154284120486
300,26,3,13,heuristic,all,64,0.2133333333333333,0.2273393453130905,0.0315537236742891,2.211481678834234,0.5769296123850054,0.8941908713692946,2.2673036016705788,0.0,1.4366666666666668,0.5733333333333334,0.5733333333333334,0.5733333333333334,0.0,0.3160979452503176
300,26,3,13,heuristic,active,64,0.2133333333333333,0.2273393453130905,0.0315537236742891,2.211481678834234,0.5769296123850054,0.3941908713692946,0.554962771694622,0.2655601659751037,2.96875,0.140625,0.140625,0.140625,0.0,0.515625
300,26,3,26,MCMC,all,74,0.2466666666666666,0.2273393453130905,0.0315537236742891,2.211481678834234,0.5769296123850054,0.6394517282479142,1.951753268452748,0.0,1.2754526874999998,0.8566666666666667,0.93,0.9566666666666668,2.303293361478125,0.069151844952964
300,26,3,26,MCMC,active,74,0.2466666666666666,0.2273393453130905,0.0315537236742891,2.211481678834234,0.5769296123850054,0.5214541120381406,0.7583979996686067,0.2646007151370679,4.180887246621622,0.4729729729729729,0.7297297297297297,0.8243243243243243,5.93094900492168,0.2998812813161932
300,26,3,26,MLE_plugin,all,74,0.2466666666666666,0.2273393453130905,0.0315537236742891,2.211481678834234,0.5769296123850054,0.66507747318236,1.990375623388687,0.0,1.3064012083333334,0.8433333333333334,0.9133333333333332,0.9566666666666668,2.227990216466691,0.0533049938409293
300,26,3,26,MLE_plugin,active,74,0.2466666666666666,0.2273393453130905,0.0315537236742891,2.211481678834234,0.5769296123850054,0.5727056019070321,0.8625537499051825,0.3528009535160906,4.546977195945945,0.4189189189189189,0.6621621621621622,0.8243243243243243,5.874442625381031,0.3460191490897155
300,26,3,26,heuristic,all,74,0.2466666666666666,0.2273393453130905,0.0315537236742891,2.211481678834234,0.5769296123850054,0.9940405244338496,2.6126166882136364,0.0,2.78,0.5666666666666667,0.5666666666666667,0.5666666666666667,0.0,0.329431278583651
300,26,3,26,heuristic,active,74,0.2466666666666666,0.2273393453130905,0.0315537236742891,2.211481678834234,0.5769296123850054,0.4612634088200238,0.7011930195416805,0.2646007151370679,5.22972972972973,0.1216216216216216,0.1216216216216216,0.1216216216216216,0.0,0.4459459459459459
300,26,3,52,MCMC,all,82,0.2733333333333333,0.2273393453130905,0.0315537236742891,2.211481678834234,0.5769296123850054,0.7570235383447229,2.35441000140577,0.0,2.2739238749999995,0.8266666666666667,0.9133333333333332,0.96,4.222036087158989,0.0797547494978461
300,26,3,52,MCMC,active,82,0.2733333333333333,0.2273393453130905,0.0315537236742891,2.211481678834234,0.5769296123850054,0.6412300683371298,1.0454953609757809,0.3113135914958238,7.015910670731707,0.4390243902439024,0.6951219512195121,0.8536585365853658,10.352730742658592,0.2743622465661985
300,26,3,52,MLE_plugin,all,82,0.2733333333333333,0.2273393453130905,0.0315537236742891,2.211481678834234,0.5769296123850054,0.7471526195899773,2.483107277028097,0.0,2.3337463125,0.8166666666666667,0.8933333333333333,0.9533333333333334,3.720632262997474,0.0431918867432633
300,26,3,52,MLE_plugin,active,82,0.2733333333333333,0.2273393453130905,0.0315537236742891,2.211481678834234,0.5769296123850054,0.684510250569476,1.2513187563641752,0.2957479119210326,7.694817454268292,0.3780487804878049,0.6219512195121951,0.8292682926829268,9.333666378198156,0.3436818741959608
300,26,3,52,heuristic,all,82,0.2733333333333333,0.2273393453130905,0.0315537236742891,2.211481678834234,0.5769296123850054,1.3819286256643888,3.5375788209106664,0.0,6.066666666666666,0.5266666666666666,0.5266666666666666,0.5266666666666666,0.0,0.3527646119169843
300,26,3,52,heuristic,active,82,0.2733333333333333,0.2273393453130905,0.0315537236742891,2.211481678834234,0.5769296123850054,0.7198177676537585,1.144727448244361,0.3424449506454062,11.560975609756095,0.0121951219512195,0.0121951219512195,0.0121951219512195,0.0,0.5365853658536586
300,26,4,13,MCMC,all,31,0.1033333333333333,0.1850078137003955,0.1144315711059754,1.0119696697257607,0.6170951411444452,0.7472527472527472,2.651063314684575,0.0,0.1792035416666667,0.9466666666666668,0.9633333333333334,0.9833333333333332,0.6337287133177042,0.0486350880377082
300,26,4,13,MCMC,active,31,0.1033333333333333,0.1850078137003955,0.1144315711059754,1.0119696697257607,0.6170951411444452,0.5824175824175825,0.7906744227230702,0.3406593406593406,1.3254270161290325,0.5161290322580645,0.6451612903225806,0.8387096774193549,1.905275506639516,0.3227950414240097
300,26,4,13,MLE_plugin,all,31,0.1033333333333333,0.1850078137003955,0.1144315711059754,1.0119696697257607,0.6170951411444452,0.7197802197802198,2.597570693092926,0.0,0.174871875,0.9366666666666666,0.96,0.98,0.5952665271231183,0.0402427767077498
300,26,4,13,MLE_plugin,active,31,0.1033333333333333,0.1850078137003955,0.1144315711059754,1.0119696697257607,0.6170951411444452,0.6208791208791209,0.8099691314871709,0.3406593406593406,1.3639370967741935,0.4193548387096774,0.6129032258064516,0.8064516129032258,1.8373022891096047,0.4028417130324503
300,26,4,13,heuristic,all,31,0.1033333333333333,0.1850078137003955,0.1144315711059754,1.0119696697257607,0.6170951411444452,3.175824175824176,5.486807794646123,3.2967032967032965,0.9633333333333334,0.4566666666666666,0.4566666666666666,0.4566666666666666,0.0,0.5039841264430043
300,26,4,13,heuristic,active,31,0.1033333333333333,0.1850078137003955,0.1144315711059754,1.0119696697257607,0.6170951411444452,0.6263736263736264,0.8321954151716563,0.3406593406593406,1.8387096774193548,0.1935483870967742,0.1935483870967742,0.1935483870967742,0.0,0.4193548387096774
300,26,4,26,MCMC,all,33,0.11,0.1850078137003955,0.1144315711059754,1.0119696697257607,0.6170951411444452,0.8296296296296296,2.8167634580491177,0.0,0.2821074583333333,0.9333333333333332,0.96,0.9833333333333332,1.0108604888895063,0.0519082644811004
300,26,4,26,MCMC,active,33,0.11,0.1850078137003955,0.1144315711059754,1.0119696697257607,0.6170951411444452,0.6592592592592592,0.8834090347249937,0.4888888888888889,1.9594484848484843,0.4545454545454545,0.6363636363636364,0.8484848484848485,3.010414876251028,0.4066403921394358
300,26,4,26,MLE_plugin,all,33,0.11,0.1850078137003955,0.1144315711059754,1.0119696697257607,0.6170951411444452,0.7851851851851852,2.834240958475406,0.0,0.2684936041666667,0.93,0.9566666666666668,0.9833333333333332,0.9150674536371312,0.0393349259954333
300,26,4,26,MLE_plugin,active,33,0.11,0.1850078137003955,0.1144315711059754,1.0119696697257607,0.6170951411444452,0.6740740740740742,0.9136369685427936,0.4888888888888889,1.9856571969696968,0.3939393939393939,0.6060606060606061,0.8484848484848485,2.862621839220334,0.4414595641368106
300,26,4,26,heuristic,all,33,0.11,0.1850078137003955,0.1144315711059754,1.0119696697257607,0.6170951411444452,3.903703703703704,7.420359047584,2.2222222222222223,1.7566666666666666,0.4466666666666666,0.4466666666666666,0.4466666666666666,0.0,0.5139841264430042
300,26,4,26,heuristic,active,33,0.11,0.1850078137003955,0.1144315711059754,1.0119696697257607,0.6170951411444452,0.8814814814814814,1.2658866994334323,0.4888888888888889,3.606060606060606,0.0909090909090909,0.0909090909090909,0.0909090909090909,0.0,0.5454545454545454
300,26,4,52,MCMC,all,33,0.11,0.1850078137003955,0.1144315711059754,1.0119696697257607,0.6170951411444452,0.8459302325581395,2.839775574051391,0.0,0.3932764791666667,0.93,0.9666666666666668,0.9833333333333332,1.5818013078414688,0.0518903072657523
300,26,4,52,MCMC,active,33,0.11,0.1850078137003955,0.1144315711059754,1.0119696697257607,0.6170951411444452,0.6947674418604651,0.8957121355960157,0.5755813953488372,2.767764772727273,0.4242424242424242,0.696969696969697,0.8484848484848485,5.0202826122426645,0.3890568825825151
300,26,4,52,MLE_plugin,all,33,0.11,0.1850078137003955,0.1144315711059754,1.0119696697257607,0.6170951411444452,0.8517441860465116,2.974080157845337,0.0,0.3712070416666666,0.93,0.95,0.98,1.31888196761575,0.0398616772354325
300,26,4,52,MLE_plugin,active,33,0.11,0.1850078137003955,0.1144315711059754,1.0119696697257607,0.6170951411444452,0.7558139534883721,0.9668309229289468,0.5755813953488372,2.83521875,0.3939393939393939,0.5454545454545454,0.8181818181818182,4.373567048497045,0.4584209716073787
300,26,4,52,heuristic,all,33,0.11,0.1850078137003955,0.1144315711059754,1.0119696697257607,0.6170951411444452,6.63953488372093,12.679484799295054,3.488372093023256,3.806666666666666,0.4366666666666666,0.4366666666666666,0.4366666666666666,0.0,0.5339841264430042
300,26,4,52,heuristic,active,33,0.11,0.1850078137003955,0.1144315711059754,1.0119696697257607,0.6170951411444452,1.8372093023255816,2.614068833836779,0.9593023255813954,9.575757575757576,0.0,0.0,0.0,0.0,0.7272727272727273
300,26,5,13,MCMC,all,95,0.3166666666666666,0.1119736084362681,0.1105267253070649,0.511211472578194,1.606001587467214,0.8552631578947368,1.706067061971656,0.0,0.3970217708333333,0.8566666666666667,0.93,0.9833333333333332,0.923121198992865,0.0385194260442969
300,26,5,13,MCMC,active,95,0.3166666666666666,0.1119736084362681,0.1105267253070649,0.511211472578194,1.606001587467214,0.6763157894736842,0.906482501935801,0.5,0.9640206578947368,0.5578947368421052,0.7789473684210526,0.9473684210526316,1.1724099941107893,0.4024452321043147
300,26,5,13,MLE_plugin,all,95,0.3166666666666666,0.1119736084362681,0.1105267253070649,0.511211472578194,1.606001587467214,0.8815789473684211,1.7036298220673172,0.0,0.4067505625,0.86,0.9066666666666666,0.9766666666666668,0.905118387620964,0.0455025311996117
300,26,5,13,MLE_plugin,active,95,0.3166666666666666,0.1119736084362681,0.1105267253070649,0.511211472578194,1.606001587467214,0.6578947368421053,0.8958970805552212,0.5,0.949225197368421,0.5894736842105263,0.7052631578947368,0.9263157894736842,1.139416490064319,0.387201947017633
300,26,5,13,heuristic,all,95,0.3166666666666666,0.1119736084362681,0.1105267253070649,0.511211472578194,1.606001587467214,1.2526315789473683,1.9509213676684884,1.5789473684210529,0.7933333333333333,0.4733333333333333,0.4733333333333333,0.4733333333333333,0.0,0.38
300,26,5,13,heuristic,active,95,0.3166666666666666,0.1119736084362681,0.1105267253070649,0.511211472578194,1.606001587467214,0.531578947368421,0.7380628984749628,0.5,1.063157894736842,0.3157894736842105,0.3157894736842105,0.3157894736842105,0.0,0.4526315789473684
300,26,5,26,MCMC,all,110,0.3666666666666666,0.1119736084362681,0.1105267253070649,0.511211472578194,1.606001587467214,0.8364779874213837,1.529446733246185,0.0,0.6509968958333333,0.7966666666666666,0.9133333333333332,0.99,1.5216410070701591,0.0377681170774084
300,26,5,26,MCMC,active,110,0.3666666666666666,0.1119736084362681,0.1105267253070649,0.511211472578194,1.606001587467214,0.660377358490566,0.861313808665887,0.6918238993710691,1.3491199431818175,0.5272727272727272,0.7636363636363637,0.9727272727272728,1.9133685691022244,0.2891642683747749
300,26,5,26,MLE_plugin,all,110,0.3666666666666666,0.1119736084362681,0.1105267253070649,0.511211472578194,1.606001587467214,0.8569182389937107,1.5277485604435517,0.0,0.6742952291666665,0.77,0.9033333333333332,0.9833333333333332,1.4789850447420574,0.059462044715329
300,26,5,26,MLE_plugin,active,110,0.3666666666666666,0.1119736084362681,0.1105267253070649,0.511211472578194,1.606001587467214,0.630503144654088,0.8322497999045012,0.3459119496855345,1.3373847159090906,0.5181818181818182,0.7363636363636363,0.9545454545454546,1.7957985522702864,0.2788794480602528
300,26,5,26,heuristic,all,110,0.3666666666666666,0.1119736084362681,0.1105267253070649,0.511211472578194,1.606001587467214,1.3144654088050314,2.0711790943490707,0.9433962264150942,1.393333333333333,0.4233333333333333,0.4233333333333333,0.4233333333333333,0.0,0.4066666666666667
300,26,5,26,heuristic,active,110,0.3666666666666666,0.1119736084362681,0.1105267253070649,0.511211472578194,1.606001587467214,0.6635220125786163,0.86320611517678,0.6918238993710691,1.9181818181818184,0.1636363636363636,0.1636363636363636,0.1636363636363636,0.0,0.4545454545454546
300,26,5,52,MCMC,all,118,0.3933333333333333,0.1119736084362681,0.1105267253070649,0.511211472578194,1.606001587467214,0.7892074198988196,1.3775968435942767,0.0,1.1641998124999997,0.7866666666666666,0.9066666666666666,0.98,2.6593810811982137,0.0400824056513126
300,26,5,52,MCMC,active,118,0.3933333333333333,0.1119736084362681,0.1105267253070649,0.511211472578194,1.606001587467214,0.639123102866779,0.7987934134097163,0.596964586846543,2.3284804555084744,0.5423728813559322,0.7711864406779662,0.9491525423728814,3.3451718123004026,0.2531556508365072
300,26,5,52,MLE_plugin,all,118,0.3933333333333333,0.1119736084362681,0.1105267253070649,0.511211472578194,1.606001587467214,0.8161888701517707,1.390387602686259,0.0,1.2138867083333331,0.77,0.8833333333333333,0.9733333333333334,2.5635826773448334,0.0578905017798418
300,26,5,52,MLE_plugin,active,118,0.3933333333333333,0.1119736084362681,0.1105267253070649,0.511211472578194,1.606001587467214,0.6121416526138279,0.7727434035869842,0.596964586846543,2.3010554025423726,0.5508474576271186,0.7288135593220338,0.9322033898305084,3.0836365452015664,0.1927896884222283
300,26,5,52,heuristic,all,118,0.3933333333333333,0.1119736084362681,0.1105267253070649,0.511211472578194,1.606001587467214,1.4080944350758853,2.1972313200245406,1.011804384485666,2.783333333333333,0.4033333333333333,0.4033333333333333,0.4033333333333333,0.0,0.43
300,26,5,52,heuristic,active,118,0.3933333333333333,0.1119736084362681,0.1105267253070649,0.511211472578194,1.606001587467214,0.7875210792580101,1.0081750534908456,0.7959527824620573,3.957627118644068,0.1016949152542373,0.1016949152542373,0.1016949152542373,0.0,0.4745762711864407
300,26,6,13,MCMC,all,65,0.2166666666666666,0.2565486442491705,0.0856739965182189,1.4471511933184409,1.3554373990253206,0.5542168674698794,1.4626277761661426,0.0,0.4394431666666666,0.8933333333333333,0.96,0.9833333333333332,1.0736154899477155,0.0613831989501334
300,26,6,13,MCMC,active,65,0.2166666666666666,0.2565486442491705,0.0856739965182189,1.4471511933184409,1.3554373990253206,0.5150602409638555,0.6707811713822696,0.391566265060241,1.841038076923077,0.5538461538461539,0.8153846153846154,0.9230769230769232,3.013432508568936,0.3178089086238508
300,26,6,13,MLE_plugin,all,65,0.2166666666666666,0.2565486442491705,0.0856739965182189,1.4471511933184409,1.3554373990253206,0.5647590361445783,1.4905074146164332,0.0,0.4478697916666667,0.89,0.9566666666666668,0.9833333333333332,1.076694180819253,0.0648024821744683
300,26,6,13,MLE_plugin,active,65,0.2166666666666666,0.2565486442491705,0.0856739965182189,1.4471511933184409,1.3554373990253206,0.5256024096385542,0.6839488678651132,0.391566265060241,1.873254807692308,0.5384615384615384,0.8,0.9230769230769232,2.9931984536695624,0.3034619150955679
300,26,6,13,heuristic,all,65,0.2166666666666666,0.2565486442491705,0.0856739965182189,1.4471511933184409,1.3554373990253206,1.1234939759036144,2.1805647949082245,0.0,1.2433333333333334,0.5033333333333333,0.5033333333333333,0.5033333333333333,0.0,0.4146122435465588
300,26,6,13,heuristic,active,65,0.2166666666666666,0.2565486442491705,0.0856739965182189,1.4471511933184409,1.3554373990253206,0.4909638554216868,0.7109008042963072,0.391566265060241,2.507692307692308,0.1692307692307692,0.1692307692307692,0.1692307692307692,0.0,0.4307692307692308
300,26,6,26,MCMC,all,71,0.2366666666666666,0.2565486442491705,0.0856739965182189,1.4471511933184409,1.3554373990253206,0.5442622950819672,1.512644901563577,0.0,0.8067497083333333,0.8766666666666667,0.9466666666666668,0.9866666666666668,1.8900872097879464,0.0569836481425203
300,26,6,26,MCMC,active,71,0.2366666666666666,0.2565486442491705,0.0856739965182189,1.4471511933184409,1.3554373990253206,0.5147540983606558,0.7275327831451496,0.3491803278688524,3.1628091549295774,0.5070422535211268,0.7746478873239436,0.943661971830986,5.268683523798558,0.2651168570988023
300,26,6,26,MLE_plugin,all,71,0.2366666666666666,0.2565486442491705,0.0856739965182189,1.4471511933184409,1.3554373990253206,0.5524590163934426,1.5106448413187874,0.0,0.8123966666666667,0.8766666666666667,0.95,0.9866666666666668,1.9265300506619532,0.0570628018811949
300,26,6,26,MLE_plugin,active,71,0.2366666666666666,0.2565486442491705,0.0856739965182189,1.4471511933184409,1.3554373990253206,0.5245901639344263,0.7279916083163951,0.3491803278688524,3.1669010563380287,0.5070422535211268,0.7887323943661971,0.943661971830986,5.304554847068709,0.2509592184297262
300,26,6,26,heuristic,all,71,0.2366666666666666,0.2565486442491705,0.0856739965182189,1.4471511933184409,1.3554373990253206,1.140983606557377,2.385119144848946,0.0,2.32,0.5033333333333333,0.5033333333333333,0.5033333333333333,0.0,0.4279455768798921
300,26,6,26,heuristic,active,71,0.2366666666666666,0.2565486442491705,0.0856739965182189,1.4471511933184409,1.3554373990253206,0.5409836065573771,0.8320184915150974,0.3491803278688524,4.647887323943662,0.1549295774647887,0.1549295774647887,0.1549295774647887,0.0,0.5352112676056338
300,26,6,52,MCMC,all,81,0.27,0.2565486442491705,0.0856739965182189,1.4471511933184409,1.3554373990253206,0.6436832740213523,1.9319523563076595,0.0,1.65805675,0.8466666666666667,0.9333333333333332,0.9833333333333332,3.4331347685203544,0.0920443412542742
300,26,6,52,MCMC,active,81,0.27,0.2565486442491705,0.0856739965182189,1.4471511933184409,1.3554373990253206,0.6232206405693951,1.0003210128299365,0.2882562277580071,5.841613657407407,0.4691358024691358,0.7530864197530864,0.9382716049382716,8.9231674374659,0.3341206464263723
300,26,6,52,MLE_plugin,all,81,0.27,0.2565486442491705,0.0856739965182189,1.4471511933184409,1.3554373990253206,0.6241103202846975,1.886556343700866,0.0,1.6384175625,0.86,0.93,0.9866666666666668,3.529074428036769,0.0840297458862055
300,26,6,52,MLE_plugin,active,81,0.27,0.2565486442491705,0.0856739965182189,1.4471511933184409,1.3554373990253206,0.6023131672597866,0.976507284076862,0.2161921708185053,5.742678395061728,0.5061728395061729,0.7530864197530864,0.9506172839506172,9.105648642770666,0.3236739320116761
300,26,6,52,heuristic,all,81,0.27,0.2565486442491705,0.0856739965182189,1.4471511933184409,1.3554373990253206,1.2820284697508897,2.7370776297804165,0.2669039145907473,4.803333333333334,0.4533333333333333,0.4533333333333333,0.4533333333333333,0.0,0.4679455768798921
300,26,6,52,heuristic,active,81,0.27,0.2565486442491705,0.0856739965182189,1.4471511933184409,1.3554373990253206,0.6432384341637011,1.074774706955303,0.3603202846975089,8.925925925925926,0.0123456790123456,0.0123456790123456,0.0123456790123456,0.0,0.6790123456790124
300,26,7,13,MCMC,all,58,0.1933333333333333,0.2212974176438056,0.0982095676837299,0.7873677877887055,0.5956784776668638,0.8021978021978022,2.032224396583179,0.0,0.3681367291666667,0.8833333333333333,0.9366666666666666,0.9833333333333332,0.9741247184816966,0.0445251624245227
300,26,7,13,MCMC,active,58,0.1933333333333333,0.2212974176438056,0.0982095676837299,0.7873677877887055,0.5956784776668638,0.631868131868132,0.8124811312867624,0.478021978021978,1.4712851293103448,0.4655172413793103,0.6896551724137931,0.913793103448276,2.1488782078791187,0.3160400348275846
300,26,7,13,MLE_plugin,all,58,0.1933333333333333,0.2212974176438056,0.0982095676837299,0.7873677877887055,0.5956784776668638,0.7774725274725275,1.9705674549922303,0.0,0.3593361458333333,0.8833333333333333,0.94,0.99,0.9694717303473076,0.0425023386256804
300,26,7,13,MLE_plugin,active,58,0.1933333333333333,0.2212974176438056,0.0982095676837299,0.7873677877887055,0.5956784776668638,0.6153846153846154,0.7867510258458418,0.3186813186813187,1.4506717672413791,0.4655172413793103,0.6896551724137931,0.9482758620689656,2.15947407963383,0.2938146963981243
300,26,7,13,heuristic,all,58,0.1933333333333333,0.2212974176438056,0.0982095676837299,0.7873677877887055,0.5956784776668638,2.1373626373626373,3.492794522046773,1.6483516483516485,1.2966666666666666,0.4033333333333333,0.4033333333333333,0.4033333333333333,0.0,0.5369005724383437
300,26,7,13,heuristic,active,58,0.1933333333333333,0.2212974176438056,0.0982095676837299,0.7873677877887055,0.5956784776668638,0.6483516483516484,0.8757490281712871,0.478021978021978,2.034482758620689,0.1551724137931034,0.1551724137931034,0.1551724137931034,0.0,0.5
300,26,7,26,MCMC,all,58,0.1933333333333333,0.2212974176438056,0.0982095676837299,0.7873677877887055,0.5956784776668638,0.8424657534246575,2.217845871053723,0.0,0.5998938541666666,0.88,0.94,0.9866666666666668,1.6327379459022335,0.0483895150937635
300,26,7,26,MCMC,active,58,0.1933333333333333,0.2212974176438056,0.0982095676837299,0.7873677877887055,0.5956784776668638,0.6746575342465754,0.908367412849746,0.4965753424657534,2.405316487068965,0.4482758620689655,0.7068965517241379,0.9310344827586208,3.719759088036351,0.3102586355470698
300,26,7,26,MLE_plugin,all,58,0.1933333333333333,0.2212974176438056,0.0982095676837299,0.7873677877887055,0.5956784776668638,0.8184931506849314,2.164454004402485,0.0,0.5870509791666667,0.8766666666666667,0.9366666666666666,0.9866666666666668,1.599999307871644,0.0451398478175831
300,26,7,26,MLE_plugin,active,58,0.1933333333333333,0.2212974176438056,0.0982095676837299,0.7873677877887055,0.5956784776668638,0.6712328767123288,0.8915495881008442,0.3972602739726028,2.4018510775862065,0.4482758620689655,0.6896551724137931,0.9310344827586208,3.6763102845975326,0.3209212317729282
300,26,7,26,heuristic,all,58,0.1933333333333333,0.2212974176438056,0.0982095676837299,0.7873677877887055,0.5956784776668638,2.571917808219178,4.420992799313511,1.0273972602739725,2.5033333333333334,0.3933333333333333,0.3933333333333333,0.3933333333333333,0.0,0.5669005724383436
300,26,7,26,heuristic,active,58,0.1933333333333333,0.2212974176438056,0.0982095676837299,0.7873677877887055,0.5956784776668638,0.8082191780821918,1.1652293463247905,0.5958904109589042,4.068965517241379,0.1034482758620689,0.1034482758620689,0.1034482758620689,0.0,0.6551724137931034
300,26,7,52,MCMC,all,58,0.1933333333333333,0.2212974176438056,0.0982095676837299,0.7873677877887055,0.5956784776668638,0.9037974683544304,2.683424883896477,0.0,0.8760119166666668,0.8766666666666667,0.95,0.9933333333333332,2.68012547679157,0.0539313515608889
300,26,7,52,MCMC,active,58,0.1933333333333333,0.2212974176438056,0.0982095676837299,0.7873677877887055,0.5956784776668638,0.7582278481012658,1.138974652524407,0.5873417721518986,3.575780711206897,0.4310344827586206,0.7586206896551724,0.9655172413793104,6.400809634931564,0.2969215028379512
300,26,7,52,MLE_plugin,all,58,0.1933333333333333,0.2212974176438056,0.0982095676837299,0.7873677877887055,0.5956784776668638,0.8582278481012657,2.596942725704525,0.0,0.8441898958333334,0.8666666666666667,0.9433333333333334,0.9866666666666668,2.538960410517209,0.0459590098739251
300,26,7,52,MLE_plugin,active,58,0.1933333333333333,0.2212974176438056,0.0982095676837299,0.7873677877887055,0.5956784776668638,0.7379746835443037,1.1113044571758974,0.440506329113924,3.551177155172414,0.4310344827586206,0.7241379310344828,0.9310344827586208,6.117821987760468,0.3286745895783725
300,26,7,52,heuristic,all,58,0.1933333333333333,0.2212974176438056,0.0982095676837299,0.7873677877887055,0.5956784776668638,4.055696202531646,6.994767655566532,2.278481012658228,5.34,0.38,0.38,0.38,0.0,0.5869005724383436
300,26,7,52,heuristic,active,58,0.1933333333333333,0.2212974176438056,0.0982095676837299,0.7873677877887055,0.5956784776668638,1.4683544303797469,2.0740590343730365,0.881012658227848,10.0,0.0344827586206896,0.0344827586206896,0.0344827586206896,0.0,0.7586206896551724
300,26,8,13,MCMC,all,56,0.1866666666666666,0.0401169877535056,0.1827042429378857,1.3021426294374798,2.220946905818267,0.8807339449541285,2.346185661017325,0.0,0.2372832916666666,0.88,0.94,0.98,0.5986701356737618,0.0370940223320474
300,26,8,13,MCMC,active,56,0.1866666666666666,0.0401169877535056,0.1827042429378857,1.3021426294374798,2.220946905818267,0.8165137614678899,0.9972607883817388,0.5137614678899083,1.0981488839285714,0.3571428571428571,0.6785714285714286,0.8928571428571429,1.0157465118269384,0.5216597065346034
300,26,8,13,MLE_plugin,all,56,0.1866666666666666,0.0401169877535056,0.1827042429378857,1.3021426294374798,2.220946905818267,0.8990825688073394,2.388847076383768,0.0,0.2412773541666666,0.8766666666666667,0.93,0.9833333333333332,0.59354419887993,0.037826148417379
300,26,8,13,MLE_plugin,active,56,0.1866666666666666,0.0401169877535056,0.1827042429378857,1.3021426294374798,2.220946905818267,0.8348623853211009,1.0159903265986885,0.5137614678899083,1.1287909598214283,0.3392857142857143,0.625,0.9107142857142856,1.027709647325761,0.529736519749118
300,26,8,13,heuristic,all,56,0.1866666666666666,0.0401169877535056,0.1827042429378857,1.3021426294374798,2.220946905818267,1.0550458715596331,2.114076811339984,0.0,0.3833333333333333,0.7033333333333334,0.7033333333333334,0.7033333333333334,0.0,0.1866666666666666
300,26,8,13,heuristic,active,56,0.1866666666666666,0.0401169877535056,0.1827042429378857,1.3021426294374798,2.220946905818267,0.5596330275229358,0.7101652286371973,0.5137614678899083,1.0892857142857142,0.2321428571428571,0.2321428571428571,0.2321428571428571,0.0,0.5842383362355437
300,26,8,26,MCMC,all,74,0.2466666666666666,0.0401169877535056,0.1827042429378857,1.3021426294374798,2.220946905818267,0.8153846153846154,2.0390661899560043,0.0,0.3971278541666666,0.8433333333333334,0.9433333333333334,0.9833333333333332,0.964157143099074,0.0408122888171825
300,26,8,26,MCMC,active,74,0.2466666666666666,0.0401169877535056,0.1827042429378857,1.3021426294374798,2.220946905818267,0.7435897435897436,0.9952682265934822,0.3794871794871794,1.3799225506756754,0.3783783783783784,0.7702702702702703,0.9324324324324323,1.5721988576312989,0.4388770272748498
300,26,8,26,MLE_plugin,all,74,0.2466666666666666,0.0401169877535056,0.1827042429378857,1.3021426294374798,2.220946905818267,0.8179487179487178,2.0731209262253496,0.0,0.3998838125,0.8433333333333334,0.9366666666666666,0.9833333333333332,0.9403189256830684,0.0396071430511318
300,26,8,26,MLE_plugin,active,74,0.2466666666666666,0.0401169877535056,0.1827042429378857,1.3021426294374798,2.220946905818267,0.7589743589743589,1.0170279372343003,0.3794871794871794,1.406974831081081,0.3783783783783784,0.7432432432432432,0.9324324324324323,1.5602460918436811,0.4669931953997719
300,26,8,26,heuristic,all,74,0.2466666666666666,0.0401169877535056,0.1827042429378857,1.3021426294374798,2.220946905818267,0.9794871794871796,2.0467899531769342,0.0,0.6366666666666667,0.6666666666666666,0.6666666666666666,0.6666666666666666,0.0,0.1966666666666666
300,26,8,26,heuristic,active,74,0.2466666666666666,0.0401169877535056,0.1827042429378857,1.3021426294374798,2.220946905818267,0.6410256410256411,0.8428061203361082,0.3794871794871794,1.6891891891891893,0.1351351351351351,0.1351351351351351,0.1351351351351351,0.0,0.5405405405405406
300,26,8,52,MCMC,all,95,0.3166666666666666,0.0401169877535056,0.1827042429378857,1.3021426294374798,2.220946905818267,0.768716577540107,1.8157718378410248,0.0,0.7209708541666667,0.7866666666666666,0.9166666666666666,0.9766666666666668,1.6103851227340913,0.0327420596861307
300,26,8,52,MCMC,active,95,0.3166666666666666,0.0401169877535056,0.1827042429378857,1.3021426294374798,2.220946905818267,0.7125668449197862,1.006050463994429,0.5080213903743316,2.0208186184210524,0.3368421052631579,0.7368421052631579,0.9263157894736842,2.5228212220043105,0.4461906149079283
300,26,8,52,MLE_plugin,all,95,0.3166666666666666,0.0401169877535056,0.1827042429378857,1.3021426294374798,2.220946905818267,0.7820855614973262,1.854341207782131,0.0,0.7239784375,0.7833333333333333,0.92,0.98,1.581790318226121,0.0379569651681381
300,26,8,52,MLE_plugin,active,95,0.3166666666666666,0.0401169877535056,0.1827042429378857,1.3021426294374798,2.220946905818267,0.7312834224598931,1.0287474417293627,0.5080213903743316,2.05508625,0.3368421052631579,0.7473684210526316,0.936842105263158,2.504729285667751,0.4410878481517591
300,26,8,52,heuristic,all,95,0.3166666666666666,0.0401169877535056,0.1827042429378857,1.3021426294374798,2.220946905818267,0.9625668449197862,1.9406681616710224,0.0,1.2,0.63,0.63,0.63,0.0,0.2033333333333333
300,26,8,52,heuristic,active,95,0.3166666666666666,0.0401169877535056,0.1827042429378857,1.3021426294374798,2.220946905818267,0.7165775401069518,0.9316560903679966,0.5080213903743316,2.8210526315789477,0.0947368421052631,0.0947368421052631,0.0947368421052631,0.0,0.5157894736842106
300,26,9,13,MCMC,all,58,0.1933333333333333,0.2758673308768699,0.1652339180025825,1.4362240255137622,1.4403852405512223,0.6391752577319588,1.897206012624366,0.0,0.4322123749999999,0.9133333333333332,0.9533333333333334,0.9933333333333332,1.1143856147466606,0.1179262637193505
300,26,9,13,MCMC,active,58,0.1933333333333333,0.2758673308768699,0.1652339180025825,1.4362240255137622,1.4403852405512223,0.4879725085910652,0.7402288394686602,0.3986254295532646,1.6410335129310345,0.6379310344827587,0.8103448275862069,0.9655172413793104,3.002440270646935,0.1089004254788252
300,26,9,13,MLE_plugin,all,58,0.1933333333333333,0.2758673308768699,0.1652339180025825,1.4362240255137622,1.4403852405512223,0.6323024054982818,1.889721936064264,0.0,0.4321284791666666,0.91,0.9566666666666668,0.9933333333333332,1.0754748371478455,0.1107735364281201
300,26,9,13,MLE_plugin,active,58,0.1933333333333333,0.2758673308768699,0.1652339180025825,1.4362240255137622,1.4403852405512223,0.4707903780068728,0.7238552445996683,0.1993127147766323,1.6530779094827583,0.6379310344827587,0.8103448275862069,0.9655172413793104,2.9481475487263524,0.1134124615300123
300,26,9,13,heuristic,all,58,0.1933333333333333,0.2758673308768699,0.1652339180025825,1.4362240255137622,1.4403852405512223,1.2336769759450172,2.752789674807977,0.0,1.1966666666666668,0.5566666666666666,0.5566666666666666,0.5566666666666666,0.0,0.3761255655972775
300,26,9,13,heuristic,active,58,0.1933333333333333,0.2758673308768699,0.1652339180025825,1.4362240255137622,1.4403852405512223,0.4879725085910652,0.8159323273158505,0.1993127147766323,2.4482758620689653,0.1896551724137931,0.1896551724137931,0.1896551724137931,0.0,0.4503422702564176
300,26,9,26,MCMC,all,69,0.23,0.2758673308768699,0.1652339180025825,1.4362240255137622,1.4403852405512223,0.6537785588752196,1.8462212320018216,0.0,0.8759464374999999,0.8666666666666667,0.9366666666666666,0.9866666666666668,1.989804823009785,0.1139999549250764
300,26,9,26,MCMC,active,69,0.23,0.2758673308768699,0.1652339180025825,1.4362240255137622,1.4403852405512223,0.4885764499121265,0.771520991507389,0.242530755711775,2.8404896739130425,0.5217391304347826,0.7681159420289855,0.9420289855072465,4.8114575000966,0.1393805914427577
300,26,9,26,MLE_plugin,all,69,0.23,0.2758673308768699,0.1652339180025825,1.4362240255137622,1.4403852405512223,0.6449912126537786,1.8129213153606816,0.0,0.8528051875,0.8666666666666667,0.9333333333333332,0.9833333333333332,1.934067519479848,0.1043799928665761
300,26,9,26,MLE_plugin,active,69,0.23,0.2758673308768699,0.1652339180025825,1.4362240255137622,1.4403852405512223,0.4789103690685413,0.7547297129808157,0.242530755711775,2.8043116847826086,0.5217391304347826,0.7536231884057971,0.927536231884058,4.775576433529116,0.1648363305649735
300,26,9,26,heuristic,all,69,0.23,0.2758673308768699,0.1652339180025825,1.4362240255137622,1.4403852405512223,1.2372583479789103,2.7382701867925934,0.0,2.3466666666666667,0.53,0.53,0.53,0.0,0.3827922322639441
300,26,9,26,heuristic,active,69,0.23,0.2758673308768699,0.1652339180025825,1.4362240255137622,1.4403852405512223,0.5377855887521968,0.8666230357271745,0.242530755711775,4.434782608695652,0.1304347826086956,0.1304347826086956,0.1304347826086956,0.0,0.4782608695652174
300,26,9,52,MCMC,all,75,0.25,0.2758673308768699,0.1652339180025825,1.4362240255137622,1.4403852405512223,0.6682832201745879,1.838820910720774,0.0,1.604256145833333,0.8466666666666667,0.92,0.9866666666666668,3.757021207706456,0.1323813250305222
300,26,9,52,MCMC,active,75,0.25,0.2758673308768699,0.1652339180025825,1.4362240255137622,1.4403852405512223,0.507274490785645,0.7919289232489436,0.2182347235693501,4.881998583333332,0.4933333333333333,0.7333333333333333,0.9466666666666668,8.970898137899587,0.1274368538320885
300,26,9,52,MLE_plugin,all,75,0.25,0.2758673308768699,0.1652339180025825,1.4362240255137622,1.4403852405512223,0.6425800193986422,1.7806313041351511,0.0,1.544129125,0.8433333333333334,0.9266666666666666,0.9866666666666668,3.665521156155152,0.1157698245966102
300,26,9,52,MLE_plugin,active,75,0.25,0.2758673308768699,0.1652339180025825,1.4362240255137622,1.4403852405512223,0.4888457807953443,0.7722618056502549,0.2182347235693501,4.782015333333333,0.4933333333333333,0.76,0.9466666666666668,8.961813945922863,0.1482535381347107
300,26,9,52,heuristic,all,75,0.25,0.2758673308768699,0.1652339180025825,1.4362240255137622,1.4403852405512223,1.3511154219204655,2.955461270599673,0.0,4.6433333333333335,0.51,0.51,0.51,0.0,0.4127922322639442
300,26,9,52,heuristic,active,75,0.25,0.2758673308768699,0.1652339180025825,1.4362240255137622,1.4403852405512223,0.6042677012609118,0.9610774288259142,0.2909796314258002,8.306666666666667,0.0533333333333333,0.0533333333333333,0.0533333333333333,0.0,0.6266666666666667
300,26,10,13,MCMC,all,73,0.2433333333333333,0.1772168161470405,0.056055038354519,2.3457127412425445,1.7700647223358288,0.4867469879518072,1.1867316982685787,0.0,0.4890535208333333,0.86,0.9266666666666666,0.9833333333333332,1.0653661451420502,0.0584985653865687
300,26,10,13,MCMC,active,73,0.2433333333333333,0.1772168161470405,0.056055038354519,2.3457127412425445,1.7700647223358288,0.4385542168674699,0.5640124382346361,0.3518072289156626,1.7677567636986298,0.4657534246575342,0.6986301369863014,0.9315068493150684,2.586237982091088,0.4382671411123208
300,26,10,13,MLE_plugin,all,73,0.2433333333333333,0.1772168161470405,0.056055038354519,2.3457127412425445,1.7700647223358288,0.4939759036144578,1.2045782891518062,0.0,0.4879656458333333,0.8566666666666667,0.9166666666666666,0.98,1.052638927710391,0.0532444953719152
300,26,10,13,MLE_plugin,active,73,0.2433333333333333,0.1772168161470405,0.056055038354519,2.3457127412425445,1.7700647223358288,0.4385542168674699,0.5653260607319126,0.3518072289156626,1.7456630993150684,0.4657534246575342,0.6712328767123288,0.9178082191780822,2.5725365261503703,0.4032567179101518
300,26,10,13,heuristic,all,73,0.2433333333333333,0.1772168161470405,0.056055038354519,2.3457127412425445,1.7700647223358288,0.6096385542168675,1.2843622140950774,0.0,0.8433333333333334,0.6233333333333333,0.6233333333333333,0.6233333333333333,0.0,0.22
300,26,10,13,heuristic,active,73,0.2433333333333333,0.1772168161470405,0.056055038354519,2.3457127412425445,1.7700647223358288,0.3277108433734939,0.4396385377079705,0.1759036144578313,1.8630136986301369,0.1506849315068493,0.1506849315068493,0.1506849315068493,0.0,0.6301369863013699
300,26,10,26,MCMC,all,85,0.2833333333333333,0.1772168161470405,0.056055038354519,2.3457127412425445,1.7700647223358288,0.515032679738562,1.306437692277617,0.0,0.9538829583333333,0.8233333333333334,0.9133333333333332,0.9666666666666668,1.8776462814826775,0.0357149539992413
300,26,10,26,MCMC,active,85,0.2833333333333333,0.1772168161470405,0.056055038354519,2.3457127412425445,1.7700647223358288,0.4784313725490196,0.6819064224055508,0.3333333333333333,3.067308382352941,0.4117647058823529,0.7058823529411765,0.8823529411764706,4.357878233182432,0.3549556609092222
300,26,10,26,MLE_plugin,all,85,0.2833333333333333,0.1772168161470405,0.056055038354519,2.3457127412425445,1.7700647223358288,0.5098039215686275,1.3158211750094913,0.0,0.9395878541666666,0.83,0.9166666666666666,0.9666666666666668,1.8663923237551048,0.0378098443937771
300,26,10,26,MLE_plugin,active,85,0.2833333333333333,0.1772168161470405,0.056055038354519,2.3457127412425445,1.7700647223358288,0.4627450980392157,0.6763458569607949,0.2222222222222222,2.982863970588236,0.4352941176470588,0.7176470588235294,0.8823529411764706,4.3442561309877945,0.3236603366102746
300,26,10,26,heuristic,all,85,0.2833333333333333,0.1772168161470405,0.056055038354519,2.3457127412425445,1.7700647223358288,0.6392156862745098,1.515607215383091,0.0,1.63,0.6066666666666667,0.6066666666666667,0.6066666666666667,0.0,0.2466666666666666
300,26,10,26,heuristic,active,85,0.2833333333333333,0.1772168161470405,0.056055038354519,2.3457127412425445,1.7700647223358288,0.396078431372549,0.642593691334064,0.2222222222222222,3.5647058823529414,0.0941176470588235,0.0941176470588235,0.0941176470588235,0.0,0.5058823529411764
300,26,10,52,MCMC,all,98,0.3266666666666666,0.1772168161470405,0.056055038354519,2.3457127412425445,1.7700647223358288,0.5646487294469358,1.560149879545172,0.0,1.835976208333333,0.7833333333333333,0.9066666666666666,0.9633333333333334,3.3947796727033777,0.0382762318803882
300,26,10,52,MCMC,active,98,0.3266666666666666,0.1772168161470405,0.056055038354519,2.3457127412425445,1.7700647223358288,0.5343796711509716,0.8827458004829543,0.2197309417040358,5.214058482142856,0.3673469387755102,0.7244897959183674,0.8877551020408163,7.341018433521008,0.3636005695767872
300,26,10,52,MLE_plugin,all,98,0.3266666666666666,0.1772168161470405,0.056055038354519,2.3457127412425445,1.7700647223358288,0.5508221225710015,1.5307241284187556,0.0,1.8019539791666668,0.7966666666666666,0.9166666666666666,0.97,3.4556528335856984,0.0332010907897144
300,26,10,52,MLE_plugin,active,98,0.3266666666666666,0.1772168161470405,0.056055038354519,2.3457127412425445,1.7700647223358288,0.5082212257100149,0.8577896318706543,0.2197309417040358,5.03462793367347,0.4081632653061224,0.7551020408163265,0.9081632653061223,7.422401254276479,0.3541918920817994
300,26,10,52,heuristic,all,98,0.3266666666666666,0.1772168161470405,0.056055038354519,2.3457127412425445,1.7700647223358288,0.7511210762331839,1.9814421175149093,0.0,3.35,0.56,0.56,0.56,0.0,0.27
300,26,10,52,heuristic,active,98,0.3266666666666666,0.1772168161470405,0.056055038354519,2.3457127412425445,1.7700647223358288,0.4798206278026906,0.9574991575382172,0.2197309417040358,6.551020408163265,0.0306122448979591,0.0306122448979591,0.0306122448979591,0.0,0.5102040816326531
300,26,11,13,MCMC,all,140,0.4666666666666667,0.2535056617401485,0.0570898046679329,1.202503506995881,2.0362411881228337,0.6513157894736842,1.1939362137397558,0.4934210526315789,0.937161625,0.7566666666666667,0.9033333333333332,0.9766666666666668,1.7893560720785142,0.0645443622891566
300,26,11,13,MCMC,active,140,0.4666666666666667,0.2535056617401485,0.0570898046679329,1.202503506995881,2.0362411881228337,0.5016447368421053,0.6917482381618331,0.3453947368421053,1.5361533482142855,0.6071428571428571,0.8214285714285714,0.95,2.5185605291917907,0.2245206559487424
300,26,11,13,MLE_plugin,all,140,0.4666666666666667,0.2535056617401485,0.0570898046679329,1.202503506995881,2.0362411881228337,0.6496710526315789,1.201896441213494,0.3700657894736842,0.9353891666666668,0.7566666666666667,0.8966666666666666,0.98,1.7737551349409986,0.0661520231429024
300,26,11,13,MLE_plugin,active,140,0.4666666666666667,0.2535056617401485,0.0570898046679329,1.202503506995881,2.0362411881228337,0.4958881578947368,0.6940029423339242,0.2302631578947368,1.518876607142857,0.6,0.8214285714285714,0.9642857142857144,2.511306785569814,0.2166536807795662
300,26,11,13,heuristic,all,140,0.4666666666666667,0.2535056617401485,0.0570898046679329,1.202503506995881,2.0362411881228337,0.7976973684210525,1.4109311513992877,0.4934210526315789,1.6166666666666667,0.3833333333333333,0.3833333333333333,0.3833333333333333,0.0,0.4279561579646797
300,26,11,13,heuristic,active,140,0.4666666666666667,0.2535056617401485,0.0570898046679329,1.202503506995881,2.0362411881228337,0.4572368421052632,0.6775038203529172,0.2302631578947368,1.9857142857142855,0.2142857142857142,0.2142857142857142,0.2142857142857142,0.0,0.4071428571428571
300,26,11,26,MCMC,all,156,0.52,0.2535056617401485,0.0570898046679329,1.202503506995881,2.0362411881228337,0.6325622775800712,1.1961147384118107,0.2669039145907473,1.6767884999999998,0.72,0.89,0.9866666666666668,3.155317928117269,0.0487493909654209
300,26,11,26,MCMC,active,156,0.52,0.2535056617401485,0.0570898046679329,1.202503506995881,2.0362411881228337,0.4870996441281138,0.7263988343355049,0.2775800711743772,2.490976001602564,0.5705128205128205,0.8269230769230769,0.9743589743589745,4.273514568251981,0.1856957143275092
300,26,11,26,MLE_plugin,all,156,0.52,0.2535056617401485,0.0570898046679329,1.202503506995881,2.0362411881228337,0.6379003558718862,1.1989403858867302,0.2669039145907473,1.6743052083333334,0.7233333333333334,0.8866666666666667,0.98,3.105432611139257,0.0520937835504852
300,26,11,26,MLE_plugin,active,156,0.52,0.2535056617401485,0.0570898046679329,1.202503506995881,2.0362411881228337,0.4875444839857651,0.7248460392565297,0.4163701067615658,2.472386578525641,0.5833333333333334,0.8333333333333334,0.9743589743589745,4.207321309613591,0.1905296460742227
300,26,11,26,heuristic,all,156,0.52,0.2535056617401485,0.0570898046679329,1.202503506995881,2.0362411881228337,0.8069395017793595,1.512272335568171,0.2669039145907473,3.023333333333333,0.3366666666666666,0.3366666666666666,0.3366666666666666,0.0,0.4518827763127178
300,26,11,26,heuristic,active,156,0.52,0.2535056617401485,0.0570898046679329,1.202503506995881,2.0362411881228337,0.4884341637010675,0.7757007183591895,0.2775800711743772,3.519230769230769,0.1346153846153846,0.1346153846153846,0.1346153846153846,0.0,0.4551282051282051
300,26,11,52,MCMC,all,164,0.5466666666666666,0.2535056617401485,0.0570898046679329,1.202503506995881,2.0362411881228337,0.6499282639885223,1.2413577723061788,0.2510760401721664,3.219753875,0.68,0.8566666666666667,0.97,5.8585911237726,0.0553987010025688
300,26,11,52,MCMC,active,164,0.5466666666666666,0.2535056617401485,0.0570898046679329,1.202503506995881,2.0362411881228337,0.5188904830224773,0.8075932994362239,0.3137254901960784,4.721616044207317,0.5182926829268293,0.7987804878048781,0.951219512195122,7.810193128366794,0.1934552412528132
300,26,11,52,MLE_plugin,all,164,0.5466666666666666,0.2535056617401485,0.0570898046679329,1.202503506995881,2.0362411881228337,0.6482544237207079,1.2533699830766256,0.2510760401721664,3.2144816666666665,0.6766666666666666,0.8466666666666667,0.97,5.808092901168211,0.0630799671638032
300,26,11,52,MLE_plugin,active,164,0.5466666666666666,0.2535056617401485,0.0570898046679329,1.202503506995881,2.0362411881228337,0.5100430416068866,0.8023102677501894,0.3137254901960784,4.666606707317073,0.5304878048780488,0.7865853658536586,0.951219512195122,7.756748174795338,0.1965093568327466
300,26,11,52,heuristic,all,164,0.5466666666666666,0.2535056617401485,0.0570898046679329,1.202503506995881,2.0362411881228337,0.9033955045432808,1.6944080331339657,0.430416068866571,6.296666666666667,0.28,0.28,0.28,0.0,0.4952161096460512
300,26,11,52,heuristic,active,164,0.5466666666666666,0.2535056617401485,0.0570898046679329,1.202503506995881,2.0362411881228337,0.5676709708273554,0.9257260437599156,0.3137254901960784,7.237804878048781,0.048780487804878,0.048780487804878,0.048780487804878,0.0,0.5365853658536586
300,26,12,13,MCMC,all,55,0.1833333333333333,0.2238610005299103,0.1344213434673409,1.2662853105937173,1.310696252769303,0.6549295774647887,2.0284461208713567,0.0,0.3337246875,0.9133333333333332,0.9666666666666668,0.99,0.9142192655715234,0.0356081322945637
300,26,12,13,MCMC,active,55,0.1833333333333333,0.2238610005299103,0.1344213434673409,1.2662853105937173,1.310696252769303,0.5446009389671361,0.7101472451150812,0.2582159624413145,1.4620923863636364,0.5454545454545454,0.8363636363636363,0.9454545454545454,2.516264634175325,0.2847390700466948
300,26,12,13,MLE_plugin,all,55,0.1833333333333333,0.2238610005299103,0.1344213434673409,1.2662853105937173,1.310696252769303,0.676056338028169,2.0547617600017936,0.0,0.3431432083333333,0.9066666666666666,0.9566666666666668,0.9866666666666668,0.9107419761623308,0.0270494549384251
300,26,12,13,MLE_plugin,active,55,0.1833333333333333,0.2238610005299103,0.1344213434673409,1.2662853105937173,1.310696252769303,0.5539906103286385,0.7156737661702417,0.5164319248826291,1.4931944318181818,0.509090909090909,0.7818181818181819,0.9454545454545454,2.521290574545286,0.2812570665630859
300,26,12,13,heuristic,all,55,0.1833333333333333,0.2238610005299103,0.1344213434673409,1.2662853105937173,1.310696252769303,1.535211267605634,3.3061111533254937,0.0,1.09,0.5533333333333333,0.5533333333333333,0.5533333333333333,0.0,0.39
300,26,12,13,heuristic,active,55,0.1833333333333333,0.2238610005299103,0.1344213434673409,1.2662853105937173,1.310696252769303,0.4788732394366197,0.6606219380032999,0.2582159624413145,1.8545454545454545,0.1636363636363636,0.1636363636363636,0.1636363636363636,0.0,0.5272727272727272
300,26,12,26,MCMC,all,68,0.2266666666666666,0.2238610005299103,0.1344213434673409,1.2662853105937173,1.310696252769303,0.6523255813953489,2.001993327915688,0.0,0.6755145000000001,0.8666666666666667,0.9266666666666666,0.9833333333333332,1.5758491201261506,0.0403391472096349
300,26,12,26,MCMC,active,68,0.2266666666666666,0.2238610005299103,0.1344213434673409,1.2662853105937173,1.310696252769303,0.5732558139534883,0.8377291667606758,0.3162790697674418,2.5680446691176475,0.4264705882352941,0.6911764705882353,0.9264705882352942,3.964891873031053,0.3722211374363945
300,26,12,26,MLE_plugin,all,68,0.2266666666666666,0.2238610005299103,0.1344213434673409,1.2662853105937173,1.310696252769303,0.6383720930232558,1.929777194816364,0.0,0.6731317291666666,0.8666666666666667,0.93,0.98,1.555399982157979,0.0337452640963256
300,26,12,26,MLE_plugin,active,68,0.2266666666666666,0.2238610005299103,0.1344213434673409,1.2662853105937173,1.310696252769303,0.5546511627906977,0.8020693894985512,0.3162790697674418,2.539123805147059,0.4411764705882353,0.7058823529411765,0.9117647058823528,3.920774398086776,0.3512889922909159
300,26,12,26,heuristic,all,68,0.2266666666666666,0.2238610005299103,0.1344213434673409,1.2662853105937173,1.310696252769303,1.4232558139534883,3.223930262670299,0.0,2.04,0.54,0.54,0.54,0.0,0.3866666666666666
300,26,12,26,heuristic,active,68,0.2266666666666666,0.2238610005299103,0.1344213434673409,1.2662853105937173,1.310696252769303,0.5232558139534884,0.7533017282473351,0.3162790697674418,3.3088235294117645,0.1470588235294117,0.1470588235294117,0.1470588235294117,0.0,0.5294117647058824
300,26,12,52,MCMC,all,70,0.2333333333333333,0.2238610005299103,0.1344213434673409,1.2662853105937173,1.310696252769303,0.7708845208845209,2.486941366652476,0.0,1.4044318125,0.85,0.91,0.9633333333333334,2.677376691078951,0.0411645881813619
300,26,12,52,MCMC,active,70,0.2333333333333333,0.2238610005299103,0.1344213434673409,1.2662853105937173,1.310696252769303,0.7168304668304668,1.1540312597301428,0.343980343980344,5.450449017857143,0.3714285714285714,0.6285714285714286,0.8428571428571429,6.783472778948744,0.4488887228327181
300,26,12,52,MLE_plugin,all,70,0.2333333333333333,0.2238610005299103,0.1344213434673409,1.2662853105937173,1.310696252769303,0.7315724815724816,2.3029975005323866,0.0,1.3559066666666668,0.85,0.91,0.96,2.678732149399213,0.0390098508296871
300,26,12,52,MLE_plugin,active,70,0.2333333333333333,0.2238610005299103,0.1344213434673409,1.2662853105937173,1.310696252769303,0.6750614250614251,1.0675792304902068,0.343980343980344,5.238835624999999,0.3857142857142857,0.6285714285714286,0.8285714285714286,6.852554945421263,0.4151888645553572
300,26,12,52,heuristic,all,70,0.2333333333333333,0.2238610005299103,0.1344213434673409,1.2662853105937173,1.310696252769303,1.5737100737100735,3.4550163770435867,0.0,4.27,0.5066666666666667,0.5066666666666667,0.5066666666666667,0.0,0.4166666666666667
300,26,12,52,heuristic,active,70,0.2333333333333333,0.2238610005299103,0.1344213434673409,1.2662853105937173,1.310696252769303,0.6056511056511057,0.844142161598842,0.42997542997543,7.042857142857143,0.0285714285714285,0.0285714285714285,0.0285714285714285,0.0,0.6428571428571429
300,26,13,13,MCMC,all,102,0.34,0.0926578402783141,0.1063873028077559,0.9269113793954806,2.3829688504097613,0.7772511848341231,1.6001841721454153,0.0,0.4043777708333333,0.83,0.9633333333333334,0.9933333333333332,1.0360430993788714,0.0460471959108579
300,26,13,13,MCMC,active,102,0.34,0.0926578402783141,0.1063873028077559,0.9269113793954806,2.3829688504097613,0.6350710900473933,0.8747639238466322,0.4834123222748814,0.9247616421568626,0.5294117647058824,0.8921568627450981,0.9803921568627452,1.4456210768714648,0.3371003221627994
300,26,13,13,MLE_plugin,all,102,0.34,0.0926578402783141,0.1063873028077559,0.9269113793954806,2.3829688504097613,0.7725118483412322,1.5433800462496474,0.0,0.4176141666666666,0.83,0.96,0.99,1.0532499942672302,0.0602435575127586
300,26,13,13,MLE_plugin,active,102,0.34,0.0926578402783141,0.1063873028077559,0.9269113793954806,2.3829688504097613,0.5616113744075829,0.8098235055832774,0.4834123222748814,0.8781636642156864,0.6078431372549019,0.8823529411764706,0.9705882352941176,1.4427180787081346,0.2516811753741648
300,26,13,13,heuristic,all,102,0.34,0.0926578402783141,0.1063873028077559,0.9269113793954806,2.3829688504097613,1.0900473933649288,1.8059297519675497,0.7109004739336493,0.7666666666666667,0.5,0.5,0.5,0.0,0.37
300,26,13,13,heuristic,active,102,0.34,0.0926578402783141,0.1063873028077559,0.9269113793954806,2.3829688504097613,0.5687203791469194,0.7894090166315455,0.4834123222748814,1.1764705882352942,0.284313725490196,0.284313725490196,0.284313725490196,0.0,0.3725490196078431
300,26,13,26,MCMC,all,137,0.4566666666666666,0.0926578402783141,0.1063873028077559,0.9269113793954806,2.3829688504097613,0.7256235827664399,1.3625269000179616,0.0,0.76963125,0.7966666666666666,0.9433333333333334,0.9833333333333332,1.7073323315543385,0.0803618039046229
300,26,13,26,MCMC,active,137,0.4566666666666666,0.0926578402783141,0.1063873028077559,0.9269113793954806,2.3829688504097613,0.6258503401360545,0.8778702976410356,0.3106575963718821,1.3908547445255477,0.5912408759124088,0.8832116788321168,0.9635036496350364,2.196907538538988,0.3509785085289728
300,26,13,26,MLE_plugin,all,137,0.4566666666666666,0.0926578402783141,0.1063873028077559,0.9269113793954806,2.3829688504097613,0.7278911564625851,1.3422810509704075,0.6802721088435374,0.7796989999999999,0.7766666666666666,0.9166666666666666,0.9833333333333332,1.7503431876325826,0.0405031235983529
300,26,13,26,MLE_plugin,active,137,0.4566666666666666,0.0926578402783141,0.1063873028077559,0.9269113793954806,2.3829688504097613,0.5668934240362812,0.8281131327895207,0.3106575963718821,1.3056048813868613,0.6058394160583942,0.8394160583941606,0.9635036496350364,2.217579434175623,0.24693317118527
300,26,13,26,heuristic,all,137,0.4566666666666666,0.0926578402783141,0.1063873028077559,0.9269113793954806,2.3829688504097613,0.9024943310657596,1.5720027222165092,0.6802721088435374,1.3266666666666669,0.44,0.44,0.44,0.0,0.3533333333333333
300,26,13,26,heuristic,active,137,0.4566666666666666,0.0926578402783141,0.1063873028077559,0.9269113793954806,2.3829688504097613,0.5804988662131519,0.8575746671738462,0.3106575963718821,1.8686131386861315,0.1824817518248175,0.1824817518248175,0.1824817518248175,0.0,0.4452554744525547
300,26,13,52,MCMC,all,153,0.51,0.0926578402783141,0.1063873028077559,0.9269113793954806,2.3829688504097613,0.7468030690537085,1.3451749405846605,0.3836317135549872,1.3977213541666669,0.7333333333333333,0.92,0.9866666666666668,2.984595223224641,0.0798935144148018
300,26,13,52,MCMC,active,153,0.51,0.0926578402783141,0.1063873028077559,0.9269113793954806,2.3829688504097613,0.6496163682864451,0.9133174598058994,0.391304347826087,2.289890686274509,0.5490196078431373,0.8496732026143791,0.9738562091503268,3.7195634526238415,0.3259801316293494
300,26,13,52,MLE_plugin,all,153,0.51,0.0926578402783141,0.1063873028077559,0.9269113793954806,2.3829688504097613,0.774296675191816,1.3553026688312095,0.3836317135549872,1.4626301458333333,0.7033333333333334,0.8966666666666666,0.9866666666666668,3.0976398336702733,0.0350831037309531
300,26,13,52,MLE_plugin,active,153,0.51,0.0926578402783141,0.1063873028077559,0.9269113793954806,2.3829688504097613,0.5997442455242967,0.8672283176678289,0.391304347826087,2.1870216094771244,0.5490196078431373,0.8431372549019608,0.9738562091503268,3.771431334526439,0.1806804659813484
300,26,13,52,heuristic,all,153,0.51,0.0926578402783141,0.1063873028077559,0.9269113793954806,2.3829688504097613,1.057544757033248,1.8008911044868805,0.7672634271099745,2.756666666666667,0.36,0.36,0.36,0.0,0.41
300,26,13,52,heuristic,active,153,0.51,0.0926578402783141,0.1063873028077559,0.9269113793954806,2.3829688504097613,0.7122762148337596,1.0517177891513232,0.391304347826087,3.6405228758169934,0.0718954248366013,0.0718954248366013,0.0718954248366013,0.0,0.477124183006536
300,26,14,13,MCMC,all,15,0.05,0.2060113744893777,0.1712811138889851,1.018375054931984,0.5562561093292504,0.977777777777778,4.5866149867889545,0.0,0.1254915208333333,0.9733333333333334,0.9833333333333332,0.9933333333333332,0.4861641192148166,0.0293592284809306
300,26,14,13,MCMC,active,15,0.05,0.2060113744893777,0.1712811138889851,1.018375054931984,0.5562561093292504,0.7333333333333334,0.938872452190116,0.6666666666666666,1.6240441666666663,0.4666666666666667,0.6666666666666666,0.8666666666666667,1.7958046436530728,0.3961550475032032
300,26,14,13,MLE_plugin,all,15,0.05,0.2060113744893777,0.1712811138889851,1.018375054931984,0.5562561093292504,0.9333333333333336,4.682512779045662,0.0,0.1191846458333333,0.97,0.98,0.9933333333333332,0.4496285682571637,0.0222250903077998
300,26,14,13,MLE_plugin,active,15,0.05,0.2060113744893777,0.1712811138889851,1.018375054931984,0.5562561093292504,0.7777777777777778,1.0073801739238344,0.6666666666666666,1.7260458333333335,0.4,0.6,0.8666666666666667,1.7335726367136894,0.4511765068383832
300,26,14,13,heuristic,all,15,0.05,0.2060113744893777,0.1712811138889851,1.018375054931984,0.5562561093292504,6.355555555555556,11.788255297666527,0.0,0.9533333333333334,0.5166666666666667,0.5166666666666667,0.5166666666666667,0.0,0.46
300,26,14,13,heuristic,active,15,0.05,0.2060113744893777,0.1712811138889851,1.018375054931984,0.5562561093292504,0.6,0.8388704928078611,0.3333333333333333,1.8,0.2,0.2,0.2,0.0,0.4
300,26,14,26,MCMC,all,15,0.05,0.2060113744893777,0.1712811138889851,1.018375054931984,0.5562561093292504,1.0775862068965518,5.105166299825148,0.0,0.1709709999999999,0.97,0.9833333333333332,0.9933333333333332,0.7948530396320828,0.0327829337412931
300,26,14,26,MCMC,active,15,0.05,0.2060113744893777,0.1712811138889851,1.018375054931984,0.5562561093292504,0.8017241379310345,1.0605550674668467,0.7758620689655172,2.0784125,0.4666666666666667,0.6666666666666666,0.8666666666666667,2.901693583213832,0.3149314158189714
300,26,14,26,MLE_plugin,all,15,0.05,0.2060113744893777,0.1712811138889851,1.018375054931984,0.5562561093292504,0.9741379310344828,5.293833488911738,0.0,0.157720375,0.9733333333333334,0.98,0.9933333333333332,0.6780381096721616,0.0235577569202837
300,26,14,26,MLE_plugin,active,15,0.05,0.2060113744893777,0.1712811138889851,1.018375054931984,0.5562561093292504,0.8103448275862069,1.1430137271701533,0.5172413793103449,2.25007375,0.4666666666666667,0.6,0.8666666666666667,2.8086909852772672,0.3999624049647812
300,26,14,26,heuristic,all,15,0.05,0.2060113744893777,0.1712811138889851,1.018375054931984,0.5562561093292504,9.086206896551724,18.014560104070345,0.0,1.7566666666666666,0.5133333333333333,0.5133333333333333,0.5133333333333333,0.0,0.4766666666666667
300,26,14,26,heuristic,active,15,0.05,0.2060113744893777,0.1712811138889851,1.018375054931984,0.5562561093292504,0.8275862068965517,1.2739967725455976,0.7758620689655172,3.2,0.1333333333333333,0.1333333333333333,0.1333333333333333,0.0,0.6666666666666666
300,26,14,52,MCMC,all,15,0.05,0.2060113744893777,0.1712811138889851,1.018375054931984,0.5562561093292504,1.0432098765432098,6.490293832908821,0.0,0.2405890208333333,0.9733333333333334,0.9833333333333332,0.9933333333333332,1.2111460997627304,0.037846007900096
300,26,14,52,MCMC,active,15,0.05,0.2060113744893777,0.1712811138889851,1.018375054931984,0.5562561093292504,0.8271604938271605,1.4143752144925432,0.5555555555555555,3.0958037500000004,0.5333333333333333,0.6666666666666666,0.8666666666666667,4.853494501553182,0.281252191879687
300,26,14,52,MLE_plugin,all,15,0.05,0.2060113744893777,0.1712811138889851,1.018375054931984,0.5562561093292504,0.9814814814814816,6.826780959691392,0.0,0.2207351875,0.9733333333333334,0.9766666666666668,0.9933333333333332,0.958047766519874,0.0237364279657223
300,26,14,52,MLE_plugin,active,15,0.05,0.2060113744893777,0.1712811138889851,1.018375054931984,0.5562561093292504,0.8518518518518517,1.5082458917124215,0.5555555555555555,3.384487916666666,0.4666666666666667,0.5333333333333333,0.8666666666666667,4.227915939574137,0.3754657956773442
300,26,14,52,heuristic,all,15,0.05,0.2060113744893777,0.1712811138889851,1.018375054931984,0.5562561093292504,13.320987654320987,26.169054000642117,0.0,3.5966666666666667,0.5066666666666667,0.5066666666666667,0.5066666666666667,0.0,0.48
300,26,14,52,heuristic,active,15,0.05,0.2060113744893777,0.1712811138889851,1.018375054931984,0.5562561093292504,1.382716049382716,2.0059354085520886,0.9259259259259258,7.466666666666667,0.0,0.0,0.0,0.0,0.7333333333333333
500,39,0,13,MCMC,all,44,0.088,0.2025494764509058,0.1235698118585576,2.3091107561981064,0.9766383407989976,0.545945945945946,2.444414930723246,0.0,0.146072875,0.956,0.978,0.992,0.3979816394805674,0.0370478336894704
500,39,0,13,MCMC,active,44,0.088,0.2025494764509058,0.1235698118585576,2.3091107561981064,0.9766383407989976,0.4810810810810811,0.6961859990085163,0.2378378378378378,1.467540625,0.5454545454545454,0.7727272727272727,0.9090909090909092,2.453565648839472,0.3089508513557407
500,39,0,13,MLE_plugin,all,44,0.088,0.2025494764509058,0.1235698118585576,2.3091107561981064,0.9766383407989976,0.5405405405405406,2.441424819597019,0.0,0.142670875,0.956,0.982,0.994,0.4000211499445637,0.0388293302266168
500,39,0,13,MLE_plugin,active,44,0.088,0.2025494764509058,0.1235698118585576,2.3091107561981064,0.9766383407989976,0.4810810810810811,0.698030203561424,0.2378378378378378,1.431024005681818,0.5454545454545454,0.7954545454545454,0.9318181818181818,2.457952938192136,0.3154823829740855
500,39,0,13,heuristic,all,44,0.088,0.2025494764509058,0.1235698118585576,2.3091107561981064,0.9766383407989976,1.681081081081081,4.9290065851779445,0.0,0.622,0.756,0.756,0.756,0.0,0.2177479523663188
500,39,0,13,heuristic,active,44,0.088,0.2025494764509058,0.1235698118585576,2.3091107561981064,0.9766383407989976,0.4216216216216216,0.5935125289215484,0.2378378378378378,1.7727272727272727,0.2045454545454545,0.2045454545454545,0.2045454545454545,0.0,0.4318181818181818
500,39,0,26,MCMC,all,48,0.096,0.2025494764509058,0.1235698118585576,2.3091107561981064,0.9766383407989976,0.5693641618497111,2.59432307398975,0.0,0.2834656499999999,0.952,0.972,0.988,0.6772424739221735,0.0418927300106937
500,39,0,26,MCMC,active,48,0.096,0.2025494764509058,0.1235698118585576,2.3091107561981064,0.9766383407989976,0.523121387283237,0.7871890142491185,0.2774566473988439,2.7085841145833336,0.5208333333333334,0.7291666666666666,0.875,4.233384044085228,0.3190165570290332
500,39,0,26,MLE_plugin,all,48,0.096,0.2025494764509058,0.1235698118585576,2.3091107561981064,0.9766383407989976,0.5650289017341041,2.581614132919698,0.0,0.2795765125,0.954,0.972,0.986,0.6788539976120656,0.0432696374177603
500,39,0,26,MLE_plugin,active,48,0.096,0.2025494764509058,0.1235698118585576,2.3091107561981064,0.9766383407989976,0.5216763005780347,0.7844465203861374,0.2774566473988439,2.661557161458333,0.5625,0.7291666666666666,0.8541666666666666,4.161340159540742,0.3246558446803373
500,39,0,26,heuristic,all,48,0.096,0.2025494764509058,0.1235698118585576,2.3091107561981064,0.9766383407989976,1.9682080924855492,5.387286338037759,0.0,1.362,0.63,0.63,0.63,0.0,0.34
500,39,0,26,heuristic,active,48,0.096,0.2025494764509058,0.1235698118585576,2.3091107561981064,0.9766383407989976,0.5,0.7381663579350092,0.2774566473988439,3.6041666666666665,0.125,0.125,0.125,0.0,0.5625
500,39,0,52,MCMC,all,51,0.102,0.2025494764509058,0.1235698118585576,2.3091107561981064,0.9766383407989976,0.647940074906367,3.334832175750585,0.0,0.4892949125,0.948,0.968,0.982,1.1615733645003123,0.0412904334623486
500,39,0,52,MCMC,active,51,0.102,0.2025494764509058,0.1235698118585576,2.3091107561981064,0.9766383407989976,0.6104868913857678,1.0542580532886023,0.2865168539325842,4.46046556372549,0.5098039215686274,0.7058823529411765,0.8235294117647058,7.223323582975463,0.3105943654683004
500,39,0,52,MLE_plugin,all,51,0.102,0.2025494764509058,0.1235698118585576,2.3091107561981064,0.9766383407989976,0.6367041198501873,3.2236129332460166,0.0,0.4898969,0.95,0.968,0.982,1.188953341557706,0.0414095605504635
500,39,0,52,MLE_plugin,active,51,0.102,0.2025494764509058,0.1235698118585576,2.3091107561981064,0.9766383407989976,0.5936329588014981,1.0175701535422317,0.2865168539325842,4.453727205882353,0.5490196078431373,0.7058823529411765,0.8235294117647058,7.342095928191536,0.2948393422175394
500,39,0,52,heuristic,all,51,0.102,0.2025494764509058,0.1235698118585576,2.3091107561981064,0.9766383407989976,2.6704119850187262,7.305291210106847,0.0,2.852,0.618,0.618,0.618,0.0,0.354
500,39,0,52,heuristic,active,51,0.102,0.2025494764509058,0.1235698118585576,2.3091107561981064,0.9766383407989976,0.7977528089887641,1.2024221931506236,0.4775280898876404,8.352941176470589,0.0392156862745098,0.0392156862745098,0.0392156862745098,0.0,0.6862745098039216
500,39,1,13,MCMC,all,100,0.2,0.2698769710969957,0.1482739913060319,0.9318861828781676,1.2003883795067651,0.5975903614457831,1.8028058323657008,0.0,0.3630411875,0.918,0.956,0.984,0.7696646258891711,0.0263218992411889
500,39,1,13,MCMC,active,100,0.2,0.2698769710969957,0.1482739913060319,0.9318861828781676,1.2003883795067651,0.5493975903614456,0.7865541563349139,0.3012048192771084,1.6319675624999996,0.6,0.78,0.92,2.28694491059534,0.308519380912432
500,39,1,13,MLE_plugin,all,100,0.2,0.2698769710969957,0.1482739913060319,0.9318861828781676,1.2003883795067651,0.5867469879518072,1.79129522098753,0.0,0.3581486499999999,0.914,0.964,0.988,0.7720137386001912,0.0250505293651866
500,39,1,13,MLE_plugin,active,100,0.2,0.2698769710969957,0.1482739913060319,0.9318861828781676,1.2003883795067651,0.5421686746987951,0.7826690009114079,0.2409638554216867,1.6075158124999995,0.59,0.82,0.94,2.299149014723514,0.2887973839540612
500,39,1,13,heuristic,all,100,0.2,0.2698769710969957,0.1482739913060319,0.9318861828781676,1.2003883795067651,1.1397590361445784,2.313127506635516,0.0,0.946,0.564,0.564,0.564,0.0,0.348
500,39,1,13,heuristic,active,100,0.2,0.2698769710969957,0.1482739913060319,0.9318861828781676,1.2003883795067651,0.4506024096385542,0.6912765439894483,0.2409638554216867,1.87,0.22,0.22,0.22,0.0,0.4335126797012244
500,39,1,26,MCMC,all,111,0.222,0.2698769710969957,0.1482739913060319,0.9318861828781676,1.2003883795067651,0.6065128900949797,1.8840222477839657,0.0,0.6579834250000001,0.882,0.948,0.978,1.3263084366519138,0.0256915268287287
500,39,1,26,MCMC,active,111,0.222,0.2698769710969957,0.1482739913060319,0.9318861828781676,1.2003883795067651,0.5651289009497965,0.8666963837343403,0.3012211668928087,2.7175036599099105,0.5045045045045045,0.7657657657657657,0.9009009009009008,3.838576772174068,0.2895916435997067
500,39,1,26,MLE_plugin,all,111,0.222,0.2698769710969957,0.1482739913060319,0.9318861828781676,1.2003883795067651,0.6004070556309362,1.8798033924691195,0.0,0.6512604125,0.89,0.948,0.982,1.3304807969282708,0.0223654870466251
500,39,1,26,MLE_plugin,active,111,0.222,0.2698769710969957,0.1482739913060319,0.9318861828781676,1.2003883795067651,0.5583446404341926,0.8612561943932329,0.3012211668928087,2.6793091779279266,0.5405405405405406,0.7657657657657657,0.918918918918919,3.841356013791618,0.2521571337272164
500,39,1,26,heuristic,all,111,0.222,0.2698769710969957,0.1482739913060319,0.9318861828781676,1.2003883795067651,1.35685210312076,2.6977140842526257,0.6784260515603799,2.0,0.396,0.396,0.396,0.0,0.516
500,39,1,26,heuristic,active,111,0.222,0.2698769710969957,0.1482739913060319,0.9318861828781676,1.2003883795067651,0.525101763907734,0.882034230760918,0.3012211668928087,3.4864864864864864,0.1081081081081081,0.1081081081081081,0.1081081081081081,0.0,0.4954954954954955
500,39,1,52,MCMC,all,114,0.228,0.2698769710969957,0.1482739913060319,0.9318861828781676,1.2003883795067651,0.7018140589569161,2.0535318160712355,0.0,1.2767817875,0.872,0.946,0.976,2.363796196119602,0.0319575807797859
500,39,1,52,MCMC,active,114,0.228,0.2698769710969957,0.1482739913060319,0.9318861828781676,1.2003883795067651,0.6693121693121693,0.9638837616176862,0.4308390022675737,5.242186184210527,0.4649122807017544,0.7631578947368421,0.8947368421052632,6.976480796804172,0.3141484941815626
500,39,1,52,MLE_plugin,all,114,0.228,0.2698769710969957,0.1482739913060319,0.9318861828781676,1.2003883795067651,0.6848072562358277,2.058863125428416,0.0,1.2637553,0.872,0.944,0.978,2.380490228861483,0.0319887766091325
500,39,1,52,MLE_plugin,active,114,0.228,0.2698769710969957,0.1482739913060319,0.9318861828781676,1.2003883795067651,0.6489040060468633,0.9663469566512648,0.4308390022675737,5.172794627192982,0.4649122807017544,0.7543859649122807,0.9035087719298246,7.007424368463168,0.2757356630956725
500,39,1,52,heuristic,all,114,0.228,0.2698769710969957,0.1482739913060319,0.9318861828781676,1.2003883795067651,1.5253212396069538,3.169469988800447,0.7558578987150416,4.036,0.384,0.384,0.384,0.0,0.528
500,39,1,52,heuristic,active,114,0.228,0.2698769710969957,0.1482739913060319,0.9318861828781676,1.2003883795067651,0.6198034769463341,1.1149946784957494,0.3446712018140589,7.192982456140351,0.0526315789473684,0.0526315789473684,0.0526315789473684,0.0,0.5614035087719298
500,39,2,13,MCMC,all,51,0.102,0.2951950128897733,0.08696543370024,2.3163452915098404,0.9270457083179076,0.6272189349112426,3.03705106030293,0.0,0.281068375,0.928,0.972,0.982,0.5783963127248503,0.0379405991636941
500,39,2,13,MCMC,active,51,0.102,0.2951950128897733,0.08696543370024,2.3163452915098404,0.9270457083179076,0.5547337278106508,0.9001950292287146,0.301775147928994,2.430589583333333,0.3333333333333333,0.7450980392156863,0.8235294117647058,3.646966511073648,0.2730025837677265
500,39,2,13,MLE_plugin,all,51,0.102,0.2951950128897733,0.08696543370024,2.3163452915098404,0.9270457083179076,0.6198224852071005,3.012271680965742,0.0,0.28225665,0.934,0.974,0.982,0.5725624071613435,0.0309163275890277
500,39,2,13,MLE_plugin,active,51,0.102,0.2951950128897733,0.08696543370024,2.3163452915098404,0.9270457083179076,0.5488165680473372,0.8957207476189585,0.301775147928994,2.454279289215686,0.392156862745098,0.7647058823529411,0.8235294117647058,3.657179239311529,0.2575208894603719
500,39,2,13,heuristic,all,51,0.102,0.2951950128897733,0.08696543370024,2.3163452915098404,0.9270457083179076,1.8550295857988164,5.514796073849303,0.0,1.254,0.724,0.724,0.724,0.0,0.2371280106186413
500,39,2,13,heuristic,active,51,0.102,0.2951950128897733,0.08696543370024,2.3163452915098404,0.9270457083179076,0.5680473372781064,1.0150473226355134,0.301775147928994,3.764705882352941,0.1764705882352941,0.1764705882352941,0.1764705882352941,0.0,0.4117647058823529
500,39,2,26,MCMC,all,56,0.112,0.2951950128897733,0.08696543370024,2.3163452915098404,0.9270457083179076,0.7181818181818181,4.1318156815674,0.0,0.5232195000000001,0.932,0.968,0.98,1.07988136142574,0.0401737508582947
500,39,2,26,MCMC,active,56,0.112,0.2951950128897733,0.08696543370024,2.3163452915098404,0.9270457083179076,0.6345454545454545,1.3080551458034213,0.2545454545454546,4.17099609375,0.4464285714285714,0.7321428571428571,0.8214285714285714,6.6932486497573445,0.1920653346825392
500,39,2,26,MLE_plugin,all,56,0.112,0.2951950128897733,0.08696543370024,2.3163452915098404,0.9270457083179076,0.7072727272727273,4.145893118746082,0.0,0.5209366875,0.936,0.968,0.984,1.0568907654121744,0.0347114095821241
500,39,2,26,MLE_plugin,active,56,0.112,0.2951950128897733,0.08696543370024,2.3163452915098404,0.9270457083179076,0.6345454545454545,1.3373416334759416,0.2545454545454546,4.197512388392857,0.4821428571428571,0.7321428571428571,0.8571428571428571,6.668090231910879,0.2156760315832213
500,39,2,26,heuristic,all,56,0.112,0.2951950128897733,0.08696543370024,2.3163452915098404,0.9270457083179076,2.427272727272727,7.362289439102756,0.0,2.67,0.646,0.646,0.646,0.0,0.3251280106186413
500,39,2,26,heuristic,active,56,0.112,0.2951950128897733,0.08696543370024,2.3163452915098404,0.9270457083179076,0.7836363636363636,1.6138491537033723,0.2036363636363636,7.696428571428571,0.125,0.125,0.125,0.0,0.5892857142857143
500,39,2,52,MCMC,all,57,0.114,0.2951950128897733,0.08696543370024,2.3163452915098404,0.9270457083179076,0.8113006396588487,4.371749637055395,0.0,1.0252523999999998,0.93,0.962,0.974,2.022238658311598,0.0441163460627095
500,39,2,52,MCMC,active,57,0.114,0.2951950128897733,0.08696543370024,2.3163452915098404,0.9270457083179076,0.7473347547974414,1.4408478259436568,0.3038379530916844,8.254025767543858,0.4561403508771929,0.6666666666666666,0.7719298245614035,13.064105216516204,0.2464207484573982
500,39,2,52,MLE_plugin,all,57,0.114,0.2951950128897733,0.08696543370024,2.3163452915098404,0.9270457083179076,0.8150319829424307,4.7412457353401205,0.0,1.026316975,0.934,0.96,0.972,1.9873567379871384,0.0379478525342134
500,39,2,52,MLE_plugin,active,57,0.114,0.2951950128897733,0.08696543370024,2.3163452915098404,0.9270457083179076,0.7649253731343285,1.583351897121441,0.3038379530916844,8.364571381578948,0.4736842105263157,0.6666666666666666,0.7543859649122807,12.93676815152591,0.2482017543859649
500,39,2,52,heuristic,all,57,0.114,0.2951950128897733,0.08696543370024,2.3163452915098404,0.9270457083179076,3.017057569296376,9.144549118654028,0.0,5.66,0.63,0.63,0.63,0.0,0.3411280106186413
500,39,2,52,heuristic,active,57,0.114,0.2951950128897733,0.08696543370024,2.3163452915098404,0.9270457083179076,1.1226012793176974,2.1751449993202696,0.4253731343283582,18.473684210526315,0.0,0.0,0.0,0.0,0.7192982456140351
500,39,3,13,MCMC,all,133,0.266,0.1594994892384723,0.0667541785875613,1.2578038821107644,1.4398317242472252,0.652317880794702,1.5778260548547445,0.0,0.4231780125,0.86,0.936,0.986,0.8806478942486357,0.050169117777828
500,39,3,13,MCMC,active,133,0.266,0.1594994892384723,0.0667541785875613,1.2578038821107644,1.4398317242472252,0.5485651214128036,0.7666045641545277,0.293598233995585,1.32050625,0.5639097744360902,0.7819548872180451,0.9473684210526316,1.8601370149920304,0.3321308019587373
500,39,3,13,MLE_plugin,all,133,0.266,0.1594994892384723,0.0667541785875613,1.2578038821107644,1.4398317242472252,0.6545253863134657,1.5619174059696364,0.0,0.4215329124999999,0.862,0.936,0.992,0.8852675190617634,0.0451381625398715
500,39,3,13,MLE_plugin,active,133,0.266,0.1594994892384723,0.0667541785875613,1.2578038821107644,1.4398317242472252,0.5353200883002207,0.7505851505414842,0.293598233995585,1.3024809680451128,0.5714285714285714,0.7744360902255639,0.9699248120300752,1.8519798670612884,0.3298526963961415
500,39,3,13,heuristic,all,133,0.266,0.1594994892384723,0.0667541785875613,1.2578038821107644,1.4398317242472252,0.869757174392936,1.7838502296544745,0.0,0.788,0.606,0.606,0.606,0.0,0.2662589940347414
500,39,3,13,heuristic,active,133,0.266,0.1594994892384723,0.0667541785875613,1.2578038821107644,1.4398317242472252,0.4503311258278145,0.6569990370985911,0.293598233995585,1.533834586466165,0.2180451127819548,0.2180451127819548,0.2180451127819548,0.0,0.4736842105263158
500,39,3,26,MCMC,all,164,0.328,0.1594994892384723,0.0667541785875613,1.2578038821107644,1.4398317242472252,0.6207729468599035,1.408960201264723,0.0,0.7418061125,0.816,0.906,0.98,1.4882977711487035,0.0545289637306631
500,39,3,26,MCMC,active,164,0.328,0.1594994892384723,0.0667541785875613,1.2578038821107644,1.4398317242472252,0.5386473429951691,0.7577787848599499,0.3961352657004831,1.9364921875,0.4939024390243902,0.7378048780487805,0.9390243902439024,2.8949799047721925,0.2968132047463044
500,39,3,26,MLE_plugin,all,164,0.328,0.1594994892384723,0.0667541785875613,1.2578038821107644,1.4398317242472252,0.6256038647342995,1.4296425847526226,0.0,0.7428721625,0.814,0.912,0.98,1.485293067361292,0.040725190357876
500,39,3,26,MLE_plugin,active,164,0.328,0.1594994892384723,0.0667541785875613,1.2578038821107644,1.4398317242472252,0.5307971014492753,0.7560010254410521,0.3961352657004831,1.9158593368902437,0.4939024390243902,0.7560975609756098,0.9390243902439024,2.875726793772018,0.2879041121496152
500,39,3,26,heuristic,all,164,0.328,0.1594994892384723,0.0667541785875613,1.2578038821107644,1.4398317242472252,0.8973429951690821,1.8174221875449883,0.6038647342995169,1.486,0.492,0.492,0.492,0.0,0.3662589940347414
500,39,3,26,heuristic,active,164,0.328,0.1594994892384723,0.0667541785875613,1.2578038821107644,1.4398317242472252,0.4613526570048308,0.7297165013707384,0.3961352657004831,2.3292682926829267,0.1646341463414634,0.1646341463414634,0.1646341463414634,0.0,0.426829268292683
500,39,3,52,MCMC,all,180,0.36,0.1594994892384723,0.0667541785875613,1.2578038821107644,1.4398317242472252,0.642610497237569,1.533106396546294,0.0,1.3526609875,0.782,0.9,0.978,2.626161936813604,0.0512838525085124
500,39,3,52,MCMC,active,180,0.36,0.1594994892384723,0.0667541785875613,1.2578038821107644,1.4398317242472252,0.5666436464088398,0.8749989098529362,0.3729281767955801,3.278427534722222,0.4555555555555555,0.7444444444444445,0.9388888888888888,4.923839948952724,0.3083309771552661
500,39,3,52,MLE_plugin,all,180,0.36,0.1594994892384723,0.0667541785875613,1.2578038821107644,1.4398317242472252,0.6505524861878453,1.5309466659241715,0.0,1.34846365,0.788,0.906,0.978,2.660157632371465,0.0401078720339816
500,39,3,52,MLE_plugin,active,180,0.36,0.1594994892384723,0.0667541785875613,1.2578038821107644,1.4398317242472252,0.5628453038674033,0.8649954923904895,0.3729281767955801,3.2211936805555554,0.4722222222222222,0.7611111111111111,0.9388888888888888,4.967550851421807,0.2813393076351156
500,39,3,52,heuristic,all,180,0.36,0.1594994892384723,0.0667541785875613,1.2578038821107644,1.4398317242472252,1.031767955801105,2.171738980617341,0.3453038674033149,2.988,0.44,0.44,0.44,0.0,0.4162589940347413
500,39,3,52,heuristic,active,180,0.36,0.1594994892384723,0.0667541785875613,1.2578038821107644,1.4398317242472252,0.5524861878453039,0.954928465054203,0.2486187845303867,4.444444444444445,0.0611111111111111,0.0611111111111111,0.0611111111111111,0.0,0.5388888888888889
500,39,4,13,MCMC,all,32,0.064,0.0698501766682656,0.057195437257062,1.5606051340100215,0.5428150522561457,1.2545454545454546,4.827606562673365,0.0,0.1066971499999999,0.95,0.968,0.99,0.3762900180853183,0.0299828215739629
500,39,4,13,MCMC,active,32,0.064,0.0698501766682656,0.057195437257062,1.5606051340100215,0.5428150522561457,0.8727272727272727,1.0077386516764375,0.5818181818181818,1.080417578125,0.375,0.53125,0.84375,0.9636389336346683,0.4781988380387165
500,39,4,13,MLE_plugin,all,32,0.064,0.0698501766682656,0.057195437257062,1.5606051340100215,0.5428150522561457,1.2545454545454546,4.861724348043977,0.0,0.1047294875,0.95,0.968,0.992,0.3580942400505521,0.0341689940418171
500,39,4,13,MLE_plugin,active,32,0.064,0.0698501766682656,0.057195437257062,1.5606051340100215,0.5428150522561457,0.8727272727272727,1.02851895445316,0.5818181818181818,1.1190228515624998,0.34375,0.53125,0.875,0.9342266030177,0.4962409178278821
500,39,4,13,heuristic,all,32,0.064,0.0698501766682656,0.057195437257062,1.5606051340100215,0.5428150522561457,3.2545454545454544,8.018573480436343,0.0,0.358,0.77,0.77,0.77,0.0,0.18913606755806
500,39,4,13,heuristic,active,32,0.064,0.0698501766682656,0.057195437257062,1.5606051340100215,0.5428150522561457,0.7454545454545455,0.9370253619436456,0.5818181818181818,1.28125,0.15625,0.15625,0.15625,0.0,0.65625
500,39,4,26,MCMC,all,42,0.084,0.0698501766682656,0.057195437257062,1.5606051340100215,0.5428150522561457,1.161764705882353,4.319570460796118,0.0,0.18043075,0.938,0.968,0.992,0.5916094902793811,0.033174790525332
500,39,4,26,MCMC,active,42,0.084,0.0698501766682656,0.057195437257062,1.5606051340100215,0.5428150522561457,0.7745098039215687,0.9863544192475082,0.411764705882353,1.3917437499999998,0.3809523809523809,0.6666666666666666,0.9047619047619048,1.4830691710375017,0.4707407449644561
500,39,4,26,MLE_plugin,all,42,0.084,0.0698501766682656,0.057195437257062,1.5606051340100215,0.5428150522561457,1.1029411764705883,4.178184772031379,0.0,0.1760521749999999,0.934,0.964,0.988,0.5568287663903136,0.0384508570876306
500,39,4,26,MLE_plugin,active,42,0.084,0.0698501766682656,0.057195437257062,1.5606051340100215,0.5428150522561457,0.803921568627451,1.0086134234989557,0.6176470588235294,1.4666080357142854,0.3333333333333333,0.5952380952380952,0.8571428571428571,1.423012572388485,0.4915421481155732
500,39,4,26,heuristic,all,42,0.084,0.0698501766682656,0.057195437257062,1.5606051340100215,0.5428150522561457,3.754901960784314,8.263839416818243,0.0,0.766,0.644,0.644,0.644,0.0,0.31113606755806
500,39,4,26,heuristic,active,42,0.084,0.0698501766682656,0.057195437257062,1.5606051340100215,0.5428150522561457,0.6176470588235294,0.8595081880119093,0.411764705882353,1.5,0.2142857142857142,0.2142857142857142,0.2142857142857142,0.0,0.5238095238095238
500,39,4,52,MCMC,all,49,0.098,0.0698501766682656,0.057195437257062,1.5606051340100215,0.5428150522561457,1.1550632911392404,4.1484674382480256,0.0,0.275447725,0.93,0.958,0.99,0.942399015618654,0.0349371228051425
500,39,4,52,MCMC,active,49,0.098,0.0698501766682656,0.057195437257062,1.5606051340100215,0.5428150522561457,0.7753164556962026,1.005657167591306,0.620253164556962,1.8269116071428568,0.4081632653061224,0.6122448979591837,0.8979591836734694,2.191179750947537,0.4539027461368344
500,39,4,52,MLE_plugin,all,49,0.098,0.0698501766682656,0.057195437257062,1.5606051340100215,0.5428150522561457,1.0949367088607591,3.933481928688624,0.0,0.2654156125,0.922,0.958,0.98,0.8524691733795831,0.0415980019372089
500,39,4,52,MLE_plugin,active,49,0.098,0.0698501766682656,0.057195437257062,1.5606051340100215,0.5428150522561457,0.8259493670886077,1.0653658556313583,0.620253164556962,1.9461843112244896,0.3061224489795918,0.5918367346938775,0.7959183673469388,2.0507101955899785,0.4826060274621527
500,39,4,52,heuristic,all,49,0.098,0.0698501766682656,0.057195437257062,1.5606051340100215,0.5428150522561457,4.556962025316455,10.349601176475227,0.0,1.44,0.628,0.628,0.628,0.0,0.3299342768369593
500,39,4,52,heuristic,active,49,0.098,0.0698501766682656,0.057195437257062,1.5606051340100215,0.5428150522561457,0.7848101265822786,1.1329997844026702,0.310126582278481,2.5306122448979598,0.1020408163265306,0.1020408163265306,0.1020408163265306,0.0,0.4489795918367347
500,39,5,13,MCMC,all,92,0.184,0.0671423207469783,0.0321572569447074,2.349567396599513,2.28539224377168,0.5551601423487544,1.6033993346717166,0.0,0.2388238875,0.904,0.95,0.978,0.5816170699272893,0.0417447418521724
500,39,5,13,MCMC,active,92,0.184,0.0671423207469783,0.0321572569447074,2.349567396599513,2.28539224377168,0.5195729537366548,0.6775411932983502,0.3274021352313167,1.1827425951086956,0.4891304347826087,0.7282608695652174,0.8804347826086957,1.7187153398081745,0.3026458794955413
500,39,5,13,MLE_plugin,all,92,0.184,0.0671423207469783,0.0321572569447074,2.349567396599513,2.28539224377168,0.5587188612099644,1.622049846986238,0.0,0.2363852875,0.904,0.942,0.98,0.577043066330615,0.0382407021909412
500,39,5,13,MLE_plugin,active,92,0.184,0.0671423207469783,0.0321572569447074,2.349567396599513,2.28539224377168,0.5266903914590747,0.6865099826160995,0.3274021352313167,1.1646827445652177,0.5,0.6847826086956522,0.8913043478260869,1.705365526076012,0.3040734400178142
500,39,5,13,heuristic,all,92,0.184,0.0671423207469783,0.0321572569447074,2.349567396599513,2.28539224377168,0.7615658362989323,1.8695979411478567,0.0,0.428,0.766,0.766,0.766,0.0,0.1455360372318797
500,39,5,13,heuristic,active,92,0.184,0.0671423207469783,0.0321572569447074,2.349567396599513,2.28539224377168,0.5017793594306049,0.6680161786392774,0.3274021352313167,1.5326086956521738,0.1956521739130435,0.1956521739130435,0.1956521739130435,0.0,0.4782608695652174
500,39,5,26,MCMC,all,107,0.214,0.0671423207469783,0.0321572569447074,2.349567396599513,2.28539224377168,0.5090415913200722,1.4720032786128536,0.0,0.4180196124999999,0.88,0.936,0.978,0.968495433399302,0.0370392479047299
500,39,5,26,MCMC,active,107,0.214,0.0671423207469783,0.0321572569447074,2.349567396599513,2.28539224377168,0.4837251356238697,0.6742378363802615,0.3869801084990958,1.808325,0.4766355140186916,0.7009345794392523,0.897196261682243,2.7540484709640527,0.3219830324423492
500,39,5,26,MLE_plugin,all,107,0.214,0.0671423207469783,0.0321572569447074,2.349567396599513,2.28539224377168,0.5135623869801084,1.4503231063137638,0.0,0.4133153624999999,0.878,0.936,0.982,0.9648303666681052,0.0371073264936975
500,39,5,26,MLE_plugin,active,107,0.214,0.0671423207469783,0.0321572569447074,2.349567396599513,2.28539224377168,0.4828209764918625,0.6627887314599462,0.3869801084990958,1.7772632009345792,0.4672897196261682,0.7009345794392523,0.9158878504672896,2.715190741707194,0.3197262588222724
500,39,5,26,heuristic,all,107,0.214,0.0671423207469783,0.0321572569447074,2.349567396599513,2.28539224377168,0.7486437613019891,1.737303598477461,0.0,0.828,0.676,0.676,0.676,0.0,0.222
500,39,5,26,heuristic,active,107,0.214,0.0671423207469783,0.0321572569447074,2.349567396599513,2.28539224377168,0.4737793851717902,0.6592157203554254,0.3869801084990958,2.448598130841121,0.1401869158878504,0.1401869158878504,0.1401869158878504,0.0,0.4672897196261683
500,39,5,52,MCMC,all,126,0.252,0.0671423207469783,0.0321572569447074,2.349567396599513,2.28539224377168,0.436897458369851,1.223349728110291,0.0,0.746855325,0.858,0.922,0.976,1.7175164694577123,0.0451025058125575
500,39,5,52,MCMC,active,126,0.252,0.0671423207469783,0.0321572569447074,2.349567396599513,2.28539224377168,0.4167397020157756,0.6104019213467825,0.3312883435582822,2.806810912698413,0.4523809523809524,0.6984126984126984,0.9047619047619048,4.595877621366081,0.3524540299204329
500,39,5,52,MLE_plugin,all,126,0.252,0.0671423207469783,0.0321572569447074,2.349567396599513,2.28539224377168,0.4342681858019281,1.1893644587046674,0.0,0.7331907125,0.852,0.926,0.978,1.7059761174192658,0.0455016771307522
500,39,5,52,MLE_plugin,active,126,0.252,0.0671423207469783,0.0321572569447074,2.349567396599513,2.28539224377168,0.4097283085013146,0.5926633491418031,0.3312883435582822,2.731717807539683,0.4285714285714285,0.7142857142857143,0.9126984126984128,4.522417726677667,0.3498151486815983
500,39,5,52,heuristic,all,126,0.252,0.0671423207469783,0.0321572569447074,2.349567396599513,2.28539224377168,0.6056091148115688,1.4295389313429645,0.0,1.382,0.658,0.658,0.658,0.0,0.216
500,39,5,52,heuristic,active,126,0.252,0.0671423207469783,0.0321572569447074,2.349567396599513,2.28539224377168,0.3803680981595092,0.5472172545025217,0.2208588957055214,3.4444444444444446,0.0952380952380952,0.0952380952380952,0.0952380952380952,0.0,0.4920634920634921
500,39,6,13,MCMC,all,139,0.278,0.171436722775584,0.0711018321574968,0.9590728105399078,1.5045542581515126,0.6597510373443983,1.5389800405106406,0.0,0.455275375,0.854,0.936,0.978,0.926983047197352,0.0311233229543003
500,39,6,13,MCMC,active,139,0.278,0.171436722775584,0.0711018321574968,0.9590728105399078,1.5045542581515126,0.5352697095435685,0.7445314946804922,0.2883817427385892,1.3130688848920862,0.5539568345323741,0.7985611510791367,0.920863309352518,1.861005150462516,0.3361310088337823
500,39,6,13,MLE_plugin,all,139,0.278,0.171436722775584,0.0711018321574968,0.9590728105399078,1.5045542581515126,0.6618257261410788,1.5323230666134158,0.0,0.4540743375,0.854,0.934,0.976,0.92370410916825,0.0321054493101746
500,39,6,13,MLE_plugin,active,139,0.278,0.171436722775584,0.0711018321574968,0.9590728105399078,1.5045542581515126,0.5394190871369294,0.7419152115712365,0.2883817427385892,1.3149754496402877,0.539568345323741,0.7913669064748201,0.9136690647482014,1.8684274551178344,0.3324862937305134
500,39,6,13,heuristic,all,139,0.278,0.171436722775584,0.0711018321574968,0.9590728105399078,1.5045542581515126,0.8796680497925311,1.6803698532212936,0.0,0.848,0.56,0.56,0.56,0.0,0.3061088872999882
500,39,6,13,heuristic,active,139,0.278,0.171436722775584,0.0711018321574968,0.9590728105399078,1.5045542581515126,0.4273858921161825,0.6415855602559496,0.2883817427385892,1.4820143884892083,0.2733812949640288,0.2733812949640288,0.2733812949640288,0.0,0.4748201438848921
500,39,6,26,MCMC,all,164,0.328,0.171436722775584,0.0711018321574968,0.9590728105399078,1.5045542581515126,0.5746102449888641,1.3394311935453975,0.0,0.7528915875,0.84,0.918,0.988,1.576766738747185,0.0319749342142628
500,39,6,26,MCMC,active,164,0.328,0.171436722775584,0.0711018321574968,0.9590728105399078,1.5045542581515126,0.4693763919821827,0.6853005233889045,0.3652561247216035,1.8669622713414629,0.5853658536585366,0.774390243902439,0.9634146341463414,3.00496290843044,0.2610591877765074
500,39,6,26,MLE_plugin,all,164,0.328,0.171436722775584,0.0711018321574968,0.9590728105399078,1.5045542581515126,0.5623608017817372,1.3082855397491022,0.0,0.7550375999999999,0.842,0.916,0.982,1.5719821217103072,0.0282467206255859
500,39,6,26,MLE_plugin,active,164,0.328,0.171436722775584,0.0711018321574968,0.9590728105399078,1.5045542581515126,0.4576837416481069,0.6670666769508551,0.3652561247216035,1.8734395198170728,0.5792682926829268,0.7682926829268293,0.945121951219512,3.001228558659456,0.2695963319001697
500,39,6,26,heuristic,all,164,0.328,0.171436722775584,0.0711018321574968,0.9590728105399078,1.5045542581515126,0.9086859688195992,1.5807427134274377,0.5567928730512249,1.632,0.388,0.388,0.388,0.0,0.4721088872999882
500,39,6,26,heuristic,active,164,0.328,0.171436722775584,0.0711018321574968,0.9590728105399078,1.5045542581515126,0.4276169265033407,0.6023418137873245,0.3652561247216035,2.341463414634146,0.1463414634146341,0.1463414634146341,0.1463414634146341,0.0,0.4268292682926829
500,39,6,52,MCMC,all,177,0.354,0.171436722775584,0.0711018321574968,0.9590728105399078,1.5045542581515126,0.603156049094097,1.342971980488142,0.0,1.47976065,0.8,0.896,0.972,2.82761911614472,0.029562862161825
500,39,6,52,MCMC,active,177,0.354,0.171436722775584,0.0711018321574968,0.9590728105399078,1.5045542581515126,0.5035067212156633,0.718974241944464,0.3103448275862069,3.492051765536724,0.5141242937853108,0.7401129943502824,0.9265536723163842,5.243994719697287,0.2514959086808166
500,39,6,52,MLE_plugin,all,177,0.354,0.171436722775584,0.0711018321574968,0.9590728105399078,1.5045542581515126,0.6078316773816481,1.3443066587281545,0.0,1.4807277124999998,0.804,0.894,0.974,2.8349431699614724,0.0291379601208828
500,39,6,52,MLE_plugin,active,177,0.354,0.171436722775584,0.0711018321574968,0.9590728105399078,1.5045542581515126,0.5081823495032145,0.7194786231063404,0.3103448275862069,3.5000810734463275,0.5141242937853108,0.7288135593220338,0.9265536723163842,5.266961969164479,0.2648512575740748
500,39,6,52,heuristic,all,177,0.354,0.171436722775584,0.0711018321574968,0.9590728105399078,1.5045542581515126,0.934541203974284,1.6350603431000752,0.5844535359438925,3.198,0.362,0.362,0.362,0.0,0.476
500,39,6,52,heuristic,active,177,0.354,0.171436722775584,0.0711018321574968,0.9590728105399078,1.5045542581515126,0.4628872004675628,0.645519339414235,0.3103448275862069,4.47457627118644,0.0903954802259887,0.0903954802259887,0.0903954802259887,0.0,0.4519774011299435
500,39,7,13,MCMC,all,184,0.368,0.2903618766400958,0.0510250274512865,1.5998791736760956,2.0468279613966383,0.4009640666082384,0.8874741620765457,0.0,0.6423049875,0.836,0.946,0.988,1.3836046429080258,0.0341627899464921
500,39,7,13,MCMC,active,184,0.368,0.2903618766400958,0.0510250274512865,1.5998791736760956,2.0468279613966383,0.3404907975460122,0.4912871603154086,0.1612620508326029,1.443258797554348,0.6141304347826086,0.8858695652173914,0.9728260869565216,2.713368627892053,0.1899351430615098
500,39,7,13,MLE_plugin,all,184,0.368,0.2903618766400958,0.0510250274512865,1.5998791736760956,2.0468279613966383,0.3957055214723926,0.8723062768358625,0.0,0.6378250499999999,0.838,0.938,0.992,1.36243201269319,0.0285654525722555
500,39,7,13,MLE_plugin,active,184,0.368,0.2903618766400958,0.0510250274512865,1.5998791736760956,2.0468279613966383,0.3339176161262051,0.4818834919775335,0.1612620508326029,1.4253736413043476,0.6304347826086957,0.8695652173913043,0.9836956521739132,2.6859157038953856,0.1765375415713568
500,39,7,13,heuristic,all,184,0.368,0.2903618766400958,0.0510250274512865,1.5998791736760956,2.0468279613966383,0.5258545135845749,1.0487835443752211,0.0,1.2,0.54,0.54,0.54,0.0,0.293340984924315
500,39,7,13,heuristic,active,184,0.368,0.2903618766400958,0.0510250274512865,1.5998791736760956,2.0468279613966383,0.3111305872042068,0.4590522166279889,0.1612620508326029,1.9293478260869563,0.1956521739130435,0.1956521739130435,0.1956521739130435,0.0,0.4619565217391305
500,39,7,26,MCMC,all,208,0.416,0.2903618766400958,0.0510250274512865,1.5998791736760956,2.0468279613966383,0.3970189701897019,0.9151776631266816,0.0,1.256507575,0.788,0.91,0.978,2.38881041233325,0.0232408689288419
500,39,7,26,MCMC,active,208,0.416,0.2903618766400958,0.0510250274512865,1.5998791736760956,2.0468279613966383,0.3459801264679313,0.5516057326594918,0.1878952122854561,2.623977974759616,0.5432692307692307,0.7980769230769231,0.9519230769230768,4.4045993941800825,0.1795886237530198
500,39,7,26,MLE_plugin,all,208,0.416,0.2903618766400958,0.0510250274512865,1.5998791736760956,2.0468279613966383,0.3934056007226739,0.9078759318367212,0.0,1.2644872375,0.786,0.904,0.978,2.3478607503408613,0.0313155654008081
500,39,7,26,MLE_plugin,active,208,0.416,0.2903618766400958,0.0510250274512865,1.5998791736760956,2.0468279613966383,0.3455284552845528,0.5502964181273439,0.1878952122854561,2.6380501502403844,0.5480769230769231,0.7884615384615384,0.9519230769230768,4.33699742438277,0.1601461398892864
500,39,7,26,heuristic,all,208,0.416,0.2903618766400958,0.0510250274512865,1.5998791736760956,2.0468279613966383,0.5392953929539295,1.0912323444300946,0.2258355916892502,2.388,0.422,0.422,0.422,0.0,0.395340984924315
500,39,7,26,heuristic,active,208,0.416,0.2903618766400958,0.0510250274512865,1.5998791736760956,2.0468279613966383,0.3364950316169828,0.5413757257536866,0.1878952122854561,3.581730769230769,0.1394230769230769,0.1394230769230769,0.1394230769230769,0.0,0.4423076923076923
500,39,7,52,MCMC,all,234,0.468,0.2903618766400958,0.0510250274512865,1.5998791736760956,2.0468279613966383,0.3903755868544601,0.960169940857056,0.1173708920187793,2.4174683875,0.738,0.906,0.964,4.516004526666817,0.0290944359718628
500,39,7,52,MCMC,active,234,0.468,0.2903618766400958,0.0510250274512865,1.5998791736760956,2.0468279613966383,0.3428403755868545,0.6171813066873789,0.1647887323943662,4.528695966880342,0.5085470085470085,0.8162393162393162,0.9273504273504274,7.741759033381541,0.1781124476512937
500,39,7,52,MLE_plugin,all,234,0.468,0.2903618766400958,0.0510250274512865,1.5998791736760956,2.0468279613966383,0.3830985915492957,0.9568643525759186,0.1173708920187793,2.4349853375,0.73,0.898,0.966,4.3763173120802765,0.0400399932109744
500,39,7,52,MLE_plugin,active,234,0.468,0.2903618766400958,0.0510250274512865,1.5998791736760956,2.0468279613966383,0.3357981220657277,0.6154605254613092,0.1647887323943662,4.55074265491453,0.4914529914529914,0.8076923076923077,0.935897435897436,7.489370212370826,0.1498402191778867
500,39,7,52,heuristic,all,234,0.468,0.2903618766400958,0.0510250274512865,1.5998791736760956,2.0468279613966383,0.534037558685446,1.1744246643936669,0.1173708920187793,4.55,0.394,0.394,0.394,0.0,0.409340984924315
500,39,7,52,heuristic,active,234,0.468,0.2903618766400958,0.0510250274512865,1.5998791736760956,2.0468279613966383,0.3345070422535211,0.6325519738355524,0.1647887323943662,6.089743589743589,0.1068376068376068,0.1068376068376068,0.1068376068376068,0.0,0.4674264550097851
500,39,8,13,MCMC,all,50,0.1,0.0429339815737108,0.1746708194953143,1.907606581904696,1.8803117296458511,0.7000000000000001,2.588435821108957,0.0,0.1160409749999999,0.954,0.972,0.984,0.3740764238323624,0.0320459098970828
500,39,8,13,MCMC,active,50,0.1,0.0429339815737108,0.1746708194953143,1.907606581904696,1.8803117296458511,0.59,0.7713624310270756,0.5,0.9331311249999998,0.58,0.72,0.84,1.2255743007908455,0.3742158467953008
500,39,8,13,MLE_plugin,all,50,0.1,0.0429339815737108,0.1746708194953143,1.907606581904696,1.8803117296458511,0.6900000000000001,2.479919353527449,0.0,0.1169834875,0.96,0.97,0.98,0.3908587483862267,0.0439968194642936
500,39,8,13,MLE_plugin,active,50,0.1,0.0429339815737108,0.1746708194953143,1.907606581904696,1.8803117296458511,0.54,0.7211102550927979,0.5,0.847662,0.64,0.72,0.8,1.220736691653223,0.3454191757394705
500,39,8,13,heuristic,all,50,0.1,0.0429339815737108,0.1746708194953143,1.907606581904696,1.8803117296458511,0.98,2.949576240750525,0.0,0.196,0.862,0.862,0.862,0.0,0.1027996155386664
500,39,8,13,heuristic,active,50,0.1,0.0429339815737108,0.1746708194953143,1.907606581904696,1.8803117296458511,0.48,0.6633249580710799,0.5,0.96,0.32,0.32,0.32,0.0,0.4
500,39,8,26,MCMC,all,72,0.144,0.0429339815737108,0.1746708194953143,1.907606581904696,1.8803117296458511,0.7337962962962963,2.332685646439074,0.0,0.2458961499999999,0.91,0.942,0.972,0.6106846978981902,0.0286278085140037
500,39,8,26,MCMC,active,72,0.144,0.0429339815737108,0.1746708194953143,1.907606581904696,1.8803117296458511,0.6412037037037037,0.8514240068885613,0.4166666666666667,1.4733881944444445,0.4305555555555556,0.5972222222222222,0.8055555555555556,1.6930178330171188,0.3972086089599412
500,39,8,26,MLE_plugin,all,72,0.144,0.0429339815737108,0.1746708194953143,1.907606581904696,1.8803117296458511,0.7708333333333334,2.320017301919779,0.0,0.2566099624999999,0.912,0.94,0.972,0.6263439589862584,0.0460587368129696
500,39,8,26,MLE_plugin,active,72,0.144,0.0429339815737108,0.1746708194953143,1.907606581904696,1.8803117296458511,0.5833333333333334,0.8089010988089465,0.3333333333333333,1.3900387152777778,0.4583333333333333,0.5972222222222222,0.8055555555555556,1.6632729628196858,0.3166088619765085
500,39,8,26,heuristic,all,72,0.144,0.0429339815737108,0.1746708194953143,1.907606581904696,1.8803117296458511,1.1111111111111112,2.6189140043946204,0.0,0.48,0.736,0.736,0.736,0.0,0.188
500,39,8,26,heuristic,active,72,0.144,0.0429339815737108,0.1746708194953143,1.907606581904696,1.8803117296458511,0.5509259259259259,0.7147044627927004,0.3333333333333333,1.6527777777777777,0.1666666666666666,0.1666666666666666,0.1666666666666666,0.0,0.5138888888888888
500,39,8,52,MCMC,all,93,0.186,0.0429339815737108,0.1746708194953143,1.907606581904696,1.8803117296458511,0.6761658031088082,2.0279365154705444,0.0,0.4100250625,0.876,0.918,0.976,1.0274966145630573,0.0310815897768192
500,39,8,52,MCMC,active,93,0.186,0.0429339815737108,0.1746708194953143,1.907606581904696,1.8803117296458511,0.6049222797927462,0.8402982628217326,0.4818652849740932,1.9284997311827952,0.3763440860215054,0.5591397849462365,0.8709677419354839,2.577907467959307,0.3972442893088618
500,39,8,52,MLE_plugin,all,93,0.186,0.0429339815737108,0.1746708194953143,1.907606581904696,1.8803117296458511,0.7318652849740932,2.017775513937305,0.0,0.426836725,0.874,0.92,0.972,1.079524320319994,0.0443112704228082
500,39,8,52,MLE_plugin,active,93,0.186,0.0429339815737108,0.1746708194953143,1.907606581904696,1.8803117296458511,0.5751295336787565,0.7908389127615544,0.4818652849740932,1.787025,0.4193548387096774,0.6021505376344086,0.8494623655913979,2.548425391775033,0.3258957534993459
500,39,8,52,heuristic,all,93,0.186,0.0429339815737108,0.1746708194953143,1.907606581904696,1.8803117296458511,1.1191709844559583,2.5828898612672573,0.0,0.864,0.694,0.694,0.694,0.0,0.198
500,39,8,52,heuristic,active,93,0.186,0.0429339815737108,0.1746708194953143,1.907606581904696,1.8803117296458511,0.6191709844559585,0.791233444546017,0.4818652849740932,2.5698924731182795,0.010752688172043,0.010752688172043,0.010752688172043,0.0,0.5698924731182795
500,39,9,13,MCMC,all,39,0.078,0.215294741258882,0.1970807271620492,1.8573927415739044,1.3841153971352904,0.4078431372549019,1.892944060572105,0.0,0.1516442374999999,0.97,0.988,0.994,0.4343735992967867,0.0335476760468285
500,39,9,13,MCMC,active,39,0.078,0.215294741258882,0.1970807271620492,1.8573927415739044,1.3841153971352904,0.3372549019607843,0.5078393519428918,0.1529411764705882,1.635831891025641,0.6666666666666666,0.8461538461538461,0.9230769230769232,2.9838528659581534,0.2536672336825198
500,39,9,13,MLE_plugin,all,39,0.078,0.215294741258882,0.1970807271620492,1.8573927415739044,1.3841153971352904,0.4156862745098039,1.9251666993935024,0.0,0.15365885,0.964,0.988,0.994,0.4389957233410207,0.0310762324455931
500,39,9,13,MLE_plugin,active,39,0.078,0.215294741258882,0.1970807271620492,1.8573927415739044,1.3841153971352904,0.3450980392156862,0.517201234041119,0.1529411764705882,1.657458814102564,0.6153846153846154,0.8461538461538461,0.9230769230769232,3.007330619115156,0.2396854271974377
500,39,9,13,heuristic,all,39,0.078,0.215294741258882,0.1970807271620492,1.8573927415739044,1.3841153971352904,1.172549019607843,4.087659243753219,0.0,0.598,0.768,0.768,0.768,0.0,0.2074579824782099
500,39,9,13,heuristic,active,39,0.078,0.215294741258882,0.1970807271620492,1.8573927415739044,1.3841153971352904,0.3215686274509804,0.4748823687284895,0.1529411764705882,2.102564102564102,0.2051282051282051,0.2051282051282051,0.2051282051282051,0.0,0.4139157028973792
500,39,9,26,MCMC,all,47,0.094,0.215294741258882,0.1970807271620492,1.8573927415739044,1.3841153971352904,0.423828125,1.921869045341385,0.0,0.321942425,0.946,0.97,0.986,0.7679080031752269,0.0320469051797456
500,39,9,26,MCMC,active,47,0.094,0.215294741258882,0.1970807271620492,1.8573927415739044,1.3841153971352904,0.3779296875,0.5779822920888336,0.18359375,3.0389997340425534,0.4893617021276595,0.6808510638297872,0.851063829787234,4.840732255206524,0.2558284085287307
500,39,9,26,MLE_plugin,all,47,0.094,0.215294741258882,0.1970807271620492,1.8573927415739044,1.3841153971352904,0.4189453125,1.9466445223101811,0.0,0.3215698875,0.946,0.97,0.99,0.7618910905662922,0.0310762324455931
500,39,9,26,MLE_plugin,active,47,0.094,0.215294741258882,0.1970807271620492,1.8573927415739044,1.3841153971352904,0.3701171875,0.5830012693309543,0.18359375,3.034432712765957,0.4893617021276595,0.6808510638297872,0.8936170212765957,4.8467875655797314,0.2755476798278947
500,39,9,26,heuristic,all,47,0.094,0.215294741258882,0.1970807271620492,1.8573927415739044,1.3841153971352904,1.25390625,4.039240052915663,0.0,1.284,0.65,0.65,0.65,0.0,0.3117492151498968
500,39,9,26,heuristic,active,47,0.094,0.215294741258882,0.1970807271620492,1.8573927415739044,1.3841153971352904,0.357421875,0.5297075205932485,0.18359375,3.893617021276596,0.0851063829787234,0.0851063829787234,0.0851063829787234,0.0,0.4691968473882907
500,39,9,52,MCMC,all,60,0.12,0.215294741258882,0.1970807271620492,1.8573927415739044,1.3841153971352904,0.4903846153846153,2.280676384056375,0.0,0.6559375,0.936,0.958,0.986,1.4107129241610117,0.0347618195549853
500,39,9,52,MCMC,active,60,0.12,0.215294741258882,0.1970807271620492,1.8573927415739044,1.3841153971352904,0.4551282051282051,0.780762915220131,0.1602564102564102,5.064796770833332,0.5166666666666667,0.65,0.8833333333333333,7.89373011423017,0.2995916800378225
500,39,9,52,MLE_plugin,all,60,0.12,0.215294741258882,0.1970807271620492,1.8573927415739044,1.3841153971352904,0.4941239316239316,2.316399714933815,0.0,0.6624860499999999,0.936,0.958,0.98,1.4129379209986332,0.037677920083196
500,39,9,52,MLE_plugin,active,60,0.12,0.215294741258882,0.1970807271620492,1.8573927415739044,1.3841153971352904,0.4572649572649573,0.7916731547538558,0.1282051282051282,5.115179270833333,0.5,0.65,0.8333333333333334,7.93543086501604,0.2880591513127511
500,39,9,52,heuristic,all,60,0.12,0.215294741258882,0.1970807271620492,1.8573927415739044,1.3841153971352904,1.3653846153846154,4.607909822419584,0.0,2.556,0.636,0.636,0.636,0.0,0.3117492151498968
500,39,9,52,heuristic,active,60,0.12,0.215294741258882,0.1970807271620492,1.8573927415739044,1.3841153971352904,0.4412393162393163,0.8047786954376259,0.1923076923076923,6.883333333333334,0.0333333333333333,0.0333333333333333,0.0333333333333333,0.0,0.5166666666666667
500,39,10,13,MCMC,all,59,0.118,0.2617430403069915,0.1887775477002573,0.9434643261888048,1.2679651467325388,0.6700404858299596,2.5400623870859893,0.0,0.2415930875,0.942,0.974,0.99,0.5750124095063383,0.0219948741799877
500,39,10,13,MCMC,active,59,0.118,0.2617430403069915,0.1887775477002573,0.9434643261888048,1.2679651467325388,0.4008097165991902,0.5571621027548899,0.2388663967611335,1.267745762711864,0.6949152542372882,0.8305084745762712,0.9152542372881356,2.2777503265702705,0.2786436200685915
500,39,10,13,MLE_plugin,all,59,0.118,0.2617430403069915,0.1887775477002573,0.9434643261888048,1.2679651467325388,0.6842105263157895,2.5340054774552376,0.0,0.2438877125,0.94,0.974,0.99,0.5700715413902192,0.0236607675533674
500,39,10,13,MLE_plugin,active,59,0.118,0.2617430403069915,0.1887775477002573,0.9434643261888048,1.2679651467325388,0.4170040485829959,0.5679066729218295,0.2388663967611335,1.2609773305084746,0.6949152542372882,0.8305084745762712,0.9322033898305084,2.2561732170569915,0.291177596960864
500,39,10,13,heuristic,all,59,0.118,0.2617430403069915,0.1887775477002573,0.9434643261888048,1.2679651467325388,1.7611336032388665,3.871639407226002,0.0,0.87,0.588,0.588,0.588,0.0,0.3645152693286312
500,39,10,13,heuristic,active,59,0.118,0.2617430403069915,0.1887775477002573,0.9434643261888048,1.2679651467325388,0.3643724696356274,0.5203649882772349,0.2388663967611335,1.5254237288135593,0.2203389830508474,0.2203389830508474,0.2203389830508474,0.0,0.4334919490554841
500,39,10,26,MCMC,all,73,0.146,0.2617430403069915,0.1887775477002573,0.9434643261888048,1.2679651467325388,0.6042105263157894,2.3504581978014816,0.0,0.4235168500000001,0.928,0.964,0.984,0.99680419259869,0.0194476629580294
500,39,10,26,MCMC,active,73,0.146,0.2617430403069915,0.1887775477002573,0.9434643261888048,1.2679651467325388,0.38,0.5258808729368046,0.3073684210526315,1.9010204623287672,0.6438356164383562,0.8082191780821918,0.9041095890410958,3.639204617764517,0.2473226799515312
500,39,10,26,MLE_plugin,all,73,0.146,0.2617430403069915,0.1887775477002573,0.9434643261888048,1.2679651467325388,0.6147368421052631,2.3764775255328803,0.0,0.4206319749999999,0.926,0.964,0.982,0.9815757863013996,0.0208437034560465
500,39,10,26,MLE_plugin,active,73,0.146,0.2617430403069915,0.1887775477002573,0.9434643261888048,1.2679651467325388,0.3842105263157895,0.5235686198799463,0.2305263157894737,1.8594774828767124,0.6438356164383562,0.8082191780821918,0.8904109589041096,3.61579692533714,0.2354262884450456
500,39,10,26,heuristic,all,73,0.146,0.2617430403069915,0.1887775477002573,0.9434643261888048,1.2679651467325388,1.863157894736842,3.903830067597193,1.0526315789473684,1.77,0.43,0.43,0.43,0.0,0.5285152693286312
500,39,10,26,heuristic,active,73,0.146,0.2617430403069915,0.1887775477002573,0.9434643261888048,1.2679651467325388,0.3621052631578947,0.4806366968397549,0.3073684210526315,2.356164383561644,0.136986301369863,0.136986301369863,0.136986301369863,0.0,0.547945205479452
500,39,10,52,MCMC,all,81,0.162,0.2617430403069915,0.1887775477002573,0.9434643261888048,1.2679651467325388,0.6734207389749701,2.528180643025073,0.0,0.7845207375,0.91,0.956,0.976,1.810861480405361,0.0263735880995501
500,39,10,52,MCMC,active,81,0.162,0.2617430403069915,0.1887775477002573,0.9434643261888048,1.2679651467325388,0.4606674612634088,0.6636268735841889,0.2896305125148987,3.407579320987654,0.5802469135802469,0.7654320987654321,0.8641975308641975,6.290860634642638,0.239790654247417
500,39,10,52,MLE_plugin,all,81,0.162,0.2617430403069915,0.1887775477002573,0.9434643261888048,1.2679651467325388,0.66388557806913,2.5287424921665225,0.0,0.7800941625000001,0.916,0.958,0.976,1.792641341698998,0.0206100368797441
500,39,10,52,MLE_plugin,active,81,0.162,0.2617430403069915,0.1887775477002573,0.9434643261888048,1.2679651467325388,0.4433849821215733,0.6337593356188217,0.2896305125148987,3.346143672839505,0.5925925925925926,0.7777777777777778,0.8641975308641975,6.256391034494351,0.2286428225479642
500,39,10,52,heuristic,all,81,0.162,0.2617430403069915,0.1887775477002573,0.9434643261888048,1.2679651467325388,2.1120381406436235,4.444026922174378,1.1918951132300355,3.544,0.414,0.414,0.414,0.0,0.5385152693286313
500,39,10,52,heuristic,active,81,0.162,0.2617430403069915,0.1887775477002573,0.9434643261888048,1.2679651467325388,0.4576877234803336,0.638958062009625,0.2896305125148987,4.7407407407407405,0.074074074074074,0.074074074074074,0.074074074074074,0.0,0.6049382716049383
500,39,11,13,MCMC,all,121,0.242,0.2090783656294397,0.0794335187399571,1.6441058299518818,1.4759144118366294,0.5383838383838384,1.4778230003367985,0.0,0.3989427124999999,0.864,0.934,0.968,0.7886959349267518,0.0392445432636139
500,39,11,13,MCMC,active,121,0.242,0.2090783656294397,0.0794335187399571,1.6441058299518818,1.4759144118366294,0.5040404040404041,0.7080663985046586,0.2444444444444444,1.516470712809917,0.4710743801652892,0.7272727272727273,0.8677685950413223,2.1137186745689407,0.2795463643991293
500,39,11,13,MLE_plugin,all,121,0.242,0.2090783656294397,0.0794335187399571,1.6441058299518818,1.4759144118366294,0.5383838383838384,1.4513503066035844,0.0,0.3986411124999999,0.864,0.932,0.97,0.7872597263173954,0.036157217995432
500,39,11,13,MLE_plugin,active,121,0.242,0.2090783656294397,0.0794335187399571,1.6441058299518818,1.4759144118366294,0.4878787878787878,0.6832204062063648,0.2444444444444444,1.496622727272727,0.4710743801652892,0.71900826446281,0.8760330578512396,2.094611960415225,0.269449076080324
500,39,11,13,heuristic,all,121,0.242,0.2090783656294397,0.0794335187399571,1.6441058299518818,1.4759144118366294,0.8444444444444444,1.8940404013469447,0.0,0.836,0.638,0.638,0.638,0.0,0.242
500,39,11,13,heuristic,active,121,0.242,0.2090783656294397,0.0794335187399571,1.6441058299518818,1.4759144118366294,0.4909090909090909,0.6945999825816793,0.2444444444444444,2.008264462809917,0.1735537190082644,0.1735537190082644,0.1735537190082644,0.0,0.487603305785124
500,39,11,26,MCMC,all,134,0.268,0.2090783656294397,0.0794335187399571,1.6441058299518818,1.4759144118366294,0.5736301369863013,1.6765186235986889,0.0,0.7437560749999998,0.848,0.922,0.972,1.359810419598417,0.0379027173015878
500,39,11,26,MCMC,active,134,0.268,0.2090783656294397,0.0794335187399571,1.6441058299518818,1.4759144118366294,0.5302511415525114,0.8446643947654052,0.3059360730593607,2.5490948694029845,0.4701492537313433,0.7238805970149254,0.8955223880597015,3.4728643829138943,0.281010226784418
500,39,11,26,MLE_plugin,all,134,0.268,0.2090783656294397,0.0794335187399571,1.6441058299518818,1.4759144118366294,0.5924657534246576,1.6763728752792808,0.0,0.749222925,0.844,0.922,0.968,1.3629354556740072,0.0362266615168026
500,39,11,26,MLE_plugin,active,134,0.268,0.2090783656294397,0.0794335187399571,1.6441058299518818,1.4759144118366294,0.5342465753424658,0.8317743596125675,0.3059360730593607,2.528324906716417,0.4552238805970149,0.7238805970149254,0.8805970149253731,3.443445128002575,0.2749795555044727
500,39,11,26,heuristic,all,134,0.268,0.2090783656294397,0.0794335187399571,1.6441058299518818,1.4759144118366294,1.0091324200913243,2.331116193682892,0.5707762557077626,1.768,0.498,0.498,0.498,0.0,0.374
500,39,11,26,heuristic,active,134,0.268,0.2090783656294397,0.0794335187399571,1.6441058299518818,1.4759144118366294,0.5502283105022832,0.9462857524320744,0.3059360730593607,3.5970149253731343,0.1343283582089552,0.1343283582089552,0.1343283582089552,0.0,0.4701492537313433
500,39,11,52,MCMC,all,141,0.282,0.2090783656294397,0.0794335187399571,1.6441058299518818,1.4759144118366294,0.6220371556694426,1.9791530309078345,0.0,1.3873933374999998,0.836,0.904,0.966,2.5066683734305624,0.0390485433748778
500,39,11,52,MCMC,active,141,0.282,0.2090783656294397,0.0794335187399571,1.6441058299518818,1.4759144118366294,0.5749519538757206,1.029187458980114,0.2709801409352979,4.530306161347517,0.4539007092198581,0.6808510638297872,0.8794326241134752,6.378412453468761,0.2471262559751842
500,39,11,52,MLE_plugin,all,141,0.282,0.2090783656294397,0.0794335187399571,1.6441058299518818,1.4759144118366294,0.6390134529147983,2.0297110333412323,0.0,1.4020280875,0.83,0.908,0.966,2.5387351498288564,0.0417875307282767
500,39,11,52,MLE_plugin,active,141,0.282,0.2090783656294397,0.0794335187399571,1.6441058299518818,1.4759144118366294,0.5784753363228698,1.0453859188584065,0.2709801409352979,4.510716090425531,0.4468085106382978,0.6879432624113475,0.8794326241134752,6.361602714371276,0.2378862096832226
500,39,11,52,heuristic,all,141,0.282,0.2090783656294397,0.0794335187399571,1.6441058299518818,1.4759144118366294,1.1005765534913516,2.832358758786502,0.3203074951953876,3.436,0.486,0.486,0.486,0.0,0.388
500,39,11,52,heuristic,active,141,0.282,0.2090783656294397,0.0794335187399571,1.6441058299518818,1.4759144118366294,0.6130685458039719,1.2383806902466217,0.3613068545803971,6.787234042553192,0.0992907801418439,0.0992907801418439,0.0992907801418439,0.0,0.4539007092198581
500,39,12,13,MCMC,all,31,0.062,0.1796757225295769,0.0782746986088673,2.337202423849128,0.6492081862269057,0.5359281437125748,2.593754583301023,0.0,0.13408445,0.962,0.982,0.992,0.3990972829876088,0.020737712135165
500,39,12,13,MCMC,active,31,0.062,0.1796757225295769,0.0782746986088673,2.337202423849128,0.6492081862269057,0.3622754491017964,0.52105271354739,0.18562874251497,1.4850076612903227,0.5483870967741935,0.7741935483870968,0.8709677419354839,3.072162649642157,0.3058518242285519
500,39,12,13,MLE_plugin,all,31,0.062,0.1796757225295769,0.0782746986088673,2.337202423849128,0.6492081862269057,0.5389221556886227,2.5263500730214354,0.0,0.1295804749999999,0.96,0.986,0.992,0.391094487246257,0.017891059336456
500,39,12,13,MLE_plugin,active,31,0.062,0.1796757225295769,0.0782746986088673,2.337202423849128,0.6492081862269057,0.3712574850299401,0.5121773600082179,0.18562874251497,1.4461544354838711,0.5161290322580645,0.8064516129032258,0.8709677419354839,3.056762849413948,0.3238928214848756
500,39,12,13,heuristic,all,31,0.062,0.1796757225295769,0.0782746986088673,2.337202423849128,0.6492081862269057,2.18562874251497,7.206805123457251,0.0,0.73,0.766,0.766,0.766,0.0,0.218
500,39,12,13,heuristic,active,31,0.062,0.1796757225295769,0.0782746986088673,2.337202423849128,0.6492081862269057,0.3892215568862275,0.6692939493376268,0.18562874251497,2.096774193548387,0.2903225806451613,0.2903225806451613,0.2903225806451613,0.0,0.4516129032258064
500,39,12,26,MCMC,all,35,0.07,0.1796757225295769,0.0782746986088673,2.337202423849128,0.6492081862269057,0.5993150684931506,3.019724672696644,0.0,0.2569941875,0.96,0.98,0.988,0.6969329878341229,0.0215389987180724
500,39,12,26,MCMC,active,35,0.07,0.1796757225295769,0.0782746986088673,2.337202423849128,0.6492081862269057,0.4452054794520548,0.6995025442020155,0.2397260273972602,2.785444642857142,0.5428571428571428,0.7428571428571429,0.8285714285714286,5.406120011760323,0.2623933308296422
500,39,12,26,MLE_plugin,all,35,0.07,0.1796757225295769,0.0782746986088673,2.337202423849128,0.6492081862269057,0.5993150684931506,2.919005799638361,0.0,0.2478810125,0.962,0.978,0.988,0.6828307790328513,0.0194846024473377
500,39,12,26,MLE_plugin,active,35,0.07,0.1796757225295769,0.0782746986088673,2.337202423849128,0.6492081862269057,0.4520547945205479,0.675621660036038,0.2397260273972602,2.7058505357142857,0.5714285714285714,0.7428571428571429,0.8285714285714286,5.342443022851956,0.2839567913744797
500,39,12,26,heuristic,all,35,0.07,0.1796757225295769,0.0782746986088673,2.337202423849128,0.6492081862269057,2.76027397260274,8.516318379380579,0.0,1.612,0.652,0.652,0.652,0.0,0.328
500,39,12,26,heuristic,active,35,0.07,0.1796757225295769,0.0782746986088673,2.337202423849128,0.6492081862269057,0.6061643835616438,1.0368571335199497,0.1198630136986301,5.057142857142857,0.0857142857142857,0.0857142857142857,0.0857142857142857,0.0,0.6285714285714286
500,39,12,52,MCMC,all,36,0.072,0.1796757225295769,0.0782746986088673,2.337202423849128,0.6492081862269057,0.7461024498886415,4.251798126976742,0.0,0.4666975625,0.95,0.972,0.988,1.2207810995302713,0.0246926083665588
500,39,12,52,MCMC,active,36,0.072,0.1796757225295769,0.0782746986088673,2.337202423849128,0.6492081862269057,0.6135857461024499,1.087404934611756,0.3207126948775056,5.261880729166666,0.4444444444444444,0.6666666666666666,0.8333333333333334,9.81768119922217,0.2328688881363323
500,39,12,52,MLE_plugin,all,36,0.072,0.1796757225295769,0.0782746986088673,2.337202423849128,0.6492081862269057,0.7082405345211581,4.116804660738652,0.0,0.4505530375,0.954,0.972,0.988,1.1742631641509684,0.0218175148032157
500,39,12,52,MLE_plugin,active,36,0.072,0.1796757225295769,0.0782746986088673,2.337202423849128,0.6492081862269057,0.5902004454342984,1.0630539403720187,0.2806236080178174,5.134617013888889,0.4722222222222222,0.6388888888888888,0.8333333333333334,9.534877232730873,0.2727035593364004
500,39,12,52,heuristic,all,36,0.072,0.1796757225295769,0.0782746986088673,2.337202423849128,0.6492081862269057,3.7728285077951,11.6415257334753,0.0,3.388,0.648,0.648,0.648,0.0,0.33
500,39,12,52,heuristic,active,36,0.072,0.1796757225295769,0.0782746986088673,2.337202423849128,0.6492081862269057,1.0111358574610243,1.6925213876566991,0.2405345211581291,12.61111111111111,0.0277777777777777,0.0277777777777777,0.0277777777777777,0.0,0.6666666666666666
500,39,13,13,MCMC,all,170,0.34,0.1843859525785821,0.0703089905290534,0.9462364172891432,1.642737836195983,0.6188299817184644,1.2779107260898803,0.0,0.4894069,0.86,0.954,0.984,1.1405617043201508,0.051449780920195
500,39,13,13,MCMC,active,170,0.34,0.1843859525785821,0.0703089905290534,0.9462364172891432,1.642737836195983,0.4542961608775137,0.6480862403465734,0.3107861060329067,1.0586492647058825,0.7,0.8941176470588236,0.9529411764705882,1.9392470298818891,0.2304715541854968
500,39,13,13,MLE_plugin,all,170,0.34,0.1843859525785821,0.0703089905290534,0.9462364172891432,1.642737836195983,0.6151736745886655,1.2795442570214732,0.0,0.4870156125,0.856,0.95,0.984,1.1320943676293722,0.050738992507757
500,39,13,13,MLE_plugin,active,170,0.34,0.1843859525785821,0.0703089905290534,0.9462364172891432,1.642737836195983,0.4552102376599634,0.6503834559294994,0.3107861060329067,1.0589339705882352,0.6882352941176471,0.8941176470588236,0.9529411764705882,1.942191267041353,0.2337534630819089
500,39,13,13,heuristic,all,170,0.34,0.1843859525785821,0.0703089905290534,0.9462364172891432,1.642737836195983,0.9634369287020108,1.7183671060431225,0.9140767824497256,1.054,0.478,0.478,0.478,0.0,0.386
500,39,13,13,heuristic,active,170,0.34,0.1843859525785821,0.0703089905290534,0.9462364172891432,1.642737836195983,0.449725776965265,0.6197413621033596,0.3107861060329067,1.4470588235294115,0.2176470588235294,0.2176470588235294,0.2176470588235294,0.0,0.3941176470588236
500,39,13,26,MCMC,all,196,0.392,0.1843859525785821,0.0703089905290534,0.9462364172891432,1.642737836195983,0.57981220657277,1.1428333299364637,0.0,0.8856361875000001,0.796,0.924,0.982,1.925532744766406,0.056195915823222
500,39,13,26,MCMC,active,196,0.392,0.1843859525785821,0.0703089905290534,0.9462364172891432,1.642737836195983,0.4436619718309859,0.6220563379573025,0.368075117370892,1.734477168367347,0.6071428571428571,0.8418367346938775,0.9540816326530612,3.103645915061133,0.1600772944825785
500,39,13,26,MLE_plugin,all,196,0.392,0.1843859525785821,0.0703089905290534,0.9462364172891432,1.642737836195983,0.5755868544600939,1.136499383747437,0.0,0.8797900375,0.804,0.928,0.982,1.9079828611835608,0.0516412989816306
500,39,13,26,MLE_plugin,active,196,0.392,0.1843859525785821,0.0703089905290534,0.9462364172891432,1.642737836195983,0.4464788732394366,0.6224034870093572,0.368075117370892,1.7324207270408165,0.6122448979591837,0.8622448979591837,0.9540816326530612,3.095301325142844,0.163959679594323
500,39,13,26,heuristic,all,196,0.392,0.1843859525785821,0.0703089905290534,0.9462364172891432,1.642737836195983,0.9502347417840376,1.6604061482728654,0.4694835680751174,2.024,0.354,0.354,0.354,0.0,0.504
500,39,13,26,heuristic,active,196,0.392,0.1843859525785821,0.0703089905290534,0.9462364172891432,1.642737836195983,0.4384976525821596,0.6059794478971852,0.368075117370892,2.38265306122449,0.1938775510204081,0.1938775510204081,0.1938775510204081,0.0,0.4438775510204081
500,39,13,52,MCMC,all,206,0.412,0.1843859525785821,0.0703089905290534,0.9462364172891432,1.642737836195983,0.6048144433299899,1.1591156988311526,0.0,1.7176152874999997,0.754,0.894,0.986,3.473767727056067,0.0680973513896369
500,39,13,52,MCMC,active,206,0.412,0.1843859525785821,0.0703089905290534,0.9462364172891432,1.642737836195983,0.4716649949849548,0.6459026721254495,0.3099297893681043,3.275940291262136,0.5242718446601942,0.7912621359223301,0.9660194174757282,5.512814610247043,0.152379678727388
500,39,13,52,MLE_plugin,all,206,0.412,0.1843859525785821,0.0703089905290534,0.9462364172891432,1.642737836195983,0.597542627883651,1.148831254444214,0.0,1.697982475,0.764,0.9,0.978,3.4458953300733293,0.0550879041299562
500,39,13,52,MLE_plugin,active,206,0.412,0.1843859525785821,0.0703089905290534,0.9462364172891432,1.642737836195983,0.4729187562688063,0.6453308947467292,0.3099297893681043,3.2639892597087377,0.5339805825242718,0.7961165048543689,0.9466019417475728,5.530301497457054,0.1378731349511452
500,39,13,52,heuristic,all,206,0.412,0.1843859525785821,0.0703089905290534,0.9462364172891432,1.642737836195983,1.02407221664995,1.7704600992446673,0.5015045135406219,4.084,0.284,0.284,0.284,0.0,0.548
500,39,13,52,heuristic,active,206,0.412,0.1843859525785821,0.0703089905290534,0.9462364172891432,1.642737836195983,0.5085255767301905,0.6809574472331211,0.3615847542627883,4.922330097087379,0.0242718446601941,0.0242718446601941,0.0242718446601941,0.0,0.5679611650485437
500,39,14,13,MCMC,all,64,0.128,0.1266589111010019,0.1468464990750365,1.7512794757194805,1.352431407263178,0.5320197044334974,1.794821349974057,0.0,0.1699962625,0.946,0.966,0.978,0.4709084565119527,0.0546507694206744
500,39,14,13,MCMC,active,64,0.128,0.1266589111010019,0.1468464990750365,1.7512794757194805,1.352431407263178,0.4655172413793103,0.6159014623876959,0.3152709359605911,1.13506376953125,0.609375,0.734375,0.828125,1.8248535531102508,0.228795712807046
500,39,14,13,MLE_plugin,all,64,0.128,0.1266589111010019,0.1468464990750365,1.7512794757194805,1.352431407263178,0.5270935960591132,1.7998843257581387,0.0,0.1705182125,0.942,0.962,0.978,0.4696822009236004,0.0464714067038729
500,39,14,13,MLE_plugin,active,64,0.128,0.1266589111010019,0.1468464990750365,1.7512794757194805,1.352431407263178,0.4630541871921182,0.6231088985553457,0.3152709359605911,1.146717578125,0.578125,0.703125,0.828125,1.845420877531889,0.2283296181749147
500,39,14,13,heuristic,all,64,0.128,0.1266589111010019,0.1468464990750365,1.7512794757194805,1.352431407263178,0.9802955665024632,2.4258270447773658,0.0,0.398,0.774,0.774,0.774,0.0,0.168528498230407
500,39,14,13,heuristic,active,64,0.128,0.1266589111010019,0.1468464990750365,1.7512794757194805,1.352431407263178,0.4778325123152709,0.6092462988666131,0.3152709359605911,1.515625,0.171875,0.171875,0.171875,0.0,0.484375
500,39,14,26,MCMC,all,77,0.154,0.1266589111010019,0.1468464990750365,1.7512794757194805,1.352431407263178,0.5706806282722513,1.8399249623880187,0.0,0.3170937124999999,0.908,0.954,0.982,0.8002840365834957,0.0525552605172642
500,39,14,26,MCMC,active,77,0.154,0.1266589111010019,0.1468464990750365,1.7512794757194805,1.352431407263178,0.5,0.6940925587703323,0.4031413612565445,1.7775648538961033,0.5064935064935064,0.7142857142857143,0.8831168831168831,2.8640175393719813,0.2601061097987447
500,39,14,26,MLE_plugin,all,77,0.154,0.1266589111010019,0.1468464990750365,1.7512794757194805,1.352431407263178,0.5824607329842932,1.9060126550240453,0.0,0.315798775,0.91,0.956,0.984,0.8022008246591886,0.0527934902463603
500,39,14,26,MLE_plugin,active,77,0.154,0.1266589111010019,0.1468464990750365,1.7512794757194805,1.352431407263178,0.5157068062827226,0.7216731972387777,0.4031413612565445,1.785490016233766,0.5064935064935064,0.7272727272727273,0.8961038961038961,2.914056240825699,0.2720790585153045
500,39,14,26,heuristic,all,77,0.154,0.1266589111010019,0.1468464990750365,1.7512794757194805,1.352431407263178,1.1230366492146595,2.602705164938637,0.0,0.858,0.646,0.646,0.646,0.0,0.292528498230407
500,39,14,26,heuristic,active,77,0.154,0.1266589111010019,0.1468464990750365,1.7512794757194805,1.352431407263178,0.4764397905759163,0.7264103102362099,0.2015706806282722,2.363636363636364,0.1948051948051948,0.1948051948051948,0.1948051948051948,0.0,0.4297497968387082
500,39,14,52,MCMC,all,85,0.17,0.1266589111010019,0.1468464990750365,1.7512794757194805,1.352431407263178,0.6512158054711246,2.303259052618188,0.0,0.609171325,0.894,0.952,0.972,1.4312283261147842,0.0478590317459735
500,39,14,52,MCMC,active,85,0.17,0.1266589111010019,0.1468464990750365,1.7512794757194805,1.352431407263178,0.6025835866261399,0.9321311216025636,0.3875379939209726,3.241844779411765,0.4352941176470588,0.7176470588235294,0.8352941176470589,5.05289921359461,0.2519402934199006
500,39,14,52,MLE_plugin,all,85,0.17,0.1266589111010019,0.1468464990750365,1.7512794757194805,1.352431407263178,0.6443768996960486,2.2836843472658765,0.0,0.6042276624999999,0.9,0.952,0.976,1.4386004554995335,0.0493092873237331
500,39,14,52,MLE_plugin,active,85,0.17,0.1266589111010019,0.1468464990750365,1.7512794757194805,1.352431407263178,0.601823708206687,0.9264535416599976,0.3875379939209726,3.25028875,0.4705882352941176,0.7176470588235294,0.8588235294117647,5.106950087546687,0.2369965180254004
500,39,14,52,heuristic,all,85,0.17,0.1266589111010019,0.1468464990750365,1.7512794757194805,1.352431407263178,1.3419452887537993,3.5179990991349874,0.0,1.766,0.62,0.62,0.62,0.0,0.308528498230407
500,39,14,52,heuristic,active,85,0.17,0.1266589111010019,0.1468464990750365,1.7512794757194805,1.352431407263178,0.6656534954407295,1.179129569434099,0.3875379939209726,5.152941176470589,0.0588235294117647,0.0588235294117647,0.0588235294117647,0.0,0.4823529411764706
800,39,0,13,MCMC,all,142,0.1775,0.1418903911887185,0.16029145865448,2.152725973349794,2.168526096962129,0.4485074626865671,1.312245053154225,0.0,0.2719793984375,0.91625,0.96375,0.98875,0.686573622674268,0.028708756303792
800,39,0,13,MCMC,active,142,0.1775,0.1418903911887185,0.16029145865448,2.152725973349794,2.168526096962129,0.3604477611940298,0.5002950788896874,0.2119402985074626,1.204851232394366,0.6338028169014085,0.8169014084507042,0.943661971830986,2.2119925654929062,0.2772210577950963
800,39,0,13,MLE_plugin,all,142,0.1775,0.1418903911887185,0.16029145865448,2.152725973349794,2.168526096962129,0.4529850746268656,1.317328009768133,0.0,0.2755512812499999,0.91375,0.9625,0.9875,0.6946170303793505,0.0353754699313302
800,39,0,13,MLE_plugin,active,142,0.1775,0.1418903911887185,0.16029145865448,2.152725973349794,2.168526096962129,0.3514925373134328,0.490719168006472,0.2119402985074626,1.1912575264084508,0.6267605633802817,0.8169014084507042,0.9366197183098592,2.196793842026087,0.2611329802808736
800,39,0,13,heuristic,all,142,0.1775,0.1418903911887185,0.16029145865448,2.152725973349794,2.168526096962129,0.7000000000000001,1.980524467510253,0.0,0.58625,0.7425,0.7425,0.7425,0.0,0.1659191737343731
800,39,0,13,heuristic,active,142,0.1775,0.1418903911887185,0.16029145865448,2.152725973349794,2.168526096962129,0.3343283582089552,0.481856142377558,0.2119402985074626,1.5774647887323945,0.2183098591549295,0.2183098591549295,0.2183098591549295,0.0,0.5211267605633803
800,39,0,26,MCMC,all,170,0.2125,0.1418903911887185,0.16029145865448,2.152725973349794,2.168526096962129,0.4103139013452915,1.197774925414985,0.0,0.5079547343749999,0.885,0.93625,0.98,1.1757594638800457,0.0267728960473677
800,39,0,26,MCMC,active,170,0.2125,0.1418903911887185,0.16029145865448,2.152725973349794,2.168526096962129,0.3374439461883408,0.4999561493056642,0.2541106128550074,1.9315845588235292,0.5588235294117647,0.7352941176470589,0.9117647058823528,3.490763397816804,0.2478963700827294
800,39,0,26,MLE_plugin,all,170,0.2125,0.1418903911887185,0.16029145865448,2.152725973349794,2.168526096962129,0.4207772795216741,1.2009419227356977,0.0,0.5126582421875,0.88,0.93875,0.98125,1.1695645842373834,0.0325528715823392
800,39,0,26,MLE_plugin,active,170,0.2125,0.1418903911887185,0.16029145865448,2.152725973349794,2.168526096962129,0.3325859491778774,0.4881597268248758,0.2541106128550074,1.8906018014705883,0.5411764705882353,0.7470588235294118,0.9176470588235294,3.373444591224136,0.2352401609881141
800,39,0,26,heuristic,all,170,0.2125,0.1418903911887185,0.16029145865448,2.152725973349794,2.168526096962129,0.6696562032884903,1.8746087182769364,0.0,1.12,0.63625,0.63625,0.63625,0.0,0.2609164549912491
800,39,0,26,heuristic,active,170,0.2125,0.1418903911887185,0.16029145865448,2.152725973349794,2.168526096962129,0.3019431988041853,0.4624369630008297,0.2541106128550074,2.376470588235294,0.1588235294117647,0.1588235294117647,0.1588235294117647,0.0,0.4833321776339504
800,39,0,52,MCMC,all,193,0.24125,0.1418903911887185,0.16029145865448,2.152725973349794,2.168526096962129,0.4077012383900928,1.1723515353263627,0.0,0.9620598125,0.855,0.91875,0.975,2.1524955475795444,0.0256250651356798
800,39,0,52,MCMC,active,193,0.24125,0.1418903911887185,0.16029145865448,2.152725973349794,2.168526096962129,0.3374613003095975,0.5200056245119871,0.2240712074303405,3.321182772020725,0.4766839378238341,0.6994818652849741,0.9015544041450776,6.08296793871815,0.2434452328469212
800,39,0,52,MLE_plugin,all,193,0.24125,0.1418903911887185,0.16029145865448,2.152725973349794,2.168526096962129,0.4135061919504644,1.187582463358238,0.0,0.96962296875,0.85125,0.9225,0.97875,2.121372464674968,0.0334439753308841
800,39,0,52,MLE_plugin,active,193,0.24125,0.1418903911887185,0.16029145865448,2.152725973349794,2.168526096962129,0.3306888544891641,0.5121009921013123,0.2240712074303405,3.2278496113989634,0.4818652849740932,0.7202072538860104,0.917098445595855,5.792077994458174,0.2287930126098908
800,39,0,52,heuristic,all,193,0.24125,0.1418903911887185,0.16029145865448,2.152725973349794,2.168526096962129,0.6776315789473685,1.9445275512472544,0.0,2.18875,0.6175,0.6175,0.6175,0.0,0.2671664549912491
800,39,0,52,heuristic,active,193,0.24125,0.1418903911887185,0.16029145865448,2.152725973349794,2.168526096962129,0.3223684210526316,0.5225563178642455,0.2240712074303405,4.316062176165803,0.1036269430051813,0.1036269430051813,0.1036269430051813,0.0,0.4766839378238342
800,39,1,13,MCMC,all,186,0.2325,0.1586565478943475,0.1770272325618785,0.500794244130276,1.501505429119537,0.751008064516129,1.8151880476366735,0.0,0.3335297265625,0.89,0.96125,0.9825,0.7243493049869218,0.0490741759868251
800,39,1,13,MCMC,active,186,0.2325,0.1586565478943475,0.1770272325618785,0.500794244130276,1.501505429119537,0.6028225806451613,0.823514057697746,0.375,1.1489880712365592,0.6075268817204301,0.8333333333333334,0.9247311827956988,1.5706596921384013,0.2520498035164741
800,39,1,13,MLE_plugin,all,186,0.2325,0.1586565478943475,0.1770272325618785,0.500794244130276,1.501505429119537,0.7520161290322581,1.8059835223031204,0.0,0.3315820390625,0.88875,0.96125,0.98125,0.7077165679365746,0.0467736974568466
800,39,1,13,MLE_plugin,active,186,0.2325,0.1586565478943475,0.1770272325618785,0.500794244130276,1.501505429119537,0.6008064516129032,0.815673084418728,0.375,1.139795934139785,0.6021505376344086,0.8333333333333334,0.9193548387096774,1.5638677688372884,0.2567985959397685
800,39,1,13,heuristic,all,186,0.2325,0.1586565478943475,0.1770272325618785,0.500794244130276,1.501505429119537,1.0766129032258065,2.0225703554813634,0.0,0.6675,0.60125,0.60125,0.60125,0.0,0.2910742681219029
800,39,1,13,heuristic,active,186,0.2325,0.1586565478943475,0.1770272325618785,0.500794244130276,1.501505429119537,0.5201612903225807,0.7212220811390765,0.375,1.3870967741935485,0.2365591397849462,0.2365591397849462,0.2365591397849462,0.0,0.4623655913978495
800,39,1,26,MCMC,all,212,0.265,0.1586565478943475,0.1770272325618785,0.500794244130276,1.501505429119537,0.6696149843912591,1.5486863752484097,0.0,0.5887236171875,0.8625,0.93625,0.97125,1.204399321050965,0.037397029313108
800,39,1,26,MCMC,active,212,0.265,0.1586565478943475,0.1770272325618785,0.500794244130276,1.501505429119537,0.5520291363163372,0.7452207134951727,0.441207075962539,1.8394054540094336,0.5849056603773585,0.7735849056603774,0.8915094339622641,2.51410604675735,0.2411433983851639
800,39,1,26,MLE_plugin,all,212,0.265,0.1586565478943475,0.1770272325618785,0.500794244130276,1.501505429119537,0.6696149843912591,1.538303689631635,0.0,0.5808831953125,0.8625,0.93625,0.97375,1.1779835673120904,0.0358911650502721
800,39,1,26,MLE_plugin,active,212,0.265,0.1586565478943475,0.1770272325618785,0.500794244130276,1.501505429119537,0.5520291363163372,0.7414376468476647,0.441207075962539,1.8083152712264152,0.5754716981132075,0.7735849056603774,0.9009433962264152,2.5010749695355314,0.2365957604057807
800,39,1,26,heuristic,all,212,0.265,0.1586565478943475,0.1770272325618785,0.500794244130276,1.501505429119537,1.1342351716961498,1.8900832532350016,0.8324661810613945,1.3625,0.42125,0.42125,0.42125,0.0,0.4760742681219029
800,39,1,26,heuristic,active,212,0.265,0.1586565478943475,0.1770272325618785,0.500794244130276,1.501505429119537,0.4963579604578564,0.6821367020007617,0.441207075962539,2.25,0.1745283018867924,0.1745283018867924,0.1745283018867924,0.0,0.4339622641509434
800,39,1,52,MCMC,all,219,0.27375,0.1586565478943475,0.1770272325618785,0.500794244130276,1.501505429119537,0.6626112759643916,1.484794833027344,0.0,0.991358921875,0.84875,0.93875,0.98,2.1134607393462765,0.0416952978874664
800,39,1,52,MCMC,active,219,0.27375,0.1586565478943475,0.1770272325618785,0.500794244130276,1.501505429119537,0.5498516320474777,0.7226174879927327,0.3899109792284866,3.0161809646118725,0.5570776255707762,0.7945205479452054,0.9269406392694064,4.445229586553128,0.2057254050914141
800,39,1,52,MLE_plugin,all,219,0.27375,0.1586565478943475,0.1770272325618785,0.500794244130276,1.501505429119537,0.6483679525222552,1.4592408638655905,0.0,0.98452053125,0.85,0.935,0.9775,2.08548095752658,0.0422337776064701
800,39,1,52,MLE_plugin,active,219,0.27375,0.1586565478943475,0.1770272325618785,0.500794244130276,1.501505429119537,0.5373887240356083,0.7087412079160914,0.3899109792284866,2.9777509988584474,0.5662100456621004,0.7853881278538812,0.9178082191780822,4.413625583985064,0.2015801444034948
800,39,1,52,heuristic,all,219,0.27375,0.1586565478943475,0.1770272325618785,0.500794244130276,1.501505429119537,1.204747774480712,2.02379978501575,0.4747774480712166,2.5375,0.395,0.395,0.395,0.0,0.5010742681219029
800,39,1,52,heuristic,active,219,0.27375,0.1586565478943475,0.1770272325618785,0.500794244130276,1.501505429119537,0.5400593471810089,0.7240171228851014,0.3899109792284866,4.155251141552512,0.0730593607305936,0.0730593607305936,0.0730593607305936,0.0,0.54337899543379
800,39,2,13,MCMC,all,90,0.1125,0.1844428052058368,0.194501828265706,2.218646353147057,1.4387575234081411,0.5160256410256411,2.5510708727328977,0.0,0.223982796875,0.94875,0.9775,0.9925,0.5012036386382226,0.0157842323887303
800,39,2,13,MCMC,active,90,0.1125,0.1844428052058368,0.194501828265706,2.218646353147057,1.4387575234081411,0.4732905982905983,0.8238488871286668,0.1923076923076923,1.8101496527777776,0.5666666666666667,0.8,0.9333333333333332,2.6130300855936253,0.2196501329590299
800,39,2,13,MLE_plugin,all,90,0.1125,0.1844428052058368,0.194501828265706,2.218646353147057,1.4387575234081411,0.5128205128205129,2.5984171134291043,0.0,0.2236038984375,0.94875,0.97875,0.98875,0.4965251540510892,0.0164039888765332
800,39,2,13,MLE_plugin,active,90,0.1125,0.1844428052058368,0.194501828265706,2.218646353147057,1.4387575234081411,0.4754273504273504,0.8453886400128179,0.1923076923076923,1.8107594444444444,0.5666666666666667,0.8111111111111111,0.9,2.5845321406675104,0.2095903940535817
800,39,2,13,heuristic,all,90,0.1125,0.1844428052058368,0.194501828265706,2.218646353147057,1.4387575234081411,1.0363247863247864,3.5729153788168344,0.0,0.60625,0.7775,0.7775,0.7775,0.0,0.169077150866227
800,39,2,13,heuristic,active,90,0.1125,0.1844428052058368,0.194501828265706,2.218646353147057,1.4387575234081411,0.4743589743589743,0.8499332843060113,0.1923076923076923,2.466666666666667,0.1555555555555555,0.1555555555555555,0.1555555555555555,0.0,0.4666666666666667
800,39,2,26,MCMC,all,102,0.1275,0.1844428052058368,0.194501828265706,2.218646353147057,1.4387575234081411,0.6206675224646984,3.2551783086840524,0.0,0.4333618359374999,0.93,0.97125,0.9875,0.8764792366812544,0.0259056382833647
800,39,2,26,MCMC,active,102,0.1275,0.1844428052058368,0.194501828265706,2.218646353147057,1.4387575234081411,0.5731707317073171,1.1302925167208395,0.2618741976893453,3.1063880514705886,0.4803921568627451,0.7745098039215687,0.9019607843137256,4.317158890156655,0.2223228162331347
800,39,2,26,MLE_plugin,all,102,0.1275,0.1844428052058368,0.194501828265706,2.218646353147057,1.4387575234081411,0.6270860077021823,3.25538079551609,0.0,0.433671953125,0.93,0.96625,0.98375,0.872557372218298,0.0248817609371706
800,39,2,26,MLE_plugin,active,102,0.1275,0.1844428052058368,0.194501828265706,2.218646353147057,1.4387575234081411,0.576379974326059,1.1276684918944555,0.2618741976893453,3.11064074754902,0.4803921568627451,0.7352941176470589,0.8725490196078431,4.252396059745589,0.2132928949300045
800,39,2,26,heuristic,all,102,0.1275,0.1844428052058368,0.194501828265706,2.218646353147057,1.4387575234081411,1.3132220795892169,4.592263591886023,0.0,1.27875,0.69875,0.69875,0.69875,0.0,0.25375
800,39,2,26,heuristic,active,102,0.1275,0.1844428052058368,0.194501828265706,2.218646353147057,1.4387575234081411,0.582798459563543,1.24312522168448,0.2618741976893453,4.450980392156863,0.2058823529411764,0.2058823529411764,0.2058823529411764,0.0,0.4215686274509804
800,39,2,52,MCMC,all,112,0.14,0.1844428052058368,0.194501828265706,2.218646353147057,1.4387575234081411,0.7306889352818372,3.7940214363962954,0.0,0.91710578125,0.91125,0.94875,0.98375,1.6478629427023623,0.0302576063020379
800,39,2,52,MCMC,active,112,0.14,0.1844428052058368,0.194501828265706,2.218646353147057,1.4387575234081411,0.6830201809324983,1.3883346150070173,0.3117606123869172,6.0809854352678565,0.3928571428571428,0.6339285714285714,0.8839285714285714,7.870000002723214,0.2647612708407522
800,39,2,52,MLE_plugin,all,112,0.14,0.1844428052058368,0.194501828265706,2.218646353147057,1.4387575234081411,0.7407794015309673,3.8883864275787774,0.0,0.92530828125,0.915,0.95125,0.9825,1.6337313990475402,0.0271609106183622
800,39,2,52,MLE_plugin,active,112,0.14,0.1844428052058368,0.194501828265706,2.218646353147057,1.4387575234081411,0.6903270702853167,1.4228557649604012,0.3117606123869172,6.129621595982142,0.4285714285714285,0.6517857142857143,0.875,7.822058663215107,0.25704489885237
800,39,2,52,heuristic,all,112,0.14,0.1844428052058368,0.194501828265706,2.218646353147057,1.4387575234081411,1.4975643702157273,5.366747806188249,0.0,2.69,0.67375,0.67375,0.67375,0.0,0.265
800,39,2,52,heuristic,active,112,0.14,0.1844428052058368,0.194501828265706,2.218646353147057,1.4387575234081411,0.7237299930410579,1.5930136011333371,0.2338204592901879,9.285714285714286,0.0535714285714285,0.0535714285714285,0.0535714285714285,0.0,0.5089285714285714
800,39,3,13,MCMC,all,134,0.1675,0.071658057967623,0.0776235722936879,1.7195684331274323,1.7046533544121862,0.6214689265536724,1.7650281753461363,0.0,0.2041401874999999,0.91625,0.96,0.9875,0.557648084634791,0.0543898703288283
800,39,3,13,MCMC,active,134,0.1675,0.071658057967623,0.0776235722936879,1.7195684331274323,1.7046533544121862,0.5621468926553672,0.6990483857815295,0.3785310734463277,1.0580130597014925,0.5373134328358209,0.7611940298507462,0.9253731343283582,1.5047932738507348,0.3678138037482359
800,39,3,13,MLE_plugin,all,134,0.1675,0.071658057967623,0.0776235722936879,1.7195684331274323,1.7046533544121862,0.6101694915254238,1.754144033475709,0.0,0.2011856015624999,0.91125,0.96125,0.98625,0.5512495285950372,0.052263936943891
800,39,3,13,MLE_plugin,active,134,0.1675,0.071658057967623,0.0776235722936879,1.7195684331274323,1.7046533544121862,0.5508474576271187,0.6929027861991912,0.3785310734463277,1.0345776585820896,0.5074626865671642,0.7686567164179104,0.917910447761194,1.499076070642858,0.354699420419143
800,39,3,13,heuristic,all,134,0.1675,0.071658057967623,0.0776235722936879,1.7195684331274323,1.7046533544121862,0.8333333333333334,2.11242023681807,0.0,0.36875,0.77125,0.77125,0.77125,0.0,0.1400976296376295
800,39,3,13,heuristic,active,134,0.1675,0.071658057967623,0.0776235722936879,1.7195684331274323,1.7046533544121862,0.46045197740113,0.6002941175343657,0.3785310734463277,1.2164179104477613,0.2164179104477611,0.2164179104477611,0.2164179104477611,0.0,0.5373134328358209
800,39,3,26,MCMC,all,167,0.20875,0.071658057967623,0.0776235722936879,1.7195684331274323,1.7046533544121862,0.572992700729927,1.5767775016405423,0.0,0.3570865234375,0.8875,0.9425,0.98625,0.9097204704311024,0.0577114148193972
800,39,3,26,MCMC,active,167,0.20875,0.071658057967623,0.0776235722936879,1.7195684331274323,1.7046533544121862,0.5204379562043796,0.6962994824483346,0.4875912408759124,1.501731362275449,0.4910179640718562,0.7305389221556886,0.934131736526946,2.268960087070587,0.3839052805780266
800,39,3,26,MLE_plugin,all,167,0.20875,0.071658057967623,0.0776235722936879,1.7195684331274323,1.7046533544121862,0.5664233576642336,1.5249710782132084,0.0,0.3527815703125,0.89375,0.9425,0.9825,0.9124893097629024,0.0574162562307041
800,39,3,26,MLE_plugin,active,167,0.20875,0.071658057967623,0.0776235722936879,1.7195684331274323,1.7046533544121862,0.5109489051094891,0.6723099280481609,0.4875912408759124,1.4729564371257484,0.5209580838323353,0.7365269461077845,0.9161676646706588,2.2731567689948045,0.3712343273505037
800,39,3,26,heuristic,all,167,0.20875,0.071658057967623,0.0776235722936879,1.7195684331274323,1.7046533544121862,0.8846715328467153,1.9939703449884816,0.0,0.7575,0.635,0.635,0.635,0.0,0.2686867818826387
800,39,3,26,heuristic,active,167,0.20875,0.071658057967623,0.0776235722936879,1.7195684331274323,1.7046533544121862,0.4233576642335766,0.6001473880812505,0.2437956204379562,1.7365269461077844,0.2395209580838323,0.2395209580838323,0.2395209580838323,0.0,0.467065868263473
800,39,3,52,MCMC,all,201,0.25125,0.071658057967623,0.0776235722936879,1.7195684331274323,1.7046533544121862,0.6093630084420568,1.6915480526600266,0.0,0.7175970078124999,0.83625,0.9125,0.98625,1.5884145127455485,0.0579042876886668
800,39,3,52,MCMC,active,201,0.25125,0.071658057967623,0.0776235722936879,1.7195684331274323,1.7046533544121862,0.5671527244819647,0.832314034312808,0.308518802762855,2.5865683768656718,0.373134328358209,0.6616915422885572,0.945273631840796,3.6580364105427488,0.3687467680088288
800,39,3,52,MLE_plugin,all,201,0.25125,0.071658057967623,0.0776235722936879,1.7195684331274323,1.7046533544121862,0.5974673829623945,1.638953287534146,0.0,0.7094757578124999,0.84625,0.91125,0.985,1.5933657651362032,0.0505391136553126
800,39,3,52,MLE_plugin,active,201,0.25125,0.071658057967623,0.0776235722936879,1.7195684331274323,1.7046533544121862,0.54911742133538,0.8017584208162785,0.308518802762855,2.531262189054726,0.4129353233830846,0.6567164179104478,0.9402985074626866,3.655772456699568,0.3621239740232523
800,39,3,52,heuristic,all,201,0.25125,0.071658057967623,0.0776235722936879,1.7195684331274323,1.7046533544121862,0.9102072141212586,2.1789369177363453,0.0,1.4825,0.5925,0.5925,0.5925,0.0,0.2794216192858245
800,39,3,52,heuristic,active,201,0.25125,0.071658057967623,0.0776235722936879,1.7195684331274323,1.7046533544121862,0.4919416730621642,0.7839333263400512,0.308518802762855,3.189054726368159,0.1144278606965174,0.1144278606965174,0.1144278606965174,0.0,0.5124378109452736
800,39,4,13,MCMC,all,323,0.40375,0.1862015082793814,0.0665270282569435,1.1282221557005478,2.163787918389401,0.5730129390018485,1.191627464790107,0.0,0.5617565,0.8225,0.92875,0.97875,1.1679676265530017,0.0411871981021234
800,39,4,13,MCMC,active,323,0.40375,0.1862015082793814,0.0665270282569435,1.1282221557005478,2.163787918389401,0.5064695009242144,0.7297139602905284,0.2985212569316081,1.210127205882353,0.6006191950464397,0.8328173374613003,0.9473684210526316,1.9145888049343796,0.2658347614392904
800,39,4,13,MLE_plugin,all,323,0.40375,0.1862015082793814,0.0665270282569435,1.1282221557005478,2.163787918389401,0.5642329020332717,1.1748070420837664,0.0,0.5579330703125,0.8225,0.915,0.98125,1.1673335035697838,0.0240099311798615
800,39,4,13,MLE_plugin,active,323,0.40375,0.1862015082793814,0.0665270282569435,1.1282221557005478,2.163787918389401,0.488909426987061,0.7139474124513486,0.2985212569316081,1.1680111842105263,0.6099071207430341,0.8080495356037152,0.953560371517028,1.889604446827769,0.227528303650078
800,39,4,13,heuristic,all,323,0.40375,0.1862015082793814,0.0665270282569435,1.1282221557005478,2.163787918389401,0.699630314232902,1.250117443172711,0.0,0.94625,0.51375,0.51375,0.51375,0.0,0.2954949450532408
800,39,4,13,heuristic,active,323,0.40375,0.1862015082793814,0.0665270282569435,1.1282221557005478,2.163787918389401,0.4611829944547135,0.6396531985733194,0.2985212569316081,1.5448916408668731,0.2291021671826625,0.2291021671826625,0.2291021671826625,0.0,0.4736422470235257
800,39,4,26,MCMC,all,360,0.45,0.1862015082793814,0.0665270282569435,1.1282221557005478,2.163787918389401,0.5200956937799043,1.0690327306234595,0.0,0.9919045546875,0.78375,0.91875,0.9775,1.9772976563506592,0.0456772735099709
800,39,4,26,MCMC,active,360,0.45,0.1862015082793814,0.0665270282569435,1.1282221557005478,2.163787918389401,0.4660287081339713,0.6919494083054197,0.3444976076555024,1.9521504340277775,0.5638888888888889,0.8361111111111111,0.95,3.1430983002196,0.247754370514883
800,39,4,26,MLE_plugin,all,360,0.45,0.1862015082793814,0.0665270282569435,1.1282221557005478,2.163787918389401,0.5181818181818182,1.0553683431342944,0.0,0.9782022734375,0.77375,0.9125,0.9775,1.9572391313723032,0.0198870432090803
800,39,4,26,MLE_plugin,active,360,0.45,0.1862015082793814,0.0665270282569435,1.1282221557005478,2.163787918389401,0.4507177033492823,0.6731429970454127,0.3444976076555024,1.8613621006944443,0.5583333333333333,0.8333333333333334,0.95,3.0574651599530056,0.1890552674189698
800,39,4,26,heuristic,all,360,0.45,0.1862015082793814,0.0665270282569435,1.1282221557005478,2.163787918389401,0.6861244019138757,1.1718483839113212,0.3827751196172249,1.7925,0.36625,0.36625,0.36625,0.0,0.435
800,39,4,26,heuristic,active,360,0.45,0.1862015082793814,0.0665270282569435,1.1282221557005478,2.163787918389401,0.4301435406698565,0.6041681188731595,0.3444976076555024,2.4972222222222222,0.1694444444444444,0.1694444444444444,0.1694444444444444,0.0,0.4388888888888889
800,39,4,52,MCMC,all,387,0.48375,0.1862015082793814,0.0665270282569435,1.1282221557005478,2.163787918389401,0.4839111998004489,1.0199941113035371,0.0997755051134946,1.792732609375,0.75,0.905,0.9725,3.563247085998563,0.0600569382114638
800,39,4,52,MCMC,active,387,0.48375,0.1862015082793814,0.0665270282569435,1.1282221557005478,2.163787918389401,0.4386380643552007,0.6864637572773019,0.2895984035919182,3.329351744186046,0.5271317829457365,0.8191214470284238,0.9431524547803618,5.533583044151794,0.2838245906587629
800,39,4,52,MLE_plugin,all,387,0.48375,0.1862015082793814,0.0665270282569435,1.1282221557005478,2.163787918389401,0.4688201546520329,0.9723825574301226,0.1995510102269892,1.7281200078125,0.7525,0.895,0.975,3.5244417814381523,0.0223886601011445
800,39,4,52,MLE_plugin,active,387,0.48375,0.1862015082793814,0.0665270282569435,1.1282221557005478,2.163787918389401,0.4055874282863557,0.6405611468776208,0.2895984035919182,3.0537465762273897,0.5555555555555556,0.8087855297157622,0.9483204134366924,5.340255388166566,0.1773939521154235
800,39,4,52,heuristic,all,387,0.48375,0.1862015082793814,0.0665270282569435,1.1282221557005478,2.163787918389401,0.6475430281865802,1.123482820796381,0.3991020204539785,3.245,0.31125,0.31125,0.31125,0.0,0.475
800,39,4,52,heuristic,active,387,0.48375,0.1862015082793814,0.0665270282569435,1.1282221557005478,2.163787918389401,0.4033424794213021,0.5724433746536582,0.2895984035919182,4.178294573643411,0.0697674418604651,0.0697674418604651,0.0697674418604651,0.0,0.4883720930232558
800,39,5,13,MCMC,all,196,0.245,0.1589503470627669,0.0263738929334227,1.7306972078792364,0.9256243278340872,0.6393540669856459,1.5940089237748856,0.0,0.47563296875,0.85125,0.935,0.99375,1.0257252480499608,0.0401772023538993
800,39,5,13,MCMC,active,196,0.245,0.1589503470627669,0.0263738929334227,1.7306972078792364,0.9256243278340872,0.4970095693779904,0.7070774398795259,0.2344497607655502,1.4712979272959186,0.5306122448979592,0.7806122448979592,0.979591836734694,2.343877883921426,0.2183830951865318
800,39,5,13,MLE_plugin,all,196,0.245,0.1589503470627669,0.0263738929334227,1.7306972078792364,0.9256243278340872,0.6447368421052632,1.6162053353162238,0.0,0.474613734375,0.85125,0.93875,0.99375,1.0225657502971393,0.034661122237433
800,39,5,13,MLE_plugin,active,196,0.245,0.1589503470627669,0.0263738929334227,1.7306972078792364,0.9256243278340872,0.5107655502392344,0.7245605433946772,0.2344497607655502,1.4934874681122448,0.5102040816326531,0.7908163265306123,0.979591836734694,2.3485972823216987,0.2404963680446855
800,39,5,13,heuristic,all,196,0.245,0.1589503470627669,0.0263738929334227,1.7306972078792364,0.9256243278340872,0.973684210526316,2.116109510765165,0.0,1.0175,0.595,0.595,0.595,0.0,0.3038988542855089
800,39,5,13,heuristic,active,196,0.245,0.1589503470627669,0.0263738929334227,1.7306972078792364,0.9256243278340872,0.4342105263157894,0.6729890865161284,0.2344497607655502,1.8520408163265305,0.2091836734693877,0.2091836734693877,0.2091836734693877,0.0,0.4183673469387755
800,39,5,26,MCMC,all,231,0.28875,0.1589503470627669,0.0263738929334227,1.7306972078792364,0.9256243278340872,0.6892417368762151,1.7104861989010758,0.0,0.927631515625,0.8125,0.915,0.99,1.779564784498646,0.0404332534087786
800,39,5,26,MCMC,active,231,0.28875,0.1589503470627669,0.0263738929334227,1.7306972078792364,0.9256243278340872,0.5489306545690213,0.8314430324070018,0.2994167206740116,2.5083504329004325,0.4805194805194805,0.7662337662337663,0.9696969696969696,3.808196191780485,0.223997810620392
800,39,5,26,MLE_plugin,all,231,0.28875,0.1589503470627669,0.0263738929334227,1.7306972078792364,0.9256243278340872,0.6798444588464031,1.68662370339475,0.0,0.914251046875,0.81,0.92125,0.98875,1.773557875744914,0.0312406732433626
800,39,5,26,MLE_plugin,active,231,0.28875,0.1589503470627669,0.0263738929334227,1.7306972078792364,0.9256243278340872,0.5508749189889824,0.8266153994348683,0.2994167206740116,2.513679653679654,0.4588744588744589,0.7748917748917749,0.9653679653679652,3.803503566152296,0.2401786072861981
800,39,5,26,heuristic,all,231,0.28875,0.1589503470627669,0.0263738929334227,1.7306972078792364,0.9256243278340872,1.1140635126377187,2.366790912983313,0.5184705119896306,2.14875,0.4675,0.4675,0.4675,0.0,0.4188988542855089
800,39,5,26,heuristic,active,231,0.28875,0.1589503470627669,0.0263738929334227,1.7306972078792364,0.9256243278340872,0.508749189889825,0.8613618027375136,0.2994167206740116,3.398268398268398,0.1948051948051948,0.1948051948051948,0.1948051948051948,0.0,0.4111614814975233
800,39,5,52,MCMC,all,256,0.32,0.1589503470627669,0.0263738929334227,1.7306972078792364,0.9256243278340872,0.7475952974706092,1.913966537819628,0.0,1.8108408046875,0.785,0.90625,0.9875,3.299941269893071,0.0368473819785411
800,39,5,52,MCMC,active,256,0.32,0.1589503470627669,0.0263738929334227,1.7306972078792364,0.9256243278340872,0.6102600641254008,1.0046221831027873,0.2736017100106875,4.580234375,0.44921875,0.765625,0.96484375,6.766004625587625,0.1977456292974636
800,39,5,52,MLE_plugin,all,256,0.32,0.1589503470627669,0.0263738929334227,1.7306972078792364,0.9256243278340872,0.7413608835055219,1.8888626092863643,0.0,1.7821599453125,0.79,0.90125,0.98625,3.263244143945075,0.0268178966455455
800,39,5,52,MLE_plugin,active,256,0.32,0.1589503470627669,0.0263738929334227,1.7306972078792364,0.9256243278340872,0.6138225863911649,0.994415283336554,0.2736017100106875,4.58964814453125,0.453125,0.73828125,0.9609375,6.743685786107885,0.2285505034309823
800,39,5,52,heuristic,all,256,0.32,0.1589503470627669,0.0263738929334227,1.7306972078792364,0.9256243278340872,1.2479515496971856,2.7217483590308733,0.2850017812611329,4.37875,0.4225,0.4225,0.4225,0.0,0.4538988542855088
800,39,5,52,heuristic,active,256,0.32,0.1589503470627669,0.0263738929334227,1.7306972078792364,0.9256243278340872,0.6116850730317065,1.0984517342175406,0.2736017100106875,6.70703125,0.07421875,0.07421875,0.07421875,0.0,0.53515625
800,39,6,13,MCMC,all,144,0.18,0.039367812486216,0.0527933957286806,1.1098078732543688,1.7742704851280473,0.9390243902439024,2.4066139284963923,0.0,0.180808953125,0.89625,0.92625,0.995,0.5073575589017996,0.0285584551774747
800,39,6,13,MCMC,active,144,0.18,0.039367812486216,0.0527933957286806,1.1098078732543688,1.7742704851280473,0.8317073170731706,0.983432055594816,0.7024390243902439,0.8267687934027779,0.4236111111111111,0.5902777777777778,0.9722222222222222,0.80237585850622,0.5090701843615484
800,39,6,13,MLE_plugin,all,144,0.18,0.039367812486216,0.0527933957286806,1.1098078732543688,1.7742704851280473,0.8829268292682928,2.3128330909521364,0.0,0.1801289609375,0.89625,0.92875,0.99,0.5035401850379793,0.0273861321987208
800,39,6,13,MLE_plugin,active,144,0.18,0.039367812486216,0.0527933957286806,1.1098078732543688,1.7742704851280473,0.7951219512195121,0.9493038872327916,0.7024390243902439,0.8239320312499999,0.4236111111111111,0.6041666666666666,0.9444444444444444,0.7916523594737637,0.5146257399171038
800,39,6,13,heuristic,all,144,0.18,0.039367812486216,0.0527933957286806,1.1098078732543688,1.7742704851280473,1.1463414634146345,2.540334939764203,0.0,0.29375,0.7625,0.7625,0.7625,0.0,0.1334649680687507
800,39,6,13,heuristic,active,144,0.18,0.039367812486216,0.0527933957286806,1.1098078732543688,1.7742704851280473,0.6536585365853659,0.8360696696830653,0.7024390243902439,0.9305555555555556,0.2708333333333333,0.2708333333333333,0.2708333333333333,0.0,0.6239302441706144
800,39,6,26,MCMC,all,196,0.245,0.039367812486216,0.0527933957286806,1.1098078732543688,1.7742704851280473,0.8713592233009708,2.0003298813627683,0.0,0.3339319374999999,0.83875,0.9325,0.9875,0.7994433799386609,0.0386568010427048
800,39,6,26,MCMC,active,196,0.245,0.039367812486216,0.0527933957286806,1.1098078732543688,1.7742704851280473,0.7621359223300971,0.9538804071196836,0.4757281553398058,1.1255736607142857,0.3724489795918367,0.7244897959183674,0.9489795918367347,1.193736601893532,0.4763206504692321
800,39,6,26,MLE_plugin,all,196,0.245,0.039367812486216,0.0527933957286806,1.1098078732543688,1.7742704851280473,0.8859223300970873,2.012075900588612,0.0,0.3374253046875,0.83625,0.92125,0.9875,0.7952462865010375,0.0338415597823179
800,39,6,26,MLE_plugin,active,196,0.245,0.039367812486216,0.0527933957286806,1.1098078732543688,1.7742704851280473,0.7645631067961166,0.954485469284631,0.4757281553398058,1.1347282206632654,0.3622448979591837,0.6785714285714286,0.9489795918367347,1.1994464008159995,0.4701954731559212
800,39,6,26,heuristic,all,196,0.245,0.039367812486216,0.0527933957286806,1.1098078732543688,1.7742704851280473,1.2135922330097086,2.251924952377321,0.0,0.625,0.58375,0.58375,0.58375,0.0,0.2847149680687507
800,39,6,26,heuristic,active,196,0.245,0.039367812486216,0.0527933957286806,1.1098078732543688,1.7742704851280473,0.5800970873786409,0.8105633310013198,0.4757281553398058,1.219387755102041,0.2193877551020408,0.2193877551020408,0.2193877551020408,0.0,0.5550402778095642
800,39,6,52,MCMC,all,248,0.31,0.039367812486216,0.0527933957286806,1.1098078732543688,1.7742704851280473,0.8062068965517241,1.7548167107895094,0.0,0.54530784375,0.8,0.9275,0.985,1.3180459769080108,0.0329156719673596
800,39,6,52,MCMC,active,248,0.31,0.039367812486216,0.0527933957286806,1.1098078732543688,1.7742704851280473,0.686896551724138,0.930223912798916,0.3420689655172413,1.4566169858870968,0.407258064516129,0.7661290322580645,0.9516129032258064,1.9070138105611203,0.4015603286336566
800,39,6,52,MLE_plugin,all,248,0.31,0.039367812486216,0.0527933957286806,1.1098078732543688,1.7742704851280473,0.8068965517241379,1.7612016220151578,0.0,0.5507472109375,0.80125,0.92875,0.9825,1.3199803249045965,0.0275201330846823
800,39,6,52,MLE_plugin,active,248,0.31,0.039367812486216,0.0527933957286806,1.1098078732543688,1.7742704851280473,0.6910344827586207,0.936290654791397,0.3420689655172413,1.4665686491935483,0.4032258064516129,0.7701612903225806,0.9435483870967742,1.9177168328001644,0.4041637972106288
800,39,6,52,heuristic,all,248,0.31,0.039367812486216,0.0527933957286806,1.1098078732543688,1.7742704851280473,1.1751724137931034,2.28016312494034,0.0,1.065,0.55375,0.55375,0.55375,0.0,0.2944303605848066
800,39,6,52,heuristic,active,248,0.31,0.039367812486216,0.0527933957286806,1.1098078732543688,1.7742704851280473,0.6482758620689656,0.9483077110639024,0.3420689655172413,1.8951612903225807,0.157258064516129,0.157258064516129,0.157258064516129,0.0,0.4948855707654562
800,39,7,13,MCMC,all,249,0.31125,0.175564290540535,0.0787487763073404,1.6871021867167262,2.486304592952007,0.4541701073492981,1.0936305949557923,0.0,0.5009354296875,0.86125,0.93625,0.9825,1.042691170245408,0.020618754493023
800,39,7,13,MCMC,active,249,0.31125,0.175564290540535,0.0787487763073404,1.6871021867167262,2.486304592952007,0.3951279933938893,0.5755883410885453,0.2056151940545004,1.3825042168674695,0.5983935742971888,0.8072289156626506,0.9477911646586346,2.1990299856816757,0.2675270111068598
800,39,7,13,MLE_plugin,all,249,0.31125,0.175564290540535,0.0787487763073404,1.6871021867167262,2.486304592952007,0.4591246903385632,1.0917584727358158,0.0,0.5008964765625,0.86375,0.9325,0.9825,1.03872871869227,0.0197053638270164
800,39,7,13,MLE_plugin,active,249,0.31125,0.175564290540535,0.0787487763073404,1.6871021867167262,2.486304592952007,0.3988439306358381,0.5768774543294636,0.2056151940545004,1.3912412901606428,0.6024096385542169,0.7991967871485943,0.9477911646586346,2.1963011544157154,0.2647414339567711
800,39,7,13,heuristic,all,249,0.31125,0.175564290540535,0.0787487763073404,1.6871021867167262,2.486304592952007,0.5425268373245252,1.1553613497864708,0.0,0.82125,0.6175,0.6175,0.6175,0.0,0.2225
800,39,7,13,heuristic,active,249,0.31125,0.175564290540535,0.0787487763073404,1.6871021867167262,2.486304592952007,0.3616845582163501,0.523488680882745,0.2056151940545004,1.7590361445783131,0.2208835341365461,0.2208835341365461,0.2208835341365461,0.0,0.5100401606425703
800,39,7,26,MCMC,all,292,0.365,0.175564290540535,0.0787487763073404,1.6871021867167262,2.486304592952007,0.4252275682704811,0.963810462743809,0.0,0.8745482265625,0.80875,0.91875,0.985,1.775423105952898,0.0264205965194193
800,39,7,26,MCMC,active,292,0.365,0.175564290540535,0.0787487763073404,1.6871021867167262,2.486304592952007,0.3792804508019072,0.5438996420104032,0.2531426094495015,2.1125389768835614,0.5136986301369864,0.7945205479452054,0.9623287671232876,3.4793173769214314,0.210307648880368
800,39,7,26,MLE_plugin,all,292,0.365,0.175564290540535,0.0787487763073404,1.6871021867167262,2.486304592952007,0.4221933246640659,0.9576696116083512,0.0,0.8699493203125,0.80375,0.9225,0.9775,1.7589359723413065,0.0326905895810433
800,39,7,26,MLE_plugin,active,292,0.365,0.175564290540535,0.0787487763073404,1.6871021867167262,2.486304592952007,0.3762462071954919,0.5403322189593949,0.2531426094495015,2.107751947773972,0.5034246575342466,0.8013698630136986,0.9417808219178082,3.454259138587891,0.2174818786793522
800,39,7,26,heuristic,all,292,0.365,0.175564290540535,0.0787487763073404,1.6871021867167262,2.486304592952007,0.5184221933246641,1.052093382316641,0.0,1.495,0.50375,0.50375,0.50375,0.0,0.3275
800,39,7,26,heuristic,active,292,0.365,0.175564290540535,0.0787487763073404,1.6871021867167262,2.486304592952007,0.3433029908972692,0.4926646372308065,0.2531426094495015,2.712328767123288,0.1541095890410959,0.1541095890410959,0.1541095890410959,0.0,0.458904109589041
800,39,7,52,MCMC,all,329,0.41125,0.175564290540535,0.0787487763073404,1.6871021867167262,2.486304592952007,0.3922989807474519,0.900253562546308,0.0,1.5695215859375,0.7675,0.9125,0.98125,3.2535327848708824,0.0258914330659559
800,39,7,52,MCMC,active,329,0.41125,0.175564290540535,0.0787487763073404,1.6871021867167262,2.486304592952007,0.3486976217440543,0.5329423918709485,0.2235560588901472,3.378154236322189,0.4832826747720364,0.8024316109422492,0.9574468085106383,5.991500159575217,0.2154118766604497
800,39,7,52,MLE_plugin,all,329,0.41125,0.175564290540535,0.0787487763073404,1.6871021867167262,2.486304592952007,0.3910532276330691,0.8903575636383402,0.0,1.5590378984375,0.76875,0.90875,0.97875,3.2188381660055727,0.022838065193587
800,39,7,52,MLE_plugin,active,329,0.41125,0.175564290540535,0.0787487763073404,1.6871021867167262,2.486304592952007,0.345753114382786,0.5278747796158533,0.2235560588901472,3.3679507218844984,0.486322188449848,0.790273556231003,0.9513677811550152,5.924592910416343,0.214127264475285
800,39,7,52,heuristic,all,329,0.41125,0.175564290540535,0.0787487763073404,1.6871021867167262,2.486304592952007,0.4985277463193658,1.047148152454758,0.1812004530011325,2.75125,0.4625,0.4625,0.4625,0.0,0.33375
800,39,7,52,heuristic,active,329,0.41125,0.175564290540535,0.0787487763073404,1.6871021867167262,2.486304592952007,0.3286523216308041,0.5032516887810496,0.2235560588901472,4.410334346504559,0.0972644376899696,0.0972644376899696,0.0972644376899696,0.0,0.4924012158054711
800,39,8,13,MCMC,all,110,0.1375,0.2276143877411071,0.1730133364072889,2.282942377737177,1.7120294612057307,0.3867187499999999,1.6767092872054534,0.0,0.31321928125,0.93125,0.9625,0.98,0.6619020748207256,0.0357174979225783
800,39,8,13,MCMC,active,110,0.1375,0.2276143877411071,0.1730133364072889,2.282942377737177,1.7120294612057307,0.3186383928571428,0.4852119733477713,0.2455357142857143,1.8874859659090912,0.5363636363636364,0.7363636363636363,0.8545454545454545,3.12400147526671,0.3044727788992716
800,39,8,13,MLE_plugin,all,110,0.1375,0.2276143877411071,0.1730133364072889,2.282942377737177,1.7120294612057307,0.3833705357142857,1.648388760886007,0.0,0.312474984375,0.93125,0.96,0.97875,0.6539364159009758,0.0341028897298426
800,39,8,13,MLE_plugin,active,110,0.1375,0.2276143877411071,0.1730133364072889,2.282942377737177,1.7120294612057307,0.3152901785714286,0.4754418437488529,0.2455357142857143,1.8748149999999997,0.5454545454545454,0.7363636363636363,0.8545454545454545,3.091049684854013,0.3107410728818048
800,39,8,13,heuristic,all,110,0.1375,0.2276143877411071,0.1730133364072889,2.282942377737177,1.7120294612057307,0.6819196428571428,2.4237001434179275,0.0,0.76375,0.75875,0.75875,0.75875,0.0,0.1669242378283595
800,39,8,13,heuristic,active,110,0.1375,0.2276143877411071,0.1730133364072889,2.282942377737177,1.7120294612057307,0.2779017857142857,0.45016571937936,0.1227678571428571,2.263636363636364,0.1727272727272727,0.1727272727272727,0.1727272727272727,0.0,0.5454545454545454
800,39,8,26,MCMC,all,126,0.1575,0.2276143877411071,0.1730133364072889,2.282942377737177,1.7120294612057307,0.3887910798122066,1.6630879716762093,0.0,0.58665059375,0.91125,0.95,0.97,1.2065129437260658,0.0338212243748274
800,39,8,26,MCMC,active,126,0.1575,0.2276143877411071,0.1730133364072889,2.282942377737177,1.7120294612057307,0.3157276995305164,0.4944739008314308,0.1478873239436619,3.112226537698412,0.4761904761904761,0.6904761904761905,0.8095238095238095,5.269211999303458,0.2890191737969019
800,39,8,26,MLE_plugin,all,126,0.1575,0.2276143877411071,0.1730133364072889,2.282942377737177,1.7120294612057307,0.3776408450704225,1.6506579239555264,0.0,0.5771139609375,0.91125,0.95,0.96875,1.1896739072960378,0.0293647859982882
800,39,8,26,MLE_plugin,active,126,0.1575,0.2276143877411071,0.1730133364072889,2.282942377737177,1.7120294612057307,0.3080985915492958,0.4889360597681043,0.1478873239436619,3.03559255952381,0.492063492063492,0.6984126984126984,0.8095238095238095,5.226042419186388,0.2845358953242269
800,39,8,26,heuristic,all,126,0.1575,0.2276143877411071,0.1730133364072889,2.282942377737177,1.7120294612057307,0.7458920187793429,2.501239526081414,0.0,1.58875,0.6525,0.6525,0.6525,0.0,0.2674830686499264
800,39,8,26,heuristic,active,126,0.1575,0.2276143877411071,0.1730133364072889,2.282942377737177,1.7120294612057307,0.2916666666666667,0.4683561874786472,0.1478873239436619,3.9444444444444446,0.0873015873015873,0.0873015873015873,0.0873015873015873,0.0,0.5079365079365079
800,39,8,52,MCMC,all,145,0.18125,0.2276143877411071,0.1730133364072889,2.282942377737177,1.7120294612057307,0.3925937307928703,1.6978150081604446,0.0,1.1600359296875,0.89375,0.9325,0.9675,2.352372700149143,0.0395155219585279
800,39,8,52,MCMC,active,145,0.18125,0.2276143877411071,0.1730133364072889,2.282942377737177,1.7120294612057307,0.3279041180086047,0.5611859201517025,0.1336816226183159,5.538017887931034,0.4344827586206896,0.6344827586206897,0.8275862068965517,9.600710868688491,0.3057758449375047
800,39,8,52,MLE_plugin,all,145,0.18125,0.2276143877411071,0.1730133364072889,2.282942377737177,1.7120294612057307,0.3852181929932391,1.7188337481067526,0.0,1.1365281171875,0.89625,0.93,0.97,2.332757067519504,0.0360444054884639
800,39,8,52,MLE_plugin,active,145,0.18125,0.2276143877411071,0.1730133364072889,2.282942377737177,1.7120294612057307,0.319760295021512,0.5537025536189015,0.1336816226183159,5.36381375,0.4551724137931034,0.6275862068965518,0.8413793103448276,9.511266996774276,0.290826058989189
800,39,8,52,heuristic,all,145,0.18125,0.2276143877411071,0.1730133364072889,2.282942377737177,1.7120294612057307,0.7645974185617701,2.640727512064898,0.0,3.11,0.6375,0.6375,0.6375,0.0,0.2674830686499264
800,39,8,52,heuristic,active,145,0.18125,0.2276143877411071,0.1730133364072889,2.282942377737177,1.7120294612057307,0.3097725875845113,0.5525854024834722,0.1336816226183159,6.951724137931034,0.0620689655172413,0.0620689655172413,0.0620689655172413,0.0,0.5241379310344827
800,39,9,13,MCMC,all,166,0.2075,0.1292609423126207,0.1917900898430624,0.8988478532415578,1.6993128644731197,0.684931506849315,1.8576114709413687,0.0,0.2714221953125,0.90375,0.9475,0.9875,0.6375857116751955,0.025013078293116
800,39,9,13,MCMC,active,166,0.2075,0.1292609423126207,0.1917900898430624,0.8988478532415578,1.6993128644731197,0.6187214611872146,0.8165189248550726,0.3789954337899544,1.1475227033132531,0.5481927710843374,0.7469879518072289,0.9397590361445785,1.4902478411038278,0.3880244231245751
800,39,9,13,MLE_plugin,all,166,0.2075,0.1292609423126207,0.1917900898430624,0.8988478532415578,1.6993128644731197,0.6837899543378996,1.8415474730662813,0.0,0.2674482656249999,0.91125,0.9525,0.98625,0.6471940278816511,0.0207700744945889
800,39,9,13,MLE_plugin,active,166,0.2075,0.1292609423126207,0.1917900898430624,0.8988478532415578,1.6993128644731197,0.5993150684931506,0.799248189825505,0.3789954337899544,1.104545030120482,0.5783132530120482,0.7771084337349398,0.933734939759036,1.4975783575751926,0.3611077136180525
800,39,9,13,heuristic,all,166,0.2075,0.1292609423126207,0.1917900898430624,0.8988478532415578,1.6993128644731197,0.9383561643835616,2.016383759435582,0.0,0.51375,0.68125,0.68125,0.68125,0.0,0.215
800,39,9,13,heuristic,active,166,0.2075,0.1292609423126207,0.1917900898430624,0.8988478532415578,1.6993128644731197,0.4566210045662101,0.6669011909999569,0.3789954337899544,1.2048192771084338,0.3012048192771084,0.3012048192771084,0.3012048192771084,0.0,0.4939759036144578
800,39,9,26,MCMC,all,194,0.2425,0.1292609423126207,0.1917900898430624,0.8988478532415578,1.6993128644731197,0.6680876979293544,1.685900452956575,0.0,0.4901258125,0.8675,0.9275,0.98125,1.054343375210942,0.0360653844539465
800,39,9,26,MCMC,active,194,0.2425,0.1292609423126207,0.1917900898430624,0.8988478532415578,1.6993128644731197,0.6017052375152253,0.7900187905615008,0.4725943970767357,1.798640141752577,0.4845360824742268,0.7010309278350515,0.922680412371134,2.328193829373286,0.3615706169836413
800,39,9,26,MLE_plugin,all,194,0.2425,0.1292609423126207,0.1917900898430624,0.8988478532415578,1.6993128644731197,0.6425091352009744,1.6058564324517508,0.0,0.4840671796875,0.88,0.92875,0.9825,1.067254961590765,0.0262042151562597
800,39,9,26,MLE_plugin,active,194,0.2425,0.1292609423126207,0.1917900898430624,0.8988478532415578,1.6993128644731197,0.561510353227771,0.7407575943979376,0.4725943970767357,1.728108730670103,0.5360824742268041,0.711340206185567,0.9278350515463918,2.338493373438628,0.3266326969794241
800,39,9,26,heuristic,all,194,0.2425,0.1292609423126207,0.1917900898430624,0.8988478532415578,1.6993128644731197,1.07673568818514,1.96219542661167,0.97442143727162,1.105,0.49625,0.49625,0.49625,0.0,0.39125
800,39,9,26,heuristic,active,194,0.2425,0.1292609423126207,0.1917900898430624,0.8988478532415578,1.6993128644731197,0.4652862362971985,0.6297705047516445,0.3544457978075517,1.9690721649484535,0.1855670103092783,0.1855670103092783,0.1855670103092783,0.0,0.4587628865979382
800,39,9,52,MCMC,all,217,0.27125,0.1292609423126207,0.1917900898430624,0.8988478532415578,1.6993128644731197,0.6666666666666667,1.665826612849859,0.0,0.912460703125,0.8425,0.91,0.9675,1.8206427043740852,0.0408697763641486
800,39,9,52,MCMC,active,217,0.27125,0.1292609423126207,0.1917900898430624,0.8988478532415578,1.6993128644731197,0.6203703703703703,0.842163679425423,0.4305555555555556,3.082191705069124,0.4470046082949309,0.6682027649769585,0.880184331797235,3.902684987326845,0.3475715524031609
800,39,9,52,MLE_plugin,all,217,0.27125,0.1292609423126207,0.1917900898430624,0.8988478532415578,1.6993128644731197,0.642526455026455,1.5862264877625611,0.0,0.8896932656250001,0.84875,0.91375,0.97875,1.864736790075896,0.0253936062921042
800,39,9,52,MLE_plugin,active,217,0.27125,0.1292609423126207,0.1917900898430624,0.8988478532415578,1.6993128644731197,0.5843253968253967,0.7857662671196887,0.4305555555555556,2.92729392281106,0.4792626728110599,0.6912442396313364,0.9216589861751152,3.969931461660562,0.3157473931899934
800,39,9,52,heuristic,all,217,0.27125,0.1292609423126207,0.1917900898430624,0.8988478532415578,1.6993128644731197,1.121031746031746,2.066288296705685,0.5291005291005292,2.11875,0.46875,0.46875,0.46875,0.0,0.40875
800,39,9,52,heuristic,active,217,0.27125,0.1292609423126207,0.1917900898430624,0.8988478532415578,1.6993128644731197,0.5396825396825397,0.7292049834561715,0.4305555555555556,3.76036866359447,0.0921658986175115,0.0921658986175115,0.0921658986175115,0.0,0.456221198156682
800,39,10,13,MCMC,all,236,0.295,0.1520741425140169,0.1074507577336165,1.2624452251608649,2.1844472566979443,0.6587183308494784,1.4495161151460898,0.0,0.3924458437499999,0.86125,0.93875,0.98125,0.8987349766700813,0.0296381695188514
800,39,10,13,MCMC,active,236,0.295,0.1520741425140169,0.1074507577336165,1.2624452251608649,2.1844472566979443,0.5402384500745157,0.7284124733201336,0.3517138599105812,1.0702563824152542,0.614406779661017,0.8008474576271186,0.9364406779661016,1.7215116325252418,0.2571742844348161
800,39,10,13,MLE_plugin,all,236,0.295,0.1520741425140169,0.1074507577336165,1.2624452251608649,2.1844472566979443,0.6460506706408345,1.409587132974764,0.0,0.3926563359374999,0.86,0.93625,0.9825,0.9063808615476168,0.0310476548653339
800,39,10,13,MLE_plugin,active,236,0.295,0.1520741425140169,0.1074507577336165,1.2624452251608649,2.1844472566979443,0.514903129657228,0.6960304040997268,0.3517138599105812,1.042121530720339,0.6228813559322034,0.809322033898305,0.940677966101695,1.7187008276041584,0.2384519810827439
800,39,10,13,heuristic,all,236,0.295,0.1520741425140169,0.1074507577336165,1.2624452251608649,2.1844472566979443,0.849478390461997,1.6702146916389746,0.0,0.7125,0.605,0.605,0.605,0.0,0.26
800,39,10,13,heuristic,active,236,0.295,0.1520741425140169,0.1074507577336165,1.2624452251608649,2.1844472566979443,0.4739195230998509,0.6883632819862152,0.3517138599105812,1.347457627118644,0.25,0.25,0.25,0.0,0.4571200479586123
800,39,10,26,MCMC,all,285,0.35625,0.1520741425140169,0.1074507577336165,1.2624452251608649,2.1844472566979443,0.5866111951588502,1.3403540699723824,0.0,0.716528359375,0.8125,0.92625,0.9775,1.502062839861541,0.0255639496201042
800,39,10,26,MCMC,active,285,0.35625,0.1520741425140169,0.1074507577336165,1.2624452251608649,2.1844472566979443,0.5011346444780636,0.7555644636041359,0.4311649016641452,1.698179495614035,0.543859649122807,0.8070175438596491,0.936842105263158,2.6967503081828585,0.2086093230245527
800,39,10,26,MLE_plugin,all,285,0.35625,0.1520741425140169,0.1074507577336165,1.2624452251608649,2.1844472566979443,0.5964447806354009,1.336420896959986,0.0,0.7182862031249999,0.81375,0.92125,0.98,1.5038941638180725,0.0375064603907998
800,39,10,26,MLE_plugin,active,285,0.35625,0.1520741425140169,0.1074507577336165,1.2624452251608649,2.1844472566979443,0.487518910741301,0.7369353562399367,0.2155824508320726,1.65052149122807,0.5543859649122806,0.8035087719298246,0.9438596491228072,2.661612282421613,0.1850252307986651
800,39,10,26,heuristic,all,285,0.35625,0.1520741425140169,0.1074507577336165,1.2624452251608649,2.1844472566979443,0.8540090771558244,1.6074797529972156,0.605143721633888,1.41125,0.46125,0.46125,0.46125,0.0,0.3925
800,39,10,26,heuristic,active,285,0.35625,0.1520741425140169,0.1074507577336165,1.2624452251608649,2.1844472566979443,0.4757942511346445,0.7469086893586293,0.4311649016641452,2.2070175438596493,0.2140350877192982,0.2140350877192982,0.2140350877192982,0.0,0.4077688226392968
800,39,10,52,MCMC,all,325,0.40625,0.1520741425140169,0.1074507577336165,1.2624452251608649,2.1844472566979443,0.5767195767195767,1.3075030845830802,0.0,1.3802956171874998,0.77,0.90125,0.97375,2.700580419361359,0.0263562673674312
800,39,10,52,MCMC,active,325,0.40625,0.1520741425140169,0.1074507577336165,1.2624452251608649,2.1844472566979443,0.5022675736961452,0.7907581901616281,0.2456538170823885,2.930068653846154,0.4984615384615384,0.7753846153846153,0.9353846153846154,4.553622038945682,0.239544007639666
800,39,10,52,MLE_plugin,all,325,0.40625,0.1520741425140169,0.1074507577336165,1.2624452251608649,2.1844472566979443,0.5718065003779289,1.268085385737214,0.0,1.3691554687499998,0.76375,0.89875,0.97125,2.6996045860326303,0.0330615296891619
800,39,10,52,MLE_plugin,active,325,0.40625,0.1520741425140169,0.1074507577336165,1.2624452251608649,2.1844472566979443,0.4773242630385488,0.750180634760155,0.2456538170823885,2.807042326923077,0.4953846153846153,0.7846153846153846,0.9323076923076924,4.498943099918503,0.2101688467751752
800,39,10,52,heuristic,all,325,0.40625,0.1520741425140169,0.1074507577336165,1.2624452251608649,2.1844472566979443,0.8114134542705971,1.569747806570946,0.3023431594860166,2.68375,0.39,0.39,0.39,0.0,0.41625
800,39,10,52,heuristic,active,325,0.40625,0.1520741425140169,0.1074507577336165,1.2624452251608649,2.1844472566979443,0.4735449735449735,0.7823334645172544,0.2456538170823885,3.855384615384615,0.0707692307692307,0.0707692307692307,0.0707692307692307,0.0,0.4764160062376213
800,39,11,13,MCMC,all,147,0.18375,0.2956828843899269,0.1753906119081765,0.9489409490941424,1.2406231146315614,0.5591666666666667,1.5664893516678908,0.0,0.3002944609375,0.91875,0.965,0.99,0.7180873420692455,0.0241273067048609
800,39,11,13,MCMC,active,147,0.18375,0.2956828843899269,0.1753906119081765,0.9489409490941424,1.2406231146315614,0.455,0.6058809013879433,0.245,1.340739880952381,0.6190476190476191,0.8299319727891157,0.9455782312925172,2.378001965615768,0.1991791134444589
800,39,11,13,MLE_plugin,all,147,0.18375,0.2956828843899269,0.1753906119081765,0.9489409490941424,1.2406231146315614,0.5499999999999999,1.5438048235879214,0.0,0.2976250703125,0.92125,0.96625,0.99,0.7187038085469688,0.0257688227194045
800,39,11,13,MLE_plugin,active,147,0.18375,0.2956828843899269,0.1753906119081765,0.9489409490941424,1.2406231146315614,0.4533333333333333,0.5989330791777436,0.245,1.325121088435374,0.6394557823129252,0.8367346938775511,0.9455782312925172,2.3888656525135983,0.1851105307864861
800,39,11,13,heuristic,all,147,0.18375,0.2956828843899269,0.1753906119081765,0.9489409490941424,1.2406231146315614,1.288333333333333,2.426245384677046,0.0,0.96625,0.55875,0.55875,0.55875,0.0,0.3734356086242111
800,39,11,13,heuristic,active,147,0.18375,0.2956828843899269,0.1753906119081765,0.9489409490941424,1.2406231146315614,0.44,0.6021627686929839,0.245,1.7959183673469388,0.2244897959183673,0.2244897959183673,0.2244897959183673,0.0,0.4013605442176871
800,39,11,26,MCMC,all,159,0.19875,0.2956828843899269,0.1753906119081765,0.9489409490941424,1.2406231146315614,0.5807481751824817,1.613854829971482,0.0,0.5648022265625,0.8925,0.96,0.985,1.252621224848158,0.0318482350159214
800,39,11,26,MCMC,active,159,0.19875,0.2956828843899269,0.1753906119081765,0.9489409490941424,1.2406231146315614,0.47992700729927,0.6514838138880442,0.4352189781021898,2.3712014150943395,0.5471698113207547,0.8238993710691824,0.9245283018867924,4.070209569395247,0.1724494323692743
800,39,11,26,MLE_plugin,all,159,0.19875,0.2956828843899269,0.1753906119081765,0.9489409490941424,1.2406231146315614,0.5720802919708028,1.603141396393971,0.0,0.561460484375,0.8925,0.96125,0.98375,1.260959467574304,0.0307748713108757
800,39,11,26,MLE_plugin,active,159,0.19875,0.2956828843899269,0.1753906119081765,0.9489409490941424,1.2406231146315614,0.468978102189781,0.6434597415703575,0.2901459854014598,2.3543932389937106,0.5471698113207547,0.8301886792452831,0.9182389937106918,4.081827010686014,0.1678055496282205
800,39,11,26,heuristic,all,159,0.19875,0.2956828843899269,0.1753906119081765,0.9489409490941424,1.2406231146315614,1.502737226277372,2.673591205762764,0.7299270072992701,2.05875,0.3925,0.3925,0.3925,0.0,0.5284356086242111
800,39,11,26,heuristic,active,159,0.19875,0.2956828843899269,0.1753906119081765,0.9489409490941424,1.2406231146315614,0.5054744525547445,0.7127553620921133,0.2901459854014598,3.4842767295597485,0.0880503144654088,0.0880503144654088,0.0880503144654088,0.0,0.5094339622641509
800,39,11,52,MCMC,all,163,0.20375,0.2956828843899269,0.1753906119081765,0.9489409490941424,1.2406231146315614,0.6766103484688489,1.9347393172023235,0.0,1.0848110546875,0.88875,0.96,0.98625,2.309195070018597,0.0279582722335213
800,39,11,52,MCMC,active,163,0.20375,0.2956828843899269,0.1753906119081765,0.9489409490941424,1.2406231146315614,0.5770855332629357,0.8172135556905644,0.4303062302006336,4.56646361196319,0.5398773006134969,0.8220858895705522,0.9325153374233128,7.605463806402597,0.1841619769877456
800,39,11,52,MLE_plugin,all,163,0.20375,0.2956828843899269,0.1753906119081765,0.9489409490941424,1.2406231146315614,0.672650475184794,1.9031722079113111,0.0,1.0795793828125,0.89125,0.955,0.98625,2.3165588236666124,0.0263440219260214
800,39,11,52,MLE_plugin,active,163,0.20375,0.2956828843899269,0.1753906119081765,0.9489409490941424,1.2406231146315614,0.5731256599788807,0.8016000352136736,0.3442449841605068,4.531265375766871,0.5460122699386503,0.803680981595092,0.9325153374233128,7.605411960257165,0.1675845781851037
800,39,11,52,heuristic,all,163,0.20375,0.2956828843899269,0.1753906119081765,0.9489409490941424,1.2406231146315614,1.748680042238648,3.3039426066549797,0.8447729672650475,4.14,0.39375,0.39375,0.39375,0.0,0.5421856086242111
800,39,11,52,heuristic,active,163,0.20375,0.2956828843899269,0.1753906119081765,0.9489409490941424,1.2406231146315614,0.619324181626188,0.9821980163570686,0.3442449841605068,7.196319018404908,0.0920245398773006,0.0920245398773006,0.0920245398773006,0.0,0.588957055214724
800,39,12,13,MCMC,all,328,0.41,0.202687941464795,0.1831184914428388,0.9169005441993314,2.4436675235703644,0.554368029739777,1.0800680056408738,0.0,0.5385549453125,0.84125,0.93625,0.9875,1.1961573586760683,0.0449035419123292
800,39,12,13,MCMC,active,328,0.41,0.202687941464795,0.1831184914428388,0.9169005441993314,2.4436675235703644,0.4298327137546469,0.6138910253124885,0.3048327137546469,1.0144702553353655,0.7012195121951219,0.8841463414634146,0.975609756097561,1.9715048888412137,0.1730524037221555
800,39,12,13,MLE_plugin,all,328,0.41,0.202687941464795,0.1831184914428388,0.9169005441993314,2.4436675235703644,0.5604089219330856,1.0882736928107395,0.0,0.54023690625,0.8375,0.935,0.985,1.1846850678087524,0.0392112449288983
800,39,12,13,MLE_plugin,active,328,0.41,0.202687941464795,0.1831184914428388,0.9169005441993314,2.4436675235703644,0.4312267657992565,0.6182023126029522,0.3048327137546469,1.01812265625,0.6890243902439024,0.8810975609756098,0.9695121951219512,1.96569644754012,0.1799018324662918
800,39,12,13,heuristic,all,328,0.41,0.202687941464795,0.1831184914428388,0.9169005441993314,2.4436675235703644,0.6821561338289963,1.2199880357934527,0.0,0.9175,0.52625,0.52625,0.52625,0.0,0.3157440047626755
800,39,12,13,heuristic,active,328,0.41,0.202687941464795,0.1831184914428388,0.9169005441993314,2.4436675235703644,0.433085501858736,0.6202610864102952,0.3048327137546469,1.420731707317073,0.2652439024390244,0.2652439024390244,0.2652439024390244,0.0,0.3947545606903876
800,39,12,26,MCMC,all,376,0.47,0.202687941464795,0.1831184914428388,0.9169005441993314,2.4436675235703644,0.5042928151830095,0.9626958710816012,0.0,1.00266503125,0.76625,0.90875,0.97625,1.9864239598332427,0.0416119488056306
800,39,12,26,MCMC,active,376,0.47,0.202687941464795,0.1831184914428388,0.9169005441993314,2.4436675235703644,0.4141436963398102,0.5928090501632198,0.3398102123813827,1.7458128324468083,0.5957446808510638,0.8457446808510638,0.9601063829787234,3.100498371486925,0.1135365555963821
800,39,12,26,MLE_plugin,all,376,0.47,0.202687941464795,0.1831184914428388,0.9169005441993314,2.4436675235703644,0.5049706281066426,0.9582100336393384,0.0,1.003968078125,0.7725,0.90125,0.9775,1.9686798331954536,0.0363455062291038
800,39,12,26,MLE_plugin,active,376,0.47,0.202687941464795,0.1831184914428388,0.9169005441993314,2.4436675235703644,0.4136918210573881,0.5859702198761536,0.3398102123813827,1.747803640292553,0.6143617021276596,0.8377659574468085,0.9574468085106383,3.1076437816763605,0.1158914048234318
800,39,12,26,heuristic,all,376,0.47,0.202687941464795,0.1831184914428388,0.9169005441993314,2.4436675235703644,0.6479891549932218,1.0951428439006676,0.3615002259376412,1.7925,0.35625,0.35625,0.35625,0.0,0.44125
800,39,12,26,heuristic,active,376,0.47,0.202687941464795,0.1831184914428388,0.9169005441993314,2.4436675235703644,0.4206958879349299,0.5965369889713127,0.3398102123813827,2.476063829787234,0.1436170212765957,0.1436170212765957,0.1436170212765957,0.0,0.4319237355736257
800,39,12,52,MCMC,all,404,0.505,0.202687941464795,0.1831184914428388,0.9169005441993314,2.4436675235703644,0.4756554307116105,0.95074345711075,0.1872659176029962,1.85170475,0.7425,0.89,0.96625,3.54259513300971,0.059498735603907
800,39,12,52,MCMC,active,404,0.505,0.202687941464795,0.1831184914428388,0.9169005441993314,2.4436675235703644,0.3958333333333333,0.6028459361455536,0.2837078651685393,3.038174334777228,0.5767326732673267,0.8341584158415841,0.948019801980198,5.360423355268148,0.080834877928924
800,39,12,52,MLE_plugin,all,404,0.505,0.202687941464795,0.1831184914428388,0.9169005441993314,2.4436675235703644,0.4765917602996254,0.9497054894912254,0.1872659176029962,1.8542416328125,0.74875,0.885,0.96625,3.512423309013069,0.0496515680113052
800,39,12,52,MLE_plugin,active,404,0.505,0.202687941464795,0.1831184914428388,0.9169005441993314,2.4436675235703644,0.3973548689138577,0.6024005314894418,0.2837078651685393,3.044964743193069,0.5891089108910891,0.8193069306930693,0.9455445544554456,5.3679538831707365,0.0930902601374402
800,39,12,52,heuristic,all,404,0.505,0.202687941464795,0.1831184914428388,0.9169005441993314,2.4436675235703644,0.6214887640449439,1.105721596953066,0.3745318352059925,3.31875,0.33,0.33,0.33,0.0,0.47125
800,39,12,52,heuristic,active,404,0.505,0.202687941464795,0.1831184914428388,0.9169005441993314,2.4436675235703644,0.4119850187265917,0.62418851357674,0.2837078651685393,4.356435643564357,0.1014851485148514,0.1014851485148514,0.1014851485148514,0.0,0.504950495049505
800,39,13,13,MCMC,all,168,0.21,0.2700643675577681,0.1184038210461326,1.7338526594496613,1.6513000517588108,0.5261153427638738,1.6222401416037493,0.0,0.4383660624999999,0.89125,0.9475,0.985,0.9195815096834704,0.0286900263874939
800,39,13,13,MCMC,active,168,0.21,0.2700643675577681,0.1184038210461326,1.7338526594496613,1.6513000517588108,0.4314472252448313,0.6015688242751301,0.3656147986942329,1.6682627604166669,0.5476190476190477,0.7797619047619048,0.9285714285714286,2.7092601744099647,0.213766540761309
800,39,13,13,MLE_plugin,all,168,0.21,0.2700643675577681,0.1184038210461326,1.7338526594496613,1.6513000517588108,0.5217627856365615,1.6150714392670278,0.0,0.4420356015625,0.8925,0.94625,0.98125,0.9109102898013646,0.0306290749330379
800,39,13,13,MLE_plugin,active,168,0.21,0.2700643675577681,0.1184038210461326,1.7338526594496613,1.6513000517588108,0.4249183895538629,0.593831015037675,0.3656147986942329,1.6561954985119045,0.5654761904761905,0.7797619047619048,0.9166666666666666,2.714822784477845,0.2070848298463618
800,39,13,13,heuristic,all,168,0.21,0.2700643675577681,0.1184038210461326,1.7338526594496613,1.6513000517588108,1.0261153427638738,2.591325509186944,0.0,1.17875,0.625,0.625,0.625,0.0,0.2792971912624274
800,39,13,13,heuristic,active,168,0.21,0.2700643675577681,0.1184038210461326,1.7338526594496613,1.6513000517588108,0.4036996735582155,0.5992081788413478,0.1828073993471164,2.208333333333333,0.1785714285714285,0.1785714285714285,0.1785714285714285,0.0,0.4523809523809523
800,39,13,26,MCMC,all,187,0.23375,0.2700643675577681,0.1184038210461326,1.7338526594496613,1.6513000517588108,0.4948805460750853,1.5799914019801795,0.0,0.787197890625,0.86875,0.93875,0.98,1.6341082443257984,0.034305572722704
800,39,13,26,MCMC,active,187,0.23375,0.2700643675577681,0.1184038210461326,1.7338526594496613,1.6513000517588108,0.4030147895335608,0.6017119723193202,0.2127417519908987,2.710271423796791,0.5026737967914439,0.7700534759358288,0.9144385026737968,4.628812846264558,0.1844698386223814
800,39,13,26,MLE_plugin,all,187,0.23375,0.2700643675577681,0.1184038210461326,1.7338526594496613,1.6513000517588108,0.5034129692832765,1.594546327016359,0.0,0.7955018828125,0.87,0.93875,0.98125,1.604118535807662,0.0378089964019011
800,39,13,26,MLE_plugin,active,187,0.23375,0.2700643675577681,0.1184038210461326,1.7338526594496613,1.6513000517588108,0.4055745164960182,0.5980177069278656,0.2127417519908987,2.684201671122995,0.5187165775401069,0.7754010695187166,0.9197860962566844,4.579666526295134,0.1824459546307165
800,39,13,26,heuristic,all,187,0.23375,0.2700643675577681,0.1184038210461326,1.7338526594496613,1.6513000517588108,1.0563139931740615,2.6678952855437688,0.0,2.32125,0.5175,0.5175,0.5175,0.0,0.3917971912624274
800,39,13,26,heuristic,active,187,0.23375,0.2700643675577681,0.1184038210461326,1.7338526594496613,1.6513000517588108,0.391353811149033,0.6218996547072354,0.2127417519908987,3.679144385026738,0.1390374331550802,0.1390374331550802,0.1390374331550802,0.0,0.4731726398639806
800,39,13,52,MCMC,all,201,0.25125,0.2700643675577681,0.1184038210461326,1.7338526594496613,1.6513000517588108,0.4998489425981873,1.6103540900561513,0.0,1.4489310859374998,0.8525,0.92625,0.98375,3.102669616525937,0.0270645244675674
800,39,13,52,MCMC,active,201,0.25125,0.2700643675577681,0.1184038210461326,1.7338526594496613,1.6513000517588108,0.4093655589123867,0.6397927074596443,0.2429003021148036,4.731479664179105,0.472636815920398,0.7313432835820896,0.9353233830845772,8.589177370319469,0.2235906406811642
800,39,13,52,MLE_plugin,all,201,0.25125,0.2700643675577681,0.1184038210461326,1.7338526594496613,1.6513000517588108,0.5025679758308157,1.6357724193455194,0.0,1.4589541328125,0.855,0.9325,0.9825,3.0363145924809896,0.0300006561683284
800,39,13,52,MLE_plugin,active,201,0.25125,0.2700643675577681,0.1184038210461326,1.7338526594496613,1.6513000517588108,0.4049848942598187,0.6386985441255286,0.2429003021148036,4.64995177238806,0.4875621890547263,0.7611940298507462,0.9353233830845772,8.440239918435418,0.2128628289334373
800,39,13,52,heuristic,all,201,0.25125,0.2700643675577681,0.1184038210461326,1.7338526594496613,1.6513000517588108,1.0809667673716012,2.84221797373024,0.2416918429003021,4.4725,0.4875,0.4875,0.4875,0.0,0.4042971912624274
800,39,13,52,heuristic,active,201,0.25125,0.2700643675577681,0.1184038210461326,1.7338526594496613,1.6513000517588108,0.3924471299093655,0.6979803364348769,0.1821752265861027,6.462686567164179,0.0497512437810945,0.0497512437810945,0.0497512437810945,0.0,0.5174129353233831
800,39,14,13,MCMC,all,237,0.29625,0.0768637863151172,0.0466420016529582,1.3705042313128233,2.4099183467551546,0.6862934362934363,1.5335040238019693,0.0,0.33071278125,0.8425,0.92,0.98875,0.7643562750862456,0.043331230624138
800,39,14,13,MCMC,active,237,0.29625,0.0768637863151172,0.0466420016529582,1.3705042313128233,2.4099183467551546,0.5926640926640927,0.7944115135166406,0.4575289575289575,0.946875342827004,0.510548523206751,0.729957805907173,0.9620253164556962,1.31564726371642,0.3704302189656454
800,39,14,13,MLE_plugin,all,237,0.29625,0.0768637863151172,0.0466420016529582,1.3705042313128233,2.4099183467551546,0.6718146718146718,1.4676894060809431,0.0,0.3277532109374999,0.85,0.93,0.98875,0.7773310430971492,0.0256115942837666
800,39,14,13,MLE_plugin,active,237,0.29625,0.0768637863151172,0.0466420016529582,1.3705042313128233,2.4099183467551546,0.5540540540540541,0.7468460539755659,0.4575289575289575,0.8943629746835443,0.540084388185654,0.7721518987341772,0.9620253164556962,1.317453653896882,0.3344248981461478
800,39,14,13,heuristic,all,237,0.29625,0.0768637863151172,0.0466420016529582,1.3705042313128233,2.4099183467551546,0.8069498069498069,1.5131982967000328,0.0,0.5225,0.63375,0.63375,0.63375,0.0,0.2096581376861478
800,39,14,13,heuristic,active,237,0.29625,0.0768637863151172,0.0466420016529582,1.3705042313128233,2.4099183467551546,0.5154440154440154,0.6678671803314975,0.4575289575289575,1.1265822784810129,0.2236286919831223,0.2236286919831223,0.2236286919831223,0.0,0.5274261603375527
800,39,14,26,MCMC,all,298,0.3725,0.0768637863151172,0.0466420016529582,1.3705042313128233,2.4099183467551546,0.6459163346613547,1.3596255986643369,0.0,0.6074974921874999,0.79625,0.90625,0.97875,1.2374091730791736,0.0377394683466333
800,39,14,26,MCMC,active,298,0.3725,0.0768637863151172,0.0466420016529582,1.3705042313128233,2.4099183467551546,0.5846613545816733,0.8051814020485802,0.2968127490039841,1.433155327181208,0.4932885906040268,0.7550335570469798,0.9429530201342282,1.9941539867399385,0.3221801785127485
800,39,14,26,MLE_plugin,all,298,0.3725,0.0768637863151172,0.0466420016529582,1.3705042313128233,2.4099183467551546,0.6499003984063746,1.3136087119570252,0.0,0.6053244609374999,0.79125,0.905,0.98125,1.2671203815452297,0.0228437384382411
800,39,14,26,MLE_plugin,active,298,0.3725,0.0768637863151172,0.0466420016529582,1.3705042313128233,2.4099183467551546,0.550796812749004,0.7621767499734091,0.2968127490039841,1.3608531669463086,0.5134228187919463,0.761744966442953,0.953020134228188,1.996115083941258,0.2673508226792246
800,39,14,26,heuristic,all,298,0.3725,0.0768637863151172,0.0466420016529582,1.3705042313128233,2.4099183467551546,0.8147410358565738,1.411955788579231,0.7968127490039841,1.0225,0.48625,0.48625,0.48625,0.0,0.3346581376861479
800,39,14,26,heuristic,active,298,0.3725,0.0768637863151172,0.0466420016529582,1.3705042313128233,2.4099183467551546,0.5328685258964144,0.7272430666949696,0.2968127490039841,1.7953020134228188,0.1644295302013423,0.1644295302013423,0.1644295302013423,0.0,0.4807395114591994
800,39,14,52,MCMC,all,357,0.44625,0.0768637863151172,0.0466420016529582,1.3705042313128233,2.4099183467551546,0.6167695473251028,1.264804622107243,0.0,1.099912875,0.745,0.89375,0.9725,2.133955212143836,0.057809450854274
800,39,14,52,MCMC,active,357,0.44625,0.0768637863151172,0.0466420016529582,1.3705042313128233,2.4099183467551546,0.577417695473251,0.8287574652461904,0.3672839506172839,2.2560780987394957,0.4593837535014005,0.7675070028011205,0.938375350140056,3.255759613735431,0.332413882878885
800,39,14,52,MLE_plugin,all,357,0.44625,0.0768637863151172,0.0466420016529582,1.3705042313128233,2.4099183467551546,0.6026234567901234,1.1719592754925818,0.0,1.07894190625,0.7425,0.90125,0.97375,2.193480984703595,0.0249044598333995
800,39,14,52,MLE_plugin,active,357,0.44625,0.0768637863151172,0.0466420016529582,1.3705042313128233,2.4099183467551546,0.5378086419753086,0.7529684825094565,0.3672839506172839,2.1050856092436976,0.4705882352941176,0.7899159663865546,0.9439775910364144,3.2534505197454653,0.2630217426524581
800,39,14,52,heuristic,all,357,0.44625,0.0768637863151172,0.0466420016529582,1.3705042313128233,2.4099183467551546,0.7371399176954732,1.3113147899526223,0.4115226337448559,1.79125,0.43375,0.43375,0.43375,0.0,0.3459081376861478
800,39,14,52,heuristic,active,357,0.44625,0.0768637863151172,0.0466420016529582,1.3705042313128233,2.4099183467551546,0.5267489711934156,0.7518542169207397,0.3672839506172839,2.8683473389355743,0.0896358543417367,0.0896358543417367,0.0896358543417367,0.0,0.4929971988795518
1200,52,0,13,MCMC,all,116,0.0966666666666666,0.1447653748095859,0.0357441920185671,2.24010186297655,0.6483771837569201,0.5581787521079258,2.302086603248772,0.0,0.2024987239583333,0.9375,0.9758333333333332,0.9875,0.4852578410753704,0.0225141354147847
1200,52,0,13,MCMC,active,116,0.0966666666666666,0.1447653748095859,0.0357441920185671,2.24010186297655,0.6483771837569201,0.4477234401349073,0.641561199232837,0.1956155143338954,1.6328511853448275,0.4568965517241379,0.7672413793103449,0.8793103448275862,2.5013157827766563,0.3187690174561462
1200,52,0,13,MLE_plugin,all,116,0.0966666666666666,0.1447653748095859,0.0357441920185671,2.24010186297655,0.6483771837569201,0.5733558178752108,2.3076387134187795,0.0,0.20213703125,0.935,0.9758333333333332,0.9875,0.4849613140819435,0.0233454164056855
1200,52,0,13,MLE_plugin,active,116,0.0966666666666666,0.1447653748095859,0.0357441920185671,2.24010186297655,0.6483771837569201,0.4561551433389544,0.6406607620182436,0.1956155143338954,1.6223945043103445,0.4396551724137931,0.7672413793103449,0.8793103448275862,2.51920041038705,0.3165717060449978
1200,52,0,13,heuristic,all,116,0.0966666666666666,0.1447653748095859,0.0357441920185671,2.24010186297655,0.6483771837569201,1.7807757166947724,5.704519261211731,0.0,0.88,0.705,0.705,0.705,0.0,0.2495529317852333
1200,52,0,13,heuristic,active,116,0.0966666666666666,0.1447653748095859,0.0357441920185671,2.24010186297655,0.6483771837569201,0.3946037099494098,0.6281160502532409,0.1956155143338954,2.0172413793103448,0.2068965517241379,0.2068965517241379,0.2068965517241379,0.0,0.4777767702617875
1200,52,0,26,MCMC,all,136,0.1133333333333333,0.1447653748095859,0.0357441920185671,2.24010186297655,0.6483771837569201,0.6271929824561404,2.744750822874681,0.0,0.3863729322916667,0.9266666666666666,0.965,0.9825,0.8454375242431381,0.0235772703038316
1200,52,0,26,MCMC,active,136,0.1133333333333333,0.1447653748095859,0.0357441920185671,2.24010186297655,0.6483771837569201,0.5112085769980507,0.8496510080801062,0.2651072124756335,2.731423161764706,0.4411764705882353,0.7205882352941176,0.8529411764705882,4.1245352265159525,0.3001845721703354
1200,52,0,26,MLE_plugin,all,136,0.1133333333333333,0.1447653748095859,0.0357441920185671,2.24010186297655,0.6483771837569201,0.6262183235867447,2.750041063869593,0.0,0.3855585572916666,0.9266666666666666,0.9691666666666666,0.9825,0.8407774427362652,0.0245757649054645
1200,52,0,26,MLE_plugin,active,136,0.1133333333333333,0.1447653748095859,0.0357441920185671,2.24010186297655,0.6483771837569201,0.5048732943469786,0.8491757000801439,0.2651072124756335,2.7222039981617647,0.4411764705882353,0.75,0.8529411764705882,4.114424844963143,0.2959825225765568
1200,52,0,26,heuristic,all,136,0.1133333333333333,0.1447653748095859,0.0357441920185671,2.24010186297655,0.6483771837569201,2.1481481481481484,6.747061503810151,0.0,1.836666666666667,0.5925,0.5925,0.5925,0.0,0.36
1200,52,0,26,heuristic,active,136,0.1133333333333333,0.1447653748095859,0.0357441920185671,2.24010186297655,0.6483771837569201,0.5087719298245614,0.9393608267179396,0.2651072124756335,3.838235294117647,0.1691176470588235,0.1691176470588235,0.1691176470588235,0.0,0.4117647058823529
1200,52,0,52,MCMC,all,147,0.1225,0.1447653748095859,0.0357441920185671,2.24010186297655,0.6483771837569201,0.7843198992443325,3.5776188056421483,0.0,0.6961978489583333,0.9275,0.9625,0.9858333333333332,1.5339578171373005,0.0292832185511445
1200,52,0,52,MCMC,active,147,0.1225,0.1447653748095859,0.0357441920185671,2.24010186297655,0.6483771837569201,0.669080604534005,1.1828005782600413,0.2777078085642317,4.703733460884353,0.4761904761904761,0.7142857142857143,0.891156462585034,7.478088855213006,0.262407519019959
1200,52,0,52,MLE_plugin,all,147,0.1225,0.1447653748095859,0.0357441920185671,2.24010186297655,0.6483771837569201,0.7830604534005038,3.531061439371562,0.0,0.6982758177083334,0.925,0.965,0.9883333333333332,1.5270400651950595,0.0291549354505938
1200,52,0,52,MLE_plugin,active,147,0.1225,0.1447653748095859,0.0357441920185671,2.24010186297655,0.6483771837569201,0.6624685138539043,1.1617727449434392,0.2777078085642317,4.7018940901360535,0.4625850340136054,0.7346938775510204,0.91156462585034,7.502740514257111,0.2592462330713703
1200,52,0,52,heuristic,all,147,0.1225,0.1447653748095859,0.0357441920185671,2.24010186297655,0.6483771837569201,2.798488664987405,9.096721967337862,0.0,3.703333333333333,0.5866666666666667,0.5866666666666667,0.5866666666666667,0.0,0.3716666666666666
1200,52,0,52,heuristic,active,147,0.1225,0.1447653748095859,0.0357441920185671,2.24010186297655,0.6483771837569201,0.7865239294710328,1.5749735366103896,0.2777078085642317,8.496598639455783,0.1156462585034013,0.1156462585034013,0.1156462585034013,0.0,0.54421768707483
1200,52,1,13,MCMC,all,412,0.3433333333333333,0.1685912514996296,0.0446349716887327,0.944282810368595,1.5175483807144183,0.6079166666666667,1.2975136479693254,0.0,0.4327848645833332,0.865,0.9416666666666668,0.9841666666666666,0.9527607796692074,0.0320098040344497
1200,52,1,13,MCMC,active,412,0.3433333333333333,0.1685912514996296,0.0446349716887327,0.944282810368595,1.5175483807144183,0.5054166666666666,0.7154888577438194,0.3433333333333333,1.0436053853155338,0.6601941747572816,0.837378640776699,0.9538834951456312,1.7332683346868238,0.2316447744355338
1200,52,1,13,MLE_plugin,all,412,0.3433333333333333,0.1685912514996296,0.0446349716887327,0.944282810368595,1.5175483807144183,0.615,1.300320473319302,0.0,0.436536609375,0.8625,0.945,0.9791666666666666,0.9550377632177434,0.0293383021981903
1200,52,1,13,MLE_plugin,active,412,0.3433333333333333,0.1685912514996296,0.0446349716887327,0.944282810368595,1.5175483807144183,0.5054166666666666,0.7130855293877603,0.3433333333333333,1.0440806128640776,0.6577669902912622,0.8495145631067961,0.9393203883495146,1.7376598842358943,0.2398450079977061
1200,52,1,13,heuristic,all,412,0.3433333333333333,0.1685912514996296,0.0446349716887327,0.944282810368595,1.5175483807144183,0.8816666666666667,1.4972196454317137,1.0,0.8816666666666667,0.485,0.485,0.485,0.0,0.3833333333333333
1200,52,1,13,heuristic,active,412,0.3433333333333333,0.1685912514996296,0.0446349716887327,0.944282810368595,1.5175483807144183,0.4383333333333333,0.6489649879273577,0.3433333333333333,1.2766990291262137,0.3058252427184466,0.3058252427184466,0.3058252427184466,0.0,0.3810679611650486
1200,52,1,26,MCMC,all,472,0.3933333333333333,0.1685912514996296,0.0446349716887327,0.944282810368595,1.5175483807144183,0.5363714163457425,1.102161881594003,0.0,0.744827453125,0.8075,0.9325,0.9825,1.5879177453826383,0.0360245216514784
1200,52,1,26,MCMC,active,472,0.3933333333333333,0.1685912514996296,0.0446349716887327,0.944282810368595,1.5175483807144183,0.4548566538296962,0.6483493354831918,0.4039366709456568,1.5996545550847456,0.5826271186440678,0.8432203389830508,0.9555084745762712,2.7553336764162317,0.2053043149282985
1200,52,1,26,MLE_plugin,all,472,0.3933333333333333,0.1685912514996296,0.0446349716887327,0.944282810368595,1.5175483807144183,0.5455712451861361,1.1171852488849592,0.0,0.7516145260416666,0.8075,0.9275,0.9816666666666668,1.590348959310392,0.0277201471030792
1200,52,1,26,MLE_plugin,active,472,0.3933333333333333,0.1685912514996296,0.0446349716887327,0.944282810368595,1.5175483807144183,0.4572100984167735,0.6532461153002608,0.4039366709456568,1.5986987155720338,0.5847457627118644,0.8347457627118644,0.9533898305084746,2.75152768503446,0.1923579383978757
1200,52,1,26,heuristic,all,472,0.3933333333333333,0.1685912514996296,0.0446349716887327,0.944282810368595,1.5175483807144183,0.842533162173727,1.363944473711937,0.5134788189987163,1.6408333333333334,0.3308333333333333,0.3308333333333333,0.3308333333333333,0.0,0.5183333333333333
1200,52,1,26,heuristic,active,472,0.3933333333333333,0.1685912514996296,0.0446349716887327,0.944282810368595,1.5175483807144183,0.4142062473256311,0.6010359201149907,0.2019683354728284,2.0508474576271185,0.2139830508474576,0.2139830508474576,0.2139830508474576,0.0,0.4025423728813559
1200,52,1,52,MCMC,all,503,0.4191666666666667,0.1685912514996296,0.0446349716887327,0.944282810368595,1.5175483807144183,0.5281065088757396,1.0816422517310191,0.0,1.3861221614583334,0.7883333333333333,0.905,0.9733333333333334,2.823009507882193,0.03325812844913
1200,52,1,52,MCMC,active,503,0.4191666666666667,0.1685912514996296,0.0446349716887327,0.944282810368595,1.5175483807144183,0.4517523896222121,0.6558095656054972,0.3434228493400091,2.8313094309145126,0.5646123260437376,0.7972166998011928,0.9363817097415508,4.79354302194518,0.1977403265807873
1200,52,1,52,MLE_plugin,all,503,0.4191666666666667,0.1685912514996296,0.0446349716887327,0.944282810368595,1.5175483807144183,0.5316340464269459,1.077114860622704,0.0,1.392908895833333,0.7933333333333333,0.9025,0.9725,2.830321507511417,0.0218454887818222
1200,52,1,52,MLE_plugin,active,503,0.4191666666666667,0.1685912514996296,0.0446349716887327,0.944282810368595,1.5175483807144183,0.4481110605370961,0.6465980607828932,0.3434228493400091,2.813549925447316,0.5785288270377733,0.7972166998011928,0.9363817097415508,4.78446288986115,0.1807730461044057
1200,52,1,52,heuristic,all,503,0.4191666666666667,0.1685912514996296,0.0446349716887327,0.944282810368595,1.5175483807144183,0.8352298588984979,1.4073689807438297,0.5461993627674101,3.058333333333333,0.2866666666666667,0.2866666666666667,0.2866666666666667,0.0,0.5425
1200,52,1,52,heuristic,active,503,0.4191666666666667,0.1685912514996296,0.0446349716887327,0.944282810368595,1.5175483807144183,0.432407828857533,0.6375906075355818,0.2289485662266727,3.7773359840954273,0.1073558648111332,0.1073558648111332,0.1073558648111332,0.0,0.4850894632206759
1200,52,2,13,MCMC,all,298,0.2483333333333333,0.0432668832356532,0.0308749056792543,0.9780308136447056,2.4140437607477785,0.8783783783783785,1.9680365612538655,0.0,0.2625694427083333,0.8633333333333333,0.9391666666666668,0.9841666666666666,0.6288524505889588,0.0103816098303917
1200,52,2,13,MCMC,active,298,0.2483333333333333,0.0432668832356532,0.0308749056792543,0.9780308136447056,2.4140437607477785,0.7723492723492723,0.9452888901699724,0.6195426195426196,0.8394302852348993,0.4597315436241611,0.7550335570469798,0.9362416107382552,0.8781259426439298,0.4880520037657294
1200,52,2,13,MLE_plugin,all,298,0.2483333333333333,0.0432668832356532,0.0308749056792543,0.9780308136447056,2.4140437607477785,0.8804573804573804,1.947504573305114,0.0,0.2631877760416666,0.87,0.94,0.985,0.6380420816403494,0.0173331920131664
1200,52,2,13,MLE_plugin,active,298,0.2483333333333333,0.0432668832356532,0.0308749056792543,0.9780308136447056,2.4140437607477785,0.7484407484407485,0.9234046355024372,0.6195426195426196,0.8223864932885906,0.4865771812080537,0.7583892617449665,0.9395973154362416,0.8827753972770724,0.4671154998705099
1200,52,2,13,heuristic,all,298,0.2483333333333333,0.0432668832356532,0.0308749056792543,0.9780308136447056,2.4140437607477785,1.045738045738046,1.949833528098687,0.0,0.4191666666666667,0.6608333333333334,0.6608333333333334,0.6608333333333334,0.0,0.2044470941879075
1200,52,2,13,heuristic,active,298,0.2483333333333333,0.0432668832356532,0.0308749056792543,0.9780308136447056,2.4140437607477785,0.5259875259875261,0.7240361664877084,0.6195426195426196,0.8489932885906041,0.3624161073825503,0.3624161073825503,0.3624161073825503,0.0,0.5469798657718121
1200,52,2,26,MCMC,all,437,0.3641666666666667,0.0432668832356532,0.0308749056792543,0.9780308136447056,2.4140437607477785,0.7529601722282023,1.4778434913235234,0.0,0.4367102291666667,0.8216666666666667,0.9375,0.9841666666666666,0.9716775074142606,0.0197844039299008
1200,52,2,26,MCMC,active,437,0.3641666666666667,0.0432668832356532,0.0308749056792543,0.9780308136447056,2.4140437607477785,0.6426264800861141,0.8525632393794484,0.4703982777179763,0.969583495423341,0.540045766590389,0.8283752860411899,0.9565217391304348,1.3028181094152609,0.353262980801689
1200,52,2,26,MLE_plugin,all,437,0.3641666666666667,0.0432668832356532,0.0308749056792543,0.9780308136447056,2.4140437607477785,0.7551130247578041,1.4667468179774936,0.0,0.4359481406250001,0.825,0.9441666666666668,0.9841666666666666,0.984719005657488,0.0313445615692205
1200,52,2,26,MLE_plugin,active,437,0.3641666666666667,0.0432668832356532,0.0308749056792543,0.9780308136447056,2.4140437607477785,0.6248654467168999,0.8353894860458267,0.4703982777179763,0.9356730835240274,0.5606407322654462,0.8466819221967964,0.9565217391304348,1.3070764410534104,0.3245289888052518
1200,52,2,26,heuristic,all,437,0.3641666666666667,0.0432668832356532,0.0308749056792543,0.9780308136447056,2.4140437607477785,0.984930032292788,1.5513987706520105,1.2917115177610334,0.7625,0.4691666666666667,0.4691666666666667,0.4691666666666667,0.0,0.3614295802232422
1200,52,2,26,heuristic,active,437,0.3641666666666667,0.0432668832356532,0.0308749056792543,0.9780308136447056,2.4140437607477785,0.542518837459634,0.7186626762771069,0.4703982777179763,1.1533180778032035,0.2677345537757437,0.2677345537757437,0.2677345537757437,0.0,0.4645308924485125
1200,52,2,52,MCMC,all,558,0.465,0.0432668832356532,0.0308749056792543,0.9780308136447056,2.4140437607477785,0.6982564679415073,1.2855548469381626,0.0,0.7603674843749999,0.7916666666666666,0.9166666666666666,0.9758333333333332,1.573844408191986,0.0150459992820709
1200,52,2,52,MCMC,active,558,0.465,0.0432668832356532,0.0308749056792543,0.9780308136447056,2.4140437607477785,0.6119235095613048,0.8459681162863569,0.3138357705286839,1.365863048835125,0.5770609318996416,0.8225806451612904,0.9480286738351256,2.0101703351477505,0.3059984100003281
1200,52,2,52,MLE_plugin,all,558,0.465,0.0432668832356532,0.0308749056792543,0.9780308136447056,2.4140437607477785,0.7140044994375703,1.265316826506744,0.6749156355455568,0.7661292552083333,0.7925,0.9225,0.9808333333333332,1.6056270042106655,0.0444411183871581
1200,52,2,52,MLE_plugin,active,558,0.465,0.0432668832356532,0.0308749056792543,0.9780308136447056,2.4140437607477785,0.5930821147356581,0.8121427363793198,0.3138357705286839,1.3194911178315412,0.6146953405017921,0.8405017921146953,0.9587813620071683,2.028651870591322,0.2595884550689923
1200,52,2,52,heuristic,all,558,0.465,0.0432668832356532,0.0308749056792543,0.9780308136447056,2.4140437607477785,0.8571428571428571,1.415983083108282,0.6749156355455568,1.27,0.4216666666666667,0.4216666666666667,0.4216666666666667,0.0,0.3439295802232422
1200,52,2,52,heuristic,active,558,0.465,0.0432668832356532,0.0308749056792543,0.9780308136447056,2.4140437607477785,0.6029246344206974,0.8066088974718324,0.3138357705286839,1.9211469534050176,0.1720430107526881,0.1720430107526881,0.1720430107526881,0.0,0.5035842293906809
1200,52,3,13,MCMC,all,243,0.2025,0.2736380815910121,0.1907569328695041,2.04943862930106,2.1122120853182373,0.4024543738200126,1.4619759926149096,0.0,0.3906255937499999,0.8975,0.9533333333333334,0.9766666666666668,0.7321714986263544,0.0304330724647087
1200,52,3,13,MCMC,active,243,0.2025,0.2736380815910121,0.1907569328695041,2.04943862930106,2.1122120853182373,0.3766519823788545,0.6503117788521201,0.1529263687853996,1.7958724022633743,0.5308641975308642,0.7818930041152263,0.8847736625514403,2.6598074610317584,0.2068733301729295
1200,52,3,13,MLE_plugin,all,243,0.2025,0.2736380815910121,0.1907569328695041,2.04943862930106,2.1122120853182373,0.408747640025173,1.4661149320698663,0.0,0.3893993020833333,0.8991666666666667,0.955,0.9791666666666666,0.7342937145979845,0.0321713119809013
1200,52,3,13,MLE_plugin,active,243,0.2025,0.2736380815910121,0.1907569328695041,2.04943862930106,2.1122120853182373,0.381686595342983,0.652343488641019,0.2293895531780994,1.7859806841563786,0.5432098765432098,0.7901234567901234,0.897119341563786,2.674031496296776,0.2005386296590268
1200,52,3,13,heuristic,all,243,0.2025,0.2736380815910121,0.1907569328695041,2.04943862930106,2.1122120853182373,0.6557583385777218,1.8750976490273332,0.0,0.8683333333333333,0.6783333333333333,0.6783333333333333,0.6783333333333333,0.0,0.2208333333333333
1200,52,3,13,heuristic,active,243,0.2025,0.2736380815910121,0.1907569328695041,2.04943862930106,2.1122120853182373,0.3536815607300188,0.6507371154039302,0.1529263687853996,2.3127572016460904,0.1975308641975308,0.1975308641975308,0.1975308641975308,0.0,0.4938271604938271
1200,52,3,26,MCMC,all,282,0.235,0.2736380815910121,0.1907569328695041,2.04943862930106,2.1122120853182373,0.3969638242894057,1.5187337127419465,0.0,0.7489666197916667,0.8691666666666666,0.9383333333333334,0.9741666666666666,1.2563902509782563,0.0355021520870353
1200,52,3,26,MCMC,active,282,0.235,0.2736380815910121,0.1907569328695041,2.04943862930106,2.1122120853182373,0.375968992248062,0.730033469269753,0.1821705426356589,3.010842863475177,0.4716312056737589,0.75177304964539,0.8900709219858156,4.194077731216894,0.2170625815934267
1200,52,3,26,MLE_plugin,all,282,0.235,0.2736380815910121,0.1907569328695041,2.04943862930106,2.1122120853182373,0.3927648578811369,1.505133301882232,0.0,0.7455361979166667,0.8691666666666666,0.9375,0.9733333333333334,1.2618935224855783,0.0353013122715194
1200,52,3,26,MLE_plugin,active,282,0.235,0.2736380815910121,0.1907569328695041,2.04943862930106,2.1122120853182373,0.3716085271317829,0.7235415003274879,0.1821705426356589,2.990290625,0.4716312056737589,0.75177304964539,0.8900709219858156,4.235920406966327,0.2171040115218474
1200,52,3,26,heuristic,all,282,0.235,0.2736380815910121,0.1907569328695041,2.04943862930106,2.1122120853182373,0.6698966408268734,1.9527217436697504,0.0,1.7283333333333333,0.5675,0.5675,0.5675,0.0,0.3183333333333333
1200,52,3,26,heuristic,active,282,0.235,0.2736380815910121,0.1907569328695041,2.04943862930106,2.1122120853182373,0.355297157622739,0.7421240813734031,0.1821705426356589,3.900709219858156,0.1702127659574468,0.1702127659574468,0.1702127659574468,0.0,0.4822695035460993
1200,52,3,52,MCMC,all,310,0.2583333333333333,0.2736380815910121,0.1907569328695041,2.04943862930106,2.1122120853182373,0.4394575678040244,1.804336749017433,0.0,1.5293699270833332,0.8458333333333333,0.9183333333333332,0.9741666666666666,2.395485579017228,0.0333849472694215
1200,52,3,52,MCMC,active,310,0.2583333333333333,0.2736380815910121,0.1907569328695041,2.04943862930106,2.1122120853182373,0.4213473315835521,0.9123951714473916,0.1627296587926509,5.675399153225805,0.4354838709677419,0.6967741935483871,0.9032258064516128,7.640773389661315,0.2202048975190235
1200,52,3,52,MLE_plugin,all,310,0.2583333333333333,0.2736380815910121,0.1907569328695041,2.04943862930106,2.1122120853182373,0.4391076115485564,1.815982155246843,0.0,1.5284699479166666,0.8458333333333333,0.9166666666666666,0.9666666666666668,2.394530921672548,0.0318328370147575
1200,52,3,52,MLE_plugin,active,310,0.2583333333333333,0.2736380815910121,0.1907569328695041,2.04943862930106,2.1122120853182373,0.420997375328084,0.9182358003690568,0.1627296587926509,5.664090403225806,0.4387096774193548,0.6903225806451613,0.8741935483870967,7.671658019124483,0.2220927728768895
1200,52,3,52,heuristic,all,310,0.2583333333333333,0.2736380815910121,0.1907569328695041,2.04943862930106,2.1122120853182373,0.7223097112860892,2.28575824305148,0.0,3.44,0.5483333333333333,0.5483333333333333,0.5483333333333333,0.0,0.3225
1200,52,3,52,heuristic,active,310,0.2583333333333333,0.2736380815910121,0.1907569328695041,2.04943862930106,2.1122120853182373,0.4143482064741907,0.9565796749533172,0.1627296587926509,7.638709677419355,0.1032258064516129,0.1032258064516129,0.1032258064516129,0.0,0.4967741935483871
1200,52,4,13,MCMC,all,143,0.1191666666666666,0.111108984082786,0.0763813005463551,1.7755130635478986,1.262466616821962,0.7268518518518519,2.6266773986119043,0.0,0.1917374531249999,0.9316666666666666,0.97,0.9883333333333332,0.4488036146702079,0.0362830630756037
1200,52,4,13,MCMC,active,143,0.1191666666666666,0.111108984082786,0.0763813005463551,1.7755130635478986,1.262466616821962,0.607638888888889,0.8660045213614757,0.3310185185185185,1.3114748251748252,0.5034965034965035,0.7482517482517482,0.902097902097902,1.6514619724216029,0.3199220589879962
1200,52,4,13,MLE_plugin,all,143,0.1191666666666666,0.111108984082786,0.0763813005463551,1.7755130635478986,1.262466616821962,0.7361111111111112,2.6552853186534944,0.0,0.1905443229166666,0.9358333333333332,0.9733333333333334,0.9866666666666668,0.4509433646209324,0.0366272646706456
1200,52,4,13,MLE_plugin,active,143,0.1191666666666666,0.111108984082786,0.0763813005463551,1.7755130635478986,1.262466616821962,0.6122685185185185,0.873712278730705,0.3310185185185185,1.2997277534965035,0.5314685314685315,0.7832167832167832,0.8881118881118881,1.6550411821264226,0.3144000673994684
1200,52,4,13,heuristic,all,143,0.1191666666666666,0.111108984082786,0.0763813005463551,1.7755130635478986,1.262466616821962,1.4166666666666667,3.463878864816646,0.0,0.51,0.7133333333333334,0.7133333333333334,0.7133333333333334,0.0,0.2291666666666666
1200,52,4,13,heuristic,active,143,0.1191666666666666,0.111108984082786,0.0763813005463551,1.7755130635478986,1.262466616821962,0.4675925925925925,0.7509710220737635,0.3310185185185185,1.4125874125874125,0.2447552447552447,0.2447552447552447,0.2447552447552447,0.0,0.4755244755244755
1200,52,4,26,MCMC,all,179,0.1491666666666666,0.111108984082786,0.0763813005463551,1.7755130635478986,1.262466616821962,0.6642512077294687,2.361474019826134,0.0,0.3325855572916666,0.915,0.9608333333333332,0.9825,0.7420857229969432,0.0313389828890611
1200,52,4,26,MCMC,active,179,0.1491666666666666,0.111108984082786,0.0763813005463551,1.7755130635478986,1.262466616821962,0.5766908212560387,0.8802577056972597,0.4323671497584541,1.8991755237430168,0.4916201117318435,0.7486033519553073,0.88268156424581,2.559159467536428,0.3159267250161493
1200,52,4,26,MLE_plugin,all,179,0.1491666666666666,0.111108984082786,0.0763813005463551,1.7755130635478986,1.262466616821962,0.6678743961352658,2.366286937299708,0.0,0.3326479635416666,0.915,0.9633333333333334,0.9825,0.7456226698711856,0.0333974093056075
1200,52,4,26,MLE_plugin,active,179,0.1491666666666666,0.111108984082786,0.0763813005463551,1.7755130635478986,1.262466616821962,0.571256038647343,0.8799239586878425,0.4323671497584541,1.8865399092178767,0.4972067039106145,0.7653631284916201,0.88268156424581,2.546377747702252,0.3153351786254704
1200,52,4,26,heuristic,all,179,0.1491666666666666,0.111108984082786,0.0763813005463551,1.7755130635478986,1.262466616821962,1.4396135265700485,3.359485729606514,0.0,0.9933333333333332,0.5941666666666666,0.5941666666666666,0.5941666666666666,0.0,0.3425
1200,52,4,26,heuristic,active,179,0.1491666666666666,0.111108984082786,0.0763813005463551,1.7755130635478986,1.262466616821962,0.4625603864734299,0.7960329905344272,0.216183574879227,2.1396648044692737,0.217877094972067,0.217877094972067,0.217877094972067,0.0,0.4217633601551992
1200,52,4,52,MCMC,all,207,0.1725,0.111108984082786,0.0763813005463551,1.7755130635478986,1.262466616821962,0.6696908602150538,2.427601313153092,0.0,0.5992278541666667,0.895,0.945,0.9833333333333332,1.2928538067001898,0.0321482069641737
1200,52,4,52,MCMC,active,207,0.1725,0.111108984082786,0.0763813005463551,1.7755130635478986,1.262466616821962,0.5846774193548387,0.972949906162257,0.2782258064516129,2.9925246074879226,0.4685990338164251,0.6859903381642513,0.9033816425120772,4.1848629042509184,0.2897535922332702
1200,52,4,52,MLE_plugin,all,207,0.1725,0.111108984082786,0.0763813005463551,1.7755130635478986,1.262466616821962,0.6663306451612904,2.393879087304549,0.0,0.5933343229166667,0.8908333333333334,0.9408333333333332,0.9816666666666668,1.3033105947062973,0.0337075537919143
1200,52,4,52,MLE_plugin,active,207,0.1725,0.111108984082786,0.0763813005463551,1.7755130635478986,1.262466616821962,0.5749327956989247,0.9590010789325842,0.2782258064516129,2.9349661231884063,0.4492753623188406,0.6811594202898551,0.893719806763285,4.17530791908294,0.288560105891004
1200,52,4,52,heuristic,all,207,0.1725,0.111108984082786,0.0763813005463551,1.7755130635478986,1.262466616821962,1.4758064516129032,3.6874039138671497,0.0,1.83,0.5666666666666667,0.5666666666666667,0.5666666666666667,0.0,0.3558333333333333
1200,52,4,52,heuristic,active,207,0.1725,0.111108984082786,0.0763813005463551,1.7755130635478986,1.262466616821962,0.5275537634408602,0.9665630420225856,0.2782258064516129,3.792270531400966,0.0821256038647343,0.0821256038647343,0.0821256038647343,0.0,0.4685990338164251
1200,52,5,13,MCMC,all,63,0.0525,0.1359655494912743,0.1174039418221743,0.5980134339036292,0.7094921078620973,0.9007092198581561,4.360404581259404,0.0,0.0762016197916666,0.9741666666666666,0.9883333333333332,0.995,0.234349583298561,0.0294089137994749
1200,52,5,13,MCMC,active,63,0.0525,0.1359655494912743,0.1174039418221743,0.5980134339036292,0.7094921078620973,0.7163120567375887,0.9129122533159546,0.4468085106382978,1.1025461309523807,0.5396825396825397,0.7777777777777778,0.9047619047619048,1.3730130794994149,0.3989452194190033
1200,52,5,13,MLE_plugin,all,63,0.0525,0.1359655494912743,0.1174039418221743,0.5980134339036292,0.7094921078620973,0.8758865248226951,4.242889648552064,0.0,0.0761697239583333,0.9733333333333334,0.9891666666666666,0.995,0.2300271766447313,0.027415329899847
1200,52,5,13,MLE_plugin,active,63,0.0525,0.1359655494912743,0.1174039418221743,0.5980134339036292,0.7094921078620973,0.6985815602836879,0.8851549700248597,0.4468085106382978,1.109233234126984,0.5396825396825397,0.7936507936507936,0.9047619047619048,1.35914236571079,0.3993606969434962
1200,52,5,13,heuristic,all,63,0.0525,0.1359655494912743,0.1174039418221743,0.5980134339036292,0.7094921078620973,3.567375886524823,7.333484229623016,0.0,0.4191666666666667,0.685,0.685,0.685,0.0,0.2945007465047795
1200,52,5,13,heuristic,active,63,0.0525,0.1359655494912743,0.1174039418221743,0.5980134339036292,0.7094921078620973,0.4751773049645389,0.6393608170773072,0.4468085106382978,1.0634920634920637,0.3015873015873015,0.3015873015873015,0.3015873015873015,0.0,0.3809523809523809
1200,52,5,26,MCMC,all,70,0.0583333333333333,0.1359655494912743,0.1174039418221743,0.5980134339036292,0.7094921078620973,0.8655660377358491,4.193871081206647,0.0,0.1156034635416666,0.9741666666666666,0.9875,0.9958333333333332,0.3768594595388136,0.0289742380112739
1200,52,5,26,MCMC,active,70,0.0583333333333333,0.1359655494912743,0.1174039418221743,0.5980134339036292,0.7094921078620973,0.6816037735849058,0.9100534666769592,0.6603773584905661,1.492134375,0.6142857142857143,0.7857142857142857,0.9285714285714286,2.169118705442703,0.3256514152603947
1200,52,5,26,MLE_plugin,all,70,0.0583333333333333,0.1359655494912743,0.1174039418221743,0.5980134339036292,0.7094921078620973,0.8773584905660378,4.231108411620581,0.0,0.1164228281249999,0.975,0.9866666666666668,0.9958333333333332,0.3754609792203252,0.0289436832175934
1200,52,5,26,MLE_plugin,active,70,0.0583333333333333,0.1359655494912743,0.1174039418221743,0.5980134339036292,0.7094921078620973,0.6910377358490567,0.9240649108239976,0.6603773584905661,1.4994601785714283,0.6142857142857143,0.7714285714285715,0.9285714285714286,2.1488605013054816,0.3359421960379863
1200,52,5,26,heuristic,all,70,0.0583333333333333,0.1359655494912743,0.1174039418221743,0.5980134339036292,0.7094921078620973,5.485849056603773,9.671076769475905,5.660377358490566,0.9691666666666666,0.4541666666666666,0.4541666666666666,0.4541666666666666,0.0,0.5266666666666666
1200,52,5,26,heuristic,active,70,0.0583333333333333,0.1359655494912743,0.1174039418221743,0.5980134339036292,0.7094921078620973,0.6886792452830189,0.932245420301921,0.4952830188679245,2.085714285714286,0.1285714285714285,0.1285714285714285,0.1285714285714285,0.0,0.5428571428571428
1200,52,5,52,MCMC,all,73,0.0608333333333333,0.1359655494912743,0.1174039418221743,0.5980134339036292,0.7094921078620973,0.8873015873015873,4.553868389528389,0.0,0.1763367968749999,0.9716666666666668,0.9891666666666666,0.995,0.5974719251140534,0.0298459130520841
1200,52,5,52,MCMC,active,73,0.0608333333333333,0.1359655494912743,0.1174039418221743,0.5980134339036292,0.7094921078620973,0.7190476190476192,1.0433861092329566,0.4634920634920635,2.2280377568493157,0.589041095890411,0.821917808219178,0.9178082191780822,3.473103112797729,0.3222105774856561
1200,52,5,52,MLE_plugin,all,73,0.0608333333333333,0.1359655494912743,0.1174039418221743,0.5980134339036292,0.7094921078620973,0.8714285714285714,4.480241328129171,0.0,0.1762247708333333,0.9716666666666668,0.9883333333333332,0.9958333333333332,0.5940745989138154,0.0302109073428827
1200,52,5,52,MLE_plugin,active,73,0.0608333333333333,0.1359655494912743,0.1174039418221743,0.5980134339036292,0.7094921078620973,0.7047619047619048,1.0217439480561,0.4634920634920635,2.2212535958904107,0.6027397260273972,0.8082191780821918,0.9315068493150684,3.484090645987091,0.3225756425988628
1200,52,5,52,heuristic,all,73,0.0608333333333333,0.1359655494912743,0.1174039418221743,0.5980134339036292,0.7094921078620973,6.447619047619047,12.519855734150072,3.809523809523809,1.6925,0.4483333333333333,0.4483333333333333,0.4483333333333333,0.0,0.54
1200,52,5,52,heuristic,active,73,0.0608333333333333,0.1359655494912743,0.1174039418221743,0.5980134339036292,0.7094921078620973,1.034920634920635,1.4031171431171192,0.6952380952380952,4.465753424657534,0.0273972602739726,0.0273972602739726,0.0273972602739726,0.0,0.7808219178082192
1200,52,6,13,MCMC,all,572,0.4766666666666667,0.2566859576127738,0.0565253165354293,0.5236979639886838,1.930075893850746,0.5248933143669986,0.9508264561632092,0.0,0.6706286927083333,0.8108333333333333,0.9266666666666666,0.9766666666666668,1.2716404977942937,0.0304982658941163
1200,52,6,13,MCMC,active,572,0.4766666666666667,0.2566859576127738,0.0565253165354293,0.5236979639886838,1.930075893850746,0.4433380749170222,0.614363615382194,0.2712185870080607,1.1967736341783215,0.6888111888111889,0.8636363636363636,0.9527972027972028,2.0716567794808647,0.1354521403801934
1200,52,6,13,MLE_plugin,all,572,0.4766666666666667,0.2566859576127738,0.0565253165354293,0.5236979639886838,1.930075893850746,0.5286865813181603,0.9558496451348846,0.0,0.6710878125,0.815,0.9258333333333332,0.9783333333333334,1.2656343137352275,0.0294170802072083
1200,52,6,13,MLE_plugin,active,572,0.4766666666666667,0.2566859576127738,0.0565253165354293,0.5236979639886838,1.930075893850746,0.4461830251303936,0.6184839319960203,0.2712185870080607,1.1971487652972028,0.6975524475524476,0.8618881118881119,0.9562937062937062,2.065429431200309,0.1399931384921907
1200,52,6,13,heuristic,all,572,0.4766666666666667,0.2566859576127738,0.0565253165354293,0.5236979639886838,1.930075893850746,0.7192982456140351,1.0451723974279132,0.5689900426742531,1.2641666666666669,0.3333333333333333,0.3333333333333333,0.3333333333333333,0.0,0.480037277697018
1200,52,6,13,heuristic,active,572,0.4766666666666667,0.2566859576127738,0.0565253165354293,0.5236979639886838,1.930075893850746,0.4329065908013276,0.5796837678202511,0.2712185870080607,1.5961538461538465,0.2132867132867132,0.2132867132867132,0.2132867132867132,0.0,0.3951048951048951
1200,52,6,26,MCMC,all,615,0.5125,0.2566859576127738,0.0565253165354293,0.5236979639886838,1.930075893850746,0.4622200344572975,0.7998296035346572,0.2953482648289441,1.1182600937499998,0.7541666666666667,0.9141666666666668,0.98,2.120392917448793,0.0259837922066625
1200,52,6,26,MCMC,active,615,0.5125,0.2566859576127738,0.0565253165354293,0.5236979639886838,1.930075893850746,0.4072114201329067,0.5359508518860993,0.3027319714496677,1.923059400406504,0.5788617886178862,0.8504065040650407,0.9642276422764228,3.3535335858494384,0.0935934198125953
1200,52,6,26,MLE_plugin,all,615,0.5125,0.2566859576127738,0.0565253165354293,0.5236979639886838,1.930075893850746,0.4686192468619247,0.8094733916785743,0.2215111986217081,1.1218199583333333,0.755,0.9183333333333332,0.9775,2.102890595670091,0.0275836956567248
1200,52,6,26,MLE_plugin,active,615,0.5125,0.2566859576127738,0.0565253165354293,0.5236979639886838,1.930075893850746,0.4111493969972926,0.5403123283503908,0.3027319714496677,1.9250213313008129,0.583739837398374,0.8617886178861789,0.9609756097560976,3.3487659467789417,0.097624772937412
1200,52,6,26,heuristic,all,615,0.5125,0.2566859576127738,0.0565253165354293,0.5236979639886838,1.930075893850746,0.6714250553777997,0.9510183553088318,0.5906965296578883,2.273333333333333,0.2125,0.2125,0.2125,0.0,0.580037277697018
1200,52,6,26,heuristic,active,615,0.5125,0.2566859576127738,0.0565253165354293,0.5236979639886838,1.930075893850746,0.4014275166133398,0.5237428845618841,0.3027319714496677,2.652032520325203,0.1186991869918699,0.1186991869918699,0.1186991869918699,0.0,0.4764227642276423
1200,52,6,52,MCMC,all,626,0.5216666666666666,0.2566859576127738,0.0565253165354293,0.5236979639886838,1.930075893850746,0.4418604651162791,0.7738719314477805,0.1559048980122125,2.0301148489583327,0.7408333333333333,0.8966666666666666,0.975,3.825099995965588,0.0318403839533046
1200,52,6,52,MCMC,active,626,0.5216666666666666,0.2566859576127738,0.0565253165354293,0.5236979639886838,1.930075893850746,0.3898272054047031,0.5170855658692031,0.3253215538521502,3.4398471745207666,0.5559105431309904,0.8258785942492013,0.9568690095846646,6.0003411165385705,0.0899575120685484
1200,52,6,52,MLE_plugin,all,626,0.5216666666666666,0.2566859576127738,0.0565253165354293,0.5236979639886838,1.930075893850746,0.4473820969208782,0.7796511525002106,0.1559048980122125,2.0442278697916665,0.7391666666666666,0.9016666666666666,0.975,3.813456994823348,0.0391841996346765
1200,52,6,52,MLE_plugin,active,626,0.5216666666666666,0.2566859576127738,0.0565253165354293,0.5236979639886838,1.930075893850746,0.393335065609978,0.5202229963673147,0.3253215538521502,3.4564115714856234,0.5559105431309904,0.8370607028753994,0.9552715654952076,6.022309106305901,0.0978147869194626
1200,52,6,52,heuristic,all,626,0.5216666666666666,0.2566859576127738,0.0565253165354293,0.5236979639886838,1.930075893850746,0.6470053267506821,0.9624944325752132,0.4677146940366377,4.15,0.1875,0.1875,0.1875,0.0,0.595037277697018
1200,52,6,52,heuristic,active,626,0.5216666666666666,0.2566859576127738,0.0565253165354293,0.5236979639886838,1.930075893850746,0.3839158113550734,0.5291120374535762,0.2439911653891126,4.720447284345048,0.0686900958466453,0.0686900958466453,0.0686900958466453,0.0,0.5143769968051118
1200,52,7,13,MCMC,all,33,0.0275,0.2878746577435712,0.1228087420793734,2.492166227986023,0.8808322078805322,0.6395759717314488,6.201790934116981,0.0,0.1071055052083333,0.9833333333333332,0.9933333333333332,0.9975,0.2113988271035817,0.0203703247479969
1200,52,7,13,MCMC,active,33,0.0275,0.2878746577435712,0.1228087420793734,2.492166227986023,0.8808322078805322,0.5795053003533569,1.0193963530302697,0.2332155477031802,3.5008882575757574,0.4848484848484848,0.7878787878787878,0.9090909090909092,4.07740635306096,0.2186396834436924
1200,52,7,13,MLE_plugin,all,33,0.0275,0.2878746577435712,0.1228087420793734,2.492166227986023,0.8808322078805322,0.6289752650176679,6.016620962202901,0.0,0.1087140729166666,0.985,0.9908333333333332,0.995,0.1742347502703622,0.0178882266764884
1200,52,7,13,MLE_plugin,active,33,0.0275,0.2878746577435712,0.1228087420793734,2.492166227986023,0.8808322078805322,0.6007067137809187,0.9940200026712978,0.1166077738515901,3.7559706439393934,0.4848484848484848,0.6666666666666666,0.8181818181818182,4.16003520124236,0.3243909086035851
1200,52,7,13,heuristic,all,33,0.0275,0.2878746577435712,0.1228087420793734,2.492166227986023,0.8808322078805322,3.5724381625441697,12.517215853748732,0.0,0.8425,0.77,0.77,0.77,0.0,0.22
1200,52,7,13,heuristic,active,33,0.0275,0.2878746577435712,0.1228087420793734,2.492166227986023,0.8808322078805322,0.5335689045936396,0.9808757029698244,0.2332155477031802,4.575757575757576,0.1515151515151515,0.1515151515151515,0.1515151515151515,0.0,0.5079967042194896
1200,52,7,26,MCMC,all,43,0.0358333333333333,0.2878746577435712,0.1228087420793734,2.492166227986023,0.8808322078805322,0.6589958158995817,6.928635312248616,0.0,0.1817209374999999,0.9816666666666668,0.9908333333333332,0.9975,0.3780200551505183,0.0170360392242741
1200,52,7,26,MCMC,active,43,0.0358333333333333,0.2878746577435712,0.1228087420793734,2.492166227986023,0.8808322078805322,0.602510460251046,1.3018478987736872,0.1799163179916318,4.620065697674419,0.5581395348837209,0.7674418604651163,0.9302325581395348,6.467204510116974,0.2006320318249021
1200,52,7,26,MLE_plugin,all,43,0.0358333333333333,0.2878746577435712,0.1228087420793734,2.492166227986023,0.8808322078805322,0.7468619246861925,6.704033569820878,0.0,0.1992017708333333,0.9766666666666668,0.9875,0.9933333333333332,0.2871533602895394,0.0260644913459484
1200,52,7,26,MLE_plugin,active,43,0.0358333333333333,0.2878746577435712,0.1228087420793734,2.492166227986023,0.8808322078805322,0.7217573221757322,1.2663809105611026,0.1799163179916318,5.368649273255814,0.3953488372093023,0.6511627906976745,0.813953488372093,5.921367290644418,0.3871645242475199
1200,52,7,26,heuristic,all,43,0.0358333333333333,0.2878746577435712,0.1228087420793734,2.492166227986023,0.8808322078805322,4.382845188284519,15.433546557497682,0.0,1.7458333333333331,0.6625,0.6625,0.6625,0.0,0.3283333333333333
1200,52,7,26,heuristic,active,43,0.0358333333333333,0.2878746577435712,0.1228087420793734,2.492166227986023,0.8808322078805322,0.6652719665271967,1.5702728750172756,0.2698744769874477,7.395348837209302,0.1162790697674418,0.1162790697674418,0.1162790697674418,0.0,0.627906976744186
1200,52,7,52,MCMC,all,46,0.0383333333333333,0.2878746577435712,0.1228087420793734,2.492166227986023,0.8808322078805322,0.7951977401129944,7.44083561600231,0.0,0.3180893541666666,0.975,0.9866666666666668,0.9933333333333332,0.6790012516950491,0.0175584982474015
1200,52,7,52,MCMC,active,46,0.0383333333333333,0.2878746577435712,0.1228087420793734,2.492166227986023,0.8808322078805322,0.7415254237288135,1.4477346010643315,0.2761299435028248,7.669359239130435,0.4130434782608695,0.6739130434782609,0.8260869565217391,11.69031666518916,0.2603333353728698
1200,52,7,52,MLE_plugin,all,46,0.0383333333333333,0.2878746577435712,0.1228087420793734,2.492166227986023,0.8808322078805322,0.8298022598870056,7.821479924804175,0.0,0.3522967031249999,0.97,0.9791666666666666,0.9891666666666666,0.4124801422597373,0.0310644913459484
1200,52,7,52,MLE_plugin,active,46,0.0383333333333333,0.2878746577435712,0.1228087420793734,2.492166227986023,0.8808322078805322,0.8128531073446327,1.530280704042288,0.2923728813559322,8.990504076086955,0.2608695652173913,0.4565217391304347,0.717391304347826,8.217968693503371,0.487259087022485
1200,52,7,52,heuristic,all,46,0.0383333333333333,0.2878746577435712,0.1228087420793734,2.492166227986023,0.8808322078805322,5.973163841807909,21.839702681898974,0.0,3.5241666666666664,0.6583333333333333,0.6583333333333333,0.6583333333333333,0.0,0.3291666666666666
1200,52,7,52,heuristic,active,46,0.0383333333333333,0.2878746577435712,0.1228087420793734,2.492166227986023,0.8808322078805322,1.1497175141242937,2.553344186708385,0.3898305084745762,17.695652173913043,0.0434782608695652,0.0434782608695652,0.0434782608695652,0.0,0.6304347826086957
1200,52,8,13,MCMC,all,113,0.0941666666666666,0.0678491768435956,0.0936928395297167,2.2234044232863903,1.6447796705187367,0.6456140350877193,2.4909809613051017,0.0,0.11320659375,0.9525,0.9708333333333332,0.9816666666666668,0.3176498674940424,0.0336707450428935
1200,52,8,13,MCMC,active,113,0.0941666666666666,0.0678491768435956,0.0936928395297167,2.2234044232863903,1.6447796705187367,0.5719298245614035,0.7356464819351088,0.3964912280701754,1.042066924778761,0.5221238938053098,0.6902654867256637,0.8053097345132744,1.387111101643706,0.412305820704634
1200,52,8,13,MLE_plugin,all,113,0.0941666666666666,0.0678491768435956,0.0936928395297167,2.2234044232863903,1.6447796705187367,0.6473684210526316,2.451373821011729,0.0,0.1132750052083333,0.9508333333333332,0.9725,0.9825,0.3200253340375456,0.0313325067078414
1200,52,8,13,MLE_plugin,active,113,0.0941666666666666,0.0678491768435956,0.0936928395297167,2.2234044232863903,1.6447796705187367,0.5701754385964911,0.7220465254954099,0.3964912280701754,1.03293467920354,0.504424778761062,0.7079646017699115,0.8141592920353983,1.3884373578220663,0.401756686574413
1200,52,8,13,heuristic,all,113,0.0941666666666666,0.0678491768435956,0.0936928395297167,2.2234044232863903,1.6447796705187367,1.182456140350877,3.254657859734801,0.0,0.2808333333333333,0.8116666666666666,0.8116666666666666,0.8116666666666666,0.0,0.1461761440621693
1200,52,8,13,heuristic,active,113,0.0941666666666666,0.0678491768435956,0.0936928395297167,2.2234044232863903,1.6447796705187367,0.4701754385964912,0.6937969896519497,0.3964912280701754,1.1858407079646018,0.2920353982300885,0.2920353982300885,0.2920353982300885,0.0,0.4995841184448171
1200,52,8,26,MCMC,all,146,0.1216666666666666,0.0678491768435956,0.0936928395297167,2.2234044232863903,1.6447796705187367,0.5756457564575646,2.097973392206617,0.0,0.19838075,0.9308333333333332,0.9591666666666666,0.9741666666666666,0.5196883389846056,0.0401456076771119
1200,52,8,26,MCMC,active,146,0.1216666666666666,0.0678491768435956,0.0936928395297167,2.2234044232863903,1.6447796705187367,0.5156826568265682,0.7050686770092498,0.2693726937269372,1.4210440924657533,0.4589041095890411,0.6712328767123288,0.7876712328767124,2.024747728833919,0.3935713329315559
1200,52,8,26,MLE_plugin,all,146,0.1216666666666666,0.0678491768435956,0.0936928395297167,2.2234044232863903,1.6447796705187367,0.5839483394833949,2.1296180907643327,0.0,0.1965239583333333,0.93,0.9575,0.9766666666666668,0.5195237051780951,0.0390611045435166
1200,52,8,26,MLE_plugin,active,146,0.1216666666666666,0.0678491768435956,0.0936928395297167,2.2234044232863903,1.6447796705187367,0.5175276752767527,0.7120827136629675,0.2693726937269372,1.3935342037671232,0.4657534246575342,0.6643835616438356,0.8082191780821918,2.01846437047372,0.384406960460052
1200,52,8,26,heuristic,all,146,0.1216666666666666,0.0678491768435956,0.0936928395297167,2.2234044232863903,1.6447796705187367,1.1937269372693728,3.0764818224494035,0.0,0.5391666666666667,0.7233333333333334,0.7233333333333334,0.7233333333333334,0.0,0.2270094773955026
1200,52,8,26,heuristic,active,146,0.1216666666666666,0.0678491768435956,0.0936928395297167,2.2234044232863903,1.6447796705187367,0.3985239852398523,0.6993179737885082,0.2693726937269372,1.4794520547945205,0.3013698630136986,0.3013698630136986,0.3013698630136986,0.0,0.4246575342465754
1200,52,8,52,MCMC,all,179,0.1491666666666666,0.0678491768435956,0.0936928395297167,2.2234044232863903,1.6447796705187367,0.6135912698412698,2.305411266419036,0.0,0.3916018697916666,0.9033333333333332,0.9375,0.9675,0.8969590215806246,0.0525322201490096
1200,52,8,52,MCMC,active,179,0.1491666666666666,0.0678491768435956,0.0936928395297167,2.2234044232863903,1.6447796705187367,0.558531746031746,0.8657963798960867,0.3551587301587301,2.345267423184357,0.3854748603351955,0.5977653631284916,0.7821229050279329,3.1991314504188884,0.3726197282288894
1200,52,8,52,MLE_plugin,all,179,0.1491666666666666,0.0678491768435956,0.0936928395297167,2.2234044232863903,1.6447796705187367,0.626984126984127,2.323208515827216,0.0,0.3934747239583333,0.9033333333333332,0.9391666666666668,0.9708333333333332,0.8972862575720634,0.0484025901872726
1200,52,8,52,MLE_plugin,active,179,0.1491666666666666,0.0678491768435956,0.0936928395297167,2.2234044232863903,1.6447796705187367,0.5654761904761905,0.8665082581697894,0.3551587301587301,2.332723847765363,0.3854748603351955,0.6033519553072626,0.8044692737430168,3.187715566091995,0.3562644790550482
1200,52,8,52,heuristic,all,179,0.1491666666666666,0.0678491768435956,0.0936928395297167,2.2234044232863903,1.6447796705187367,1.232142857142857,3.311649996477369,0.0,1.035,0.6991666666666667,0.6991666666666667,0.6991666666666667,0.0,0.232842810728836
1200,52,8,52,heuristic,active,179,0.1491666666666666,0.0678491768435956,0.0936928395297167,2.2234044232863903,1.6447796705187367,0.5307539682539683,0.9024599344544556,0.3551587301587301,2.988826815642458,0.1731843575418994,0.1731843575418994,0.1731843575418994,0.0,0.4692737430167597
1200,52,9,13,MCMC,all,189,0.1575,0.1102727298416297,0.1315125516366818,2.381831194123602,2.100971647204173,0.4061135371179039,1.4012977283598291,0.0,0.223768109375,0.9283333333333332,0.9741666666666666,0.9858333333333332,0.552253790668946,0.0194434894037716
1200,52,9,13,MCMC,active,189,0.1575,0.1102727298416297,0.1315125516366818,2.381831194123602,2.100971647204173,0.3487991266375546,0.4869653425517975,0.2063318777292576,1.1984343915343916,0.582010582010582,0.8518518518518519,0.9153439153439152,2.1888871284117952,0.1925020549979438
1200,52,9,13,MLE_plugin,all,189,0.1575,0.1102727298416297,0.1315125516366818,2.381831194123602,2.100971647204173,0.4099344978165939,1.416650355057784,0.0,0.2250975781249999,0.9266666666666666,0.9725,0.9858333333333332,0.5497798999024417,0.0235601267653637
1200,52,9,13,MLE_plugin,active,189,0.1575,0.1102727298416297,0.1315125516366818,2.381831194123602,2.100971647204173,0.3569868995633188,0.494823367422431,0.2063318777292576,1.2154886243386245,0.5767195767195767,0.8412698412698413,0.9153439153439152,2.2026254945996917,0.1951215370904775
1200,52,9,13,heuristic,all,189,0.1575,0.1102727298416297,0.1315125516366818,2.381831194123602,2.100971647204173,0.6495633187772926,1.9160554960208576,0.0,0.4958333333333333,0.7625,0.7625,0.7625,0.0,0.1666666666666666
1200,52,9,13,heuristic,active,189,0.1575,0.1102727298416297,0.1315125516366818,2.381831194123602,2.100971647204173,0.3362445414847161,0.4674350729000256,0.2063318777292576,1.6296296296296295,0.2116402116402116,0.2116402116402116,0.2116402116402116,0.0,0.4444444444444444
1200,52,9,26,MCMC,all,214,0.1783333333333333,0.1102727298416297,0.1315125516366818,2.381831194123602,2.100971647204173,0.3638613861386139,1.2374037208130486,0.0,0.3919904062499999,0.9125,0.9625,0.9841666666666666,0.9216337424585762,0.0242103417369408
1200,52,9,26,MCMC,active,214,0.1783333333333333,0.1102727298416297,0.1315125516366818,2.381831194123602,2.100971647204173,0.3074807480748074,0.4416849218200423,0.2354235423542354,1.8344655957943925,0.5747663551401869,0.8177570093457944,0.911214953271028,3.4342130793691896,0.2322357156791424
1200,52,9,26,MLE_plugin,all,214,0.1783333333333333,0.1102727298416297,0.1315125516366818,2.381831194123602,2.100971647204173,0.353960396039604,1.228939092532953,0.0,0.3909562291666666,0.9141666666666668,0.9658333333333332,0.9866666666666668,0.9167029373539468,0.0273186009082824
1200,52,9,26,MLE_plugin,active,214,0.1783333333333333,0.1102727298416297,0.1315125516366818,2.381831194123602,2.100971647204173,0.3055555555555556,0.4424721580103168,0.2354235423542354,1.8479803738317755,0.5747663551401869,0.8271028037383178,0.9299065420560748,3.4783953375755887,0.2433647892954697
1200,52,9,26,heuristic,all,214,0.1783333333333333,0.1102727298416297,0.1315125516366818,2.381831194123602,2.100971647204173,0.5962596259625963,1.8028383212868204,0.0,0.9033333333333332,0.695,0.695,0.695,0.0,0.2258333333333333
1200,52,9,26,heuristic,active,214,0.1783333333333333,0.1102727298416297,0.1315125516366818,2.381831194123602,2.100971647204173,0.2832783278327833,0.4307004454603166,0.1177117711771177,2.4065420560747666,0.1915887850467289,0.1915887850467289,0.1915887850467289,0.0,0.4392523364485982
1200,52,9,52,MCMC,all,251,0.2091666666666666,0.1102727298416297,0.1315125516366818,2.381831194123602,2.100971647204173,0.3626543209876543,1.392285748475095,0.0,0.7997336822916666,0.8883333333333333,0.9391666666666668,0.98,1.6743028566489462,0.029816018749379
1200,52,9,52,MCMC,active,251,0.2091666666666666,0.1102727298416297,0.1315125516366818,2.381831194123602,2.100971647204173,0.3103254769921436,0.5640866470208497,0.1408529741863075,3.285866010956175,0.5258964143426295,0.7290836653386454,0.9083665338645418,5.728610143197015,0.2123406920583583
1200,52,9,52,MLE_plugin,all,251,0.2091666666666666,0.1102727298416297,0.1315125516366818,2.381831194123602,2.100971647204173,0.3580246913580246,1.408367642400005,0.0,0.8032072447916666,0.8883333333333333,0.945,0.9783333333333334,1.6733224823585282,0.0283368565855126
1200,52,9,52,MLE_plugin,active,251,0.2091666666666666,0.1102727298416297,0.1315125516366818,2.381831194123602,2.100971647204173,0.313692480359147,0.5722165565899665,0.1408529741863075,3.3258377739043827,0.5298804780876494,0.7529880478087649,0.900398406374502,5.793829597818177,0.217392852984745
1200,52,9,52,heuristic,all,251,0.2091666666666666,0.1102727298416297,0.1315125516366818,2.381831194123602,2.100971647204173,0.5774410774410774,1.964293719901832,0.0,1.715,0.6766666666666666,0.6766666666666666,0.6766666666666666,0.0,0.2225
1200,52,9,52,heuristic,active,251,0.2091666666666666,0.1102727298416297,0.1315125516366818,2.381831194123602,2.100971647204173,0.2943322109988776,0.5763627959344009,0.1408529741863075,4.179282868525896,0.1394422310756972,0.1394422310756972,0.1394422310756972,0.0,0.4780876494023904
1200,52,10,13,MCMC,all,27,0.0225,0.2429192555988192,0.1393120502126983,2.1938625004947587,0.6215187698527382,0.4393939393939394,4.377862812154629,0.0,0.0575765468749999,0.9875,0.9958333333333332,0.9975,0.1422340281340519,0.0146745633089554
1200,52,10,13,MCMC,active,27,0.0225,0.2429192555988192,0.1393120502126983,2.1938625004947587,0.6215187698527382,0.4307359307359307,0.6559084448366981,0.2337662337662337,2.4419310185185177,0.4444444444444444,0.8148148148148148,0.8888888888888888,4.0199541432116135,0.3780113908877512
1200,52,10,13,MLE_plugin,all,27,0.0225,0.2429192555988192,0.1393120502126983,2.1938625004947587,0.6215187698527382,0.4437229437229437,4.370150775375662,0.0,0.0602207760416666,0.9883333333333332,0.9958333333333332,0.9983333333333332,0.1750709046697343,0.0144304270469437
1200,52,10,13,MLE_plugin,active,27,0.0225,0.2429192555988192,0.1393120502126983,2.1938625004947587,0.6215187698527382,0.4350649350649351,0.6547502771676941,0.2337662337662337,2.558993518518519,0.4814814814814814,0.8148148148148148,0.925925925925926,4.206297279485876,0.4084065953584324
1200,52,10,13,heuristic,all,27,0.0225,0.2429192555988192,0.1393120502126983,2.1938625004947587,0.6215187698527382,3.069264069264069,9.827888648570148,0.0,0.5908333333333333,0.77,0.77,0.77,0.0,0.2183333333333333
1200,52,10,13,heuristic,active,27,0.0225,0.2429192555988192,0.1393120502126983,2.1938625004947587,0.6215187698527382,0.329004329004329,0.6881891584151569,0.1168831168831168,2.814814814814815,0.2222222222222222,0.2222222222222222,0.2222222222222222,0.0,0.4814814814814815
1200,52,10,26,MCMC,all,30,0.025,0.2429192555988192,0.1393120502126983,2.1938625004947587,0.6215187698527382,0.632,7.16316503602516,0.0,0.1218622604166666,0.9858333333333332,0.9941666666666666,0.9975,0.2594502120131365,0.0147417686659862
1200,52,10,26,MCMC,active,30,0.025,0.2429192555988192,0.1393120502126983,2.1938625004947587,0.6215187698527382,0.6133333333333334,1.131559395995927,0.28,4.716057083333333,0.4333333333333333,0.7666666666666667,0.9,7.185306923625616,0.2927173611579333
1200,52,10,26,MLE_plugin,all,30,0.025,0.2429192555988192,0.1393120502126983,2.1938625004947587,0.6215187698527382,0.6106666666666667,6.433910164122592,0.0,0.1264935677083333,0.9875,0.9916666666666668,0.9966666666666668,0.2846784922727625,0.0156453186977357
1200,52,10,26,MLE_plugin,active,30,0.025,0.2429192555988192,0.1393120502126983,2.1938625004947587,0.6215187698527382,0.5973333333333334,1.0165562781600763,0.24,4.920530208333333,0.5,0.6666666666666666,0.8666666666666667,6.982230232562484,0.3910627595090942
1200,52,10,26,heuristic,all,30,0.025,0.2429192555988192,0.1393120502126983,2.1938625004947587,0.6215187698527382,4.0906666666666665,14.019262938305042,0.0,1.278333333333333,0.66,0.66,0.66,0.0,0.3291666666666666
1200,52,10,26,heuristic,active,30,0.025,0.2429192555988192,0.1393120502126983,2.1938625004947587,0.6215187698527382,0.5546666666666666,1.4401481405281424,0.16,6.933333333333334,0.0,0.0,0.0,0.0,0.5666666666666667
1200,52,10,52,MCMC,all,30,0.025,0.2429192555988192,0.1393120502126983,2.1938625004947587,0.6215187698527382,0.7057728119180634,8.763533379016998,0.0,0.2183381041666666,0.9883333333333332,0.9916666666666668,0.9966666666666668,0.4528244315109333,0.0153210775546046
1200,52,10,52,MCMC,active,30,0.025,0.2429192555988192,0.1393120502126983,2.1938625004947587,0.6215187698527382,0.6908752327746742,1.3851106327271978,0.2793296089385475,8.519766666666667,0.5333333333333333,0.6666666666666666,0.8666666666666667,13.32435589387949,0.2651438075876292
1200,52,10,52,MLE_plugin,all,30,0.025,0.2429192555988192,0.1393120502126983,2.1938625004947587,0.6215187698527382,0.723463687150838,9.75683036610788,0.0,0.2332871145833333,0.9883333333333332,0.9916666666666668,0.9933333333333332,0.425051526728468,0.015961180374124
1200,52,10,52,MLE_plugin,active,30,0.025,0.2429192555988192,0.1393120502126983,2.1938625004947587,0.6215187698527382,0.7122905027932962,1.542353116535269,0.2513966480446927,9.16081875,0.5333333333333333,0.6666666666666666,0.7333333333333333,11.189567292266467,0.370134787050368
1200,52,10,52,heuristic,all,30,0.025,0.2429192555988192,0.1393120502126983,2.1938625004947587,0.6215187698527382,5.76536312849162,21.8252076684846,0.0,2.58,0.66,0.66,0.66,0.0,0.3325
1200,52,10,52,heuristic,active,30,0.025,0.2429192555988192,0.1393120502126983,2.1938625004947587,0.6215187698527382,1.102420856610801,2.540231101674652,0.335195530726257,19.73333333333333,0.0,0.0,0.0,0.0,0.7
1200,52,11,13,MCMC,all,565,0.4708333333333333,0.2223424088695502,0.03607207549249228,0.8366528249093856,1.9802085370753288,0.5478589420654912,0.9650873078596771,0.0,0.6475691302083333,0.7958333333333333,0.9225,0.9858333333333333,1.2769357656938742,0.025197565133116384
1200,52,11,13,MCMC,active,565,0.4708333333333333,0.2223424088695502,0.03607207549249228,0.8366528249093856,1.9802085370753288,0.4546599496221662,0.6036530630045036,0.2846347607052897,1.1328928207964601,0.6247787610619469,0.8584070796460177,0.9734513274336283,1.952615496454209,0.17038114926655418
1200,52,11,13,MLE_plugin,all,565,0.4708333333333333,0.2223424088695502,0.03607207549249228,0.8366528249093856,1.9802085370753288,0.5579345088161209,0.9755235324370425,0.0,0.6492021145833333,0.7958333333333333,0.9216666666666666,0.98,1.278044545923424,0.027194434916649635
1200,52,11,13,MLE_plugin,active,565,0.4708333333333333,0.2223424088695502,0.03607207549249228,0.8366528249093856,1.9802085370753288,0.454911838790932,0.6040389450697798,0.2846347607052897,1.1256165929203539,0.6283185840707964,0.863716814159292,0.9663716814159292,1.9493691347157638,0.1630918428672214
1200,52,11,13,heuristic,all,565,0.4708333333333333,0.2223424088695502,0.03607207549249228,0.8366528249093856,1.9802085370753288,0.7289672544080605,1.1129283311477733,0.6045340050377834,1.2058333333333333,0.36083333333333334,0.36083333333333334,0.36083333333333334,0.0,0.43333333333333335
1200,52,11,13,heuristic,active,565,0.4708333333333333,0.2223424088695502,0.03607207549249228,0.8366528249093856,1.9802085370753288,0.4261964735516373,0.5730354027488909,0.2846347607052897,1.497345132743363,0.2247787610619469,0.2247787610619469,0.2247787610619469,0.0,0.43539823008849554
1200,52,11,26,MCMC,all,635,0.5291666666666667,0.2223424088695502,0.03607207549249228,0.8366528249093856,1.9802085370753288,0.4758620689655172,0.8305137190240847,0.3065134099616858,1.097332984375,0.745,0.905,0.9791666666666666,2.123513136864975,0.023375502364445855
1200,52,11,26,MCMC,active,635,0.5291666666666667,0.2223424088695502,0.03607207549249228,0.8366528249093856,1.9802085370753288,0.4054916985951469,0.542308032472806,0.32439335887611753,1.7562320767716533,0.5874015748031496,0.8440944881889764,0.968503937007874,3.1069364462308537,0.16638190467635822
1200,52,11,26,MLE_plugin,all,635,0.5291666666666667,0.2223424088695502,0.03607207549249228,0.8366528249093856,1.9802085370753288,0.466794380587484,0.8157111217856612,0.3065134099616858,1.0919348958333335,0.7458333333333333,0.8975,0.9775,2.1032726451888624,0.021217107242662014
1200,52,11,26,MLE_plugin,active,635,0.5291666666666667,0.2223424088695502,0.03607207549249228,0.8366528249093856,1.9802085370753288,0.39297573435504474,0.5295333195875596,0.32439335887611753,1.7342840157480315,0.5921259842519685,0.8299212598425196,0.9653543307086614,3.0692933974333614,0.14718985145770014
1200,52,11,26,heuristic,all,635,0.5291666666666667,0.2223424088695502,0.03607207549249228,0.8366528249093856,1.9802085370753288,0.6324393358876118,0.9812419367146477,0.3065134099616858,2.0633333333333335,0.27166666666666667,0.27166666666666667,0.27166666666666667,0.0,0.5066666666666667
1200,52,11,26,heuristic,active,635,0.5291666666666667,0.2223424088695502,0.03607207549249228,0.8366528249093856,1.9802085370753288,0.368837803320562,0.5117788593429263,0.32439335887611753,2.274015748031496,0.18425196850393702,0.18425196850393702,0.18425196850393702,0.0,0.4173228346456693
1200,52,11,52,MCMC,all,676,0.5633333333333334,0.2223424088695502,0.03607207549249228,0.8366528249093856,1.9802085370753288,0.4490894589924232,0.7997610037281793,0.15951083344410474,2.016608130208333,0.7175,0.8933333333333333,0.9758333333333333,3.8277467166563444,0.017640734432385452
1200,52,11,52,MCMC,active,676,0.5633333333333334,0.2223424088695502,0.03607207549249228,0.8366528249093856,1.9802085370753288,0.3907350790907882,0.5408194394971804,0.269573308520537,3.103582414940828,0.5576923076923077,0.8357988165680473,0.9630177514792899,5.467453120052778,0.13586584054557233
1200,52,11,52,MLE_plugin,all,676,0.5633333333333334,0.2223424088695502,0.03607207549249228,0.8366528249093856,1.9802085370753288,0.44822544197793435,0.8015584709327042,0.15951083344410474,2.018735395833333,0.7108333333333333,0.8875,0.9716666666666667,3.794124839942756,0.02878371754592335
1200,52,11,52,MLE_plugin,active,676,0.5633333333333334,0.2223424088695502,0.03607207549249228,0.8366528249093856,1.9802085370753288,0.38661438256014885,0.537807388933503,0.269573308520537,3.0764617973372785,0.5517751479289941,0.8254437869822485,0.9571005917159763,5.401154580110201,0.11706739754494755
1200,52,11,52,heuristic,all,676,0.5633333333333334,0.2223424088695502,0.03607207549249228,0.8366528249093856,1.9802085370753288,0.6191678851521999,0.9979949252492514,0.3190216668882095,3.881666666666667,0.2325,0.2325,0.2325,0.0,0.5316666666666666
1200,52,11,52,heuristic,active,676,0.5633333333333334,0.2223424088695502,0.03607207549249228,0.8366528249093856,1.9802085370753288,0.37764189817891797,0.5407725052281727,0.269573308520537,4.202662721893491,0.10946745562130178,0.10946745562130178,0.10946745562130178,0.0,0.4718934911242604
1200,52,12,13,MCMC,all,397,0.3308333333333333,0.09346703409747559,0.0794465483553392,0.7559852593362533,2.3188367795085547,0.7916666666666667,1.5287530525417192,0.0,0.39115141666666664,0.8433333333333334,0.9341666666666667,0.9783333333333334,0.8169535418544958,0.02622046232989106
1200,52,12,13,MCMC,active,397,0.3308333333333333,0.09346703409747559,0.0794465483553392,0.7559852593362533,2.3188367795085547,0.6062206572769953,0.8108733953140869,0.46596244131455394,0.9040537940806045,0.5919395465994962,0.8060453400503779,0.9345088161209067,1.2264729677438182,0.35900591017614447
1200,52,12,13,MLE_plugin,all,397,0.3308333333333333,0.09346703409747559,0.0794465483553392,0.7559852593362533,2.3188367795085547,0.7705399061032865,1.5000991833901967,0.0,0.39205093229166665,0.8416666666666667,0.9333333333333333,0.98,0.8158525751335363,0.0310252321099016
1200,52,12,13,MLE_plugin,active,397,0.3308333333333333,0.09346703409747559,0.0794465483553392,0.7559852593362533,2.3188367795085547,0.5892018779342723,0.7927124388112222,0.46596244131455394,0.899101936397985,0.5843828715365239,0.801007556675063,0.9395465994962217,1.223764826864562,0.35287494667945357
1200,52,12,13,heuristic,all,397,0.3308333333333333,0.09346703409747559,0.0794465483553392,0.7559852593362533,2.3188367795085547,0.9014084507042254,1.4905641189096288,0.0,0.64,0.5308333333333334,0.5308333333333334,0.5308333333333334,0.0,0.3035518470599586
1200,52,12,13,heuristic,active,397,0.3308333333333333,0.09346703409747559,0.0794465483553392,0.7559852593362533,2.3188367795085547,0.46596244131455394,0.6501976650841861,0.46596244131455394,1.0,0.3224181360201511,0.3224181360201511,0.3224181360201511,0.0,0.49874055415617125
1200,52,12,26,MCMC,all,514,0.42833333333333334,0.09346703409747559,0.0794465483553392,0.7559852593362533,2.3188367795085547,0.6475558237779119,1.1711016267082364,0.0,0.63972596875,0.8,0.9133333333333333,0.9816666666666667,1.300551297052659,0.022508011284546936
1200,52,12,26,MCMC,active,514,0.42833333333333334,0.09346703409747559,0.0794465483553392,0.7559852593362533,2.3188367795085547,0.5268557634278817,0.7120055535413903,0.3101991550995775,1.2024027237354085,0.6245136186770428,0.811284046692607,0.9571984435797666,1.8733308055090392,0.25530679942008927
1200,52,12,26,MLE_plugin,all,514,0.42833333333333334,0.09346703409747559,0.0794465483553392,0.7559852593362533,2.3188367795085547,0.6569100784550392,1.1761754854456994,0.0,0.6454253541666666,0.7958333333333333,0.905,0.98,1.29938933112543,0.01717818450782327
1200,52,12,26,MLE_plugin,active,514,0.42833333333333334,0.09346703409747559,0.0794465483553392,0.7559852593362533,2.3188367795085547,0.5232347616173808,0.7061312010872332,0.3101991550995775,1.2008017509727626,0.6264591439688716,0.7976653696498055,0.953307392996109,1.8704495505966798,0.256360512027342
1200,52,12,26,heuristic,all,514,0.42833333333333334,0.09346703409747559,0.0794465483553392,0.7559852593362533,2.3188367795085547,0.7990343995171997,1.2311406155703077,0.724200362100181,1.1033333333333333,0.40166666666666667,0.40166666666666667,0.40166666666666667,0.0,0.4075
1200,52,12,26,heuristic,active,514,0.42833333333333334,0.09346703409747559,0.0794465483553392,0.7559852593362533,2.3188367795085547,0.46167773083886543,0.6271509396187673,0.3101991550995775,1.4883268482490273,0.2587548638132296,0.2587548638132296,0.2587548638132296,0.0,0.44357976653696496
1200,52,12,52,MCMC,all,587,0.4891666666666667,0.09346703409747559,0.0794465483553392,0.7559852593362533,2.3188367795085547,0.5965025906735751,1.0485629281742344,0.38860103626943004,1.0972940052083333,0.7491666666666666,0.8991666666666667,0.9816666666666667,2.2096077287225495,0.014255292270366204
1200,52,12,52,MCMC,active,587,0.4891666666666667,0.09346703409747559,0.0794465483553392,0.7559852593362533,2.3188367795085547,0.49158031088082904,0.6669691744938135,0.3801813471502591,1.8428387989778534,0.5809199318568995,0.8211243611584327,0.9625212947189097,3.0563154915248965,0.19270994335198266
1200,52,12,52,MLE_plugin,all,587,0.4891666666666667,0.09346703409747559,0.0794465483553392,0.7559852593362533,2.3188367795085547,0.5990932642487047,1.0555305977633107,0.38860103626943004,1.106783421875,0.7408333333333333,0.8966666666666666,0.9808333333333333,2.2014030408519614,0.01863972865375052
1200,52,12,52,MLE_plugin,active,587,0.4891666666666667,0.09346703409747559,0.0794465483553392,0.7559852593362533,2.3188367795085547,0.49028497409326427,0.6703753884282846,0.3801813471502591,1.8439103918228281,0.5706984667802385,0.8194207836456558,0.9625212947189097,3.044643618224542,0.1861530808930596
1200,52,12,52,heuristic,all,587,0.4891666666666667,0.09346703409747559,0.0794465483553392,0.7559852593362533,2.3188367795085547,0.7451424870466321,1.1900014506048622,0.38860103626943004,1.9175,0.3525,0.3525,0.3525,0.0,0.42916666666666664
1200,52,12,52,heuristic,active,587,0.4891666666666667,0.09346703409747559,0.0794465483553392,0.7559852593362533,2.3188367795085547,0.4893134715025907,0.6631046662207366,0.3801813471502591,2.574105621805792,0.14480408858603067,0.14480408858603067,0.14480408858603067,0.0,0.444633730834753
1200,52,13,13,MCMC,all,125,0.10416666666666667,0.14636124666788997,0.17761684384025517,0.5286159632027505,1.1218956431020946,0.8378378378378379,2.8230249282518787,0.0,0.128391875,0.955,0.9816666666666667,0.995,0.3577680104762792,0.02112712390486149
1200,52,13,13,MCMC,active,125,0.10416666666666667,0.14636124666788997,0.17761684384025517,0.5286159632027505,1.1218956431020946,0.6428571428571429,0.8249931730826872,0.4826254826254826,0.92256315,0.64,0.824,0.952,1.4349025052522548,0.27924005097853044
1200,52,13,13,MLE_plugin,all,125,0.10416666666666667,0.14636124666788997,0.17761684384025517,0.5286159632027505,1.1218956431020946,0.835907335907336,2.8443310790290366,0.0,0.1293225260416667,0.9541666666666667,0.9791666666666666,0.9941666666666666,0.349668657510522,0.02129711697038683
1200,52,13,13,MLE_plugin,active,125,0.10416666666666667,0.14636124666788997,0.17761684384025517,0.5286159632027505,1.1218956431020946,0.6428571428571429,0.8328611334405583,0.4826254826254826,0.9303503000000001,0.632,0.8,0.944,1.4354690264326202,0.2903789164894446
1200,52,13,13,heuristic,all,125,0.10416666666666667,0.14636124666788997,0.17761684384025517,0.5286159632027505,1.1218956431020946,2.138996138996139,4.233745223744494,0.0,0.46166666666666667,0.6733333333333333,0.6733333333333333,0.6733333333333333,0.0,0.2916666666666667
1200,52,13,13,heuristic,active,125,0.10416666666666667,0.14636124666788997,0.17761684384025517,0.5286159632027505,1.1218956431020946,0.5444015444015443,0.7758120192050239,0.4826254826254826,1.128,0.352,0.352,0.352,0.0,0.33159779869743866
1200,52,13,26,MCMC,all,150,0.125,0.14636124666788997,0.17761684384025517,0.5286159632027505,1.1218956431020946,0.7808219178082192,2.4629561992254048,0.0,0.2388660520833333,0.93,0.9725,0.9925,0.5849808847800129,0.017622525458081517
1200,52,13,26,MCMC,active,150,0.125,0.14636124666788997,0.17761684384025517,0.5286159632027505,1.1218956431020946,0.6242661448140899,0.7958184957960446,0.5870841487279843,1.5117480833333334,0.5466666666666666,0.7933333333333333,0.94,2.2406065663827084,0.24996670149775768
1200,52,13,26,MLE_plugin,all,150,0.125,0.14636124666788997,0.17761684384025517,0.5286159632027505,1.1218956431020946,0.7847358121330724,2.5009141599367433,0.0,0.2397978177083333,0.9266666666666666,0.9716666666666667,0.9933333333333333,0.577220579074924,0.01696748469112047
1200,52,13,26,MLE_plugin,active,150,0.125,0.14636124666788997,0.17761684384025517,0.5286159632027505,1.1218956431020946,0.6232876712328768,0.8077297931277949,0.5870841487279843,1.5136764583333333,0.5133333333333333,0.7866666666666666,0.9466666666666667,2.2222751100580216,0.26232152161078565
1200,52,13,26,heuristic,all,150,0.125,0.14636124666788997,0.17761684384025517,0.5286159632027505,1.1218956431020946,2.3268101761252447,4.027129098236541,2.3483365949119372,0.9908333333333333,0.475,0.475,0.475,0.0,0.4741666666666667
1200,52,13,26,heuristic,active,150,0.125,0.14636124666788997,0.17761684384025517,0.5286159632027505,1.1218956431020946,0.598825831702544,0.8254049592549174,0.29354207436399216,2.04,0.16,0.16,0.16,0.0,0.43333333333333335
1200,52,13,52,MCMC,all,156,0.13,0.14636124666788997,0.17761684384025517,0.5286159632027505,1.1218956431020946,0.7686486486486487,2.450169565247686,0.0,0.42602417187499997,0.925,0.9666666666666667,0.9875,1.013753818189096,0.017735393227791718
1200,52,13,52,MCMC,active,156,0.13,0.14636124666788997,0.17761684384025517,0.5286159632027505,1.1218956431020946,0.6318918918918919,0.8178055048002056,0.5059459459459459,2.650415344551282,0.532051282051282,0.7564102564102564,0.9038461538461539,3.854970350800588,0.2759779107554008
1200,52,13,52,MLE_plugin,all,156,0.13,0.14636124666788997,0.17761684384025517,0.5286159632027505,1.1218956431020946,0.7708108108108107,2.467850254669855,0.0,0.4279199166666667,0.9241666666666667,0.9658333333333333,0.9858333333333333,0.999372653873174,0.01935127338544268
1200,52,13,52,MLE_plugin,active,156,0.13,0.14636124666788997,0.17761684384025517,0.5286159632027505,1.1218956431020946,0.6291891891891892,0.8243836930326818,0.5059459459459459,2.6665966746794867,0.5256410256410257,0.7564102564102564,0.8910256410256411,3.8477489873412063,0.25190270708657064
1200,52,13,52,heuristic,all,156,0.13,0.14636124666788997,0.17761684384025517,0.5286159632027505,1.1218956431020946,2.290810810810811,4.273375538757624,1.2972972972972971,1.7658333333333334,0.4666666666666667,0.4666666666666667,0.4666666666666667,0.0,0.48583333333333334
1200,52,13,52,heuristic,active,156,0.13,0.14636124666788997,0.17761684384025517,0.5286159632027505,1.1218956431020946,0.6627027027027026,0.9166930115522753,0.5059459459459459,3.9294871794871793,0.09615384615384616,0.09615384615384616,0.09615384615384616,0.0,0.5384615384615384
1200,52,14,13,MCMC,all,13,0.010833333333333334,0.19919046111333316,0.15372420714299193,2.3355506785452245,0.5808238677770126,0.47000000000000003,6.20644825967316,0.0,0.01554015625,0.9941666666666666,0.9966666666666667,0.9991666666666666,0.04423499154358451,0.033399614161261804
1200,52,14,13,MLE_plugin,all,13,0.010833333333333334,0.19919046111333316,0.15372420714299193,2.3355506785452245,0.5808238677770126,0.45999999999999996,5.83780780773057,0.0,0.015739276041666667,0.9941666666666666,0.9975,0.9991666666666666,0.0414378547560541,0.03369919859018389
1200,52,14,13,heuristic,all,13,0.010833333333333334,0.19919046111333316,0.15372420714299193,2.3355506785452245,0.5808238677770126,10.74,45.24599429783812,0.0,0.4475,0.8158333333333333,0.8158333333333333,0.8158333333333333,0.0,0.18083333333333335
1200,52,14,26,MCMC,all,14,0.011666666666666667,0.19919046111333316,0.15372420714299193,2.3355506785452245,0.5808238677770126,0.48437499999999994,5.953924651018015,0.0,0.022508015625000002,0.9941666666666666,0.9966666666666667,1.0,0.07009467576922712,0.030825841976470647
1200,52,14,26,MLE_plugin,all,14,0.011666666666666667,0.19919046111333316,0.15372420714299193,2.3355506785452245,0.5808238677770126,0.45312499999999994,5.70258987215458,0.0,0.022311078125,0.9933333333333333,0.9958333333333333,1.0,0.06673119996957051,0.031486250279336325
1200,52,14,26,heuristic,all,14,0.011666666666666667,0.19919046111333316,0.15372420714299193,2.3355506785452245,0.5808238677770126,18.0625,71.63956003843127,0.0,0.9633333333333334,0.725,0.725,0.725,0.0,0.2733333333333333
1200,52,14,52,MCMC,all,14,0.011666666666666667,0.19919046111333316,0.15372420714299193,2.3355506785452245,0.5808238677770126,0.6712962962962963,10.595683957089252,0.0,0.048842880208333335,0.9941666666666666,0.9975,0.9983333333333333,0.10561819959695541,0.03255831179191382
1200,52,14,52,MLE_plugin,all,14,0.011666666666666667,0.19919046111333316,0.15372420714299193,2.3355506785452245,0.5808238677770126,0.6620370370370371,10.255230523319296,0.0,0.04768932291666665,0.9933333333333333,0.9958333333333333,0.9983333333333333,0.09964243886503593,0.03255831179191382
1200,52,14,52,heuristic,all,14,0.011666666666666667,0.19919046111333316,0.15372420714299193,2.3355506785452245,0.5808238677770126,20.435185185185187,84.90311593016011,0.0,1.8391666666666666,0.7233333333333334,0.7233333333333334,0.7233333333333334,0.0,0.27416666666666667
2000,60,0,13,MCMC,all,916,0.458,0.29608028117730084,0.07106537162857057,0.7813465994230566,2.219779906387906,0.4685771744595274,0.8782215972631183,0.0,0.6603262718749999,0.8065,0.931,0.9835,1.26502155793986,0.026210640735738255
2000,60,0,13,MCMC,active,916,0.458,0.29608028117730084,0.07106537162857057,0.7813465994230566,2.219779906387906,0.39781297134238314,0.5497299602344228,0.2302664655605832,1.2352459402292575,0.6473799126637555,0.8744541484716157,0.9639737991266376,2.2177055395148355,0.10607765028443594
2000,60,0,13,MLE_plugin,all,916,0.458,0.29608028117730084,0.07106537162857057,0.7813465994230566,2.219779906387906,0.46744595274007034,0.8717033892421866,0.0,0.6588474437499999,0.8065,0.9355,0.98,1.262202777965616,0.02538408094213901
2000,60,0,13,MLE_plugin,active,916,0.458,0.29608028117730084,0.07106537162857057,0.7813465994230566,2.219779906387906,0.3981900452488688,0.5480558191860174,0.2302664655605832,1.231371363264192,0.648471615720524,0.8820960698689956,0.9574235807860262,2.21286579816403,0.10976082646947183
2000,60,0,13,heuristic,all,916,0.458,0.29608028117730084,0.07106537162857057,0.7813465994230566,2.219779906387906,0.6405228758169934,1.0183943362830659,0.5027652086475616,1.274,0.3825,0.3825,0.3825,0.0,0.4270380513089558
2000,60,0,13,heuristic,active,916,0.458,0.29608028117730084,0.07106537162857057,0.7813465994230566,2.219779906387906,0.3951734539969834,0.5361500065802687,0.2302664655605832,1.7161572052401746,0.19323144104803494,0.19323144104803494,0.19323144104803494,0.0,0.41484716157205237
2000,60,0,26,MCMC,all,988,0.494,0.29608028117730084,0.07106537162857057,0.7813465994230566,2.219779906387906,0.3787225953618046,0.7076126127378939,0.0,1.0734715593750002,0.7865,0.92,0.975,2.0863684362434634,0.016198678084913487
2000,60,0,26,MCMC,active,988,0.494,0.29608028117730084,0.07106537162857057,0.7813465994230566,2.219779906387906,0.33031301482701814,0.4568127336113074,0.2504118616144975,1.9022038081983805,0.6295546558704453,0.8582995951417004,0.9524291497975709,3.540308690520216,0.09637718067385434
2000,60,0,26,MLE_plugin,all,988,0.494,0.29608028117730084,0.07106537162857057,0.7813465994230566,2.219779906387906,0.37840577873526804,0.7064371426774164,0.0,1.070409915625,0.788,0.9175,0.976,2.0827939151580024,0.01764556685735108
2000,60,0,26,MLE_plugin,active,988,0.494,0.29608028117730084,0.07106537162857057,0.7813465994230566,2.219779906387906,0.3282853884171842,0.45525573418817417,0.2504118616144975,1.8942052884615386,0.6325910931174089,0.8582995951417004,0.9544534412955465,3.534922875750353,0.1008074481623292
2000,60,0,26,heuristic,all,988,0.494,0.29608028117730084,0.07106537162857057,0.7813465994230566,2.219779906387906,0.5521480167279179,0.8908622149389992,0.25345330122924853,2.1785,0.3045,0.3045,0.3045,0.0,0.4930380513089558
2000,60,0,26,heuristic,active,988,0.494,0.29608028117730084,0.07106537162857057,0.7813465994230566,2.219779906387906,0.325814218730199,0.44842121012566627,0.2504118616144975,2.6022267206477734,0.16497975708502025,0.16497975708502025,0.16497975708502025,0.0,0.4256514116328424
2000,60,0,52,MCMC,all,1027,0.5135,0.29608028117730084,0.07106537162857057,0.7813465994230566,2.219779906387906,0.3484379034340304,0.656544331810666,0.12909888974954814,1.9575760437499998,0.753,0.8995,0.974,3.7631186416896507,0.011832081199632527
2000,60,0,52,MCMC,active,1027,0.5135,0.29608028117730084,0.07106537162857057,0.7813465994230566,2.219779906387906,0.3041569842499355,0.42524819593208313,0.19887683965917893,3.34881974805258,0.578383641674781,0.8257059396299903,0.9542356377799416,6.243630550264687,0.10179056913458423
2000,60,0,52,MLE_plugin,all,1027,0.5135,0.29608028117730084,0.07106537162857057,0.7813465994230566,2.219779906387906,0.3493415956622773,0.6551689159917059,0.12909888974954814,1.9576629343749998,0.7465,0.8945,0.971,3.7533179132718315,0.010757445728377224
2000,60,0,52,MLE_plugin,active,1027,0.5135,0.29608028117730084,0.07106537162857057,0.7813465994230566,2.219779906387906,0.3048024786986832,0.42540665337330474,0.19887683965917893,3.3489287731256083,0.5686465433300877,0.8198636806231743,0.9474196689386563,6.231227266639672,0.09901486655545633
2000,60,0,52,heuristic,all,1027,0.5135,0.29608028117730084,0.07106537162857057,0.7813465994230566,2.219779906387906,0.5260134262845338,0.8575363991279833,0.2581977794990963,4.0745,0.2145,0.2145,0.2145,0.0,0.5636808177745756
2000,60,0,52,heuristic,active,1027,0.5135,0.29608028117730084,0.07106537162857057,0.7813465994230566,2.219779906387906,0.2998967208882004,0.42426090874569855,0.19887683965917893,4.523855890944499,0.09737098344693282,0.09737098344693282,0.09737098344693282,0.0,0.47030185004868547
2000,60,1,13,MCMC,all,717,0.3585,0.15292461393606874,0.04975612738360806,0.7416899547817555,1.7904473531036296,0.6514588859416446,1.2662275404296712,0.0,0.432417803125,0.842,0.944,0.983,0.8998464047526461,0.014698851836298377
2000,60,1,13,MCMC,active,717,0.3585,0.15292461393606874,0.04975612738360806,0.7416899547817555,1.7904473531036296,0.5045092838196287,0.6918398370356235,0.3803713527851459,0.9430145135983264,0.6569037656903766,0.8563458856345886,0.9525801952580195,1.5650508460532195,0.22582930347295538
2000,60,1,13,MLE_plugin,all,717,0.3585,0.15292461393606874,0.04975612738360806,0.7416899547817555,1.7904473531036296,0.649602122015915,1.2665053376600224,0.0,0.43198137187499996,0.8435,0.9415,0.9845,0.9022026348852951,0.0180614498043572
2000,60,1,13,MLE_plugin,active,717,0.3585,0.15292461393606874,0.04975612738360806,0.7416899547817555,1.7904473531036296,0.5021220159151194,0.6908547514680853,0.3803713527851459,0.938243619246862,0.6596931659693166,0.8479776847977685,0.9567642956764296,1.5692059633732627,0.21693028903119443
2000,60,1,13,heuristic,all,717,0.3585,0.15292461393606874,0.04975612738360806,0.7416899547817555,1.7904473531036296,0.8641909814323607,1.4125758043177028,1.0610079575596818,0.8145,0.497,0.497,0.497,0.0,0.3539359679539488
2000,60,1,13,heuristic,active,717,0.3585,0.15292461393606874,0.04975612738360806,0.7416899547817555,1.7904473531036296,0.456763925729443,0.629693920941323,0.3803713527851459,1.200836820083682,0.298465829846583,0.298465829846583,0.298465829846583,0.0,0.41562064156206413
2000,60,1,26,MCMC,all,846,0.423,0.15292461393606874,0.04975612738360806,0.7416899547817555,1.7904473531036296,0.544468546637744,1.0445071206974266,0.0,0.724489128125,0.8145,0.9195,0.979,1.4586183298302098,0.017200228299819764
2000,60,1,26,MCMC,active,846,0.423,0.15292461393606874,0.04975612738360806,0.7416899547817555,1.7904473531036296,0.44658351409978314,0.6222986048263517,0.22939262472885036,1.4116957003546096,0.6501182033096927,0.8416075650118203,0.9527186761229315,2.4284396283761622,0.15234093211202535
2000,60,1,26,MLE_plugin,all,846,0.423,0.15292461393606874,0.04975612738360806,0.7416899547817555,1.7904473531036296,0.5471800433839479,1.0476347627803253,0.0,0.72195344375,0.8135,0.922,0.9795,1.4601977587568653,0.01851426482197238
2000,60,1,26,MLE_plugin,active,846,0.423,0.15292461393606874,0.04975612738360806,0.7416899547817555,1.7904473531036296,0.4476681127982647,0.623347213048627,0.22939262472885036,1.4002211140661938,0.6513002364066194,0.8463356973995272,0.9527186761229315,2.4259702276445667,0.1498158982555082
2000,60,1,26,heuristic,all,846,0.423,0.15292461393606874,0.04975612738360806,0.7416899547817555,1.7904473531036296,0.7757592190889371,1.2324043545174732,0.5422993492407809,1.4305,0.3795,0.3795,0.3795,0.0,0.44793596795394885
2000,60,1,26,heuristic,active,846,0.423,0.15292461393606874,0.04975612738360806,0.7416899547817555,1.7904473531036296,0.4338394793926248,0.5892358813506292,0.22939262472885036,1.8912529550827424,0.18203309692671396,0.18203309692671396,0.18203309692671396,0.0,0.4100593153792135
2000,60,1,52,MCMC,all,916,0.458,0.15292461393606874,0.04975612738360806,0.7416899547817555,1.7904473531036296,0.518596787827557,0.9618931883038657,0.0,1.311738209375,0.7595,0.9005,0.9775,2.5432895847636017,0.014202148682499915
2000,60,1,52,MCMC,active,916,0.458,0.15292461393606874,0.04975612738360806,0.7416899547817555,1.7904473531036296,0.4365314173006481,0.5925006370075824,0.2581008734854889,2.4161626159934495,0.5502183406113537,0.8144104803493449,0.9519650655021834,4.087165034065521,0.12620257091661746
2000,60,1,52,MLE_plugin,all,916,0.458,0.15292461393606874,0.04975612738360806,0.7416899547817555,1.7904473531036296,0.518385460693153,0.9612894296746715,0.0,1.307023340625,0.757,0.902,0.979,2.5369106961201005,0.017333130309975964
2000,60,1,52,MLE_plugin,active,916,0.458,0.15292461393606874,0.04975612738360806,0.7416899547817555,1.7904473531036296,0.4339954916877994,0.5908874467485837,0.38715131022823335,2.393220871997817,0.5469432314410481,0.8209606986899564,0.9541484716157205,4.071017014472447,0.12847715065326792
2000,60,1,52,heuristic,all,916,0.458,0.15292461393606874,0.04975612738360806,0.7416899547817555,1.7904473531036296,0.7679628064243449,1.2147338262383758,0.5635390250774867,2.7255,0.2795,0.2795,0.2795,0.0,0.5254359679539489
2000,60,1,52,heuristic,active,916,0.458,0.15292461393606874,0.04975612738360806,0.7416899547817555,1.7904473531036296,0.4282896590588899,0.5884555074270551,0.38715131022823335,3.3187772925764194,0.10589519650655022,0.10589519650655022,0.10589519650655022,0.0,0.4672489082969432
2000,60,2,13,MCMC,all,328,0.164,0.1273546640885925,0.1848310975349357,0.884431859324889,1.5021847619128008,0.6754057428214731,1.962473751232871,0.0,0.19411004375,0.927,0.9665,0.9885,0.4657416347711763,0.02581899949774824
2000,60,2,13,MCMC,active,328,0.164,0.1273546640885925,0.1848310975349357,0.884431859324889,1.5021847619128008,0.5780274656679152,0.7612287249245746,0.4094881398252185,0.9886705030487803,0.5884146341463414,0.7957317073170732,0.9298780487804879,1.4133615582464023,0.3140452047963208
2000,60,2,13,MLE_plugin,all,328,0.164,0.1273546640885925,0.1848310975349357,0.884431859324889,1.5021847619128008,0.6735330836454432,1.9499249449207134,0.0,0.19527873125000003,0.9285,0.9655,0.987,0.46376528878688034,0.028131213852758574
2000,60,2,13,MLE_plugin,active,328,0.164,0.1273546640885925,0.1848310975349357,0.884431859324889,1.5021847619128008,0.5742821473158551,0.7554987836710328,0.4094881398252185,0.9918060785060976,0.6036585365853658,0.7896341463414634,0.9207317073170732,1.4130120442281067,0.32294473547726643
2000,60,2,13,heuristic,all,328,0.164,0.1273546640885925,0.1848310975349357,0.884431859324889,1.5021847619128008,1.0711610486891385,2.3155102360788273,0.0,0.429,0.7095,0.7095,0.7095,0.0,0.21433045868916653
2000,60,2,13,heuristic,active,328,0.164,0.1273546640885925,0.1848310975349357,0.884431859324889,1.5021847619128008,0.4606741573033708,0.6359055970360362,0.4094881398252185,1.125,0.2896341463414634,0.2896341463414634,0.2896341463414634,0.0,0.48261173642945987
2000,60,2,26,MCMC,all,393,0.1965,0.1273546640885925,0.1848310975349357,0.884431859324889,1.5021847619128008,0.6239973262032086,1.7641867450634519,0.0,0.33919799375,0.907,0.9565,0.981,0.7598746216673196,0.02227365127583697
2000,60,2,26,MCMC,active,393,0.1965,0.1273546640885925,0.1848310975349357,0.884431859324889,1.5021847619128008,0.5367647058823529,0.7473299400574306,0.3940508021390374,1.4737190521628498,0.5877862595419847,0.7862595419847328,0.9033078880407125,2.171635681607598,0.24431416215173504
2000,60,2,26,MLE_plugin,all,393,0.1965,0.1273546640885925,0.1848310975349357,0.884431859324889,1.5021847619128008,0.6156417112299466,1.7565084683784644,0.0,0.336451509375,0.908,0.9575,0.9795,0.7560437879638536,0.02710630796283059
2000,60,2,26,MLE_plugin,active,393,0.1965,0.1273546640885925,0.1848310975349357,0.884431859324889,1.5021847619128008,0.5317513368983957,0.7453005470723003,0.2627005347593583,1.4576336195928752,0.5826972010178118,0.7913486005089059,0.8956743002544529,2.1644821604530584,0.2560765357586053
2000,60,2,26,heuristic,all,393,0.1965,0.1273546640885925,0.1848310975349357,0.884431859324889,1.5021847619128008,1.1129679144385027,2.248812524046652,0.0,0.8325,0.5935,0.5935,0.5935,0.0,0.3206262029644973
2000,60,2,26,heuristic,active,393,0.1965,0.1273546640885925,0.1848310975349357,0.884431859324889,1.5021847619128008,0.46524064171123,0.6505387980647034,0.2627005347593583,1.7709923664122138,0.1984732824427481,0.1984732824427481,0.1984732824427481,0.0,0.4416815049991273
2000,60,2,52,MCMC,all,434,0.217,0.1273546640885925,0.1848310975349357,0.884431859324889,1.5021847619128008,0.6070644216691069,1.642726300346242,0.0,0.60413860625,0.884,0.9475,0.976,1.3158875433825103,0.018662556600779756
2000,60,2,52,MCMC,active,434,0.217,0.1273546640885925,0.1848310975349357,0.884431859324889,1.5021847619128008,0.5292825768667643,0.7279188072688844,0.3177159590043924,2.415179622695852,0.5253456221198156,0.771889400921659,0.8894009216589862,3.6385515748665296,0.20698097657642317
2000,60,2,52,MLE_plugin,all,434,0.217,0.1273546640885925,0.1848310975349357,0.884431859324889,1.5021847619128008,0.6006588579795021,1.626888622623981,0.0,0.6035761937499999,0.8855,0.9475,0.978,1.310688649714092,0.021544919296809073
2000,60,2,52,MLE_plugin,active,434,0.217,0.1273546640885925,0.1848310975349357,0.884431859324889,1.5021847619128008,0.5234260614934114,0.7220639223148141,0.3177159590043924,2.410156696428572,0.532258064516129,0.7764976958525346,0.8986175115207373,3.6329605355338055,0.211643596619142
2000,60,2,52,heuristic,all,434,0.217,0.1273546640885925,0.1848310975349357,0.884431859324889,1.5021847619128008,1.2038799414348462,2.3568040651391473,0.7320644216691068,1.6445,0.4785,0.4785,0.4785,0.0,0.431
2000,60,2,52,heuristic,active,434,0.217,0.1273546640885925,0.1848310975349357,0.884431859324889,1.5021847619128008,0.49963396778916547,0.7071941241075026,0.3177159590043924,3.1451612903225805,0.12211981566820276,0.12211981566820276,0.12211981566820276,0.0,0.4608294930875576
2000,60,3,13,MCMC,all,251,0.1255,0.04920796982665622,0.10013476495202502,1.6471513255039631,1.8288618742053322,0.7426614481409002,2.5141249860283534,0.0,0.14431845625,0.936,0.9705,0.984,0.388622380510623,0.024016830971175906
2000,60,3,13,MCMC,active,251,0.1255,0.04920796982665622,0.10013476495202502,1.6471513255039631,1.8288618742053322,0.6095890410958904,0.8198458414767683,0.49119373776908026,0.9129440488047809,0.5258964143426295,0.7729083665338645,0.8804780876494024,1.148602501455907,0.35690655254338693
2000,60,3,13,MLE_plugin,all,251,0.1255,0.04920796982665622,0.10013476495202502,1.6471513255039631,1.8288618742053322,0.7279843444227005,2.5068791044853036,0.0,0.14428255,0.935,0.9705,0.9845,0.388531830204498,0.025460052658009436
2000,60,3,13,MLE_plugin,active,251,0.1255,0.04920796982665622,0.10013476495202502,1.6471513255039631,1.8288618742053322,0.6037181996086106,0.8268507036235122,0.49119373776908026,0.9196226344621513,0.5179282868525896,0.7729083665338645,0.8764940239043825,1.1407186567983103,0.3560504222765687
2000,60,3,13,heuristic,all,251,0.1255,0.04920796982665622,0.10013476495202502,1.6471513255039631,1.8288618742053322,1.0195694716242663,2.8237059076990616,0.0,0.2605,0.812,0.812,0.812,0.0,0.12188909709635143
2000,60,3,13,heuristic,active,251,0.1255,0.04920796982665622,0.10013476495202502,1.6471513255039631,1.8288618742053322,0.5166340508806262,0.7110642310220745,0.49119373776908026,1.051792828685259,0.2749003984063745,0.2749003984063745,0.2749003984063745,0.0,0.5258964143426295
2000,60,3,26,MCMC,all,336,0.168,0.04920796982665622,0.10013476495202502,1.6471513255039631,1.8288618742053322,0.6481670061099796,1.9839147672114847,0.0,0.238447228125,0.9185,0.9525,0.985,0.6148442065287102,0.019305222621704532
2000,60,3,26,MCMC,active,336,0.168,0.04920796982665622,0.10013476495202502,1.6471513255039631,1.8288618742053322,0.5478615071283096,0.7767287827866837,0.3421588594704684,1.1842110863095239,0.5714285714285714,0.7172619047619048,0.9107142857142857,1.6766493896421908,0.2915201946647186
2000,60,3,26,MLE_plugin,all,336,0.168,0.04920796982665622,0.10013476495202502,1.6471513255039631,1.8288618742053322,0.655295315682281,2.0016077343833167,0.0,0.23946930937499997,0.917,0.9535,0.9835,0.611849145934303,0.01931868102859091
2000,60,3,26,MLE_plugin,active,336,0.168,0.04920796982665622,0.10013476495202502,1.6471513255039631,1.8288618742053322,0.5651731160896131,0.7880847436302001,0.3421588594704684,1.1980701822916666,0.5654761904761905,0.7232142857142857,0.9017857142857143,1.6582235744323923,0.3057651253307389
2000,60,3,26,heuristic,all,336,0.168,0.04920796982665622,0.10013476495202502,1.6471513255039631,1.8288618742053322,0.9674134419551934,2.4835562006548213,0.0,0.475,0.7345,0.7345,0.7345,0.0,0.18788909709635143
2000,60,3,26,heuristic,active,336,0.168,0.04920796982665622,0.10013476495202502,1.6471513255039631,1.8288618742053322,0.4989816700610998,0.7339439513812956,0.3421588594704684,1.4583333333333333,0.25892857142857145,0.25892857142857145,0.25892857142857145,0.0,0.46183222221094544
2000,60,3,52,MCMC,all,416,0.208,0.04920796982665622,0.10013476495202502,1.6471513255039631,1.8288618742053322,0.5687858259510161,1.688451738359638,0.0,0.4103166562499999,0.893,0.94,0.982,1.0366159713634528,0.01978352561557306
2000,60,3,52,MCMC,active,416,0.208,0.04920796982665622,0.10013476495202502,1.6471513255039631,1.8288618742053322,0.489577905158937,0.7391771118076113,0.21677957269411152,1.6765506760817306,0.5456730769230769,0.7163461538461539,0.9134615384615384,2.6035098673499157,0.27524098960524124
2000,60,3,52,MLE_plugin,all,416,0.208,0.04920796982665622,0.10013476495202502,1.6471513255039631,1.8288618742053322,0.5648775403856175,1.688813562372869,0.0,0.41093681249999997,0.894,0.94,0.9825,1.0284681713956503,0.018915940688347344
2000,60,3,52,MLE_plugin,active,416,0.208,0.04920796982665622,0.10013476495202502,1.6471513255039631,1.8288618742053322,0.4934861907243355,0.7420560802326451,0.21677957269411152,1.6913393028846155,0.5432692307692307,0.7139423076923077,0.9158653846153846,2.5933929060544703,0.2768311229822661
2000,60,3,52,heuristic,all,416,0.208,0.04920796982665622,0.10013476495202502,1.6471513255039631,1.8288618742053322,0.9062011464304326,2.2484929916454455,0.0,0.8695,0.6505,0.6505,0.6505,0.0,0.25388909709635143
2000,60,3,52,heuristic,active,416,0.208,0.04920796982665622,0.10013476495202502,1.6471513255039631,1.8288618742053322,0.4632621156852528,0.6855995888546952,0.21677957269411152,2.137019230769231,0.16826923076923078,0.16826923076923078,0.16826923076923078,0.0,0.4591346153846154
2000,60,4,13,MCMC,all,11,0.0055,0.14735961646557075,0.19874216911304218,1.7122380975139093,0.5484243410607395,0.4693877551020408,8.512919842699677,0.0,0.009880040625,0.9975,0.998,1.0,0.03212147484918539,0.017535710226918577
2000,60,4,13,MLE_plugin,all,11,0.0055,0.14735961646557075,0.19874216911304218,1.7122380975139093,0.5484243410607395,0.4897959183673469,8.942409102125161,0.0,0.010085909375,0.997,0.998,0.9995,0.029828072564972965,0.018035710226918522
2000,60,4,13,heuristic,all,11,0.0055,0.14735961646557075,0.19874216911304218,1.7122380975139093,0.5484243410607395,8.714285714285714,29.8406150635661,0.0,0.2135,0.8655,0.8655,0.8655,0.0,0.13261560698691277
2000,60,4,26,MCMC,all,12,0.006,0.14735961646557075,0.19874216911304218,1.7122380975139093,0.5484243410607395,0.5764705882352941,9.24858541507461,0.0,0.016501103125,0.997,0.998,1.0,0.05361054798787162,0.018035710226918522
2000,60,4,26,MLE_plugin,all,12,0.006,0.14735961646557075,0.19874216911304218,1.7122380975139093,0.5484243410607395,0.5882352941176471,9.78665145556961,0.0,0.016400468749999998,0.997,0.9985,1.0,0.049275670823313564,0.01953571022691858
2000,60,4,26,heuristic,all,12,0.006,0.14735961646557075,0.19874216911304218,1.7122380975139093,0.5484243410607395,10.705882352941176,32.721959654009346,0.0,0.455,0.782,0.782,0.782,0.0,0.21711560698691276
2000,60,4,52,MCMC,all,12,0.006,0.14735961646557075,0.19874216911304218,1.7122380975139093,0.5484243410607395,0.7565789473684211,16.526127219842724,0.0,0.03559758125,0.9965,0.998,1.0,0.08448805905444345,0.019035710226918523
2000,60,4,52,MLE_plugin,all,12,0.006,0.14735961646557075,0.19874216911304218,1.7122380975139093,0.5484243410607395,0.7598684210526316,16.123790727487837,0.0,0.035560787499999996,0.996,0.998,1.0,0.07710673120887836,0.019035710226918523
2000,60,4,52,heuristic,all,12,0.006,0.14735961646557075,0.19874216911304218,1.7122380975139093,0.5484243410607395,12.743421052631579,36.9722794263943,0.0,0.9685,0.698,0.698,0.698,0.0,0.30161560698691275
2000,60,5,13,MCMC,all,5,0.0025,0.04266668995361054,0.13818486551057096,2.2530236573068336,0.5039738055446876,1.15,26.1725046566048,0.0,0.0035003593749999996,0.999,0.9995,0.9995,0.02488604580989517,0.01895738832918603
2000,60,5,13,MLE_plugin,all,5,0.0025,0.04266668995361054,0.13818486551057096,2.2530236573068336,0.5039738055446876,1.2,26.832815729997478,0.0,0.0036429718750000005,0.998,0.9995,0.9995,0.019334693832135416,0.018175587903188295
2000,60,5,13,heuristic,all,5,0.0025,0.04266668995361054,0.13818486551057096,2.2530236573068336,0.5039738055446876,14.499999999999998,73.62064927722385,0.0,0.0725,0.946,0.946,0.946,0.0,0.05359307110601947
2000,60,5,26,MCMC,all,6,0.003,0.04266668995361054,0.13818486551057096,2.2530236573068336,0.5039738055446876,1.1176470588235292,27.964386644716967,0.0,0.005412893750000001,0.9985,0.9995,0.9995,0.03991140064195593,0.019175587903188296
2000,60,5,26,MLE_plugin,all,6,0.003,0.04266668995361054,0.13818486551057096,2.2530236573068336,0.5039738055446876,1.0588235294117645,28.08785032073723,0.0,0.005615284375000001,0.998,0.9995,0.9995,0.029488730261884002,0.01796303347551287
2000,60,5,26,heuristic,all,6,0.003,0.04266668995361054,0.13818486551057096,2.2530236573068336,0.5039738055446876,20.941176470588232,86.29233327478705,0.0,0.178,0.893,0.893,0.893,0.0,0.10659307110601947
2000,60,5,52,MCMC,all,6,0.003,0.04266668995361054,0.13818486551057096,2.2530236573068336,0.5039738055446876,1.2105263157894737,26.7335265246322,0.0,0.006872496874999999,0.9985,0.9995,0.9995,0.056683172326097604,0.019334165686797133
2000,60,5,52,MLE_plugin,all,6,0.003,0.04266668995361054,0.13818486551057096,2.2530236573068336,0.5039738055446876,1.0526315789473684,26.83694480838308,0.0,0.006668406249999998,0.998,0.9995,0.9995,0.04161949007114886,0.018290433513353577
2000,60,5,52,heuristic,all,6,0.003,0.04266668995361054,0.13818486551057096,2.2530236573068336,0.5039738055446876,39.8421052631579,158.7520584637629,0.0,0.3785,0.85,0.85,0.85,0.0,0.15009307110601947
2000,60,6,13,MCMC,all,109,0.0545,0.048077970761212015,0.044133894151144555,1.5019430207237254,0.5194857114206373,0.8217821782178217,4.177232298956235,0.0,0.06379621875,0.9685,0.9845,0.9905,0.2335132457563435,0.016639471402223327
2000,60,6,13,MCMC,active,109,0.0545,0.048077970761212015,0.044133894151144555,1.5019430207237254,0.5194857114206373,0.712871287128713,0.9070625525658242,0.5396039603960396,0.9489884174311928,0.45871559633027525,0.7247706422018348,0.8256880733944955,1.0268506789097498,0.458559251667897
2000,60,6,13,MLE_plugin,all,109,0.0545,0.048077970761212015,0.044133894151144555,1.5019430207237254,0.5194857114206373,0.8019801980198019,4.141881319475622,0.0,0.063718415625,0.9695,0.9835,0.99,0.2334595666677453,0.014814235288872213
2000,60,6,13,MLE_plugin,active,109,0.0545,0.048077970761212015,0.044133894151144555,1.5019430207237254,0.5194857114206373,0.6930693069306931,0.8922160091148837,0.5396039603960396,0.9457314220183488,0.47706422018348627,0.7064220183486238,0.8165137614678899,1.0317928112095227,0.44679206543837996
2000,60,6,13,heuristic,all,109,0.0545,0.048077970761212015,0.044133894151144555,1.5019430207237254,0.5194857114206373,2.2227722772277225,6.366729273573376,0.0,0.2245,0.833,0.833,0.833,0.0,0.14149046251923372
2000,60,6,13,heuristic,active,109,0.0545,0.048077970761212015,0.044133894151144555,1.5019430207237254,0.5194857114206373,0.5445544554455445,0.7418147931489201,0.5396039603960396,1.0091743119266054,0.27522935779816515,0.27522935779816515,0.27522935779816515,0.0,0.5412844036697247
2000,60,6,26,MCMC,all,131,0.0655,0.048077970761212015,0.044133894151144555,1.5019430207237254,0.5194857114206373,0.8302469135802469,4.007594527933192,0.0,0.102620259375,0.964,0.9795,0.9895,0.3597338318307996,0.008730769549009254
2000,60,6,26,MCMC,active,131,0.0655,0.048077970761212015,0.044133894151144555,1.5019430207237254,0.5194857114206373,0.6944444444444444,0.9123333583090296,0.40432098765432095,1.251754246183206,0.48091603053435117,0.6946564885496184,0.8396946564885496,1.5359550499454135,0.3815690874875031
2000,60,6,26,MLE_plugin,all,131,0.0655,0.048077970761212015,0.044133894151144555,1.5019430207237254,0.5194857114206373,0.8179012345679012,3.972978766674327,0.0,0.101273315625,0.964,0.98,0.9905,0.36548036888083313,0.011061018997902766
2000,60,6,26,MLE_plugin,active,131,0.0655,0.048077970761212015,0.044133894151144555,1.5019430207237254,0.5194857114206373,0.6882716049382716,0.9051238377775459,0.40432098765432095,1.2255892652671756,0.48091603053435117,0.7022900763358778,0.8549618320610687,1.5547050808191927,0.3728911810292426
2000,60,6,26,heuristic,all,131,0.0655,0.048077970761212015,0.044133894151144555,1.5019430207237254,0.5194857114206373,2.901234567901234,7.327241099122924,0.0,0.47,0.731,0.731,0.731,0.0,0.24371209416844303
2000,60,6,26,heuristic,active,131,0.0655,0.048077970761212015,0.044133894151144555,1.5019430207237254,0.5194857114206373,0.5895061728395062,0.8261983071499163,0.40432098765432095,1.4580152671755726,0.21374045801526717,0.21374045801526717,0.21374045801526717,0.0,0.41984732824427484
2000,60,6,52,MCMC,all,145,0.0725,0.048077970761212015,0.044133894151144555,1.5019430207237254,0.5194857114206373,0.8717171717171717,3.9780542762657003,0.0,0.162684296875,0.955,0.976,0.9885,0.5661390171972286,0.011384272794389388
2000,60,6,52,MCMC,active,145,0.0725,0.048077970761212015,0.044133894151144555,1.5019430207237254,0.5194857114206373,0.7444444444444445,0.9604329151755455,0.5858585858585859,1.8147262931034482,0.4068965517241379,0.6758620689655173,0.8413793103448276,2.4298579525030255,0.38049226846376416
2000,60,6,52,MLE_plugin,all,145,0.0725,0.048077970761212015,0.044133894151144555,1.5019430207237254,0.5194857114206373,0.8868686868686869,3.9412065242057794,0.0,0.16263755,0.958,0.9755,0.9865,0.5796262795854771,0.013512050581175383
2000,60,6,52,MLE_plugin,active,145,0.0725,0.048077970761212015,0.044133894151144555,1.5019430207237254,0.5194857114206373,0.7424242424242424,0.9458424266932879,0.5858585858585859,1.784396422413793,0.4482758620689655,0.6689655172413793,0.8137931034482758,2.439730009550238,0.37875645947727105
2000,60,6,52,heuristic,all,145,0.0725,0.048077970761212015,0.044133894151144555,1.5019430207237254,0.5194857114206373,3.9838383838383837,9.702860163767,0.0,0.986,0.635,0.635,0.635,0.0,0.340712094168443
2000,60,6,52,heuristic,active,145,0.0725,0.048077970761212015,0.044133894151144555,1.5019430207237254,0.5194857114206373,0.7818181818181817,1.235391114173598,0.29292929292929293,2.668965517241379,0.21379310344827587,0.21379310344827587,0.21379310344827587,0.0,0.42758620689655175
2000,60,7,13,MCMC,all,624,0.312,0.09719904205929507,0.15565458874911264,0.5742240356791788,2.2275263290130596,0.776879547291835,1.5533207598351428,0.0,0.33874573124999996,0.864,0.9385,0.983,0.6976862884930181,0.01588788566526489
2000,60,7,13,MCMC,active,624,0.312,0.09719904205929507,0.15565458874911264,0.5742240356791788,2.2275263290130596,0.5881164106709781,0.7917623496326135,0.5044462409054163,0.8398335136217947,0.6201923076923077,0.8076923076923077,0.9455128205128205,1.1641538574343204,0.32200006720865104
2000,60,7,13,MLE_plugin,all,624,0.312,0.09719904205929507,0.15565458874911264,0.5742240356791788,2.2275263290130596,0.7752627324171382,1.5507943486864089,0.0,0.33920047812500004,0.8645,0.9405,0.982,0.6969123090983201,0.014612504009934968
2000,60,7,13,MLE_plugin,active,624,0.312,0.09719904205929507,0.15565458874911264,0.5742240356791788,2.2275263290130596,0.5836701697655619,0.7882134193976362,0.5044462409054163,0.8350152343749999,0.6217948717948718,0.8157051282051282,0.9423076923076923,1.1708304506355585,0.31796671244323194
2000,60,7,13,heuristic,all,624,0.312,0.09719904205929507,0.15565458874911264,0.5742240356791788,2.2275263290130596,0.9037995149555376,1.5989310027584303,0.0,0.559,0.599,0.599,0.599,0.0,0.2435
2000,60,7,13,heuristic,active,624,0.312,0.09719904205929507,0.15565458874911264,0.5742240356791788,2.2275263290130596,0.5084882780921585,0.692804702157825,0.5044462409054163,1.0080128205128205,0.32211538461538464,0.32211538461538464,0.32211538461538464,0.0,0.5032051282051282
2000,60,7,26,MCMC,all,785,0.3925,0.09719904205929507,0.15565458874911264,0.5742240356791788,2.2275263290130596,0.6382752761257434,1.2260353936985644,0.0,0.54208223125,0.8215,0.9275,0.9785,1.1019947373658634,0.016172110618617674
2000,60,7,26,MCMC,active,785,0.3925,0.09719904205929507,0.15565458874911264,0.5742240356791788,2.2275263290130596,0.520390824129142,0.7088075778803642,0.33347493627867464,1.1302175875796177,0.6343949044585987,0.8267515923566879,0.9464968152866242,1.780281267066027,0.2024584579811533
2000,60,7,26,MLE_plugin,all,785,0.3925,0.09719904205929507,0.15565458874911264,0.5742240356791788,2.2275263290130596,0.6435853865760407,1.227837171210869,0.0,0.542912915625,0.8235,0.925,0.9765,1.1001728791766912,0.015961766559961954
2000,60,7,26,MLE_plugin,active,785,0.3925,0.09719904205929507,0.15565458874911264,0.5742240356791788,2.2275263290130596,0.5220900594732372,0.7096065721629259,0.33347493627867464,1.1273219665605094,0.6369426751592356,0.824203821656051,0.9414012738853503,1.7784115336069277,0.195767377991038
2000,60,7,26,heuristic,all,785,0.3925,0.09719904205929507,0.15565458874911264,0.5742240356791788,2.2275263290130596,0.7986406117247238,1.3244228774953182,0.8496176720475785,0.94,0.478,0.478,0.478,0.0,0.3445
2000,60,7,26,heuristic,active,785,0.3925,0.09719904205929507,0.15565458874911264,0.5742240356791788,2.2275263290130596,0.4923534409515718,0.6642895114452532,0.33347493627867464,1.4764331210191082,0.2267515923566879,0.2267515923566879,0.2267515923566879,0.0,0.45095541401273886
2000,60,7,52,MCMC,all,878,0.439,0.09719904205929507,0.15565458874911264,0.5742240356791788,2.2275263290130596,0.5718377635197067,1.0577711007187995,0.0,0.8927184281249999,0.79,0.92,0.978,1.8541361755413208,0.021539192074028213
2000,60,7,52,MCMC,active,878,0.439,0.09719904205929507,0.15565458874911264,0.5742240356791788,2.2275263290130596,0.4894592117323556,0.6502889528535853,0.4023831347387718,1.737618500854214,0.5990888382687927,0.8348519362186788,0.9510250569476082,2.9078896102811433,0.14049393193415327
2000,60,7,52,MLE_plugin,all,878,0.439,0.09719904205929507,0.15565458874911264,0.5742240356791788,2.2275263290130596,0.5680568285976169,1.049685980564784,0.0,0.8920030749999999,0.79,0.92,0.973,1.8486178691427844,0.022045026893808495
2000,60,7,52,MLE_plugin,active,878,0.439,0.09719904205929507,0.15565458874911264,0.5742240356791788,2.2275263290130596,0.4849908340971586,0.6440467752756347,0.4023831347387718,1.731784439066059,0.5979498861047836,0.837129840546697,0.9407744874715261,2.904715366614996,0.13821162997466674
2000,60,7,52,heuristic,all,878,0.439,0.09719904205929507,0.15565458874911264,0.5742240356791788,2.2275263290130596,0.7596241979835013,1.2393049755261192,0.4582951420714941,1.6575,0.384,0.384,0.384,0.0,0.4295
2000,60,7,52,heuristic,active,878,0.439,0.09719904205929507,0.15565458874911264,0.5742240356791788,2.2275263290130596,0.4924381301558204,0.6678639517810766,0.4023831347387718,2.447608200455581,0.1571753986332574,0.1571753986332574,0.1571753986332574,0.0,0.42369020501138954
2000,60,8,13,MCMC,all,779,0.3895,0.19460035581228943,0.05898321699375744,0.5873208973884216,1.788380259614196,0.5824878694309661,1.1174585391171947,0.0,0.4677196343749999,0.8405,0.9535,0.989,0.9699010490156874,0.01809061473719964
2000,60,8,13,MCMC,active,779,0.3895,0.19460035581228943,0.05898321699375744,0.5873208973884216,1.788380259614196,0.4642699602999558,0.6365565575940957,0.34362593736215263,0.9643415917843389,0.686777920410783,0.8947368421052632,0.9717586649550706,1.7457209068372919,0.19368436346489798
2000,60,8,13,MLE_plugin,all,779,0.3895,0.19460035581228943,0.05898321699375744,0.5873208973884216,1.788380259614196,0.588001764446405,1.1312599206560072,0.0,0.46938466875,0.8405,0.954,0.988,0.9721390754531614,0.016558420716258293
2000,60,8,13,MLE_plugin,active,779,0.3895,0.19460035581228943,0.05898321699375744,0.5873208973884216,1.788380259614196,0.4697838553153948,0.6445724311636135,0.34362593736215263,0.9686450978818998,0.6777920410783055,0.8960205391527599,0.9691912708600771,1.7484731199690766,0.1960193997288433
2000,60,8,13,heuristic,all,779,0.3895,0.19460035581228943,0.05898321699375744,0.5873208973884216,1.788380259614196,0.8266431407146009,1.3004939575855896,0.882223202470225,0.937,0.449,0.449,0.449,0.0,0.393
2000,60,8,13,heuristic,active,779,0.3895,0.19460035581228943,0.05898321699375744,0.5873208973884216,1.788380259614196,0.42611380679311867,0.5819139829700892,0.34362593736215263,1.2400513478819,0.28369704749679076,0.28369704749679076,0.28369704749679076,0.0,0.40436456996148906
2000,60,8,26,MCMC,all,871,0.4355,0.19460035581228943,0.05898321699375744,0.5873208973884216,1.788380259614196,0.505398854120758,0.9469260067119304,0.0,0.817210178125,0.804,0.9275,0.984,1.5926769586926035,0.020786322777471777
2000,60,8,26,MCMC,active,871,0.4355,0.19460035581228943,0.05898321699375744,0.5873208973884216,1.788380259614196,0.42739092111062144,0.5740110904398065,0.38386954605553103,1.5944578645235359,0.6211251435132032,0.8587830080367393,0.9632606199770379,2.77346448935068,0.1528630099193321
2000,60,8,26,MLE_plugin,all,871,0.4355,0.19460035581228943,0.05898321699375744,0.5873208973884216,1.788380259614196,0.504517408550022,0.9450780940555321,0.0,0.816862565625,0.8045,0.928,0.983,1.591885176181827,0.022321210198838592
2000,60,8,26,MLE_plugin,active,871,0.4355,0.19460035581228943,0.05898321699375744,0.5873208973884216,1.788380259614196,0.4275011018069634,0.5740571406360666,0.38386954605553103,1.5929577497129734,0.6245694603903559,0.8599311136624569,0.9621125143513203,2.7773203280906427,0.15715657093355762
2000,60,8,26,heuristic,all,871,0.4355,0.19460035581228943,0.05898321699375744,0.5873208973884216,1.788380259614196,0.749669457910974,1.1501091538739434,0.4407227853680035,1.701,0.3365,0.3365,0.3365,0.0,0.4885
2000,60,8,26,heuristic,active,871,0.4355,0.19460035581228943,0.05898321699375744,0.5873208973884216,1.788380259614196,0.39885412075804316,0.531774823455467,0.38386954605553103,2.0780711825487943,0.17795637198622274,0.17795637198622274,0.17795637198622274,0.0,0.42020665901262916
2000,60,8,52,MCMC,all,910,0.455,0.19460035581228943,0.05898321699375744,0.5873208973884216,1.788380259614196,0.4804272517321016,0.8842845742596396,0.0,1.4707388812499997,0.7645,0.9165,0.979,2.833673672867442,0.0233934694711741
2000,60,8,52,MCMC,active,910,0.455,0.19460035581228943,0.05898321699375744,0.5873208973884216,1.788380259614196,0.4098729792147806,0.5422501422154862,0.31524249422632794,2.776848853021978,0.5494505494505495,0.8428571428571429,0.954945054945055,4.846694515096865,0.13764250433623282
2000,60,8,52,MLE_plugin,all,910,0.455,0.19460035581228943,0.05898321699375744,0.5873208973884216,1.788380259614196,0.478406466512702,0.8828018206584461,0.0,1.4666459875,0.7705,0.921,0.98,2.8256547478420107,0.022186710010904775
2000,60,8,52,MLE_plugin,active,910,0.455,0.19460035581228943,0.05898321699375744,0.5873208973884216,1.788380259614196,0.4086027713625866,0.5416120162593033,0.31524249422632794,2.765935096153846,0.5615384615384615,0.8516483516483516,0.9571428571428572,4.832850562221748,0.1329496570028572
2000,60,8,52,heuristic,all,910,0.455,0.19460035581228943,0.05898321699375744,0.5873208973884216,1.788380259614196,0.7526558891454965,1.150314868123226,0.4618937644341801,3.259,0.225,0.225,0.225,0.0,0.577
2000,60,8,52,heuristic,active,910,0.455,0.19460035581228943,0.05898321699375744,0.5873208973884216,1.788380259614196,0.39076212471131644,0.524294440081189,0.31524249422632794,3.718681318681319,0.07802197802197802,0.07802197802197802,0.07802197802197802,0.0,0.4868131868131868
2000,60,9,13,MCMC,all,242,0.121,0.14598366108736596,0.03111949079070126,1.8585074878722947,0.67681643892548,0.611111111111111,2.4854043031911446,0.0,0.21348199062499998,0.9365,0.975,0.9885,0.48490936808935736,0.017213240481299574
2000,60,9,13,MCMC,active,242,0.121,0.14598366108736596,0.03111949079070126,1.8585074878722947,0.67681643892548,0.5230607966457023,0.7817746113606844,0.25366876310272535,1.4757174586776858,0.5413223140495868,0.8057851239669421,0.9049586776859504,2.1609376604150965,0.27679938613159877
2000,60,9,13,MLE_plugin,all,242,0.121,0.14598366108736596,0.03111949079070126,1.8585074878722947,0.67681643892548,0.6016771488469601,2.472328386184739,0.0,0.21262089062499998,0.9365,0.9745,0.989,0.4843322504392457,0.01754162061223047
2000,60,9,13,MLE_plugin,active,242,0.121,0.14598366108736596,0.03111949079070126,1.8585074878722947,0.67681643892548,0.5162473794549266,0.77763967479945,0.25366876310272535,1.4667241993801654,0.5413223140495868,0.8016528925619835,0.9090909090909091,2.147340225346128,0.27098290773015055
2000,60,9,13,heuristic,all,242,0.121,0.14598366108736596,0.03111949079070126,1.8585074878722947,0.67681643892548,1.508385744234801,3.885765583666178,0.0,0.7195,0.6885,0.6885,0.6885,0.0,0.2609085636310944
2000,60,9,13,heuristic,active,242,0.121,0.14598366108736596,0.03111949079070126,1.8585074878722947,0.67681643892548,0.4475890985324948,0.7352380890407901,0.25366876310272535,1.7644628099173554,0.256198347107438,0.256198347107438,0.256198347107438,0.0,0.4173553719008265
2000,60,9,26,MCMC,all,273,0.1365,0.14598366108736596,0.03111949079070126,1.8585074878722947,0.67681643892548,0.658930669800235,2.655445689471427,0.0,0.39664520312499996,0.9235,0.9655,0.9815,0.8201408300534306,0.01286225597078805
2000,60,9,26,MCMC,active,273,0.1365,0.14598366108736596,0.03111949079070126,1.8585074878722947,0.67681643892548,0.5710928319623971,0.8911124167559821,0.3207990599294947,2.473312797619047,0.4945054945054945,0.7582417582417582,0.8644688644688645,3.502973005169598,0.2728922458131148
2000,60,9,26,MLE_plugin,all,273,0.1365,0.14598366108736596,0.03111949079070126,1.8585074878722947,0.67681643892548,0.655111633372503,2.663137052650501,0.0,0.3989724,0.921,0.9645,0.983,0.8166705470776138,0.013614480181362243
2000,60,9,26,MLE_plugin,active,273,0.1365,0.14598366108736596,0.03111949079070126,1.8585074878722947,0.67681643892548,0.5625734430082256,0.8849172899666995,0.3207990599294947,2.4719687271062267,0.48717948717948717,0.7509157509157509,0.8754578754578755,3.4834984483498803,0.26553586978034793
2000,60,9,26,heuristic,all,273,0.1365,0.14598366108736596,0.03111949079070126,1.8585074878722947,0.67681643892548,1.7285546415981201,4.405875384244792,0.0,1.471,0.5925,0.5925,0.5925,0.0,0.353
2000,60,9,26,heuristic,active,273,0.1365,0.14598366108736596,0.03111949079070126,1.8585074878722947,0.67681643892548,0.5111633372502937,0.9268808854264294,0.3207990599294947,3.1868131868131866,0.20146520146520147,0.20146520146520147,0.20146520146520147,0.0,0.3992673992673993
2000,60,9,52,MCMC,all,291,0.1455,0.14598366108736596,0.03111949079070126,1.8585074878722947,0.67681643892548,0.7403425655976675,3.004637604482824,0.0,0.6938580812499999,0.916,0.96,0.985,1.4499433743610861,0.015195747154361228
2000,60,9,52,MCMC,active,291,0.1455,0.14598366108736596,0.03111949079070126,1.8585074878722947,0.67681643892548,0.6494169096209912,1.0593014413382436,0.3181486880466472,4.1137022336769755,0.4845360824742268,0.7353951890034365,0.8969072164948454,6.177400201256046,0.25606263678136093
2000,60,9,52,MLE_plugin,all,291,0.1455,0.14598366108736596,0.03111949079070126,1.8585074878722947,0.67681643892548,0.7474489795918368,3.0843264413566294,0.0,0.70181476875,0.9145,0.958,0.9855,1.4602707923120652,0.017181251388662333
2000,60,9,52,MLE_plugin,active,291,0.1455,0.14598366108736596,0.03111949079070126,1.8585074878722947,0.67681643892548,0.6483236151603498,1.0782138666442307,0.3181486880466472,4.125405863402062,0.4742268041237113,0.7250859106529209,0.9003436426116839,6.180999375810703,0.2545120365245135
2000,60,9,52,heuristic,all,291,0.1455,0.14598366108736596,0.03111949079070126,1.8585074878722947,0.67681643892548,2.2175655976676385,5.655455365052944,0.0,3.0425,0.506,0.506,0.506,0.0,0.444
2000,60,9,52,heuristic,active,291,0.1455,0.14598366108736596,0.03111949079070126,1.8585074878722947,0.67681643892548,0.6989795918367346,1.3180358877959564,0.3181486880466472,6.59106529209622,0.10309278350515463,0.10309278350515463,0.10309278350515463,0.0,0.5532646048109966
2000,60,10,13,MCMC,all,460,0.23,0.279773179418373,0.18822851108096145,1.8730592956473224,2.2721091011153605,0.3907296439901304,1.2028212353891952,0.0,0.3997292625,0.896,0.962,0.9865,0.8124802019783263,0.01357792638006275
2000,60,10,13,MCMC,active,460,0.23,0.279773179418373,0.18822851108096145,1.8730592956473224,2.2721091011153605,0.3320408882622488,0.5049918428694269,0.16214310891787098,1.459980788043478,0.6,0.8608695652173913,0.9456521739130435,2.5696189535567524,0.1388258429714851
2000,60,10,13,MLE_plugin,all,460,0.23,0.279773179418373,0.18822851108096145,1.8730592956473224,2.2721091011153605,0.3887909763835037,1.2032085301267939,0.0,0.39835666875,0.896,0.9615,0.9875,0.8089753178580568,0.012566546647919286
2000,60,10,13,MLE_plugin,active,460,0.23,0.279773179418373,0.18822851108096145,1.8730592956473224,2.2721091011153605,0.32974973563623544,0.5067853289618081,0.16214310891787098,1.4527932472826086,0.6021739130434782,0.8608695652173913,0.9521739130434783,2.565609653593801,0.13880359795718195
2000,60,10,13,heuristic,all,460,0.23,0.279773179418373,0.18822851108096145,1.8730592956473224,2.2721091011153605,0.6432851603806837,1.6464484323070099,0.0,0.9125,0.647,0.647,0.647,0.0,0.252
2000,60,10,13,heuristic,active,460,0.23,0.279773179418373,0.18822851108096145,1.8730592956473224,2.2721091011153605,0.3214663376806486,0.4983844012460477,0.16214310891787098,1.982608695652174,0.1956521739130435,0.1956521739130435,0.1956521739130435,0.0,0.43789046555780897
2000,60,10,26,MCMC,all,535,0.2675,0.279773179418373,0.18822851108096145,1.8730592956473224,2.2721091011153605,0.34212383136355623,1.0461082811190792,0.0,0.6958268687499999,0.877,0.941,0.9855,1.37603921161515,0.009251773996876267
2000,60,10,26,MCMC,active,535,0.2675,0.279773179418373,0.18822851108096145,1.8730592956473224,2.2721091011153605,0.294760980772623,0.46116823655980294,0.18874581054859763,2.223922908878505,0.5981308411214953,0.8018691588785046,0.9495327102803738,3.9973623621736407,0.14541683240597764
2000,60,10,26,MLE_plugin,all,535,0.2675,0.279773179418373,0.18822851108096145,1.8730592956473224,2.2721091011153605,0.3391250661492327,1.0474162328218108,0.0,0.6957755718749999,0.876,0.9425,0.984,1.3717283548286046,0.011838461851324089
2000,60,10,26,MLE_plugin,active,535,0.2675,0.279773179418373,0.18822851108096145,1.8730592956473224,2.2721091011153605,0.292115011465867,0.4600478418533572,0.18874581054859763,2.2266139018691593,0.5869158878504673,0.805607476635514,0.9457943925233645,3.9987382524328123,0.14311243056149509
2000,60,10,26,heuristic,all,535,0.2675,0.279773179418373,0.18822851108096145,1.8730592956473224,2.2721091011153605,0.590933145175516,1.5287506046266621,0.0,1.675,0.5755,0.5755,0.5755,0.0,0.3135
2000,60,10,26,heuristic,active,535,0.2675,0.279773179418373,0.18822851108096145,1.8730592956473224,2.2721091011153605,0.2824131240077615,0.45241260910162606,0.18874581054859763,2.992523364485981,0.18130841121495328,0.18130841121495328,0.18130841121495328,0.0,0.41308411214953267
2000,60,10,52,MCMC,all,600,0.3,0.279773179418373,0.18822851108096145,1.8730592956473224,2.2721091011153605,0.31047336746609183,0.9795264195920266,0.0,1.2511770437499998,0.844,0.9285,0.9825,2.563100463238643,0.012158552239022291
2000,60,10,52,MCMC,active,600,0.3,0.279773179418373,0.18822851108096145,1.8730592956473224,2.2721091011153605,0.26587622383903714,0.4423646074940627,0.16168148746968472,3.57196221875,0.5266666666666666,0.7833333333333333,0.9466666666666667,6.952067567547717,0.1525265219353713
2000,60,10,52,MLE_plugin,all,600,0.3,0.279773179418373,0.18822851108096145,1.8730592956473224,2.2721091011153605,0.3103386328932004,0.9833019017894524,0.0,1.252583065625,0.845,0.926,0.9825,2.547552738997866,0.013277715319839456
2000,60,10,52,MLE_plugin,active,600,0.3,0.279773179418373,0.18822851108096145,1.8730592956473224,2.2721091011153605,0.26569657774184857,0.441266182595388,0.16168148746968472,3.579566822916666,0.5316666666666666,0.7733333333333333,0.9466666666666667,6.929037525649181,0.15453203932155307
2000,60,10,52,heuristic,all,600,0.3,0.279773179418373,0.18822851108096145,1.8730592956473224,2.2721091011153605,0.5640887451720112,1.5071761539999706,0.1796460971885386,3.14,0.4985,0.4985,0.4985,0.0,0.3685
2000,60,10,52,heuristic,active,600,0.3,0.279773179418373,0.18822851108096145,1.8730592956473224,2.2721091011153605,0.25752268031977005,0.4409259661259701,0.16168148746968472,4.778333333333333,0.11166666666666666,0.11166666666666666,0.11166666666666666,0.0,0.445
2000,60,11,13,MCMC,all,112,0.056,0.20400203581586746,0.06692038541948624,1.4164721746379094,0.602751191940667,0.7426303854875284,4.270931565042486,0.0,0.11747543125000001,0.969,0.9855,0.995,0.2633091919898897,0.024908750846480032
2000,60,11,13,MCMC,active,112,0.056,0.20400203581586746,0.06692038541948624,1.4164721746379094,0.602751191940667,0.5873015873015873,0.8050876627826216,0.5079365079365079,1.6439040178571427,0.5089285714285714,0.7589285714285714,0.9196428571428571,2.220394737372582,0.32737570721043346
2000,60,11,13,MLE_plugin,all,112,0.056,0.20400203581586746,0.06692038541948624,1.4164721746379094,0.602751191940667,0.7392290249433107,4.323877165189307,0.0,0.117467653125,0.968,0.985,0.9955,0.2618256523558137,0.0233182684836718
2000,60,11,13,MLE_plugin,active,112,0.056,0.20400203581586746,0.06692038541948624,1.4164721746379094,0.602751191940667,0.5861678004535148,0.8284437048063421,0.5079365079365079,1.6522976004464287,0.49107142857142855,0.75,0.9196428571428571,2.223082088318411,0.334541231014121
2000,60,11,13,heuristic,all,112,0.056,0.20400203581586746,0.06692038541948624,1.4164721746379094,0.602751191940667,3.240362811791383,8.541863130084971,0.0,0.7145,0.6835,0.6835,0.6835,0.0,0.29715137515991996
2000,60,11,13,heuristic,active,112,0.056,0.20400203581586746,0.06692038541948624,1.4164721746379094,0.602751191940667,0.45351473922902497,0.7761332050895747,0.25396825396825395,1.7857142857142858,0.29464285714285715,0.29464285714285715,0.29464285714285715,0.0,0.3482142857142857
2000,60,11,26,MCMC,all,124,0.062,0.20400203581586746,0.06692038541948624,1.4164721746379094,0.602751191940667,0.7526881720430109,4.4066757527339036,0.0,0.19365656874999998,0.9655,0.984,0.9935,0.444050660610227,0.025597688191981605
2000,60,11,26,MCMC,active,124,0.062,0.20400203581586746,0.06692038541948624,1.4164721746379094,0.602751191940667,0.5880376344086021,0.8751919912255689,0.3333333333333333,2.449734173387097,0.5,0.7580645161290323,0.9032258064516129,3.6100253128814415,0.32937544083713344
2000,60,11,26,MLE_plugin,all,124,0.062,0.20400203581586746,0.06692038541948624,1.4164721746379094,0.602751191940667,0.7533602150537635,4.500079488256218,0.0,0.19585265312500003,0.965,0.983,0.9955,0.4454944397057756,0.025725446783522843
2000,60,11,26,MLE_plugin,active,124,0.062,0.20400203581586746,0.06692038541948624,1.4164721746379094,0.602751191940667,0.5880376344086021,0.8954972487845203,0.3333333333333333,2.4890665826612897,0.49193548387096775,0.7419354838709677,0.9274193548387096,3.62019538668839,0.32895781054565254
2000,60,11,26,heuristic,all,124,0.062,0.20400203581586746,0.06692038541948624,1.4164721746379094,0.602751191940667,3.9126344086021505,10.08995985423626,0.0,1.4555,0.578,0.578,0.578,0.0,0.40115137515992
2000,60,11,26,heuristic,active,124,0.062,0.20400203581586746,0.06692038541948624,1.4164721746379094,0.602751191940667,0.532258064516129,0.9508532293678574,0.3333333333333333,3.193548387096774,0.12903225806451613,0.12903225806451613,0.12903225806451613,0.0,0.532258064516129
2000,60,11,52,MCMC,all,132,0.066,0.20400203581586746,0.06692038541948624,1.4164721746379094,0.602751191940667,0.8339130434782609,4.725268918443352,0.0,0.32845670625,0.963,0.9825,0.9925,0.7487414645060904,0.025973204857662024
2000,60,11,52,MCMC,active,132,0.066,0.20400203581586746,0.06692038541948624,1.4164721746379094,0.602751191940667,0.6991304347826086,1.0747847192887676,0.3443478260869565,4.096666856060606,0.5,0.75,0.8939393939393939,6.140600079589187,0.30166649745537844
2000,60,11,52,MLE_plugin,all,132,0.066,0.20400203581586746,0.06692038541948624,1.4164721746379094,0.602751191940667,0.8373913043478262,4.684366469967176,0.0,0.32935353125,0.9635,0.984,0.9925,0.7514462453940923,0.025216954425215654
2000,60,11,52,MLE_plugin,active,132,0.066,0.20400203581586746,0.06692038541948624,1.4164721746379094,0.602751191940667,0.7104347826086956,1.0813811794175483,0.3443478260869565,4.138996543560607,0.5075757575757576,0.7727272727272727,0.8863636363636364,6.1465184822804035,0.3110588351887752
2000,60,11,52,heuristic,all,132,0.066,0.20400203581586746,0.06692038541948624,1.4164721746379094,0.602751191940667,5.283478260869566,13.34514914383041,1.7391304347826089,3.038,0.4795,0.4795,0.4795,0.0,0.5085217946889516
2000,60,11,52,heuristic,active,132,0.066,0.20400203581586746,0.06692038541948624,1.4164721746379094,0.602751191940667,0.8478260869565217,1.494880488486696,0.4591304347826087,7.386363636363637,0.08333333333333333,0.08333333333333333,0.08333333333333333,0.0,0.7348484848484849
2000,60,12,13,MCMC,all,328,0.164,0.1640624375645346,0.06878474243504072,0.6363331595946189,0.981173727388378,0.6979166666666666,2.1012903395544735,0.0,0.22870080625,0.925,0.9705,0.9885,0.5123732905175554,0.012200635915085689
2000,60,12,13,MCMC,active,328,0.164,0.1640624375645346,0.06878474243504072,0.6363331595946189,0.981173727388378,0.5723684210526316,0.7997744180262003,0.35964912280701755,1.1413909870426828,0.6189024390243902,0.8262195121951219,0.9298780487804879,1.6508082527184862,0.2729538609071811
2000,60,12,13,MLE_plugin,all,328,0.164,0.1640624375645346,0.06878474243504072,0.6363331595946189,0.981173727388378,0.7039473684210527,2.1408271687483826,0.0,0.227978234375,0.925,0.9705,0.9905,0.5144368893463355,0.012501012713759085
2000,60,12,13,MLE_plugin,active,328,0.164,0.1640624375645346,0.06878474243504072,0.6363331595946189,0.981173727388378,0.575109649122807,0.8131604378354981,0.35964912280701755,1.1323838414634149,0.6219512195121951,0.8262195121951219,0.9420731707317073,1.6566181222945262,0.2698096024727682
2000,60,12,13,heuristic,all,328,0.164,0.1640624375645346,0.06878474243504072,0.6363331595946189,0.981173727388378,1.4714912280701755,2.6849485856075734,0.0,0.671,0.578,0.578,0.578,0.0,0.3606944368079354
2000,60,12,13,heuristic,active,328,0.164,0.1640624375645346,0.06878474243504072,0.6363331595946189,0.981173727388378,0.4660087719298246,0.6801286812684978,0.35964912280701755,1.295731707317073,0.3170731707317073,0.3170731707317073,0.3170731707317073,0.0,0.3719512195121951
2000,60,12,26,MCMC,all,370,0.185,0.1640624375645346,0.06878474243504072,0.6363331595946189,0.981173727388378,0.6737804878048781,1.887882080730575,0.0,0.3881167625,0.9075,0.965,0.992,0.8558461249497769,0.008718159515915591
2000,60,12,26,MCMC,active,370,0.185,0.1640624375645346,0.06878474243504072,0.6363331595946189,0.981173727388378,0.575,0.7653945046635656,0.45121951219512196,1.7559749493243242,0.5702702702702702,0.8189189189189189,0.9567567567567568,2.6652222081386294,0.22074352705985528
2000,60,12,26,MLE_plugin,all,370,0.185,0.1640624375645346,0.06878474243504072,0.6363331595946189,0.981173727388378,0.6743902439024391,1.9131188659777272,0.0,0.3900457125,0.906,0.963,0.9905,0.8601192365968996,0.008107466782756423
2000,60,12,26,MLE_plugin,active,370,0.185,0.1640624375645346,0.06878474243504072,0.6363331595946189,0.981173727388378,0.5710365853658536,0.773417984817103,0.45121951219512196,1.7580489864864863,0.5621621621621622,0.8108108108108109,0.9486486486486486,2.672602014951698,0.22161032404326997
2000,60,12,26,heuristic,all,370,0.185,0.1640624375645346,0.06878474243504072,0.6363331595946189,0.981173727388378,1.6359756097560976,2.772479910522964,1.2195121951219512,1.3415,0.435,0.435,0.435,0.0,0.5016434009851132
2000,60,12,26,heuristic,active,370,0.185,0.1640624375645346,0.06878474243504072,0.6363331595946189,0.981173727388378,0.5201219512195122,0.7112197840342082,0.45121951219512196,2.3054054054054056,0.16486486486486487,0.16486486486486487,0.16486486486486487,0.0,0.4918918918918919
2000,60,12,52,MCMC,all,376,0.188,0.1640624375645346,0.06878474243504072,0.6363331595946189,0.981173727388378,0.7186234817813765,2.0079468349545295,0.0,0.7345772031250001,0.897,0.9615,0.986,1.5028302812430991,0.008931359495646496
2000,60,12,52,MCMC,active,376,0.188,0.1640624375645346,0.06878474243504072,0.6363331595946189,0.981173727388378,0.625506072874494,0.8300064171599377,0.5074224021592443,3.348438646941489,0.523936170212766,0.8085106382978723,0.925531914893617,4.7390822223336295,0.22096445801530595
2000,60,12,52,MLE_plugin,all,376,0.188,0.1640624375645346,0.06878474243504072,0.6363331595946189,0.981173727388378,0.7213225371120108,2.0127595501631923,0.0,0.7364944531250001,0.897,0.9595,0.987,1.507451075353584,0.008804558624018743
2000,60,12,52,MLE_plugin,active,376,0.188,0.1640624375645346,0.06878474243504072,0.6363331595946189,0.981173727388378,0.6253373819163293,0.8303995026535039,0.5074224021592443,3.3452018617021273,0.5319148936170213,0.7978723404255319,0.9308510638297872,4.758281552427594,0.2203950026823555
2000,60,12,52,heuristic,all,376,0.188,0.1640624375645346,0.06878474243504072,0.6363331595946189,0.981173727388378,1.841093117408907,3.0789866295771704,0.6747638326585695,2.7285,0.3125,0.3125,0.3125,0.0,0.6206434009851132
2000,60,12,52,heuristic,active,376,0.188,0.1640624375645346,0.06878474243504072,0.6363331595946189,0.981173727388378,0.5823211875843455,0.8145872402968244,0.44399460188933876,4.590425531914893,0.07712765957446809,0.07712765957446809,0.07712765957446809,0.0,0.5664893617021277
2000,60,13,13,MCMC,all,950,0.475,0.23097648577909205,0.044101940424952496,0.9466499935001707,2.3522147377068143,0.5021164021164021,0.9774407330407905,0.0,0.6700426281249999,0.8055,0.9255,0.984,1.2770107933204118,0.027056013575068927
2000,60,13,13,MCMC,active,950,0.475,0.23097648577909205,0.044101940424952496,0.9466499935001707,2.3522147377068143,0.42248677248677247,0.6308150993709299,0.25132275132275134,1.1827368815789472,0.6663157894736842,0.8705263157894737,0.9705263157894737,2.04129195605805,0.15229456716986056
2000,60,13,13,MLE_plugin,all,950,0.475,0.23097648577909205,0.044101940424952496,0.9466499935001707,2.3522147377068143,0.49947089947089945,0.9649377970983277,0.0,0.672522178125,0.8055,0.9265,0.9825,1.2738609221261068,0.025651164804398885
2000,60,13,13,MLE_plugin,active,950,0.475,0.23097648577909205,0.044101940424952496,0.9466499935001707,2.3522147377068143,0.41904761904761906,0.6218450788059816,0.25132275132275134,1.1828134736842104,0.6673684210526316,0.871578947368421,0.9663157894736842,2.037873099293615,0.14854834628781788
2000,60,13,13,heuristic,all,950,0.475,0.23097648577909205,0.044101940424952496,0.9466499935001707,2.3522147377068143,0.6121693121693123,1.0333050221388989,0.5291005291005292,1.157,0.4325,0.4325,0.4325,0.0,0.3709723161490239
2000,60,13,13,heuristic,active,950,0.475,0.23097648577909205,0.044101940424952496,0.9466499935001707,2.3522147377068143,0.39656084656084656,0.5923297555809626,0.25132275132275134,1.5778947368421052,0.26526315789473687,0.26526315789473687,0.26526315789473687,0.0,0.41368421052631577
2000,60,13,26,MCMC,all,1067,0.5335,0.23097648577909205,0.044101940424952496,0.9466499935001707,2.3522147377068143,0.43970390309555857,0.8275120363059777,0.2691790040376851,1.1499552562499997,0.745,0.904,0.9785,2.080053492778389,0.016836445336193273
2000,60,13,26,MCMC,active,1067,0.5335,0.23097648577909205,0.044101940424952496,0.9466499935001707,2.3522147377068143,0.379878869448183,0.5616900258733712,0.28721399730820996,1.8591718955014056,0.5895032802249297,0.8425492033739457,0.9671977507029054,3.1605469908941455,0.10831215702393149
2000,60,13,26,MLE_plugin,all,1067,0.5335,0.23097648577909205,0.044101940424952496,0.9466499935001707,2.3522147377068143,0.4411170928667564,0.8136210916788659,0.2691790040376851,1.151665534375,0.738,0.902,0.9795,2.0740768114538786,0.02053505631470065
2000,60,13,26,MLE_plugin,active,1067,0.5335,0.23097648577909205,0.044101940424952496,0.9466499935001707,2.3522147377068143,0.37866756393001344,0.5493912932508923,0.28721399730820996,1.857181900187441,0.5773195876288659,0.8434864104967198,0.9690721649484536,3.1523907082902882,0.1140131204098005
2000,60,13,26,heuristic,all,1067,0.5335,0.23097648577909205,0.044101940424952496,0.9466499935001707,2.3522147377068143,0.5563930013458951,0.9128701023724545,0.2691790040376851,2.067,0.311,0.311,0.311,0.0,0.45753440079185587
2000,60,13,26,heuristic,active,1067,0.5335,0.23097648577909205,0.044101940424952496,0.9466499935001707,2.3522147377068143,0.36608344549125166,0.537004354707042,0.28721399730820996,2.549203373945642,0.16213683223992503,0.16213683223992503,0.16213683223992503,0.0,0.4329896907216495
2000,60,13,52,MCMC,all,1121,0.5605,0.23097648577909205,0.044101940424952496,0.9466499935001707,2.3522147377068143,0.4054595278246206,0.7749299605745481,0.1405283867341203,2.0460352781249997,0.708,0.8915,0.972,3.679270757634705,0.029270514050097507
2000,60,13,52,MCMC,active,1121,0.5605,0.23097648577909205,0.044101940424952496,0.9466499935001707,2.3522147377068143,0.3489671163575042,0.5299861513205226,0.23629848229342326,3.1403418989741296,0.5530776092774309,0.8358608385370205,0.9625334522747547,5.45450930805524,0.0777102015855563
2000,60,13,52,MLE_plugin,all,1121,0.5605,0.23097648577909205,0.044101940424952496,0.9466499935001707,2.3522147377068143,0.4036677908937606,0.7552828847452501,0.1405283867341203,2.0474194093749998,0.709,0.886,0.9715,3.654794649935415,0.03179839488526959
2000,60,13,52,MLE_plugin,active,1121,0.5605,0.23097648577909205,0.044101940424952496,0.9466499935001707,2.3522147377068143,0.34678892636312536,0.5140217429941059,0.23629848229342326,3.1328759310883134,0.5495093666369313,0.8305084745762712,0.9607493309545049,5.421375064294267,0.07740243177965811
2000,60,13,52,heuristic,all,1121,0.5605,0.23097648577909205,0.044101940424952496,0.9466499935001707,2.3522147377068143,0.5328133783024172,0.8834363723823199,0.2810567734682406,3.7915,0.239,0.239,0.239,0.0,0.5240344007918558
2000,60,13,52,heuristic,active,1121,0.5605,0.23097648577909205,0.044101940424952496,0.9466499935001707,2.3522147377068143,0.34218662169758296,0.5141145994558497,0.23629848229342326,4.344335414808207,0.11329170383586083,0.11329170383586083,0.11329170383586083,0.0,0.463871543264942
2000,60,14,13,MCMC,all,375,0.1875,0.1876013060313933,0.110284936544699,2.1821477071099125,2.1638792395552824,0.37416331994645247,1.2246943482028967,0.0,0.30473389687499997,0.9215,0.9635,0.9865,0.6628967143380528,0.020451641755355715
2000,60,14,13,MCMC,active,375,0.1875,0.1876013060313933,0.110284936544699,2.1821477071099125,2.1638792395552824,0.3458277554663097,0.5221312583201176,0.16733601070950468,1.4826552000000002,0.6106666666666667,0.808,0.928,2.4772687025942304,0.195061934995943
2000,60,14,13,MLE_plugin,all,375,0.1875,0.1876013060313933,0.110284936544699,2.1821477071099125,2.1638792395552824,0.39870593485051314,1.3418451542842387,0.0,0.32359906562499996,0.9165,0.957,0.984,0.673131151695196,0.028753582736739725
2000,60,14,13,MLE_plugin,active,375,0.1875,0.1876013060313933,0.110284936544699,2.1821477071099125,2.1638792395552824,0.3857652833556448,0.5783954948793849,0.16733601070950468,1.6538352333333333,0.5653333333333334,0.7706666666666667,0.9146666666666666,2.747156172644344,0.29629974613414134
2000,60,14,13,heuristic,all,375,0.1875,0.1876013060313933,0.110284936544699,2.1821477071099125,2.1638792395552824,0.6162427487728692,1.7350233102587431,0.0,0.6905,0.7205,0.7205,0.7205,0.0,0.1937976409950073
2000,60,14,13,heuristic,active,375,0.1875,0.1876013060313933,0.110284936544699,2.1821477071099125,2.1638792395552824,0.3288710397144132,0.5194069519618427,0.16733601070950468,1.9653333333333334,0.21066666666666667,0.21066666666666667,0.21066666666666667,0.0,0.46115919582728393
2000,60,14,26,MCMC,all,442,0.221,0.1876013060313933,0.110284936544699,2.1821477071099125,2.1638792395552824,0.32378551787351056,1.0860482912679725,0.0,0.515999721875,0.888,0.9535,0.9835,1.1217192798074722,0.02151833846263429
2000,60,14,26,MCMC,active,442,0.221,0.1876013060313933,0.110284936544699,2.1821477071099125,2.1638792395552824,0.30247479376718606,0.5033592431173888,0.20256645279560034,2.168405825791855,0.5271493212669683,0.7895927601809954,0.9253393665158371,3.822402897456254,0.18711155965504772
2000,60,14,26,MLE_plugin,all,442,0.221,0.1876013060313933,0.110284936544699,2.1821477071099125,2.1638792395552824,0.3733959670027498,1.2201005402375766,0.0,0.5985312718749999,0.8905,0.94,0.973,1.2081676756317938,0.049762995980453584
2000,60,14,26,MLE_plugin,active,442,0.221,0.1876013060313933,0.110284936544699,2.1821477071099125,2.1638792395552824,0.36869844179651695,0.5728836845028756,0.20256645279560034,2.6509298218325785,0.504524886877828,0.7285067873303167,0.8778280542986425,4.530710983866966,0.347847123644876
2000,60,14,26,heuristic,all,442,0.221,0.1876013060313933,0.110284936544699,2.1821477071099125,2.1638792395552824,0.5845554537121908,1.6953513666781335,0.0,1.2755,0.647,0.647,0.647,0.0,0.24729764099500728
2000,60,14,26,heuristic,active,442,0.221,0.1876013060313933,0.110284936544699,2.1821477071099125,2.1638792395552824,0.2976626947754354,0.5236082669272852,0.20256645279560034,2.9389140271493215,0.1493212669683258,0.1493212669683258,0.1493212669683258,0.0,0.4773755656108597
2000,60,14,52,MCMC,all,505,0.2525,0.1876013060313933,0.110284936544699,2.1821477071099125,2.1638792395552824,0.3138217081434747,1.1406696278618607,0.0,0.9873921437499998,0.8715,0.933,0.9805,2.0965965060292193,0.014407319710634081
2000,60,14,52,MCMC,active,505,0.2525,0.1876013060313933,0.110284936544699,2.1821477071099125,2.1638792395552824,0.29559527982240913,0.5663738442548449,0.11800443977100128,3.668012735148515,0.5188118811881188,0.7366336633663366,0.9227722772277228,6.624665427031921,0.20436680711743055
2000,60,14,52,MLE_plugin,all,505,0.2525,0.1876013060313933,0.110284936544699,2.1821477071099125,2.1638792395552824,0.4601588970674144,1.4540882545047407,0.0,1.3822324156249999,0.841,0.9105,0.957,2.2221914057113166,0.08776393027007123
2000,60,14,52,MLE_plugin,active,505,0.2525,0.1876013060313933,0.110284936544699,2.1821477071099125,2.1638792395552824,0.4578221754877906,0.7304438393037463,0.23600887954200256,5.416496930693069,0.3702970297029703,0.6455445544554456,0.8297029702970297,7.6916925965224845,0.4594922309442313
2000,60,14,52,heuristic,all,505,0.2525,0.1876013060313933,0.110284936544699,2.1821477071099125,2.1638792395552824,0.5769365580091133,1.7445312925317586,0.0,2.469,0.5805,0.5805,0.5805,0.0,0.3012976409950073
2000,60,14,52,heuristic,active,505,0.2525,0.1876013060313933,0.110284936544699,2.1821477071099125,2.1638792395552824,0.2877672625306694,0.5858657194559754,0.11800443977100128,4.877227722772277,0.12475247524752475,0.12475247524752475,0.12475247524752475,0.0,0.4673267326732673
