dataset,N,seed,method,cond,metric,value
Simulated,1500,0,BTYD,all,CRPS,0.3064115451388889
Simulated,1500,0,BTYD,all,pit_ks,0.031443148403762944
Simulated,1500,0,BTYD,all,cov95,0.9955555555555555
Simulated,1500,0,BTYD,all,cov50,0.9155555555555556
Simulated,1500,0,BTYD,all,nMAE,0.5333333333333333
Simulated,1500,0,BTYD,x>0,CRPS,0.5747346097103003
Simulated,1500,0,BTYD,x>0,pit_ks,0.05154406279590673
Simulated,1500,0,BTYD,x>0,cov95,0.9957081545064378
Simulated,1500,0,BTYD,x>0,cov50,0.8497854077253219
Simulated,1500,0,BTYD,x>0,nMAE,0.5280898876404494
Simulated,1500,0,PoissonGBM,all,CRPS,0.452499125
Simulated,1500,0,PoissonGBM,all,pit_ks,0.06994891423611577
Simulated,1500,0,PoissonGBM,all,cov95,0.9377777777777778
Simulated,1500,0,PoissonGBM,all,cov50,0.8555555555555555
Simulated,1500,0,PoissonGBM,all,nMAE,0.7499999999999999
Simulated,1500,0,PoissonGBM,x>0,CRPS,0.8485319474248926
Simulated,1500,0,PoissonGBM,x>0,pit_ks,0.12966438362169827
Simulated,1500,0,PoissonGBM,x>0,cov95,0.8927038626609443
Simulated,1500,0,PoissonGBM,x>0,cov50,0.7339055793991416
Simulated,1500,0,PoissonGBM,x>0,nMAE,0.7443820224719102
Simulated,1500,0,HurdleGBM,all,CRPS,0.3859724583333333
Simulated,1500,0,HurdleGBM,all,pit_ks,0.0550789543339007
Simulated,1500,0,HurdleGBM,all,cov95,0.9711111111111111
Simulated,1500,0,HurdleGBM,all,cov50,0.8777777777777778
Simulated,1500,0,HurdleGBM,all,nMAE,0.6416666666666666
Simulated,1500,0,HurdleGBM,x>0,CRPS,0.7246643240343348
Simulated,1500,0,HurdleGBM,x>0,pit_ks,0.10641886890863331
Simulated,1500,0,HurdleGBM,x>0,cov95,0.9570815450643777
Simulated,1500,0,HurdleGBM,x>0,cov50,0.776824034334764
Simulated,1500,0,HurdleGBM,x>0,nMAE,0.6376404494382023
Simulated,1500,0,QuantileGBM,all,CRPS,0.42230438888888894
Simulated,1500,0,QuantileGBM,all,pit_ks,0.03186549468879779
Simulated,1500,0,QuantileGBM,all,cov95,0.98
Simulated,1500,0,QuantileGBM,all,cov50,0.9244444444444444
Simulated,1500,0,QuantileGBM,all,nMAE,0.9763888888888889
Simulated,1500,0,QuantileGBM,x>0,CRPS,0.7955678648068669
Simulated,1500,0,QuantileGBM,x>0,pit_ks,0.05229948983995247
Simulated,1500,0,QuantileGBM,x>0,cov95,0.9742489270386266
Simulated,1500,0,QuantileGBM,x>0,cov50,0.8669527896995708
Simulated,1500,0,QuantileGBM,x>0,nMAE,0.976123595505618
Simulated,1500,1,BTYD,all,CRPS,0.3533794270833333
Simulated,1500,1,BTYD,all,pit_ks,0.057281869838704425
Simulated,1500,1,BTYD,all,cov95,0.9844444444444445
Simulated,1500,1,BTYD,all,cov50,0.9288888888888889
Simulated,1500,1,BTYD,all,nMAE,0.4527720739219713
Simulated,1500,1,BTYD,x>0,CRPS,0.6398271730567227
Simulated,1500,1,BTYD,x>0,pit_ks,0.05429108367143021
Simulated,1500,1,BTYD,x>0,cov95,0.9831932773109243
Simulated,1500,1,BTYD,x>0,cov50,0.8907563025210085
Simulated,1500,1,BTYD,x>0,nMAE,0.4447916666666667
Simulated,1500,1,PoissonGBM,all,CRPS,0.5989116388888889
Simulated,1500,1,PoissonGBM,all,pit_ks,0.04382148818788589
Simulated,1500,1,PoissonGBM,all,cov95,0.9466666666666667
Simulated,1500,1,PoissonGBM,all,cov50,0.8688888888888889
Simulated,1500,1,PoissonGBM,all,nMAE,0.6868583162217659
Simulated,1500,1,PoissonGBM,x>0,CRPS,1.1009964285714287
Simulated,1500,1,PoissonGBM,x>0,pit_ks,0.08166045910191799
Simulated,1500,1,PoissonGBM,x>0,cov95,0.907563025210084
Simulated,1500,1,PoissonGBM,x>0,cov50,0.773109243697479
Simulated,1500,1,PoissonGBM,x>0,nMAE,0.678125
Simulated,1500,1,HurdleGBM,all,CRPS,0.5246638888888889
Simulated,1500,1,HurdleGBM,all,pit_ks,0.039701644729743746
Simulated,1500,1,HurdleGBM,all,cov95,0.9644444444444444
Simulated,1500,1,HurdleGBM,all,cov50,0.9044444444444445
Simulated,1500,1,HurdleGBM,all,nMAE,0.5985626283367557
Simulated,1500,1,HurdleGBM,x>0,CRPS,0.9607999737394958
Simulated,1500,1,HurdleGBM,x>0,pit_ks,0.05716006668675211
Simulated,1500,1,HurdleGBM,x>0,cov95,0.9453781512605042
Simulated,1500,1,HurdleGBM,x>0,cov50,0.8403361344537815
Simulated,1500,1,HurdleGBM,x>0,nMAE,0.5927083333333333
Simulated,1500,1,QuantileGBM,all,CRPS,0.5642199722222222
Simulated,1500,1,QuantileGBM,all,pit_ks,0.08868698539455128
Simulated,1500,1,QuantileGBM,all,cov95,0.9733333333333334
Simulated,1500,1,QuantileGBM,all,cov50,0.9155555555555556
Simulated,1500,1,QuantileGBM,all,nMAE,0.8039014373716633
Simulated,1500,1,QuantileGBM,x>0,CRPS,1.0368967962184874
Simulated,1500,1,QuantileGBM,x>0,pit_ks,0.10940078096538414
Simulated,1500,1,QuantileGBM,x>0,cov95,0.9621848739495799
Simulated,1500,1,QuantileGBM,x>0,cov50,0.865546218487395
Simulated,1500,1,QuantileGBM,x>0,nMAE,0.8010416666666667
Simulated,1500,2,BTYD,all,CRPS,0.4332737847222222
Simulated,1500,2,BTYD,all,pit_ks,0.04565918844870409
Simulated,1500,2,BTYD,all,cov95,0.9733333333333334
Simulated,1500,2,BTYD,all,cov50,0.9088888888888889
Simulated,1500,2,BTYD,all,nMAE,0.6913265306122449
Simulated,1500,2,BTYD,x>0,CRPS,0.7949372944078948
Simulated,1500,2,BTYD,x>0,pit_ks,0.0758626019715048
Simulated,1500,2,BTYD,x>0,cov95,0.9736842105263158
Simulated,1500,2,BTYD,x>0,cov50,0.8508771929824561
Simulated,1500,2,BTYD,x>0,nMAE,0.6798941798941799
Simulated,1500,2,PoissonGBM,all,CRPS,0.4677360416666667
Simulated,1500,2,PoissonGBM,all,pit_ks,0.049866070815385743
Simulated,1500,2,PoissonGBM,all,cov95,0.9422222222222222
Simulated,1500,2,PoissonGBM,all,cov50,0.88
Simulated,1500,2,PoissonGBM,all,nMAE,0.6607142857142858
Simulated,1500,2,PoissonGBM,x>0,CRPS,0.8587728344298245
Simulated,1500,2,PoissonGBM,x>0,pit_ks,0.07547214160653648
Simulated,1500,2,PoissonGBM,x>0,cov95,0.9122807017543859
Simulated,1500,2,PoissonGBM,x>0,cov50,0.793859649122807
Simulated,1500,2,PoissonGBM,x>0,nMAE,0.6428571428571429
Simulated,1500,2,HurdleGBM,all,CRPS,0.4640856944444445
Simulated,1500,2,HurdleGBM,all,pit_ks,0.0472081258404512
Simulated,1500,2,HurdleGBM,all,cov95,0.9577777777777777
Simulated,1500,2,HurdleGBM,all,cov50,0.88
Simulated,1500,2,HurdleGBM,all,nMAE,0.6875000000000001
Simulated,1500,2,HurdleGBM,x>0,CRPS,0.8559638432017543
Simulated,1500,2,HurdleGBM,x>0,pit_ks,0.07207771206575792
Simulated,1500,2,HurdleGBM,x>0,cov95,0.9385964912280702
Simulated,1500,2,HurdleGBM,x>0,cov50,0.793859649122807
Simulated,1500,2,HurdleGBM,x>0,nMAE,0.6759259259259259
Simulated,1500,2,QuantileGBM,all,CRPS,0.47254241666666663
Simulated,1500,2,QuantileGBM,all,pit_ks,0.03135567879817858
Simulated,1500,2,QuantileGBM,all,cov95,0.96
Simulated,1500,2,QuantileGBM,all,cov50,0.9244444444444444
Simulated,1500,2,QuantileGBM,all,nMAE,0.9604591836734695
Simulated,1500,2,QuantileGBM,x>0,CRPS,0.8723115679824561
Simulated,1500,2,QuantileGBM,x>0,pit_ks,0.04385964912280704
Simulated,1500,2,QuantileGBM,x>0,cov95,0.9473684210526315
Simulated,1500,2,QuantileGBM,x>0,cov50,0.881578947368421
Simulated,1500,2,QuantileGBM,x>0,nMAE,0.958994708994709
Simulated,1500,3,BTYD,all,CRPS,0.4881577256944445
Simulated,1500,3,BTYD,all,pit_ks,0.04537766094721982
Simulated,1500,3,BTYD,all,cov95,0.9622222222222222
Simulated,1500,3,BTYD,all,cov50,0.8822222222222222
Simulated,1500,3,BTYD,all,nMAE,0.7076566125290024
Simulated,1500,3,BTYD,x>0,CRPS,0.7806058458011583
Simulated,1500,3,BTYD,x>0,pit_ks,0.05749545485031193
Simulated,1500,3,BTYD,x>0,cov95,0.972972972972973
Simulated,1500,3,BTYD,x>0,cov50,0.8416988416988417
Simulated,1500,3,BTYD,x>0,nMAE,0.6949152542372882
Simulated,1500,3,PoissonGBM,all,CRPS,0.6216851666666667
Simulated,1500,3,PoissonGBM,all,pit_ks,0.07719359475793885
Simulated,1500,3,PoissonGBM,all,cov95,0.9066666666666666
Simulated,1500,3,PoissonGBM,all,cov50,0.8288888888888889
Simulated,1500,3,PoissonGBM,all,nMAE,0.8097447795823667
Simulated,1500,3,PoissonGBM,x>0,CRPS,1.0124611486486486
Simulated,1500,3,PoissonGBM,x>0,pit_ks,0.11545869494109473
Simulated,1500,3,PoissonGBM,x>0,cov95,0.8764478764478765
Simulated,1500,3,PoissonGBM,x>0,cov50,0.749034749034749
Simulated,1500,3,PoissonGBM,x>0,nMAE,0.8014527845036321
Simulated,1500,3,HurdleGBM,all,CRPS,0.5909975972222223
Simulated,1500,3,HurdleGBM,all,pit_ks,0.058760490942831534
Simulated,1500,3,HurdleGBM,all,cov95,0.9311111111111111
Simulated,1500,3,HurdleGBM,all,cov50,0.8311111111111111
Simulated,1500,3,HurdleGBM,all,nMAE,0.8213457076566125
Simulated,1500,3,HurdleGBM,x>0,CRPS,0.9582939189189189
Simulated,1500,3,HurdleGBM,x>0,pit_ks,0.0910181704574522
Simulated,1500,3,HurdleGBM,x>0,cov95,0.918918918918919
Simulated,1500,3,HurdleGBM,x>0,cov50,0.752895752895753
Simulated,1500,3,HurdleGBM,x>0,nMAE,0.8135593220338984
Simulated,1500,3,QuantileGBM,all,CRPS,0.5708776388888889
Simulated,1500,3,QuantileGBM,all,pit_ks,0.06591942133449058
Simulated,1500,3,QuantileGBM,all,cov95,0.9511111111111111
Simulated,1500,3,QuantileGBM,all,cov50,0.9022222222222223
Simulated,1500,3,QuantileGBM,all,nMAE,0.9524361948955917
Simulated,1500,3,QuantileGBM,x>0,CRPS,0.923260472972973
Simulated,1500,3,QuantileGBM,x>0,pit_ks,0.06305079372094446
Simulated,1500,3,QuantileGBM,x>0,cov95,0.9536679536679536
Simulated,1500,3,QuantileGBM,x>0,cov50,0.8764478764478765
Simulated,1500,3,QuantileGBM,x>0,nMAE,0.950363196125908
Simulated,1500,4,BTYD,all,CRPS,0.4416907986111111
Simulated,1500,4,BTYD,all,pit_ks,0.05741143379613961
Simulated,1500,4,BTYD,all,cov95,0.9844444444444445
Simulated,1500,4,BTYD,all,cov50,0.9
Simulated,1500,4,BTYD,all,nMAE,0.6690647482014389
Simulated,1500,4,BTYD,x>0,CRPS,0.7904012933298319
Simulated,1500,4,BTYD,x>0,pit_ks,0.054433549598710385
Simulated,1500,4,BTYD,x>0,cov95,0.9915966386554622
Simulated,1500,4,BTYD,x>0,cov50,0.8445378151260504
Simulated,1500,4,BTYD,x>0,nMAE,0.6600985221674877
Simulated,1500,4,PoissonGBM,all,CRPS,0.569208638888889
Simulated,1500,4,PoissonGBM,all,pit_ks,0.05387526661849251
Simulated,1500,4,PoissonGBM,all,cov95,0.9155555555555556
Simulated,1500,4,PoissonGBM,all,cov50,0.8266666666666667
Simulated,1500,4,PoissonGBM,all,nMAE,0.788968824940048
Simulated,1500,4,PoissonGBM,x>0,CRPS,1.0296465861344537
Simulated,1500,4,PoissonGBM,x>0,pit_ks,0.12607438294926726
Simulated,1500,4,PoissonGBM,x>0,cov95,0.865546218487395
Simulated,1500,4,PoissonGBM,x>0,cov50,0.7016806722689075
Simulated,1500,4,PoissonGBM,x>0,nMAE,0.7807881773399015
Simulated,1500,4,HurdleGBM,all,CRPS,0.5656317777777777
Simulated,1500,4,HurdleGBM,all,pit_ks,0.048513732235294316
Simulated,1500,4,HurdleGBM,all,cov95,0.9577777777777777
Simulated,1500,4,HurdleGBM,all,cov50,0.8466666666666667
Simulated,1500,4,HurdleGBM,all,nMAE,0.8201438848920863
Simulated,1500,4,HurdleGBM,x>0,CRPS,1.021006512605042
Simulated,1500,4,HurdleGBM,x>0,pit_ks,0.08379712890738777
Simulated,1500,4,HurdleGBM,x>0,cov95,0.9453781512605042
Simulated,1500,4,HurdleGBM,x>0,cov50,0.7436974789915967
Simulated,1500,4,HurdleGBM,x>0,nMAE,0.8152709359605911
Simulated,1500,4,QuantileGBM,all,CRPS,0.503963375
Simulated,1500,4,QuantileGBM,all,pit_ks,0.11403071497964362
Simulated,1500,4,QuantileGBM,all,cov95,0.9711111111111111
Simulated,1500,4,QuantileGBM,all,cov50,0.9177777777777778
Simulated,1500,4,QuantileGBM,all,nMAE,0.8141486810551559
Simulated,1500,4,QuantileGBM,x>0,CRPS,0.9069083508403362
Simulated,1500,4,QuantileGBM,x>0,pit_ks,0.09467032889707677
Simulated,1500,4,QuantileGBM,x>0,cov95,0.9705882352941176
Simulated,1500,4,QuantileGBM,x>0,cov50,0.8781512605042017
Simulated,1500,4,QuantileGBM,x>0,nMAE,0.8091133004926109
Simulated,1500,5,BTYD,all,CRPS,0.3629625868055555
Simulated,1500,5,BTYD,all,pit_ks,0.04017186877981918
Simulated,1500,5,BTYD,all,cov95,0.9888888888888889
Simulated,1500,5,BTYD,all,cov50,0.9133333333333333
Simulated,1500,5,BTYD,all,nMAE,0.5569620253164557
Simulated,1500,5,BTYD,x>0,CRPS,0.6684335443037975
Simulated,1500,5,BTYD,x>0,pit_ks,0.08565795639915297
Simulated,1500,5,BTYD,x>0,cov95,0.9873417721518988
Simulated,1500,5,BTYD,x>0,cov50,0.8565400843881856
Simulated,1500,5,BTYD,x>0,nMAE,0.5512820512820512
Simulated,1500,5,PoissonGBM,all,CRPS,0.4390580416666666
Simulated,1500,5,PoissonGBM,all,pit_ks,0.03144154441965391
Simulated,1500,5,PoissonGBM,all,cov95,0.9555555555555556
Simulated,1500,5,PoissonGBM,all,cov50,0.8866666666666667
Simulated,1500,5,PoissonGBM,all,nMAE,0.6544303797468354
Simulated,1500,5,PoissonGBM,x>0,CRPS,0.8097075421940928
Simulated,1500,5,PoissonGBM,x>0,pit_ks,0.12461670216330212
Simulated,1500,5,PoissonGBM,x>0,cov95,0.9282700421940928
Simulated,1500,5,PoissonGBM,x>0,cov50,0.8059071729957806
Simulated,1500,5,PoissonGBM,x>0,nMAE,0.6499999999999999
Simulated,1500,5,HurdleGBM,all,CRPS,0.45421001388888893
Simulated,1500,5,HurdleGBM,all,pit_ks,0.026709862163859954
Simulated,1500,5,HurdleGBM,all,cov95,0.9711111111111111
Simulated,1500,5,HurdleGBM,all,cov50,0.8955555555555555
Simulated,1500,5,HurdleGBM,all,nMAE,0.7037974683544304
Simulated,1500,5,HurdleGBM,x>0,CRPS,0.8394828322784811
Simulated,1500,5,HurdleGBM,x>0,pit_ks,0.08395279967119906
Simulated,1500,5,HurdleGBM,x>0,cov95,0.9620253164556962
Simulated,1500,5,HurdleGBM,x>0,cov50,0.8227848101265823
Simulated,1500,5,HurdleGBM,x>0,nMAE,0.7
Simulated,1500,5,QuantileGBM,all,CRPS,0.45938869444444436
Simulated,1500,5,QuantileGBM,all,pit_ks,0.05767076040347452
Simulated,1500,5,QuantileGBM,all,cov95,0.9688888888888889
Simulated,1500,5,QuantileGBM,all,cov50,0.94
Simulated,1500,5,QuantileGBM,all,nMAE,0.6367088607594936
Simulated,1500,5,QuantileGBM,x>0,CRPS,0.8508566983122362
Simulated,1500,5,QuantileGBM,x>0,pit_ks,0.07777698103451802
Simulated,1500,5,QuantileGBM,x>0,cov95,0.9578059071729957
Simulated,1500,5,QuantileGBM,x>0,cov50,0.9071729957805907
Simulated,1500,5,QuantileGBM,x>0,nMAE,0.632051282051282
Simulated,1500,6,BTYD,all,CRPS,0.36554531249999994
Simulated,1500,6,BTYD,all,pit_ks,0.0378660158832117
Simulated,1500,6,BTYD,all,cov95,0.9888888888888889
Simulated,1500,6,BTYD,all,cov50,0.9066666666666666
Simulated,1500,6,BTYD,all,nMAE,0.5235955056179775
Simulated,1500,6,BTYD,x>0,CRPS,0.6259226562500001
Simulated,1500,6,BTYD,x>0,pit_ks,0.05030587161979849
Simulated,1500,6,BTYD,x>0,cov95,0.992
Simulated,1500,6,BTYD,x>0,cov50,0.852
Simulated,1500,6,BTYD,x>0,nMAE,0.5148741418764302
Simulated,1500,6,PoissonGBM,all,CRPS,0.45121780555555563
Simulated,1500,6,PoissonGBM,all,pit_ks,0.05596295812365601
Simulated,1500,6,PoissonGBM,all,cov95,0.9511111111111111
Simulated,1500,6,PoissonGBM,all,cov50,0.8577777777777778
Simulated,1500,6,PoissonGBM,all,nMAE,0.6056179775280899
Simulated,1500,6,PoissonGBM,x>0,CRPS,0.7791991
Simulated,1500,6,PoissonGBM,x>0,pit_ks,0.058309399862072175
Simulated,1500,6,PoissonGBM,x>0,cov95,0.928
Simulated,1500,6,PoissonGBM,x>0,cov50,0.764
Simulated,1500,6,PoissonGBM,x>0,nMAE,0.5983981693363845
Simulated,1500,6,HurdleGBM,all,CRPS,0.4583912916666667
Simulated,1500,6,HurdleGBM,all,pit_ks,0.04612209026530961
Simulated,1500,6,HurdleGBM,all,cov95,0.9644444444444444
Simulated,1500,6,HurdleGBM,all,cov50,0.86
Simulated,1500,6,HurdleGBM,all,nMAE,0.646067415730337
Simulated,1500,6,HurdleGBM,x>0,CRPS,0.792640175
Simulated,1500,6,HurdleGBM,x>0,pit_ks,0.04132841502334039
Simulated,1500,6,HurdleGBM,x>0,cov95,0.952
Simulated,1500,6,HurdleGBM,x>0,cov50,0.768
Simulated,1500,6,HurdleGBM,x>0,nMAE,0.639588100686499
Simulated,1500,6,QuantileGBM,all,CRPS,0.5086259305555555
Simulated,1500,6,QuantileGBM,all,pit_ks,0.03432581860728873
Simulated,1500,6,QuantileGBM,all,cov95,0.98
Simulated,1500,6,QuantileGBM,all,cov50,0.9155555555555556
Simulated,1500,6,QuantileGBM,all,nMAE,0.9202247191011236
Simulated,1500,6,QuantileGBM,x>0,CRPS,0.8840717749999999
Simulated,1500,6,QuantileGBM,x>0,pit_ks,0.08603726075028889
Simulated,1500,6,QuantileGBM,x>0,cov95,0.98
Simulated,1500,6,QuantileGBM,x>0,cov50,0.868
Simulated,1500,6,QuantileGBM,x>0,nMAE,0.9187643020594967
Simulated,1500,7,BTYD,all,CRPS,0.42272569444444447
Simulated,1500,7,BTYD,all,pit_ks,0.04027294608438764
Simulated,1500,7,BTYD,all,cov95,0.9688888888888889
Simulated,1500,7,BTYD,all,cov50,0.9
Simulated,1500,7,BTYD,all,nMAE,0.5779510022271714
Simulated,1500,7,BTYD,x>0,CRPS,0.7158854675292969
Simulated,1500,7,BTYD,x>0,pit_ks,0.05155875619387551
Simulated,1500,7,BTYD,x>0,cov95,0.9609375
Simulated,1500,7,BTYD,x>0,cov50,0.84375
Simulated,1500,7,BTYD,x>0,nMAE,0.5712669683257918
Simulated,1500,7,PoissonGBM,all,CRPS,0.5086487222222222
Simulated,1500,7,PoissonGBM,all,pit_ks,0.06479038276518057
Simulated,1500,7,PoissonGBM,all,cov95,0.9333333333333333
Simulated,1500,7,PoissonGBM,all,cov50,0.8422222222222222
Simulated,1500,7,PoissonGBM,all,nMAE,0.6447661469933185
Simulated,1500,7,PoissonGBM,x>0,CRPS,0.8637015380859375
Simulated,1500,7,PoissonGBM,x>0,pit_ks,0.1086060913929695
Simulated,1500,7,PoissonGBM,x>0,cov95,0.90234375
Simulated,1500,7,PoissonGBM,x>0,cov50,0.7421875
Simulated,1500,7,PoissonGBM,x>0,nMAE,0.6368778280542986
Simulated,1500,7,HurdleGBM,all,CRPS,0.49068997222222227
Simulated,1500,7,HurdleGBM,all,pit_ks,0.04963276126140037
Simulated,1500,7,HurdleGBM,all,cov95,0.9511111111111111
Simulated,1500,7,HurdleGBM,all,cov50,0.8488888888888889
Simulated,1500,7,HurdleGBM,all,nMAE,0.6380846325167039
Simulated,1500,7,HurdleGBM,x>0,CRPS,0.8349537597656249
Simulated,1500,7,HurdleGBM,x>0,pit_ks,0.09230837998372077
Simulated,1500,7,HurdleGBM,x>0,cov95,0.93359375
Simulated,1500,7,HurdleGBM,x>0,cov50,0.75390625
Simulated,1500,7,HurdleGBM,x>0,nMAE,0.6323529411764706
Simulated,1500,7,QuantileGBM,all,CRPS,0.5922295416666667
Simulated,1500,7,QuantileGBM,all,pit_ks,0.10026204196352179
Simulated,1500,7,QuantileGBM,all,cov95,0.9533333333333334
Simulated,1500,7,QuantileGBM,all,cov50,0.8866666666666667
Simulated,1500,7,QuantileGBM,all,nMAE,0.9643652561247216
Simulated,1500,7,QuantileGBM,x>0,CRPS,1.0135850341796875
Simulated,1500,7,QuantileGBM,x>0,pit_ks,0.1405821039974381
Simulated,1500,7,QuantileGBM,x>0,cov95,0.9375
Simulated,1500,7,QuantileGBM,x>0,cov50,0.8203125
Simulated,1500,7,QuantileGBM,x>0,nMAE,0.9638009049773756
Simulated,1500,8,BTYD,all,CRPS,0.2975243055555556
Simulated,1500,8,BTYD,all,pit_ks,0.030184555490779585
Simulated,1500,8,BTYD,all,cov95,0.9866666666666667
Simulated,1500,8,BTYD,all,cov50,0.9133333333333333
Simulated,1500,8,BTYD,all,nMAE,0.5860927152317881
Simulated,1500,8,BTYD,x>0,CRPS,0.5521299252717391
Simulated,1500,8,BTYD,x>0,pit_ks,0.05540230729702911
Simulated,1500,8,BTYD,x>0,cov95,0.991304347826087
Simulated,1500,8,BTYD,x>0,cov50,0.8521739130434782
Simulated,1500,8,BTYD,x>0,nMAE,0.576271186440678
Simulated,1500,8,PoissonGBM,all,CRPS,0.40615725
Simulated,1500,8,PoissonGBM,all,pit_ks,0.058000057515921494
Simulated,1500,8,PoissonGBM,all,cov95,0.9488888888888889
Simulated,1500,8,PoissonGBM,all,cov50,0.8733333333333333
Simulated,1500,8,PoissonGBM,all,nMAE,0.7632450331125828
Simulated,1500,8,PoissonGBM,x>0,CRPS,0.7616028804347825
Simulated,1500,8,PoissonGBM,x>0,pit_ks,0.11361471170581497
Simulated,1500,8,PoissonGBM,x>0,cov95,0.9217391304347826
Simulated,1500,8,PoissonGBM,x>0,cov50,0.7739130434782608
Simulated,1500,8,PoissonGBM,x>0,nMAE,0.7576271186440678
Simulated,1500,8,HurdleGBM,all,CRPS,0.42090290277777775
Simulated,1500,8,HurdleGBM,all,pit_ks,0.05556430134060772
Simulated,1500,8,HurdleGBM,all,cov95,0.9688888888888889
Simulated,1500,8,HurdleGBM,all,cov50,0.8777777777777778
Simulated,1500,8,HurdleGBM,all,nMAE,0.8576158940397351
Simulated,1500,8,HurdleGBM,x>0,CRPS,0.7918449456521738
Simulated,1500,8,HurdleGBM,x>0,pit_ks,0.09224333334500201
Simulated,1500,8,HurdleGBM,x>0,cov95,0.9608695652173913
Simulated,1500,8,HurdleGBM,x>0,cov50,0.782608695652174
Simulated,1500,8,HurdleGBM,x>0,nMAE,0.8542372881355932
Simulated,1500,8,QuantileGBM,all,CRPS,0.35815254166666666
Simulated,1500,8,QuantileGBM,all,pit_ks,0.031041568655065244
Simulated,1500,8,QuantileGBM,all,cov95,0.9755555555555555
Simulated,1500,8,QuantileGBM,all,cov50,0.9311111111111111
Simulated,1500,8,QuantileGBM,all,nMAE,0.7152317880794702
Simulated,1500,8,QuantileGBM,x>0,CRPS,0.6699824456521738
Simulated,1500,8,QuantileGBM,x>0,pit_ks,0.050103077890220615
Simulated,1500,8,QuantileGBM,x>0,cov95,0.9739130434782609
Simulated,1500,8,QuantileGBM,x>0,cov50,0.8869565217391304
Simulated,1500,8,QuantileGBM,x>0,nMAE,0.7084745762711865
Simulated,1500,9,BTYD,all,CRPS,0.41966145833333335
Simulated,1500,9,BTYD,all,pit_ks,0.044551860060762394
Simulated,1500,9,BTYD,all,cov95,0.9822222222222222
Simulated,1500,9,BTYD,all,cov50,0.8933333333333333
Simulated,1500,9,BTYD,all,nMAE,0.6312056737588654
Simulated,1500,9,BTYD,x>0,CRPS,0.7510010373443984
Simulated,1500,9,BTYD,x>0,pit_ks,0.05993052015449951
Simulated,1500,9,BTYD,x>0,cov95,0.979253112033195
Simulated,1500,9,BTYD,x>0,cov50,0.8174273858921162
Simulated,1500,9,BTYD,x>0,nMAE,0.6240963855421686
Simulated,1500,9,PoissonGBM,all,CRPS,0.5180996805555556
Simulated,1500,9,PoissonGBM,all,pit_ks,0.06134088674572724
Simulated,1500,9,PoissonGBM,all,cov95,0.9266666666666666
Simulated,1500,9,PoissonGBM,all,cov50,0.8533333333333334
Simulated,1500,9,PoissonGBM,all,nMAE,0.6784869976359339
Simulated,1500,9,PoissonGBM,x>0,CRPS,0.929588044605809
Simulated,1500,9,PoissonGBM,x>0,pit_ks,0.12980076217450587
Simulated,1500,9,PoissonGBM,x>0,cov95,0.8796680497925311
Simulated,1500,9,PoissonGBM,x>0,cov50,0.7427385892116183
Simulated,1500,9,PoissonGBM,x>0,nMAE,0.6698795180722891
Simulated,1500,9,HurdleGBM,all,CRPS,0.46469855555555556
Simulated,1500,9,HurdleGBM,all,pit_ks,0.06496024100728393
Simulated,1500,9,HurdleGBM,all,cov95,0.9466666666666667
Simulated,1500,9,HurdleGBM,all,cov50,0.86
Simulated,1500,9,HurdleGBM,all,nMAE,0.6737588652482269
Simulated,1500,9,HurdleGBM,x>0,CRPS,0.8320946317427386
Simulated,1500,9,HurdleGBM,x>0,pit_ks,0.12149390181220732
Simulated,1500,9,HurdleGBM,x>0,cov95,0.91701244813278
Simulated,1500,9,HurdleGBM,x>0,cov50,0.7551867219917012
Simulated,1500,9,HurdleGBM,x>0,nMAE,0.6674698795180722
Simulated,1500,9,QuantileGBM,all,CRPS,0.5095427916666666
Simulated,1500,9,QuantileGBM,all,pit_ks,0.10828626742809766
Simulated,1500,9,QuantileGBM,all,cov95,0.96
Simulated,1500,9,QuantileGBM,all,cov50,0.9022222222222223
Simulated,1500,9,QuantileGBM,all,nMAE,0.9007092198581561
Simulated,1500,9,QuantileGBM,x>0,CRPS,0.9154457728215767
Simulated,1500,9,QuantileGBM,x>0,pit_ks,0.13264482495530433
Simulated,1500,9,QuantileGBM,x>0,cov95,0.941908713692946
Simulated,1500,9,QuantileGBM,x>0,cov50,0.8340248962655602
Simulated,1500,9,QuantileGBM,x>0,nMAE,0.8987951807228916
Simulated,1500,10,BTYD,all,CRPS,0.37280494791666663
Simulated,1500,10,BTYD,all,pit_ks,0.02428460350567596
Simulated,1500,10,BTYD,all,cov95,0.9866666666666667
Simulated,1500,10,BTYD,all,cov50,0.9133333333333333
Simulated,1500,10,BTYD,all,nMAE,0.5270880361173814
Simulated,1500,10,BTYD,x>0,CRPS,0.6759358587184874
Simulated,1500,10,BTYD,x>0,pit_ks,0.05859673365956247
Simulated,1500,10,BTYD,x>0,cov95,0.9831932773109243
Simulated,1500,10,BTYD,x>0,cov50,0.8529411764705882
Simulated,1500,10,BTYD,x>0,nMAE,0.5194954128440367
Simulated,1500,10,PoissonGBM,all,CRPS,0.5153008472222222
Simulated,1500,10,PoissonGBM,all,pit_ks,0.046090801000000736
Simulated,1500,10,PoissonGBM,all,cov95,0.94
Simulated,1500,10,PoissonGBM,all,cov50,0.8622222222222222
Simulated,1500,10,PoissonGBM,all,nMAE,0.6659142212189616
Simulated,1500,10,PoissonGBM,x>0,CRPS,0.941346612394958
Simulated,1500,10,PoissonGBM,x>0,pit_ks,0.0806473935804829
Simulated,1500,10,PoissonGBM,x>0,cov95,0.8991596638655462
Simulated,1500,10,PoissonGBM,x>0,cov50,0.7563025210084033
Simulated,1500,10,PoissonGBM,x>0,nMAE,0.658256880733945
Simulated,1500,10,HurdleGBM,all,CRPS,0.5276007222222222
Simulated,1500,10,HurdleGBM,all,pit_ks,0.04746325539751095
Simulated,1500,10,HurdleGBM,all,cov95,0.9511111111111111
Simulated,1500,10,HurdleGBM,all,cov50,0.8666666666666667
Simulated,1500,10,HurdleGBM,all,nMAE,0.6918735891647856
Simulated,1500,10,HurdleGBM,x>0,CRPS,0.9663746848739497
Simulated,1500,10,HurdleGBM,x>0,pit_ks,0.07572999700816552
Simulated,1500,10,HurdleGBM,x>0,cov95,0.9243697478991597
Simulated,1500,10,HurdleGBM,x>0,cov50,0.7647058823529411
Simulated,1500,10,HurdleGBM,x>0,nMAE,0.6869266055045872
Simulated,1500,10,QuantileGBM,all,CRPS,0.6598608472222222
Simulated,1500,10,QuantileGBM,all,pit_ks,0.09265421273035668
Simulated,1500,10,QuantileGBM,all,cov95,0.9711111111111111
Simulated,1500,10,QuantileGBM,all,cov50,0.8688888888888889
Simulated,1500,10,QuantileGBM,all,nMAE,1.0
Simulated,1500,10,QuantileGBM,x>0,CRPS,1.2173694065126053
Simulated,1500,10,QuantileGBM,x>0,pit_ks,0.16765822568966027
Simulated,1500,10,QuantileGBM,x>0,cov95,0.9621848739495799
Simulated,1500,10,QuantileGBM,x>0,cov50,0.7689075630252101
Simulated,1500,10,QuantileGBM,x>0,nMAE,1.0
Simulated,1500,11,BTYD,all,CRPS,0.34883263888888894
Simulated,1500,11,BTYD,all,pit_ks,0.06354170493279776
Simulated,1500,11,BTYD,all,cov95,0.98
Simulated,1500,11,BTYD,all,cov50,0.9022222222222223
Simulated,1500,11,BTYD,all,nMAE,0.6182065217391304
Simulated,1500,11,BTYD,x>0,CRPS,0.6260319571659482
Simulated,1500,11,BTYD,x>0,pit_ks,0.07960984973166974
Simulated,1500,11,BTYD,x>0,cov95,0.9913793103448276
Simulated,1500,11,BTYD,x>0,cov50,0.8491379310344828
Simulated,1500,11,BTYD,x>0,nMAE,0.6053370786516854
Simulated,1500,11,PoissonGBM,all,CRPS,0.4541575277777778
Simulated,1500,11,PoissonGBM,all,pit_ks,0.07233990777005972
Simulated,1500,11,PoissonGBM,all,cov95,0.9311111111111111
Simulated,1500,11,PoissonGBM,all,cov50,0.8555555555555555
Simulated,1500,11,PoissonGBM,all,nMAE,0.7092391304347825
Simulated,1500,11,PoissonGBM,x>0,CRPS,0.8280850215517243
Simulated,1500,11,PoissonGBM,x>0,pit_ks,0.11388766520624749
Simulated,1500,11,PoissonGBM,x>0,cov95,0.9008620689655172
Simulated,1500,11,PoissonGBM,x>0,cov50,0.7586206896551724
Simulated,1500,11,PoissonGBM,x>0,nMAE,0.699438202247191
Simulated,1500,11,HurdleGBM,all,CRPS,0.40703480555555555
Simulated,1500,11,HurdleGBM,all,pit_ks,0.06777190300355163
Simulated,1500,11,HurdleGBM,all,cov95,0.9555555555555556
Simulated,1500,11,HurdleGBM,all,cov50,0.8866666666666667
Simulated,1500,11,HurdleGBM,all,nMAE,0.671195652173913
Simulated,1500,11,HurdleGBM,x>0,CRPS,0.7369906788793102
Simulated,1500,11,HurdleGBM,x>0,pit_ks,0.08951462475562888
Simulated,1500,11,HurdleGBM,x>0,cov95,0.9482758620689655
Simulated,1500,11,HurdleGBM,x>0,cov50,0.8189655172413793
Simulated,1500,11,HurdleGBM,x>0,nMAE,0.6601123595505618
Simulated,1500,11,QuantileGBM,all,CRPS,0.48968276388888893
Simulated,1500,11,QuantileGBM,all,pit_ks,0.09667068610505491
Simulated,1500,11,QuantileGBM,all,cov95,0.9533333333333334
Simulated,1500,11,QuantileGBM,all,cov50,0.9022222222222223
Simulated,1500,11,QuantileGBM,all,nMAE,1.0
Simulated,1500,11,QuantileGBM,x>0,CRPS,0.8975572467672414
Simulated,1500,11,QuantileGBM,x>0,pit_ks,0.13549398225260634
Simulated,1500,11,QuantileGBM,x>0,cov95,0.9439655172413793
Simulated,1500,11,QuantileGBM,x>0,cov50,0.8491379310344828
Simulated,1500,11,QuantileGBM,x>0,nMAE,1.0
Simulated,1500,12,BTYD,all,CRPS,0.4174973090277778
Simulated,1500,12,BTYD,all,pit_ks,0.04402283119382977
Simulated,1500,12,BTYD,all,cov95,0.9755555555555555
Simulated,1500,12,BTYD,all,cov50,0.8888888888888888
Simulated,1500,12,BTYD,all,nMAE,0.6412776412776412
Simulated,1500,12,BTYD,x>0,CRPS,0.7434407964135021
Simulated,1500,12,BTYD,x>0,pit_ks,0.049093707496599026
Simulated,1500,12,BTYD,x>0,cov95,0.9831223628691983
Simulated,1500,12,BTYD,x>0,cov50,0.8270042194092827
Simulated,1500,12,BTYD,x>0,nMAE,0.6303797468354431
Simulated,1500,12,PoissonGBM,all,CRPS,0.55454225
Simulated,1500,12,PoissonGBM,all,pit_ks,0.0903919001607123
Simulated,1500,12,PoissonGBM,all,cov95,0.9222222222222223
Simulated,1500,12,PoissonGBM,all,cov50,0.8155555555555556
Simulated,1500,12,PoissonGBM,all,nMAE,0.7714987714987716
Simulated,1500,12,PoissonGBM,x>0,CRPS,1.0012278744725738
Simulated,1500,12,PoissonGBM,x>0,pit_ks,0.13787095944894134
Simulated,1500,12,PoissonGBM,x>0,cov95,0.8818565400843882
Simulated,1500,12,PoissonGBM,x>0,cov50,0.6877637130801688
Simulated,1500,12,PoissonGBM,x>0,nMAE,0.7645569620253164
Simulated,1500,12,HurdleGBM,all,CRPS,0.49915530555555554
Simulated,1500,12,HurdleGBM,all,pit_ks,0.07932386623855936
Simulated,1500,12,HurdleGBM,all,cov95,0.9488888888888889
Simulated,1500,12,HurdleGBM,all,cov50,0.8533333333333334
Simulated,1500,12,HurdleGBM,all,nMAE,0.7407862407862408
Simulated,1500,12,HurdleGBM,x>0,CRPS,0.8959732858649787
Simulated,1500,12,HurdleGBM,x>0,pit_ks,0.09723343976185994
Simulated,1500,12,HurdleGBM,x>0,cov95,0.9367088607594937
Simulated,1500,12,HurdleGBM,x>0,cov50,0.759493670886076
Simulated,1500,12,HurdleGBM,x>0,nMAE,0.7329113924050633
Simulated,1500,12,QuantileGBM,all,CRPS,0.56089575
Simulated,1500,12,QuantileGBM,all,pit_ks,0.09705184195463934
Simulated,1500,12,QuantileGBM,all,cov95,0.9555555555555556
Simulated,1500,12,QuantileGBM,all,cov50,0.8622222222222222
Simulated,1500,12,QuantileGBM,all,nMAE,0.984029484029484
Simulated,1500,12,QuantileGBM,x>0,CRPS,1.014064319620253
Simulated,1500,12,QuantileGBM,x>0,pit_ks,0.1118801732918967
Simulated,1500,12,QuantileGBM,x>0,cov95,0.9493670886075949
Simulated,1500,12,QuantileGBM,x>0,cov50,0.7763713080168776
Simulated,1500,12,QuantileGBM,x>0,nMAE,0.9835443037974684
Simulated,1500,13,BTYD,all,CRPS,0.43009652777777774
Simulated,1500,13,BTYD,all,pit_ks,0.03147146930524097
Simulated,1500,13,BTYD,all,cov95,0.98
Simulated,1500,13,BTYD,all,cov50,0.8711111111111111
Simulated,1500,13,BTYD,all,nMAE,0.6496437054631828
Simulated,1500,13,BTYD,x>0,CRPS,0.747879264193227
Simulated,1500,13,BTYD,x>0,pit_ks,0.06541644041209382
Simulated,1500,13,BTYD,x>0,cov95,0.9681274900398407
Simulated,1500,13,BTYD,x>0,cov50,0.7848605577689243
Simulated,1500,13,BTYD,x>0,nMAE,0.644578313253012
Simulated,1500,13,PoissonGBM,all,CRPS,0.5721323194444445
Simulated,1500,13,PoissonGBM,all,pit_ks,0.07136795013485964
Simulated,1500,13,PoissonGBM,all,cov95,0.9111111111111111
Simulated,1500,13,PoissonGBM,all,cov50,0.8422222222222222
Simulated,1500,13,PoissonGBM,all,nMAE,0.7648456057007125
Simulated,1500,13,PoissonGBM,x>0,CRPS,0.9967527390438246
Simulated,1500,13,PoissonGBM,x>0,pit_ks,0.12623306591666117
Simulated,1500,13,PoissonGBM,x>0,cov95,0.848605577689243
Simulated,1500,13,PoissonGBM,x>0,cov50,0.7330677290836654
Simulated,1500,13,PoissonGBM,x>0,nMAE,0.7614457831325301
Simulated,1500,13,HurdleGBM,all,CRPS,0.5441670277777777
Simulated,1500,13,HurdleGBM,all,pit_ks,0.05535413490025054
Simulated,1500,13,HurdleGBM,all,cov95,0.9488888888888889
Simulated,1500,13,HurdleGBM,all,cov50,0.8422222222222222
Simulated,1500,13,HurdleGBM,all,nMAE,0.7755344418052256
Simulated,1500,13,HurdleGBM,x>0,CRPS,0.9484186752988047
Simulated,1500,13,HurdleGBM,x>0,pit_ks,0.09661949994937169
Simulated,1500,13,HurdleGBM,x>0,cov95,0.9243027888446215
Simulated,1500,13,HurdleGBM,x>0,cov50,0.7330677290836654
Simulated,1500,13,HurdleGBM,x>0,nMAE,0.772289156626506
Simulated,1500,13,QuantileGBM,all,CRPS,0.5480210694444444
Simulated,1500,13,QuantileGBM,all,pit_ks,0.055283907354592654
Simulated,1500,13,QuantileGBM,all,cov95,0.9444444444444444
Simulated,1500,13,QuantileGBM,all,cov50,0.8955555555555555
Simulated,1500,13,QuantileGBM,all,nMAE,0.9524940617577197
Simulated,1500,13,QuantileGBM,x>0,CRPS,0.9564506723107571
Simulated,1500,13,QuantileGBM,x>0,pit_ks,0.10461559901749867
Simulated,1500,13,QuantileGBM,x>0,cov95,0.9123505976095617
Simulated,1500,13,QuantileGBM,x>0,cov50,0.8286852589641435
Simulated,1500,13,QuantileGBM,x>0,nMAE,0.9518072289156626
Simulated,1500,14,BTYD,all,CRPS,0.37781467013888886
Simulated,1500,14,BTYD,all,pit_ks,0.029956927061895455
Simulated,1500,14,BTYD,all,cov95,0.98
Simulated,1500,14,BTYD,all,cov50,0.9044444444444445
Simulated,1500,14,BTYD,all,nMAE,0.5331807780320366
Simulated,1500,14,BTYD,x>0,CRPS,0.6862917220744681
Simulated,1500,14,BTYD,x>0,pit_ks,0.06024387105028983
Simulated,1500,14,BTYD,x>0,cov95,0.9829787234042553
Simulated,1500,14,BTYD,x>0,cov50,0.8425531914893617
Simulated,1500,14,BTYD,x>0,nMAE,0.5233644859813085
Simulated,1500,14,PoissonGBM,all,CRPS,0.553825625
Simulated,1500,14,PoissonGBM,all,pit_ks,0.051088466820214784
Simulated,1500,14,PoissonGBM,all,cov95,0.9311111111111111
Simulated,1500,14,PoissonGBM,all,cov50,0.8666666666666667
Simulated,1500,14,PoissonGBM,all,nMAE,0.7185354691075515
Simulated,1500,14,PoissonGBM,x>0,CRPS,1.0212318882978721
Simulated,1500,14,PoissonGBM,x>0,pit_ks,0.08953964234497247
Simulated,1500,14,PoissonGBM,x>0,cov95,0.8936170212765957
Simulated,1500,14,PoissonGBM,x>0,cov50,0.7702127659574468
Simulated,1500,14,PoissonGBM,x>0,nMAE,0.7126168224299065
Simulated,1500,14,HurdleGBM,all,CRPS,0.5183368194444444
Simulated,1500,14,HurdleGBM,all,pit_ks,0.05063295821570368
Simulated,1500,14,HurdleGBM,all,cov95,0.9466666666666667
Simulated,1500,14,HurdleGBM,all,cov50,0.8622222222222222
Simulated,1500,14,HurdleGBM,all,nMAE,0.7002288329519452
Simulated,1500,14,HurdleGBM,x>0,CRPS,0.9538038563829789
Simulated,1500,14,HurdleGBM,x>0,pit_ks,0.0861399522353602
Simulated,1500,14,HurdleGBM,x>0,cov95,0.9234042553191489
Simulated,1500,14,HurdleGBM,x>0,cov50,0.7617021276595745
Simulated,1500,14,HurdleGBM,x>0,nMAE,0.6939252336448598
Simulated,1500,14,QuantileGBM,all,CRPS,0.5688576111111111
Simulated,1500,14,QuantileGBM,all,pit_ks,0.07293386116122968
Simulated,1500,14,QuantileGBM,all,cov95,0.9644444444444444
Simulated,1500,14,QuantileGBM,all,cov50,0.9222222222222223
Simulated,1500,14,QuantileGBM,all,nMAE,1.0
Simulated,1500,14,QuantileGBM,x>0,CRPS,1.0509049734042553
Simulated,1500,14,QuantileGBM,x>0,pit_ks,0.17033216353463615
Simulated,1500,14,QuantileGBM,x>0,cov95,0.9574468085106383
Simulated,1500,14,QuantileGBM,x>0,cov50,0.8765957446808511
Simulated,1500,14,QuantileGBM,x>0,nMAE,1.0
CDNow,2357,0,BTYD,all,CRPS,0.409642580887553
CDNow,2357,0,BTYD,all,pit_ks,0.06195507394564359
CDNow,2357,0,BTYD,all,cov95,0.9717114568599717
CDNow,2357,0,BTYD,all,cov50,0.8246110325318247
CDNow,2357,0,BTYD,all,nMAE,0.8455377574370709
CDNow,2357,0,BTYD,x>0,CRPS,0.7878148801523297
CDNow,2357,0,BTYD,x>0,pit_ks,0.06236043800694324
CDNow,2357,0,BTYD,x>0,cov95,0.967741935483871
CDNow,2357,0,BTYD,x>0,cov50,0.7455197132616488
CDNow,2357,0,BTYD,x>0,nMAE,0.8130193905817175
CDNow,2357,0,PoissonGBM,all,CRPS,0.47245817715700134
CDNow,2357,0,PoissonGBM,all,pit_ks,0.06749747389620375
CDNow,2357,0,PoissonGBM,all,cov95,0.942008486562942
CDNow,2357,0,PoissonGBM,all,cov50,0.8005657708628006
CDNow,2357,0,PoissonGBM,all,nMAE,0.9885583524027459
CDNow,2357,0,PoissonGBM,x>0,CRPS,0.9389183243727599
CDNow,2357,0,PoissonGBM,x>0,pit_ks,0.14342435064947678
CDNow,2357,0,PoissonGBM,x>0,cov95,0.899641577060932
CDNow,2357,0,PoissonGBM,x>0,cov50,0.6774193548387096
CDNow,2357,0,PoissonGBM,x>0,nMAE,0.9806094182825483
CDNow,2357,0,HurdleGBM,all,CRPS,0.4596317804101839
CDNow,2357,0,HurdleGBM,all,pit_ks,0.04992261309746715
CDNow,2357,0,HurdleGBM,all,cov95,0.9476661951909476
CDNow,2357,0,HurdleGBM,all,cov50,0.7963224893917963
CDNow,2357,0,HurdleGBM,all,nMAE,0.9473684210526315
CDNow,2357,0,HurdleGBM,x>0,CRPS,0.9131149865591398
CDNow,2357,0,HurdleGBM,x>0,pit_ks,0.12115787247664456
CDNow,2357,0,HurdleGBM,x>0,cov95,0.899641577060932
CDNow,2357,0,HurdleGBM,x>0,cov50,0.6702508960573477
CDNow,2357,0,HurdleGBM,x>0,nMAE,0.9362880886426593
CDNow,2357,0,QuantileGBM,all,CRPS,0.441128421145686
CDNow,2357,0,QuantileGBM,all,pit_ks,0.046312767639521746
CDNow,2357,0,QuantileGBM,all,cov95,0.958981612446959
CDNow,2357,0,QuantileGBM,all,cov50,0.8330975954738331
CDNow,2357,0,QuantileGBM,all,nMAE,0.9393592677345538
CDNow,2357,0,QuantileGBM,x>0,CRPS,0.8708053987455197
CDNow,2357,0,QuantileGBM,x>0,pit_ks,0.10489262503450869
CDNow,2357,0,QuantileGBM,x>0,cov95,0.9283154121863799
CDNow,2357,0,QuantileGBM,x>0,cov50,0.7598566308243727
CDNow,2357,0,QuantileGBM,x>0,nMAE,0.9265927977839334
CDNow,2357,1,BTYD,all,CRPS,0.36247778907355016
CDNow,2357,1,BTYD,all,pit_ks,0.06595277699050162
CDNow,2357,1,BTYD,all,cov95,0.9660537482319661
CDNow,2357,1,BTYD,all,cov50,0.8161244695898161
CDNow,2357,1,BTYD,all,nMAE,0.8428571428571429
CDNow,2357,1,BTYD,x>0,CRPS,0.6171713226010102
CDNow,2357,1,BTYD,x>0,pit_ks,0.05088040313507525
CDNow,2357,1,BTYD,x>0,cov95,0.9663299663299664
CDNow,2357,1,BTYD,x>0,cov50,0.7542087542087542
CDNow,2357,1,BTYD,x>0,nMAE,0.801639344262295
CDNow,2357,1,PoissonGBM,all,CRPS,0.4154338401697313
CDNow,2357,1,PoissonGBM,all,pit_ks,0.04673311472459951
CDNow,2357,1,PoissonGBM,all,cov95,0.9575671852899575
CDNow,2357,1,PoissonGBM,all,cov50,0.801980198019802
CDNow,2357,1,PoissonGBM,all,nMAE,1.0168831168831167
CDNow,2357,1,PoissonGBM,x>0,CRPS,0.744201957070707
CDNow,2357,1,PoissonGBM,x>0,pit_ks,0.10571067991392102
CDNow,2357,1,PoissonGBM,x>0,cov95,0.9326599326599326
CDNow,2357,1,PoissonGBM,x>0,cov50,0.7070707070707071
CDNow,2357,1,PoissonGBM,x>0,nMAE,1.021311475409836
CDNow,2357,1,HurdleGBM,all,CRPS,0.40938237270155586
CDNow,2357,1,HurdleGBM,all,pit_ks,0.04311062080706041
CDNow,2357,1,HurdleGBM,all,cov95,0.9618104667609618
CDNow,2357,1,HurdleGBM,all,cov50,0.7864214992927864
CDNow,2357,1,HurdleGBM,all,nMAE,0.9831168831168831
CDNow,2357,1,HurdleGBM,x>0,CRPS,0.7316208543771043
CDNow,2357,1,HurdleGBM,x>0,pit_ks,0.0872196659070254
CDNow,2357,1,HurdleGBM,x>0,cov95,0.9427609427609428
CDNow,2357,1,HurdleGBM,x>0,cov50,0.6801346801346801
CDNow,2357,1,HurdleGBM,x>0,nMAE,0.9786885245901638
CDNow,2357,1,QuantileGBM,all,CRPS,0.3837658239038189
CDNow,2357,1,QuantileGBM,all,pit_ks,0.06955777710327316
CDNow,2357,1,QuantileGBM,all,cov95,0.9646393210749646
CDNow,2357,1,QuantileGBM,all,cov50,0.8246110325318247
CDNow,2357,1,QuantileGBM,all,nMAE,0.9441558441558442
CDNow,2357,1,QuantileGBM,x>0,CRPS,0.6723062920875421
CDNow,2357,1,QuantileGBM,x>0,pit_ks,0.11278504577929704
CDNow,2357,1,QuantileGBM,x>0,cov95,0.9595959595959596
CDNow,2357,1,QuantileGBM,x>0,cov50,0.7643097643097643
CDNow,2357,1,QuantileGBM,x>0,nMAE,0.9295081967213115
CDNow,2357,2,BTYD,all,CRPS,0.38112540885785
CDNow,2357,2,BTYD,all,pit_ks,0.04584635321618846
CDNow,2357,2,BTYD,all,cov95,0.9702970297029703
CDNow,2357,2,BTYD,all,cov50,0.8316831683168316
CDNow,2357,2,BTYD,all,nMAE,0.8197115384615384
CDNow,2357,2,BTYD,x>0,CRPS,0.7316983442164179
CDNow,2357,2,BTYD,x>0,pit_ks,0.06116804833973544
CDNow,2357,2,BTYD,x>0,cov95,0.9701492537313433
CDNow,2357,2,BTYD,x>0,cov50,0.753731343283582
CDNow,2357,2,BTYD,x>0,nMAE,0.7774480712166173
CDNow,2357,2,PoissonGBM,all,CRPS,0.41469566831683163
CDNow,2357,2,PoissonGBM,all,pit_ks,0.051282588110966254
CDNow,2357,2,PoissonGBM,all,cov95,0.9476661951909476
CDNow,2357,2,PoissonGBM,all,cov50,0.8104667609618105
CDNow,2357,2,PoissonGBM,all,nMAE,0.8894230769230769
CDNow,2357,2,PoissonGBM,x>0,CRPS,0.8146567164179104
CDNow,2357,2,PoissonGBM,x>0,pit_ks,0.10482895175057114
CDNow,2357,2,PoissonGBM,x>0,cov95,0.9253731343283582
CDNow,2357,2,PoissonGBM,x>0,cov50,0.6902985074626866
CDNow,2357,2,PoissonGBM,x>0,nMAE,0.8635014836795253
CDNow,2357,2,HurdleGBM,all,CRPS,0.4065652316124469
CDNow,2357,2,HurdleGBM,all,pit_ks,0.03664973086247625
CDNow,2357,2,HurdleGBM,all,cov95,0.9603960396039604
CDNow,2357,2,HurdleGBM,all,cov50,0.8104667609618105
CDNow,2357,2,HurdleGBM,all,nMAE,0.8641826923076923
CDNow,2357,2,HurdleGBM,x>0,CRPS,0.7986579057835821
CDNow,2357,2,HurdleGBM,x>0,pit_ks,0.11228910881385068
CDNow,2357,2,HurdleGBM,x>0,cov95,0.9328358208955224
CDNow,2357,2,HurdleGBM,x>0,cov50,0.6940298507462687
CDNow,2357,2,HurdleGBM,x>0,nMAE,0.8323442136498517
CDNow,2357,2,QuantileGBM,all,CRPS,0.4103851396746817
CDNow,2357,2,QuantileGBM,all,pit_ks,0.06675960900694367
CDNow,2357,2,QuantileGBM,all,cov95,0.9575671852899575
CDNow,2357,2,QuantileGBM,all,cov50,0.8359264497878359
CDNow,2357,2,QuantileGBM,all,nMAE,0.9735576923076923
CDNow,2357,2,QuantileGBM,x>0,CRPS,0.8132776585820894
CDNow,2357,2,QuantileGBM,x>0,pit_ks,0.14756979891536337
CDNow,2357,2,QuantileGBM,x>0,cov95,0.9477611940298507
CDNow,2357,2,QuantileGBM,x>0,cov50,0.7574626865671642
CDNow,2357,2,QuantileGBM,x>0,nMAE,0.967359050445104
CDNow,2357,3,BTYD,all,CRPS,0.3563426007779349
CDNow,2357,3,BTYD,all,pit_ks,0.07569275313175461
CDNow,2357,3,BTYD,all,cov95,0.9717114568599717
CDNow,2357,3,BTYD,all,cov50,0.8316831683168316
CDNow,2357,3,BTYD,all,nMAE,0.911111111111111
CDNow,2357,3,BTYD,x>0,CRPS,0.6643243429770317
CDNow,2357,3,BTYD,x>0,pit_ks,0.10378088962824006
CDNow,2357,3,BTYD,x>0,cov95,0.9681978798586572
CDNow,2357,3,BTYD,x>0,cov50,0.7561837455830389
CDNow,2357,3,BTYD,x>0,nMAE,0.8900343642611683
CDNow,2357,3,PoissonGBM,all,CRPS,0.40889456329561524
CDNow,2357,3,PoissonGBM,all,pit_ks,0.04622381547251525
CDNow,2357,3,PoissonGBM,all,cov95,0.9632248939179632
CDNow,2357,3,PoissonGBM,all,cov50,0.7977369165487977
CDNow,2357,3,PoissonGBM,all,nMAE,1.0305555555555554
CDNow,2357,3,PoissonGBM,x>0,CRPS,0.7891858215547702
CDNow,2357,3,PoissonGBM,x>0,pit_ks,0.09828307163395505
CDNow,2357,3,PoissonGBM,x>0,cov95,0.9328621908127208
CDNow,2357,3,PoissonGBM,x>0,cov50,0.6678445229681979
CDNow,2357,3,PoissonGBM,x>0,nMAE,1.0274914089347078
CDNow,2357,3,HurdleGBM,all,CRPS,0.3998603253182461
CDNow,2357,3,HurdleGBM,all,pit_ks,0.03886470206549664
CDNow,2357,3,HurdleGBM,all,cov95,0.9674681753889675
CDNow,2357,3,HurdleGBM,all,cov50,0.801980198019802
CDNow,2357,3,HurdleGBM,all,nMAE,1.0291666666666668
CDNow,2357,3,HurdleGBM,x>0,CRPS,0.7735318904593639
CDNow,2357,3,HurdleGBM,x>0,pit_ks,0.08580428658198191
CDNow,2357,3,HurdleGBM,x>0,cov95,0.9434628975265018
CDNow,2357,3,HurdleGBM,x>0,cov50,0.6784452296819788
CDNow,2357,3,HurdleGBM,x>0,nMAE,1.0360824742268042
CDNow,2357,3,QuantileGBM,all,CRPS,0.3707844943422914
CDNow,2357,3,QuantileGBM,all,pit_ks,0.06340413407530715
CDNow,2357,3,QuantileGBM,all,cov95,0.9731258840169731
CDNow,2357,3,QuantileGBM,all,cov50,0.8373408769448374
CDNow,2357,3,QuantileGBM,all,nMAE,0.9888888888888887
CDNow,2357,3,QuantileGBM,x>0,CRPS,0.7036261925795053
CDNow,2357,3,QuantileGBM,x>0,pit_ks,0.11261754603808555
CDNow,2357,3,QuantileGBM,x>0,cov95,0.9646643109540636
CDNow,2357,3,QuantileGBM,x>0,cov50,0.7526501766784452
CDNow,2357,3,QuantileGBM,x>0,nMAE,0.9862542955326462
CDNow,2357,4,BTYD,all,CRPS,0.3867858247878359
CDNow,2357,4,BTYD,all,pit_ks,0.08150513793943381
CDNow,2357,4,BTYD,all,cov95,0.9759547383309759
CDNow,2357,4,BTYD,all,cov50,0.8231966053748232
CDNow,2357,4,BTYD,all,nMAE,0.850835322195704
CDNow,2357,4,BTYD,x>0,CRPS,0.7188008217993079
CDNow,2357,4,BTYD,x>0,pit_ks,0.12829400109357636
CDNow,2357,4,BTYD,x>0,cov95,0.9688581314878892
CDNow,2357,4,BTYD,x>0,cov50,0.7439446366782007
CDNow,2357,4,BTYD,x>0,nMAE,0.8204022988505747
CDNow,2357,4,PoissonGBM,all,CRPS,0.4299837429278642
CDNow,2357,4,PoissonGBM,all,pit_ks,0.03891817924933083
CDNow,2357,4,PoissonGBM,all,cov95,0.9490806223479491
CDNow,2357,4,PoissonGBM,all,cov50,0.8161244695898161
CDNow,2357,4,PoissonGBM,all,nMAE,0.9415274463007159
CDNow,2357,4,PoissonGBM,x>0,CRPS,0.819041955017301
CDNow,2357,4,PoissonGBM,x>0,pit_ks,0.07115200730717963
CDNow,2357,4,PoissonGBM,x>0,cov95,0.9100346020761245
CDNow,2357,4,PoissonGBM,x>0,cov50,0.7058823529411765
CDNow,2357,4,PoissonGBM,x>0,nMAE,0.918103448275862
CDNow,2357,4,HurdleGBM,all,CRPS,0.41520009724186707
CDNow,2357,4,HurdleGBM,all,pit_ks,0.03503773493949247
CDNow,2357,4,HurdleGBM,all,cov95,0.9646393210749646
CDNow,2357,4,HurdleGBM,all,cov50,0.809052333804809
CDNow,2357,4,HurdleGBM,all,nMAE,0.9009546539379474
CDNow,2357,4,HurdleGBM,x>0,CRPS,0.7889164359861591
CDNow,2357,4,HurdleGBM,x>0,pit_ks,0.05519943357351964
CDNow,2357,4,HurdleGBM,x>0,cov95,0.9446366782006921
CDNow,2357,4,HurdleGBM,x>0,cov50,0.7058823529411765
CDNow,2357,4,HurdleGBM,x>0,nMAE,0.8807471264367815
CDNow,2357,4,QuantileGBM,all,CRPS,0.428301511669024
CDNow,2357,4,QuantileGBM,all,pit_ks,0.09033004129932398
CDNow,2357,4,QuantileGBM,all,cov95,0.9618104667609618
CDNow,2357,4,QuantileGBM,all,cov50,0.8246110325318247
CDNow,2357,4,QuantileGBM,all,nMAE,1.0
CDNow,2357,4,QuantileGBM,x>0,CRPS,0.8228022491349481
CDNow,2357,4,QuantileGBM,x>0,pit_ks,0.1871392750833238
CDNow,2357,4,QuantileGBM,x>0,cov95,0.9446366782006921
CDNow,2357,4,QuantileGBM,x>0,cov50,0.7474048442906575
CDNow,2357,4,QuantileGBM,x>0,nMAE,1.0
CDNow,2357,5,BTYD,all,CRPS,0.3976461390558698
CDNow,2357,5,BTYD,all,pit_ks,0.06138478024171834
CDNow,2357,5,BTYD,all,cov95,0.9702970297029703
CDNow,2357,5,BTYD,all,cov50,0.8330975954738331
CDNow,2357,5,BTYD,all,nMAE,0.8078651685393258
CDNow,2357,5,BTYD,x>0,CRPS,0.7472257313829788
CDNow,2357,5,BTYD,x>0,pit_ks,0.06772502083419207
CDNow,2357,5,BTYD,x>0,cov95,0.975177304964539
CDNow,2357,5,BTYD,x>0,cov50,0.74822695035461
CDNow,2357,5,BTYD,x>0,nMAE,0.768918918918919
CDNow,2357,5,PoissonGBM,all,CRPS,0.4516387641442715
CDNow,2357,5,PoissonGBM,all,pit_ks,0.053050944104773734
CDNow,2357,5,PoissonGBM,all,cov95,0.9448373408769448
CDNow,2357,5,PoissonGBM,all,cov50,0.8203677510608204
CDNow,2357,5,PoissonGBM,all,nMAE,0.9
CDNow,2357,5,PoissonGBM,x>0,CRPS,0.8667997118794326
CDNow,2357,5,PoissonGBM,x>0,pit_ks,0.07768102714564318
CDNow,2357,5,PoissonGBM,x>0,cov95,0.9113475177304965
CDNow,2357,5,PoissonGBM,x>0,cov50,0.7056737588652482
CDNow,2357,5,PoissonGBM,x>0,nMAE,0.8743243243243243
CDNow,2357,5,HurdleGBM,all,CRPS,0.44795706329561524
CDNow,2357,5,HurdleGBM,all,pit_ks,0.039488787083256094
CDNow,2357,5,HurdleGBM,all,cov95,0.9490806223479491
CDNow,2357,5,HurdleGBM,all,cov50,0.8359264497878359
CDNow,2357,5,HurdleGBM,all,nMAE,0.8741573033707866
CDNow,2357,5,HurdleGBM,x>0,CRPS,0.8639523492907801
CDNow,2357,5,HurdleGBM,x>0,pit_ks,0.0660319875968951
CDNow,2357,5,HurdleGBM,x>0,cov95,0.9219858156028369
CDNow,2357,5,HurdleGBM,x>0,cov50,0.74822695035461
CDNow,2357,5,HurdleGBM,x>0,nMAE,0.8486486486486486
CDNow,2357,5,QuantileGBM,all,CRPS,0.43966591230551627
CDNow,2357,5,QuantileGBM,all,pit_ks,0.052048916133821316
CDNow,2357,5,QuantileGBM,all,cov95,0.9603960396039604
CDNow,2357,5,QuantileGBM,all,cov50,0.8330975954738331
CDNow,2357,5,QuantileGBM,all,nMAE,0.9662921348314607
CDNow,2357,5,QuantileGBM,x>0,CRPS,0.8482107491134753
CDNow,2357,5,QuantileGBM,x>0,pit_ks,0.09766928542399733
CDNow,2357,5,QuantileGBM,x>0,cov95,0.950354609929078
CDNow,2357,5,QuantileGBM,x>0,cov50,0.7411347517730497
CDNow,2357,5,QuantileGBM,x>0,nMAE,0.9594594594594595
CDNow,2357,6,BTYD,all,CRPS,0.3430483115275813
CDNow,2357,6,BTYD,all,pit_ks,0.061672421886574624
CDNow,2357,6,BTYD,all,cov95,0.9688826025459689
CDNow,2357,6,BTYD,all,cov50,0.842998585572843
CDNow,2357,6,BTYD,all,nMAE,0.8547945205479454
CDNow,2357,6,BTYD,x>0,CRPS,0.6127011427238807
CDNow,2357,6,BTYD,x>0,pit_ks,0.05278938808267697
CDNow,2357,6,BTYD,x>0,cov95,0.9850746268656716
CDNow,2357,6,BTYD,x>0,cov50,0.7761194029850746
CDNow,2357,6,BTYD,x>0,nMAE,0.8113879003558719
CDNow,2357,6,PoissonGBM,all,CRPS,0.40915545438472417
CDNow,2357,6,PoissonGBM,all,pit_ks,0.057814205073823566
CDNow,2357,6,PoissonGBM,all,cov95,0.9504950495049505
CDNow,2357,6,PoissonGBM,all,cov50,0.8217821782178217
CDNow,2357,6,PoissonGBM,all,nMAE,0.9972602739726029
CDNow,2357,6,PoissonGBM,x>0,CRPS,0.773413036380597
CDNow,2357,6,PoissonGBM,x>0,pit_ks,0.14029296156102614
CDNow,2357,6,PoissonGBM,x>0,cov95,0.9402985074626866
CDNow,2357,6,PoissonGBM,x>0,cov50,0.7052238805970149
CDNow,2357,6,PoissonGBM,x>0,nMAE,0.9964412811387899
CDNow,2357,6,HurdleGBM,all,CRPS,0.3896147100424328
CDNow,2357,6,HurdleGBM,all,pit_ks,0.04096165579331071
CDNow,2357,6,HurdleGBM,all,cov95,0.9646393210749646
CDNow,2357,6,HurdleGBM,all,cov50,0.8203677510608204
CDNow,2357,6,HurdleGBM,all,nMAE,0.9739726027397261
CDNow,2357,6,HurdleGBM,x>0,CRPS,0.7308981343283583
CDNow,2357,6,HurdleGBM,x>0,pit_ks,0.08855841445529039
CDNow,2357,6,HurdleGBM,x>0,cov95,0.9626865671641791
CDNow,2357,6,HurdleGBM,x>0,cov50,0.7126865671641791
CDNow,2357,6,HurdleGBM,x>0,nMAE,0.9661921708185054
CDNow,2357,6,QuantileGBM,all,CRPS,0.38071458628005656
CDNow,2357,6,QuantileGBM,all,pit_ks,0.06240451533440511
CDNow,2357,6,QuantileGBM,all,cov95,0.9745403111739745
CDNow,2357,6,QuantileGBM,all,cov50,0.8514851485148515
CDNow,2357,6,QuantileGBM,all,nMAE,1.0013698630136987
CDNow,2357,6,QuantileGBM,x>0,CRPS,0.7130653218283582
CDNow,2357,6,QuantileGBM,x>0,pit_ks,0.1299008027611257
CDNow,2357,6,QuantileGBM,x>0,cov95,0.9850746268656716
CDNow,2357,6,QuantileGBM,x>0,cov50,0.7985074626865671
CDNow,2357,6,QuantileGBM,x>0,nMAE,1.001779359430605
CDNow,2357,7,BTYD,all,CRPS,0.4302970849540312
CDNow,2357,7,BTYD,all,pit_ks,0.06385484134949604
CDNow,2357,7,BTYD,all,cov95,0.9575671852899575
CDNow,2357,7,BTYD,all,cov50,0.8330975954738331
CDNow,2357,7,BTYD,all,nMAE,0.8449023861171366
CDNow,2357,7,BTYD,x>0,CRPS,0.8465588631465517
CDNow,2357,7,BTYD,x>0,pit_ks,0.11138015557114544
CDNow,2357,7,BTYD,x>0,cov95,0.9344827586206896
CDNow,2357,7,BTYD,x>0,cov50,0.7172413793103448
CDNow,2357,7,BTYD,x>0,nMAE,0.8208020050125314
CDNow,2357,7,PoissonGBM,all,CRPS,0.4691551184582744
CDNow,2357,7,PoissonGBM,all,pit_ks,0.04955751307398579
CDNow,2357,7,PoissonGBM,all,cov95,0.9391796322489392
CDNow,2357,7,PoissonGBM,all,cov50,0.8288543140028288
CDNow,2357,7,PoissonGBM,all,nMAE,0.8731019522776572
CDNow,2357,7,PoissonGBM,x>0,CRPS,0.9301890086206895
CDNow,2357,7,PoissonGBM,x>0,pit_ks,0.1317925608144399
CDNow,2357,7,PoissonGBM,x>0,cov95,0.8862068965517241
CDNow,2357,7,PoissonGBM,x>0,cov50,0.6793103448275862
CDNow,2357,7,PoissonGBM,x>0,nMAE,0.8533834586466166
CDNow,2357,7,HurdleGBM,all,CRPS,0.46375662128712875
CDNow,2357,7,HurdleGBM,all,pit_ks,0.03579816845548556
CDNow,2357,7,HurdleGBM,all,cov95,0.9490806223479491
CDNow,2357,7,HurdleGBM,all,cov50,0.8387553041018387
CDNow,2357,7,HurdleGBM,all,nMAE,0.8752711496746204
CDNow,2357,7,HurdleGBM,x>0,CRPS,0.9233920474137931
CDNow,2357,7,HurdleGBM,x>0,pit_ks,0.10234463858245624
CDNow,2357,7,HurdleGBM,x>0,cov95,0.9
CDNow,2357,7,HurdleGBM,x>0,cov50,0.7172413793103448
CDNow,2357,7,HurdleGBM,x>0,nMAE,0.8558897243107769
CDNow,2357,7,QuantileGBM,all,CRPS,0.4506002386845827
CDNow,2357,7,QuantileGBM,all,pit_ks,0.043482370596437114
CDNow,2357,7,QuantileGBM,all,cov95,0.9519094766619519
CDNow,2357,7,QuantileGBM,all,cov50,0.8557284299858557
CDNow,2357,7,QuantileGBM,all,nMAE,0.9186550976138829
CDNow,2357,7,QuantileGBM,x>0,CRPS,0.8880498275862069
CDNow,2357,7,QuantileGBM,x>0,pit_ks,0.12103030191905378
CDNow,2357,7,QuantileGBM,x>0,cov95,0.9137931034482759
CDNow,2357,7,QuantileGBM,x>0,cov50,0.7655172413793103
CDNow,2357,7,QuantileGBM,x>0,nMAE,0.906015037593985
CDNow,2357,8,BTYD,all,CRPS,0.32653542698019805
CDNow,2357,8,BTYD,all,pit_ks,0.03354822227862431
CDNow,2357,8,BTYD,all,cov95,0.9816124469589816
CDNow,2357,8,BTYD,all,cov50,0.8543140028288543
CDNow,2357,8,BTYD,all,nMAE,0.8219178082191781
CDNow,2357,8,BTYD,x>0,CRPS,0.6695980674342105
CDNow,2357,8,BTYD,x>0,pit_ks,0.06525340311825933
CDNow,2357,8,BTYD,x>0,cov95,0.981203007518797
CDNow,2357,8,BTYD,x>0,cov50,0.7593984962406015
CDNow,2357,8,BTYD,x>0,nMAE,0.7896440129449838
CDNow,2357,8,PoissonGBM,all,CRPS,0.3743575848656294
CDNow,2357,8,PoissonGBM,all,pit_ks,0.08015055760749268
CDNow,2357,8,PoissonGBM,all,cov95,0.9547383309759547
CDNow,2357,8,PoissonGBM,all,cov50,0.8345120226308345
CDNow,2357,8,PoissonGBM,all,nMAE,0.941095890410959
CDNow,2357,8,PoissonGBM,x>0,CRPS,0.779937852443609
CDNow,2357,8,PoissonGBM,x>0,pit_ks,0.11078830107113091
CDNow,2357,8,PoissonGBM,x>0,cov95,0.9097744360902256
CDNow,2357,8,PoissonGBM,x>0,cov50,0.6992481203007519
CDNow,2357,8,PoissonGBM,x>0,nMAE,0.9271844660194175
CDNow,2357,8,HurdleGBM,all,CRPS,0.35622492043847237
CDNow,2357,8,HurdleGBM,all,pit_ks,0.05226689861965511
CDNow,2357,8,HurdleGBM,all,cov95,0.9660537482319661
CDNow,2357,8,HurdleGBM,all,cov50,0.8359264497878359
CDNow,2357,8,HurdleGBM,all,nMAE,0.8890410958904111
CDNow,2357,8,HurdleGBM,x>0,CRPS,0.7401536419172932
CDNow,2357,8,HurdleGBM,x>0,pit_ks,0.09650824639089273
CDNow,2357,8,HurdleGBM,x>0,cov95,0.9285714285714286
CDNow,2357,8,HurdleGBM,x>0,cov50,0.7105263157894737
CDNow,2357,8,HurdleGBM,x>0,nMAE,0.8689320388349515
CDNow,2357,8,QuantileGBM,all,CRPS,0.35940726661951905
CDNow,2357,8,QuantileGBM,all,pit_ks,0.031012537524583772
CDNow,2357,8,QuantileGBM,all,cov95,0.9646393210749646
CDNow,2357,8,QuantileGBM,all,cov50,0.8500707213578501
CDNow,2357,8,QuantileGBM,all,nMAE,0.9712328767123289
CDNow,2357,8,QuantileGBM,x>0,CRPS,0.7506623590225563
CDNow,2357,8,QuantileGBM,x>0,pit_ks,0.11807552709452068
CDNow,2357,8,QuantileGBM,x>0,cov95,0.9285714285714286
CDNow,2357,8,QuantileGBM,x>0,cov50,0.7330827067669173
CDNow,2357,8,QuantileGBM,x>0,nMAE,0.9660194174757282
CDNow,2357,9,BTYD,all,CRPS,0.33371734662305513
CDNow,2357,9,BTYD,all,pit_ks,0.07147615732898349
CDNow,2357,9,BTYD,all,cov95,0.9731258840169731
CDNow,2357,9,BTYD,all,cov50,0.8486562942008486
CDNow,2357,9,BTYD,all,nMAE,0.8575418994413407
CDNow,2357,9,BTYD,x>0,CRPS,0.6466033568904593
CDNow,2357,9,BTYD,x>0,pit_ks,0.09223052590288933
CDNow,2357,9,BTYD,x>0,cov95,0.9681978798586572
CDNow,2357,9,BTYD,x>0,cov50,0.7667844522968198
CDNow,2357,9,BTYD,x>0,nMAE,0.8305647840531561
CDNow,2357,9,PoissonGBM,all,CRPS,0.40757082743988676
CDNow,2357,9,PoissonGBM,all,pit_ks,0.03907447554985105
CDNow,2357,9,PoissonGBM,all,cov95,0.9476661951909476
CDNow,2357,9,PoissonGBM,all,cov50,0.8316831683168316
CDNow,2357,9,PoissonGBM,all,nMAE,1.0614525139664803
CDNow,2357,9,PoissonGBM,x>0,CRPS,0.8177465547703179
CDNow,2357,9,PoissonGBM,x>0,pit_ks,0.08748945666473128
CDNow,2357,9,PoissonGBM,x>0,cov95,0.8975265017667845
CDNow,2357,9,PoissonGBM,x>0,cov50,0.6855123674911661
CDNow,2357,9,PoissonGBM,x>0,nMAE,1.053156146179402
CDNow,2357,9,HurdleGBM,all,CRPS,0.39501725601131543
CDNow,2357,9,HurdleGBM,all,pit_ks,0.025932269933296115
CDNow,2357,9,HurdleGBM,all,cov95,0.9618104667609618
CDNow,2357,9,HurdleGBM,all,cov50,0.8401697312588402
CDNow,2357,9,HurdleGBM,all,nMAE,1.0125698324022345
CDNow,2357,9,HurdleGBM,x>0,CRPS,0.7954215989399293
CDNow,2357,9,HurdleGBM,x>0,pit_ks,0.07436899999098401
CDNow,2357,9,HurdleGBM,x>0,cov95,0.9293286219081273
CDNow,2357,9,HurdleGBM,x>0,cov50,0.7420494699646644
CDNow,2357,9,HurdleGBM,x>0,nMAE,1.0149501661129567
CDNow,2357,9,QuantileGBM,all,CRPS,0.3650014497878359
CDNow,2357,9,QuantileGBM,all,pit_ks,0.06192286974742661
CDNow,2357,9,QuantileGBM,all,cov95,0.9646393210749646
CDNow,2357,9,QuantileGBM,all,cov50,0.8444130127298444
CDNow,2357,9,QuantileGBM,all,nMAE,0.9650837988826815
CDNow,2357,9,QuantileGBM,x>0,CRPS,0.7205562500000001
CDNow,2357,9,QuantileGBM,x>0,pit_ks,0.15062140335804935
CDNow,2357,9,QuantileGBM,x>0,cov95,0.9434628975265018
CDNow,2357,9,QuantileGBM,x>0,cov50,0.7455830388692579
CDNow,2357,9,QuantileGBM,x>0,nMAE,0.9584717607973421
CDNow,2357,10,BTYD,all,CRPS,0.3865171388790665
CDNow,2357,10,BTYD,all,pit_ks,0.06485979072631176
CDNow,2357,10,BTYD,all,cov95,0.9688826025459689
CDNow,2357,10,BTYD,all,cov50,0.8486562942008486
CDNow,2357,10,BTYD,all,nMAE,0.8641025641025643
CDNow,2357,10,BTYD,x>0,CRPS,0.7323730826465201
CDNow,2357,10,BTYD,x>0,pit_ks,0.07456564150498468
CDNow,2357,10,BTYD,x>0,cov95,0.9633699633699634
CDNow,2357,10,BTYD,x>0,cov50,0.7838827838827839
CDNow,2357,10,BTYD,x>0,nMAE,0.8301282051282052
CDNow,2357,10,PoissonGBM,all,CRPS,0.45213202793493634
CDNow,2357,10,PoissonGBM,all,pit_ks,0.05238523751974716
CDNow,2357,10,PoissonGBM,all,cov95,0.9490806223479491
CDNow,2357,10,PoissonGBM,all,cov50,0.8217821782178217
CDNow,2357,10,PoissonGBM,all,nMAE,1.026923076923077
CDNow,2357,10,PoissonGBM,x>0,CRPS,0.8924195054945054
CDNow,2357,10,PoissonGBM,x>0,pit_ks,0.09019754243297007
CDNow,2357,10,PoissonGBM,x>0,cov95,0.9084249084249084
CDNow,2357,10,PoissonGBM,x>0,cov50,0.6813186813186813
CDNow,2357,10,PoissonGBM,x>0,nMAE,1.0336538461538463
CDNow,2357,10,HurdleGBM,all,CRPS,0.4324346092644979
CDNow,2357,10,HurdleGBM,all,pit_ks,0.034174755297870396
CDNow,2357,10,HurdleGBM,all,cov95,0.9575671852899575
CDNow,2357,10,HurdleGBM,all,cov50,0.8231966053748232
CDNow,2357,10,HurdleGBM,all,nMAE,0.9717948717948718
CDNow,2357,10,HurdleGBM,x>0,CRPS,0.8467507326007325
CDNow,2357,10,HurdleGBM,x>0,pit_ks,0.0672914847194166
CDNow,2357,10,HurdleGBM,x>0,cov95,0.9230769230769231
CDNow,2357,10,HurdleGBM,x>0,cov50,0.706959706959707
CDNow,2357,10,HurdleGBM,x>0,nMAE,0.9647435897435899
CDNow,2357,10,QuantileGBM,all,CRPS,0.41643534299858553
CDNow,2357,10,QuantileGBM,all,pit_ks,0.07155451346656905
CDNow,2357,10,QuantileGBM,all,cov95,0.9575671852899575
CDNow,2357,10,QuantileGBM,all,cov50,0.8458274398868458
CDNow,2357,10,QuantileGBM,all,nMAE,0.9756410256410257
CDNow,2357,10,QuantileGBM,x>0,CRPS,0.8068825091575093
CDNow,2357,10,QuantileGBM,x>0,pit_ks,0.16799530446264638
CDNow,2357,10,QuantileGBM,x>0,cov95,0.9304029304029304
CDNow,2357,10,QuantileGBM,x>0,cov50,0.7655677655677655
CDNow,2357,10,QuantileGBM,x>0,nMAE,0.9695512820512822
CDNow,2357,11,BTYD,all,CRPS,0.33727711722065057
CDNow,2357,11,BTYD,all,pit_ks,0.06305939404078464
CDNow,2357,11,BTYD,all,cov95,0.9702970297029703
CDNow,2357,11,BTYD,all,cov50,0.842998585572843
CDNow,2357,11,BTYD,all,nMAE,0.815068493150685
CDNow,2357,11,BTYD,x>0,CRPS,0.6106557329963236
CDNow,2357,11,BTYD,x>0,pit_ks,0.11087764630272501
CDNow,2357,11,BTYD,x>0,cov95,0.9669117647058824
CDNow,2357,11,BTYD,x>0,cov50,0.7683823529411765
CDNow,2357,11,BTYD,x>0,nMAE,0.765625
CDNow,2357,11,PoissonGBM,all,CRPS,0.3649107496463932
CDNow,2357,11,PoissonGBM,all,pit_ks,0.05462104539920823
CDNow,2357,11,PoissonGBM,all,cov95,0.9547383309759547
CDNow,2357,11,PoissonGBM,all,cov50,0.8401697312588402
CDNow,2357,11,PoissonGBM,all,nMAE,0.878082191780822
CDNow,2357,11,PoissonGBM,x>0,CRPS,0.6721531709558823
CDNow,2357,11,PoissonGBM,x>0,pit_ks,0.08334547415852678
CDNow,2357,11,PoissonGBM,x>0,cov95,0.9264705882352942
CDNow,2357,11,PoissonGBM,x>0,cov50,0.7389705882352942
CDNow,2357,11,PoissonGBM,x>0,nMAE,0.8454861111111112
CDNow,2357,11,HurdleGBM,all,CRPS,0.36761890912305517
CDNow,2357,11,HurdleGBM,all,pit_ks,0.039312664904857075
CDNow,2357,11,HurdleGBM,all,cov95,0.9575671852899575
CDNow,2357,11,HurdleGBM,all,cov50,0.8274398868458275
CDNow,2357,11,HurdleGBM,all,nMAE,0.9123287671232878
CDNow,2357,11,HurdleGBM,x>0,CRPS,0.6886981387867647
CDNow,2357,11,HurdleGBM,x>0,pit_ks,0.06293473117162818
CDNow,2357,11,HurdleGBM,x>0,cov95,0.9301470588235294
CDNow,2357,11,HurdleGBM,x>0,cov50,0.7242647058823529
CDNow,2357,11,HurdleGBM,x>0,nMAE,0.8888888888888888
CDNow,2357,11,QuantileGBM,all,CRPS,0.3647312057991513
CDNow,2357,11,QuantileGBM,all,pit_ks,0.043026028109604986
CDNow,2357,11,QuantileGBM,all,cov95,0.9603960396039604
CDNow,2357,11,QuantileGBM,all,cov50,0.8401697312588402
CDNow,2357,11,QuantileGBM,all,nMAE,0.9178082191780822
CDNow,2357,11,QuantileGBM,x>0,CRPS,0.67887265625
CDNow,2357,11,QuantileGBM,x>0,pit_ks,0.15555235952928975
CDNow,2357,11,QuantileGBM,x>0,cov95,0.9375
CDNow,2357,11,QuantileGBM,x>0,cov50,0.75
CDNow,2357,11,QuantileGBM,x>0,nMAE,0.8958333333333333
CDNow,2357,12,BTYD,all,CRPS,0.3869760541902405
CDNow,2357,12,BTYD,all,pit_ks,0.07045339721632649
CDNow,2357,12,BTYD,all,cov95,0.9660537482319661
CDNow,2357,12,BTYD,all,cov50,0.8302687411598303
CDNow,2357,12,BTYD,all,nMAE,0.7919540229885057
CDNow,2357,12,BTYD,x>0,CRPS,0.7323653590425532
CDNow,2357,12,BTYD,x>0,pit_ks,0.14028166275366621
CDNow,2357,12,BTYD,x>0,cov95,0.9574468085106383
CDNow,2357,12,BTYD,x>0,cov50,0.7304964539007093
CDNow,2357,12,BTYD,x>0,nMAE,0.7513736263736263
CDNow,2357,12,PoissonGBM,all,CRPS,0.44191171322489387
CDNow,2357,12,PoissonGBM,all,pit_ks,0.04647972179910423
CDNow,2357,12,PoissonGBM,all,cov95,0.9462517680339463
CDNow,2357,12,PoissonGBM,all,cov50,0.8175388967468176
CDNow,2357,12,PoissonGBM,all,nMAE,0.9172413793103447
CDNow,2357,12,PoissonGBM,x>0,CRPS,0.8576664450354611
CDNow,2357,12,PoissonGBM,x>0,pit_ks,0.1010475111531447
CDNow,2357,12,PoissonGBM,x>0,cov95,0.9113475177304965
CDNow,2357,12,PoissonGBM,x>0,cov50,0.6808510638297872
CDNow,2357,12,PoissonGBM,x>0,nMAE,0.901098901098901
CDNow,2357,12,HurdleGBM,all,CRPS,0.43335111386138614
CDNow,2357,12,HurdleGBM,all,pit_ks,0.042717328233118024
CDNow,2357,12,HurdleGBM,all,cov95,0.9618104667609618
CDNow,2357,12,HurdleGBM,all,cov50,0.801980198019802
CDNow,2357,12,HurdleGBM,all,nMAE,0.9172413793103447
CDNow,2357,12,HurdleGBM,x>0,CRPS,0.8479988475177305
CDNow,2357,12,HurdleGBM,x>0,pit_ks,0.12109423157990684
CDNow,2357,12,HurdleGBM,x>0,cov95,0.9290780141843972
CDNow,2357,12,HurdleGBM,x>0,cov50,0.6524822695035462
CDNow,2357,12,HurdleGBM,x>0,nMAE,0.901098901098901
CDNow,2357,12,QuantileGBM,all,CRPS,0.4271872347949081
CDNow,2357,12,QuantileGBM,all,pit_ks,0.061005388189336596
CDNow,2357,12,QuantileGBM,all,cov95,0.9575671852899575
CDNow,2357,12,QuantileGBM,all,cov50,0.8359264497878359
CDNow,2357,12,QuantileGBM,all,nMAE,0.9505747126436782
CDNow,2357,12,QuantileGBM,x>0,CRPS,0.833754100177305
CDNow,2357,12,QuantileGBM,x>0,pit_ks,0.175940261560471
CDNow,2357,12,QuantileGBM,x>0,cov95,0.9397163120567376
CDNow,2357,12,QuantileGBM,x>0,cov50,0.7375886524822695
CDNow,2357,12,QuantileGBM,x>0,nMAE,0.9409340659340659
CDNow,2357,13,BTYD,all,CRPS,0.34255834512022626
CDNow,2357,13,BTYD,all,pit_ks,0.04992027686946965
CDNow,2357,13,BTYD,all,cov95,0.9787835926449788
CDNow,2357,13,BTYD,all,cov50,0.8458274398868458
CDNow,2357,13,BTYD,all,nMAE,0.8672086720867208
CDNow,2357,13,BTYD,x>0,CRPS,0.6905090591755318
CDNow,2357,13,BTYD,x>0,pit_ks,0.07283925270005182
CDNow,2357,13,BTYD,x>0,cov95,0.9787234042553191
CDNow,2357,13,BTYD,x>0,cov50,0.7553191489361702
CDNow,2357,13,BTYD,x>0,nMAE,0.8459119496855346
CDNow,2357,13,PoissonGBM,all,CRPS,0.38850431400282887
CDNow,2357,13,PoissonGBM,all,pit_ks,0.05988696419115469
CDNow,2357,13,PoissonGBM,all,cov95,0.9603960396039604
CDNow,2357,13,PoissonGBM,all,cov50,0.8401697312588402
CDNow,2357,13,PoissonGBM,all,nMAE,0.9241192411924118
CDNow,2357,13,PoissonGBM,x>0,CRPS,0.7882237588652481
CDNow,2357,13,PoissonGBM,x>0,pit_ks,0.07504815239149695
CDNow,2357,13,PoissonGBM,x>0,cov95,0.925531914893617
CDNow,2357,13,PoissonGBM,x>0,cov50,0.723404255319149
CDNow,2357,13,PoissonGBM,x>0,nMAE,0.9103773584905661
CDNow,2357,13,HurdleGBM,all,CRPS,0.3869661775106082
CDNow,2357,13,HurdleGBM,all,pit_ks,0.03397862347023933
CDNow,2357,13,HurdleGBM,all,cov95,0.9688826025459689
CDNow,2357,13,HurdleGBM,all,cov50,0.8444130127298444
CDNow,2357,13,HurdleGBM,all,nMAE,0.9728997289972899
CDNow,2357,13,HurdleGBM,x>0,CRPS,0.7952020390070922
CDNow,2357,13,HurdleGBM,x>0,pit_ks,0.05926203816049758
CDNow,2357,13,HurdleGBM,x>0,cov95,0.9361702127659575
CDNow,2357,13,HurdleGBM,x>0,cov50,0.7411347517730497
CDNow,2357,13,HurdleGBM,x>0,nMAE,0.9685534591194969
CDNow,2357,13,QuantileGBM,all,CRPS,0.36917935820367753
CDNow,2357,13,QuantileGBM,all,pit_ks,0.04827113892773588
CDNow,2357,13,QuantileGBM,all,cov95,0.9745403111739745
CDNow,2357,13,QuantileGBM,all,cov50,0.8557284299858557
CDNow,2357,13,QuantileGBM,all,nMAE,0.9891598915989158
CDNow,2357,13,QuantileGBM,x>0,CRPS,0.7515741356382979
CDNow,2357,13,QuantileGBM,x>0,pit_ks,0.13468398337025778
CDNow,2357,13,QuantileGBM,x>0,cov95,0.9645390070921985
CDNow,2357,13,QuantileGBM,x>0,cov50,0.7730496453900709
CDNow,2357,13,QuantileGBM,x>0,nMAE,0.9874213836477987
CDNow,2357,14,BTYD,all,CRPS,0.41901354756011316
CDNow,2357,14,BTYD,all,pit_ks,0.08154200255432109
CDNow,2357,14,BTYD,all,cov95,0.9731258840169731
CDNow,2357,14,BTYD,all,cov50,0.8118811881188119
CDNow,2357,14,BTYD,all,nMAE,0.860178970917226
CDNow,2357,14,BTYD,x>0,CRPS,0.7001674659653466
CDNow,2357,14,BTYD,x>0,pit_ks,0.11257814241413433
CDNow,2357,14,BTYD,x>0,cov95,0.9801980198019802
CDNow,2357,14,BTYD,x>0,cov50,0.7491749174917491
CDNow,2357,14,BTYD,x>0,nMAE,0.824438202247191
CDNow,2357,14,PoissonGBM,all,CRPS,0.47722733380480903
CDNow,2357,14,PoissonGBM,all,pit_ks,0.060128812772951234
CDNow,2357,14,PoissonGBM,all,cov95,0.9363507779349364
CDNow,2357,14,PoissonGBM,all,cov50,0.7977369165487977
CDNow,2357,14,PoissonGBM,all,nMAE,0.9630872483221476
CDNow,2357,14,PoissonGBM,x>0,CRPS,0.8338594884488448
CDNow,2357,14,PoissonGBM,x>0,pit_ks,0.07698383319157498
CDNow,2357,14,PoissonGBM,x>0,cov95,0.9108910891089109
CDNow,2357,14,PoissonGBM,x>0,cov50,0.7062706270627063
CDNow,2357,14,PoissonGBM,x>0,nMAE,0.9536516853932584
CDNow,2357,14,HurdleGBM,all,CRPS,0.4617469855021216
CDNow,2357,14,HurdleGBM,all,pit_ks,0.06111317011217077
CDNow,2357,14,HurdleGBM,all,cov95,0.9547383309759547
CDNow,2357,14,HurdleGBM,all,cov50,0.7949080622347949
CDNow,2357,14,HurdleGBM,all,nMAE,0.9161073825503355
CDNow,2357,14,HurdleGBM,x>0,CRPS,0.8035035272277228
CDNow,2357,14,HurdleGBM,x>0,pit_ks,0.06703387182396625
CDNow,2357,14,HurdleGBM,x>0,cov95,0.9405940594059405
CDNow,2357,14,HurdleGBM,x>0,cov50,0.7095709570957096
CDNow,2357,14,HurdleGBM,x>0,nMAE,0.8946629213483145
CDNow,2357,14,QuantileGBM,all,CRPS,0.4585580003536068
CDNow,2357,14,QuantileGBM,all,pit_ks,0.08705034759127672
CDNow,2357,14,QuantileGBM,all,cov95,0.958981612446959
CDNow,2357,14,QuantileGBM,all,cov50,0.8048090523338048
CDNow,2357,14,QuantileGBM,all,nMAE,0.9731543624161075
CDNow,2357,14,QuantileGBM,x>0,CRPS,0.7965089315181518
CDNow,2357,14,QuantileGBM,x>0,pit_ks,0.15926953466390104
CDNow,2357,14,QuantileGBM,x>0,cov95,0.9537953795379538
CDNow,2357,14,QuantileGBM,x>0,cov50,0.7293729372937293
CDNow,2357,14,QuantileGBM,x>0,nMAE,0.9662921348314606
Grocery,1525,0,BTYD,all,CRPS,0.47526354394104803
Grocery,1525,0,BTYD,all,pit_ks,0.03804507637220744
Grocery,1525,0,BTYD,all,cov95,0.9716157205240175
Grocery,1525,0,BTYD,all,cov50,0.8799126637554585
Grocery,1525,0,BTYD,all,nMAE,0.5533333333333333
Grocery,1525,0,BTYD,x>0,CRPS,0.7158380429964539
Grocery,1525,0,BTYD,x>0,pit_ks,0.08521037339097859
Grocery,1525,0,BTYD,x>0,cov95,0.9716312056737588
Grocery,1525,0,BTYD,x>0,cov50,0.8333333333333334
Grocery,1525,0,BTYD,x>0,nMAE,0.5392927308447937
Grocery,1525,0,PoissonGBM,all,CRPS,0.5404615174672489
Grocery,1525,0,PoissonGBM,all,pit_ks,0.05577788454087845
Grocery,1525,0,PoissonGBM,all,cov95,0.9410480349344978
Grocery,1525,0,PoissonGBM,all,cov50,0.7991266375545851
Grocery,1525,0,PoissonGBM,all,nMAE,0.6076190476190476
Grocery,1525,0,PoissonGBM,x>0,CRPS,0.8150895611702128
Grocery,1525,0,PoissonGBM,x>0,pit_ks,0.07770092213897467
Grocery,1525,0,PoissonGBM,x>0,cov95,0.9219858156028369
Grocery,1525,0,PoissonGBM,x>0,cov50,0.7021276595744681
Grocery,1525,0,PoissonGBM,x>0,nMAE,0.5952848722986247
Grocery,1525,0,HurdleGBM,all,CRPS,0.5330933542576418
Grocery,1525,0,HurdleGBM,all,pit_ks,0.05474348264559992
Grocery,1525,0,HurdleGBM,all,cov95,0.9432314410480349
Grocery,1525,0,HurdleGBM,all,cov50,0.7925764192139738
Grocery,1525,0,HurdleGBM,all,nMAE,0.6323809523809524
Grocery,1525,0,HurdleGBM,x>0,CRPS,0.8055241356382977
Grocery,1525,0,HurdleGBM,x>0,pit_ks,0.08234135887907934
Grocery,1525,0,HurdleGBM,x>0,cov95,0.925531914893617
Grocery,1525,0,HurdleGBM,x>0,cov50,0.6914893617021277
Grocery,1525,0,HurdleGBM,x>0,nMAE,0.6208251473477406
Grocery,1525,0,QuantileGBM,all,CRPS,0.5968275791484716
Grocery,1525,0,QuantileGBM,all,pit_ks,0.07855407967239658
Grocery,1525,0,QuantileGBM,all,cov95,0.9716157205240175
Grocery,1525,0,QuantileGBM,all,cov50,0.8864628820960698
Grocery,1525,0,QuantileGBM,all,nMAE,0.9171428571428571
Grocery,1525,0,QuantileGBM,x>0,CRPS,0.9105954343971632
Grocery,1525,0,QuantileGBM,x>0,pit_ks,0.10043076616867253
Grocery,1525,0,QuantileGBM,x>0,cov95,0.9716312056737588
Grocery,1525,0,QuantileGBM,x>0,cov50,0.8439716312056738
Grocery,1525,0,QuantileGBM,x>0,nMAE,0.9145383104125737
Grocery,1525,1,BTYD,all,CRPS,0.5333315706877729
Grocery,1525,1,BTYD,all,pit_ks,0.04043768697257266
Grocery,1525,1,BTYD,all,cov95,0.9672489082969432
Grocery,1525,1,BTYD,all,cov50,0.8624454148471615
Grocery,1525,1,BTYD,all,nMAE,0.515650741350906
Grocery,1525,1,BTYD,x>0,CRPS,0.7835807291666665
Grocery,1525,1,BTYD,x>0,pit_ks,0.07431024292665017
Grocery,1525,1,BTYD,x>0,cov95,0.9562289562289562
Grocery,1525,1,BTYD,x>0,cov50,0.8148148148148148
Grocery,1525,1,BTYD,x>0,nMAE,0.5058823529411764
Grocery,1525,1,PoissonGBM,all,CRPS,0.5976330240174672
Grocery,1525,1,PoissonGBM,all,pit_ks,0.07473525158575989
Grocery,1525,1,PoissonGBM,all,cov95,0.9235807860262009
Grocery,1525,1,PoissonGBM,all,cov50,0.7925764192139738
Grocery,1525,1,PoissonGBM,all,nMAE,0.5881383855024711
Grocery,1525,1,PoissonGBM,x>0,CRPS,0.8786315025252526
Grocery,1525,1,PoissonGBM,x>0,pit_ks,0.11153833591104867
Grocery,1525,1,PoissonGBM,x>0,cov95,0.8956228956228957
Grocery,1525,1,PoissonGBM,x>0,cov50,0.7070707070707071
Grocery,1525,1,PoissonGBM,x>0,nMAE,0.5798319327731092
Grocery,1525,1,HurdleGBM,all,CRPS,0.6124632232532752
Grocery,1525,1,HurdleGBM,all,pit_ks,0.07332540199279125
Grocery,1525,1,HurdleGBM,all,cov95,0.9192139737991266
Grocery,1525,1,HurdleGBM,all,cov50,0.7816593886462883
Grocery,1525,1,HurdleGBM,all,nMAE,0.5897858319604613
Grocery,1525,1,HurdleGBM,x>0,CRPS,0.9040898148148147
Grocery,1525,1,HurdleGBM,x>0,pit_ks,0.10990820006810331
Grocery,1525,1,HurdleGBM,x>0,cov95,0.8821548821548821
Grocery,1525,1,HurdleGBM,x>0,cov50,0.6902356902356902
Grocery,1525,1,HurdleGBM,x>0,nMAE,0.5815126050420167
Grocery,1525,1,QuantileGBM,all,CRPS,0.6067555676855895
Grocery,1525,1,QuantileGBM,all,pit_ks,0.08479948349755728
Grocery,1525,1,QuantileGBM,all,cov95,0.9388646288209607
Grocery,1525,1,QuantileGBM,all,cov50,0.8471615720524017
Grocery,1525,1,QuantileGBM,all,nMAE,0.6046128500823723
Grocery,1525,1,QuantileGBM,x>0,CRPS,0.8945729377104378
Grocery,1525,1,QuantileGBM,x>0,pit_ks,0.1219307121865309
Grocery,1525,1,QuantileGBM,x>0,cov95,0.9225589225589226
Grocery,1525,1,QuantileGBM,x>0,cov50,0.7912457912457912
Grocery,1525,1,QuantileGBM,x>0,nMAE,0.5966386554621849
Grocery,1525,2,BTYD,all,CRPS,0.47571745360262013
Grocery,1525,2,BTYD,all,pit_ks,0.06132705112751918
Grocery,1525,2,BTYD,all,cov95,0.9716157205240175
Grocery,1525,2,BTYD,all,cov50,0.8755458515283843
Grocery,1525,2,BTYD,all,nMAE,0.478849407783418
Grocery,1525,2,BTYD,x>0,CRPS,0.6938633212457338
Grocery,1525,2,BTYD,x>0,pit_ks,0.08065931559961781
Grocery,1525,2,BTYD,x>0,cov95,0.9726962457337884
Grocery,1525,2,BTYD,x>0,cov50,0.8395904436860068
Grocery,1525,2,BTYD,x>0,nMAE,0.4652777777777778
Grocery,1525,2,PoissonGBM,all,CRPS,0.5332645605895197
Grocery,1525,2,PoissonGBM,all,pit_ks,0.08592637205526199
Grocery,1525,2,PoissonGBM,all,cov95,0.9541484716157205
Grocery,1525,2,PoissonGBM,all,cov50,0.8100436681222707
Grocery,1525,2,PoissonGBM,all,nMAE,0.5524534686971235
Grocery,1525,2,PoissonGBM,x>0,CRPS,0.7834829991467577
Grocery,1525,2,PoissonGBM,x>0,pit_ks,0.08210946426610155
Grocery,1525,2,PoissonGBM,x>0,cov95,0.9385665529010239
Grocery,1525,2,PoissonGBM,x>0,cov50,0.7372013651877133
Grocery,1525,2,PoissonGBM,x>0,nMAE,0.540798611111111
Grocery,1525,2,HurdleGBM,all,CRPS,0.5306150791484715
Grocery,1525,2,HurdleGBM,all,pit_ks,0.0570362572422502
Grocery,1525,2,HurdleGBM,all,cov95,0.9694323144104804
Grocery,1525,2,HurdleGBM,all,cov50,0.8144104803493449
Grocery,1525,2,HurdleGBM,all,nMAE,0.538917089678511
Grocery,1525,2,HurdleGBM,x>0,CRPS,0.7808026663822526
Grocery,1525,2,HurdleGBM,x>0,pit_ks,0.05456796275360193
Grocery,1525,2,HurdleGBM,x>0,cov95,0.962457337883959
Grocery,1525,2,HurdleGBM,x>0,cov50,0.7440273037542662
Grocery,1525,2,HurdleGBM,x>0,nMAE,0.5269097222222222
Grocery,1525,2,QuantileGBM,all,CRPS,0.5545860398471615
Grocery,1525,2,QuantileGBM,all,pit_ks,0.0415133326963697
Grocery,1525,2,QuantileGBM,all,cov95,0.9606986899563319
Grocery,1525,2,QuantileGBM,all,cov50,0.8908296943231441
Grocery,1525,2,QuantileGBM,all,nMAE,0.5871404399323181
Grocery,1525,2,QuantileGBM,x>0,CRPS,0.817435516211604
Grocery,1525,2,QuantileGBM,x>0,pit_ks,0.05996287549231066
Grocery,1525,2,QuantileGBM,x>0,cov95,0.9590443686006825
Grocery,1525,2,QuantileGBM,x>0,cov50,0.863481228668942
Grocery,1525,2,QuantileGBM,x>0,nMAE,0.576388888888889
Grocery,1525,3,BTYD,all,CRPS,0.48453960835152843
Grocery,1525,3,BTYD,all,pit_ks,0.04643479990313404
Grocery,1525,3,BTYD,all,cov95,0.9650655021834061
Grocery,1525,3,BTYD,all,cov50,0.8733624454148472
Grocery,1525,3,BTYD,all,nMAE,0.4845360824742268
Grocery,1525,3,BTYD,x>0,CRPS,0.744725152301444
Grocery,1525,3,BTYD,x>0,pit_ks,0.048384839140792724
Grocery,1525,3,BTYD,x>0,cov95,0.9638989169675091
Grocery,1525,3,BTYD,x>0,cov50,0.8231046931407943
Grocery,1525,3,BTYD,x>0,nMAE,0.469964664310954
Grocery,1525,3,PoissonGBM,all,CRPS,0.5308545032751092
Grocery,1525,3,PoissonGBM,all,pit_ks,0.057604944468316766
Grocery,1525,3,PoissonGBM,all,cov95,0.9301310043668122
Grocery,1525,3,PoissonGBM,all,cov50,0.8165938864628821
Grocery,1525,3,PoissonGBM,all,nMAE,0.549828178694158
Grocery,1525,3,PoissonGBM,x>0,CRPS,0.8165744584837545
Grocery,1525,3,PoissonGBM,x>0,pit_ks,0.0741654011328039
Grocery,1525,3,PoissonGBM,x>0,cov95,0.9061371841155235
Grocery,1525,3,PoissonGBM,x>0,cov50,0.7292418772563177
Grocery,1525,3,PoissonGBM,x>0,nMAE,0.5371024734982331
Grocery,1525,3,HurdleGBM,all,CRPS,0.5317343886462882
Grocery,1525,3,HurdleGBM,all,pit_ks,0.06516662270197471
Grocery,1525,3,HurdleGBM,all,cov95,0.9410480349344978
Grocery,1525,3,HurdleGBM,all,cov50,0.8034934497816594
Grocery,1525,3,HurdleGBM,all,nMAE,0.5515463917525774
Grocery,1525,3,HurdleGBM,x>0,CRPS,0.82205
Grocery,1525,3,HurdleGBM,x>0,pit_ks,0.08536269749467251
Grocery,1525,3,HurdleGBM,x>0,cov95,0.9205776173285198
Grocery,1525,3,HurdleGBM,x>0,cov50,0.7075812274368231
Grocery,1525,3,HurdleGBM,x>0,nMAE,0.5388692579505301
Grocery,1525,3,QuantileGBM,all,CRPS,0.6102118995633187
Grocery,1525,3,QuantileGBM,all,pit_ks,0.11688745877892337
Grocery,1525,3,QuantileGBM,all,cov95,0.9563318777292577
Grocery,1525,3,QuantileGBM,all,cov50,0.8755458515283843
Grocery,1525,3,QuantileGBM,all,nMAE,0.7903780068728522
Grocery,1525,3,QuantileGBM,x>0,CRPS,0.9511122066787002
Grocery,1525,3,QuantileGBM,x>0,pit_ks,0.18048256270901714
Grocery,1525,3,QuantileGBM,x>0,cov95,0.9530685920577617
Grocery,1525,3,QuantileGBM,x>0,cov50,0.8267148014440433
Grocery,1525,3,QuantileGBM,x>0,nMAE,0.7844522968197879
Grocery,1525,4,BTYD,all,CRPS,0.5055838905567686
Grocery,1525,4,BTYD,all,pit_ks,0.07804550553786199
Grocery,1525,4,BTYD,all,cov95,0.9650655021834061
Grocery,1525,4,BTYD,all,cov50,0.8842794759825328
Grocery,1525,4,BTYD,all,nMAE,0.45762711864406785
Grocery,1525,4,BTYD,x>0,CRPS,0.747576132015306
Grocery,1525,4,BTYD,x>0,pit_ks,0.07800976200932064
Grocery,1525,4,BTYD,x>0,cov95,0.9591836734693877
Grocery,1525,4,BTYD,x>0,cov50,0.8469387755102041
Grocery,1525,4,BTYD,x>0,nMAE,0.4474097331240188
Grocery,1525,4,PoissonGBM,all,CRPS,0.6199599754366812
Grocery,1525,4,PoissonGBM,all,pit_ks,0.07911121723630465
Grocery,1525,4,PoissonGBM,all,cov95,0.925764192139738
Grocery,1525,4,PoissonGBM,all,cov50,0.7794759825327511
Grocery,1525,4,PoissonGBM,all,nMAE,0.5770416024653313
Grocery,1525,4,PoissonGBM,x>0,CRPS,0.920737925170068
Grocery,1525,4,PoissonGBM,x>0,pit_ks,0.11854604048907902
Grocery,1525,4,PoissonGBM,x>0,cov95,0.9047619047619048
Grocery,1525,4,PoissonGBM,x>0,cov50,0.6836734693877551
Grocery,1525,4,PoissonGBM,x>0,nMAE,0.5690737833594978
Grocery,1525,4,HurdleGBM,all,CRPS,0.6248833105895195
Grocery,1525,4,HurdleGBM,all,pit_ks,0.09121939099867904
Grocery,1525,4,HurdleGBM,all,cov95,0.9366812227074236
Grocery,1525,4,HurdleGBM,all,cov50,0.7794759825327511
Grocery,1525,4,HurdleGBM,all,nMAE,0.5801232665639445
Grocery,1525,4,HurdleGBM,x>0,CRPS,0.9334162414965986
Grocery,1525,4,HurdleGBM,x>0,pit_ks,0.12631448347278595
Grocery,1525,4,HurdleGBM,x>0,cov95,0.9115646258503401
Grocery,1525,4,HurdleGBM,x>0,cov50,0.6836734693877551
Grocery,1525,4,HurdleGBM,x>0,nMAE,0.5722135007849295
Grocery,1525,4,QuantileGBM,all,CRPS,0.6796346888646287
Grocery,1525,4,QuantileGBM,all,pit_ks,0.13745442716591932
Grocery,1525,4,QuantileGBM,all,cov95,0.9519650655021834
Grocery,1525,4,QuantileGBM,all,cov50,0.8537117903930131
Grocery,1525,4,QuantileGBM,all,nMAE,0.7380585516178737
Grocery,1525,4,QuantileGBM,x>0,CRPS,1.0176287840136053
Grocery,1525,4,QuantileGBM,x>0,pit_ks,0.16792318681911914
Grocery,1525,4,QuantileGBM,x>0,cov95,0.9489795918367347
Grocery,1525,4,QuantileGBM,x>0,cov50,0.7993197278911565
Grocery,1525,4,QuantileGBM,x>0,nMAE,0.7331240188383047
Grocery,1525,5,BTYD,all,CRPS,0.5695714212609169
Grocery,1525,5,BTYD,all,pit_ks,0.03352054379338279
Grocery,1525,5,BTYD,all,cov95,0.9585152838427947
Grocery,1525,5,BTYD,all,cov50,0.8449781659388647
Grocery,1525,5,BTYD,all,nMAE,0.5966312056737589
Grocery,1525,5,BTYD,x>0,CRPS,0.8588040657439446
Grocery,1525,5,BTYD,x>0,pit_ks,0.079153277749055
Grocery,1525,5,BTYD,x>0,cov95,0.9515570934256056
Grocery,1525,5,BTYD,x>0,cov50,0.7820069204152249
Grocery,1525,5,BTYD,x>0,nMAE,0.5871143375680581
Grocery,1525,5,PoissonGBM,all,CRPS,0.6402394923580786
Grocery,1525,5,PoissonGBM,all,pit_ks,0.05583192841311757
Grocery,1525,5,PoissonGBM,all,cov95,0.925764192139738
Grocery,1525,5,PoissonGBM,all,cov50,0.7947598253275109
Grocery,1525,5,PoissonGBM,all,nMAE,0.6870567375886525
Grocery,1525,5,PoissonGBM,x>0,CRPS,0.9644626946366781
Grocery,1525,5,PoissonGBM,x>0,pit_ks,0.08871542410095634
Grocery,1525,5,PoissonGBM,x>0,cov95,0.8996539792387543
Grocery,1525,5,PoissonGBM,x>0,cov50,0.7024221453287197
Grocery,1525,5,PoissonGBM,x>0,nMAE,0.6796733212341198
Grocery,1525,5,HurdleGBM,all,CRPS,0.6585830240174673
Grocery,1525,5,HurdleGBM,all,pit_ks,0.0784409693094642
Grocery,1525,5,HurdleGBM,all,cov95,0.9344978165938864
Grocery,1525,5,HurdleGBM,all,cov50,0.7882096069868996
Grocery,1525,5,HurdleGBM,all,nMAE,0.6959219858156028
Grocery,1525,5,HurdleGBM,x>0,CRPS,0.9985722102076124
Grocery,1525,5,HurdleGBM,x>0,pit_ks,0.09925838214997007
Grocery,1525,5,HurdleGBM,x>0,cov95,0.9100346020761245
Grocery,1525,5,HurdleGBM,x>0,cov50,0.6920415224913494
Grocery,1525,5,HurdleGBM,x>0,nMAE,0.6887477313974593
Grocery,1525,5,QuantileGBM,all,CRPS,0.586912240720524
Grocery,1525,5,QuantileGBM,all,pit_ks,0.0697982522925118
Grocery,1525,5,QuantileGBM,all,cov95,0.9585152838427947
Grocery,1525,5,QuantileGBM,all,cov50,0.8537117903930131
Grocery,1525,5,QuantileGBM,all,nMAE,0.624113475177305
Grocery,1525,5,QuantileGBM,x>0,CRPS,0.8854766435986159
Grocery,1525,5,QuantileGBM,x>0,pit_ks,0.07275560273982923
Grocery,1525,5,QuantileGBM,x>0,cov95,0.9515570934256056
Grocery,1525,5,QuantileGBM,x>0,cov50,0.7958477508650519
Grocery,1525,5,QuantileGBM,x>0,nMAE,0.6152450090744102
Grocery,1525,6,BTYD,all,CRPS,0.541219466430131
Grocery,1525,6,BTYD,all,pit_ks,0.05714185521755066
Grocery,1525,6,BTYD,all,cov95,0.9759825327510917
Grocery,1525,6,BTYD,all,cov50,0.8624454148471615
Grocery,1525,6,BTYD,all,nMAE,0.592057761732852
Grocery,1525,6,BTYD,x>0,CRPS,0.7939772848886987
Grocery,1525,6,BTYD,x>0,pit_ks,0.07470498816247073
Grocery,1525,6,BTYD,x>0,cov95,0.976027397260274
Grocery,1525,6,BTYD,x>0,cov50,0.821917808219178
Grocery,1525,6,BTYD,x>0,nMAE,0.5791433891992551
Grocery,1525,6,PoissonGBM,all,CRPS,0.5476377183406114
Grocery,1525,6,PoissonGBM,all,pit_ks,0.05013686356442293
Grocery,1525,6,PoissonGBM,all,cov95,0.9432314410480349
Grocery,1525,6,PoissonGBM,all,cov50,0.8144104803493449
Grocery,1525,6,PoissonGBM,all,nMAE,0.6010830324909747
Grocery,1525,6,PoissonGBM,x>0,CRPS,0.8015546875
Grocery,1525,6,PoissonGBM,x>0,pit_ks,0.07326273015392637
Grocery,1525,6,PoissonGBM,x>0,cov95,0.9212328767123288
Grocery,1525,6,PoissonGBM,x>0,cov50,0.7465753424657534
Grocery,1525,6,PoissonGBM,x>0,nMAE,0.5884543761638734
Grocery,1525,6,HurdleGBM,all,CRPS,0.5739415120087336
Grocery,1525,6,HurdleGBM,all,pit_ks,0.04978427341281039
Grocery,1525,6,HurdleGBM,all,cov95,0.9497816593886463
Grocery,1525,6,HurdleGBM,all,cov50,0.7860262008733624
Grocery,1525,6,HurdleGBM,all,nMAE,0.6453068592057761
Grocery,1525,6,HurdleGBM,x>0,CRPS,0.8441757277397259
Grocery,1525,6,HurdleGBM,x>0,pit_ks,0.0645792426592865
Grocery,1525,6,HurdleGBM,x>0,cov95,0.934931506849315
Grocery,1525,6,HurdleGBM,x>0,cov50,0.702054794520548
Grocery,1525,6,HurdleGBM,x>0,nMAE,0.6340782122905028
Grocery,1525,6,QuantileGBM,all,CRPS,0.5536039847161572
Grocery,1525,6,QuantileGBM,all,pit_ks,0.0614825781103332
Grocery,1525,6,QuantileGBM,all,cov95,0.9650655021834061
Grocery,1525,6,QuantileGBM,all,cov50,0.868995633187773
Grocery,1525,6,QuantileGBM,all,nMAE,0.6074007220216606
Grocery,1525,6,QuantileGBM,x>0,CRPS,0.8112387842465754
Grocery,1525,6,QuantileGBM,x>0,pit_ks,0.0765824659542832
Grocery,1525,6,QuantileGBM,x>0,cov95,0.9623287671232876
Grocery,1525,6,QuantileGBM,x>0,cov50,0.8321917808219178
Grocery,1525,6,QuantileGBM,x>0,nMAE,0.5949720670391062
Grocery,1525,7,BTYD,all,CRPS,0.5335377149290392
Grocery,1525,7,BTYD,all,pit_ks,0.050646167039690604
Grocery,1525,7,BTYD,all,cov95,0.9716157205240175
Grocery,1525,7,BTYD,all,cov50,0.868995633187773
Grocery,1525,7,BTYD,all,nMAE,0.6358381502890174
Grocery,1525,7,BTYD,x>0,CRPS,0.8515588831018519
Grocery,1525,7,BTYD,x>0,pit_ks,0.06780175269857491
Grocery,1525,7,BTYD,x>0,cov95,0.9666666666666667
Grocery,1525,7,BTYD,x>0,cov50,0.8111111111111111
Grocery,1525,7,BTYD,x>0,nMAE,0.625
Grocery,1525,7,PoissonGBM,all,CRPS,0.5739179585152838
Grocery,1525,7,PoissonGBM,all,pit_ks,0.06497264043253559
Grocery,1525,7,PoissonGBM,all,cov95,0.9366812227074236
Grocery,1525,7,PoissonGBM,all,cov50,0.7969432314410481
Grocery,1525,7,PoissonGBM,all,nMAE,0.6801541425818882
Grocery,1525,7,PoissonGBM,x>0,CRPS,0.9158527083333334
Grocery,1525,7,PoissonGBM,x>0,pit_ks,0.07816229295923594
Grocery,1525,7,PoissonGBM,x>0,cov95,0.9111111111111111
Grocery,1525,7,PoissonGBM,x>0,cov50,0.6888888888888889
Grocery,1525,7,PoissonGBM,x>0,nMAE,0.6706349206349206
Grocery,1525,7,HurdleGBM,all,CRPS,0.6029177401746726
Grocery,1525,7,HurdleGBM,all,pit_ks,0.057100276825112595
Grocery,1525,7,HurdleGBM,all,cov95,0.9366812227074236
Grocery,1525,7,HurdleGBM,all,cov50,0.7838427947598253
Grocery,1525,7,HurdleGBM,all,nMAE,0.6965317919075145
Grocery,1525,7,HurdleGBM,x>0,CRPS,0.9673139814814817
Grocery,1525,7,HurdleGBM,x>0,pit_ks,0.0829768347258085
Grocery,1525,7,HurdleGBM,x>0,cov95,0.9074074074074074
Grocery,1525,7,HurdleGBM,x>0,cov50,0.6666666666666666
Grocery,1525,7,HurdleGBM,x>0,nMAE,0.6875
Grocery,1525,7,QuantileGBM,all,CRPS,0.5577644923580787
Grocery,1525,7,QuantileGBM,all,pit_ks,0.04545509295361194
Grocery,1525,7,QuantileGBM,all,cov95,0.9585152838427947
Grocery,1525,7,QuantileGBM,all,cov50,0.8602620087336245
Grocery,1525,7,QuantileGBM,all,nMAE,0.7090558766859345
Grocery,1525,7,QuantileGBM,x>0,CRPS,0.8908510648148147
Grocery,1525,7,QuantileGBM,x>0,pit_ks,0.053696039713436894
Grocery,1525,7,QuantileGBM,x>0,cov95,0.9481481481481482
Grocery,1525,7,QuantileGBM,x>0,cov50,0.7962962962962963
Grocery,1525,7,QuantileGBM,x>0,nMAE,0.7003968253968254
Grocery,1525,8,BTYD,all,CRPS,0.546195841293668
Grocery,1525,8,BTYD,all,pit_ks,0.03659156406860675
Grocery,1525,8,BTYD,all,cov95,0.9759825327510917
Grocery,1525,8,BTYD,all,cov50,0.8537117903930131
Grocery,1525,8,BTYD,all,nMAE,0.5711892797319933
Grocery,1525,8,BTYD,x>0,CRPS,0.8042848976480836
Grocery,1525,8,BTYD,x>0,pit_ks,0.06370116895389577
Grocery,1525,8,BTYD,x>0,cov95,0.9721254355400697
Grocery,1525,8,BTYD,x>0,cov50,0.8083623693379791
Grocery,1525,8,BTYD,x>0,nMAE,0.5563258232235702
Grocery,1525,8,PoissonGBM,all,CRPS,0.6217772789301311
Grocery,1525,8,PoissonGBM,all,pit_ks,0.057966645021345964
Grocery,1525,8,PoissonGBM,all,cov95,0.925764192139738
Grocery,1525,8,PoissonGBM,all,cov50,0.7947598253275109
Grocery,1525,8,PoissonGBM,all,nMAE,0.6398659966499162
Grocery,1525,8,PoissonGBM,x>0,CRPS,0.9215593641114984
Grocery,1525,8,PoissonGBM,x>0,pit_ks,0.066537767986384
Grocery,1525,8,PoissonGBM,x>0,cov95,0.9024390243902439
Grocery,1525,8,PoissonGBM,x>0,cov50,0.7142857142857143
Grocery,1525,8,PoissonGBM,x>0,nMAE,0.6273830155979203
Grocery,1525,8,HurdleGBM,all,CRPS,0.6190136189956332
Grocery,1525,8,HurdleGBM,all,pit_ks,0.06977705771888021
Grocery,1525,8,HurdleGBM,all,cov95,0.9454148471615721
Grocery,1525,8,HurdleGBM,all,cov50,0.7794759825327511
Grocery,1525,8,HurdleGBM,all,nMAE,0.6306532663316582
Grocery,1525,8,HurdleGBM,x>0,CRPS,0.9184152003484322
Grocery,1525,8,HurdleGBM,x>0,pit_ks,0.07157331402382372
Grocery,1525,8,HurdleGBM,x>0,cov95,0.9372822299651568
Grocery,1525,8,HurdleGBM,x>0,cov50,0.6898954703832753
Grocery,1525,8,HurdleGBM,x>0,nMAE,0.6178509532062391
Grocery,1525,8,QuantileGBM,all,CRPS,0.6185762281659388
Grocery,1525,8,QuantileGBM,all,pit_ks,0.09724615129269076
Grocery,1525,8,QuantileGBM,all,cov95,0.9563318777292577
Grocery,1525,8,QuantileGBM,all,cov50,0.8668122270742358
Grocery,1525,8,QuantileGBM,all,nMAE,0.64321608040201
Grocery,1525,8,QuantileGBM,x>0,CRPS,0.9183967770034842
Grocery,1525,8,QuantileGBM,x>0,pit_ks,0.15227999670806125
Grocery,1525,8,QuantileGBM,x>0,cov95,0.9547038327526133
Grocery,1525,8,QuantileGBM,x>0,cov50,0.8292682926829268
Grocery,1525,8,QuantileGBM,x>0,nMAE,0.6308492201039861
Grocery,1525,9,BTYD,all,CRPS,0.5793035275655021
Grocery,1525,9,BTYD,all,pit_ks,0.028555733150718354
Grocery,1525,9,BTYD,all,cov95,0.9606986899563319
Grocery,1525,9,BTYD,all,cov50,0.8427947598253275
Grocery,1525,9,BTYD,all,nMAE,0.7266260162601625
Grocery,1525,9,BTYD,x>0,CRPS,0.8936930958044982
Grocery,1525,9,BTYD,x>0,pit_ks,0.05619191213547331
Grocery,1525,9,BTYD,x>0,cov95,0.9446366782006921
Grocery,1525,9,BTYD,x>0,cov50,0.7681660899653979
Grocery,1525,9,BTYD,x>0,nMAE,0.7226804123711341
Grocery,1525,9,PoissonGBM,all,CRPS,0.6160547352620087
Grocery,1525,9,PoissonGBM,all,pit_ks,0.055175785035426084
Grocery,1525,9,PoissonGBM,all,cov95,0.9235807860262009
Grocery,1525,9,PoissonGBM,all,cov50,0.7947598253275109
Grocery,1525,9,PoissonGBM,all,nMAE,0.7581300813008129
Grocery,1525,9,PoissonGBM,x>0,CRPS,0.9458476643598615
Grocery,1525,9,PoissonGBM,x>0,pit_ks,0.10367033031954176
Grocery,1525,9,PoissonGBM,x>0,cov95,0.889273356401384
Grocery,1525,9,PoissonGBM,x>0,cov50,0.6920415224913494
Grocery,1525,9,PoissonGBM,x>0,nMAE,0.7525773195876289
Grocery,1525,9,HurdleGBM,all,CRPS,0.609249222161572
Grocery,1525,9,HurdleGBM,all,pit_ks,0.06835803277019203
Grocery,1525,9,HurdleGBM,all,cov95,0.9388646288209607
Grocery,1525,9,HurdleGBM,all,cov50,0.7685589519650655
Grocery,1525,9,HurdleGBM,all,nMAE,0.7469512195121951
Grocery,1525,9,HurdleGBM,x>0,CRPS,0.9392683823529411
Grocery,1525,9,HurdleGBM,x>0,pit_ks,0.10610601447534718
Grocery,1525,9,HurdleGBM,x>0,cov95,0.9100346020761245
Grocery,1525,9,HurdleGBM,x>0,cov50,0.6505190311418685
Grocery,1525,9,HurdleGBM,x>0,nMAE,0.7432989690721649
Grocery,1525,9,QuantileGBM,all,CRPS,0.597597530021834
Grocery,1525,9,QuantileGBM,all,pit_ks,0.09361786275065964
Grocery,1525,9,QuantileGBM,all,cov95,0.9541484716157205
Grocery,1525,9,QuantileGBM,all,cov50,0.868995633187773
Grocery,1525,9,QuantileGBM,all,nMAE,0.7947154471544715
Grocery,1525,9,QuantileGBM,x>0,CRPS,0.9202680579584774
Grocery,1525,9,QuantileGBM,x>0,pit_ks,0.09846934793479234
Grocery,1525,9,QuantileGBM,x>0,cov95,0.9411764705882353
Grocery,1525,9,QuantileGBM,x>0,cov50,0.8096885813148789
Grocery,1525,9,QuantileGBM,x>0,nMAE,0.7917525773195876
Grocery,1525,10,BTYD,all,CRPS,0.45523846888646285
Grocery,1525,10,BTYD,all,pit_ks,0.05547065269280416
Grocery,1525,10,BTYD,all,cov95,0.9672489082969432
Grocery,1525,10,BTYD,all,cov50,0.8755458515283843
Grocery,1525,10,BTYD,all,nMAE,0.6871859296482412
Grocery,1525,10,BTYD,x>0,CRPS,0.6888034986413043
Grocery,1525,10,BTYD,x>0,pit_ks,0.06246468915518888
Grocery,1525,10,BTYD,x>0,cov95,0.967391304347826
Grocery,1525,10,BTYD,x>0,cov50,0.8333333333333334
Grocery,1525,10,BTYD,x>0,nMAE,0.6715039577836411
Grocery,1525,10,PoissonGBM,all,CRPS,0.47411865447598256
Grocery,1525,10,PoissonGBM,all,pit_ks,0.07380713558238128
Grocery,1525,10,PoissonGBM,all,cov95,0.9454148471615721
Grocery,1525,10,PoissonGBM,all,cov50,0.8231441048034934
Grocery,1525,10,PoissonGBM,all,nMAE,0.7060301507537688
Grocery,1525,10,PoissonGBM,x>0,CRPS,0.7152228034420289
Grocery,1525,10,PoissonGBM,x>0,pit_ks,0.08635581274411441
Grocery,1525,10,PoissonGBM,x>0,cov95,0.9347826086956522
Grocery,1525,10,PoissonGBM,x>0,cov50,0.7463768115942029
Grocery,1525,10,PoissonGBM,x>0,nMAE,0.6912928759894459
Grocery,1525,10,HurdleGBM,all,CRPS,0.47530274290393015
Grocery,1525,10,HurdleGBM,all,pit_ks,0.05181188524389069
Grocery,1525,10,HurdleGBM,all,cov95,0.9497816593886463
Grocery,1525,10,HurdleGBM,all,cov50,0.8100436681222707
Grocery,1525,10,HurdleGBM,all,nMAE,0.7298994974874372
Grocery,1525,10,HurdleGBM,x>0,CRPS,0.7213636096014492
Grocery,1525,10,HurdleGBM,x>0,pit_ks,0.07941542314575686
Grocery,1525,10,HurdleGBM,x>0,cov95,0.9420289855072463
Grocery,1525,10,HurdleGBM,x>0,cov50,0.7246376811594203
Grocery,1525,10,HurdleGBM,x>0,nMAE,0.7163588390501319
Grocery,1525,10,QuantileGBM,all,CRPS,0.4629049672489083
Grocery,1525,10,QuantileGBM,all,pit_ks,0.03549225550368684
Grocery,1525,10,QuantileGBM,all,cov95,0.9606986899563319
Grocery,1525,10,QuantileGBM,all,cov50,0.8995633187772926
Grocery,1525,10,QuantileGBM,all,nMAE,0.7914572864321607
Grocery,1525,10,QuantileGBM,x>0,CRPS,0.7006330842391304
Grocery,1525,10,QuantileGBM,x>0,pit_ks,0.07840304808546833
Grocery,1525,10,QuantileGBM,x>0,cov95,0.9637681159420289
Grocery,1525,10,QuantileGBM,x>0,cov50,0.8731884057971014
Grocery,1525,10,QuantileGBM,x>0,nMAE,0.7810026385224275
Grocery,1525,11,BTYD,all,CRPS,0.5667745292030568
Grocery,1525,11,BTYD,all,pit_ks,0.020843803193686644
Grocery,1525,11,BTYD,all,cov95,0.962882096069869
Grocery,1525,11,BTYD,all,cov50,0.8537117903930131
Grocery,1525,11,BTYD,all,nMAE,0.6198934280639431
Grocery,1525,11,BTYD,x>0,CRPS,0.8810698939732142
Grocery,1525,11,BTYD,x>0,pit_ks,0.049524396826205186
Grocery,1525,11,BTYD,x>0,cov95,0.9535714285714286
Grocery,1525,11,BTYD,x>0,cov50,0.7857142857142857
Grocery,1525,11,BTYD,x>0,nMAE,0.610909090909091
Grocery,1525,11,PoissonGBM,all,CRPS,0.6638712472707423
Grocery,1525,11,PoissonGBM,all,pit_ks,0.058731698648128994
Grocery,1525,11,PoissonGBM,all,cov95,0.9126637554585153
Grocery,1525,11,PoissonGBM,all,cov50,0.7991266375545851
Grocery,1525,11,PoissonGBM,all,nMAE,0.6936056838365896
Grocery,1525,11,PoissonGBM,x>0,CRPS,1.031207611607143
Grocery,1525,11,PoissonGBM,x>0,pit_ks,0.08120508714712138
Grocery,1525,11,PoissonGBM,x>0,cov95,0.875
Grocery,1525,11,PoissonGBM,x>0,cov50,0.6964285714285714
Grocery,1525,11,PoissonGBM,x>0,nMAE,0.6845454545454547
Grocery,1525,11,HurdleGBM,all,CRPS,0.6205708651746724
Grocery,1525,11,HurdleGBM,all,pit_ks,0.045686526433783015
Grocery,1525,11,HurdleGBM,all,cov95,0.9344978165938864
Grocery,1525,11,HurdleGBM,all,cov50,0.8056768558951966
Grocery,1525,11,HurdleGBM,all,nMAE,0.6571936056838366
Grocery,1525,11,HurdleGBM,x>0,CRPS,0.9664047991071429
Grocery,1525,11,HurdleGBM,x>0,pit_ks,0.07685965157372376
Grocery,1525,11,HurdleGBM,x>0,cov95,0.9071428571428571
Grocery,1525,11,HurdleGBM,x>0,cov50,0.7071428571428572
Grocery,1525,11,HurdleGBM,x>0,nMAE,0.649090909090909
Grocery,1525,11,QuantileGBM,all,CRPS,0.6156149290393014
Grocery,1525,11,QuantileGBM,all,pit_ks,0.06136440628788581
Grocery,1525,11,QuantileGBM,all,cov95,0.9541484716157205
Grocery,1525,11,QuantileGBM,all,cov50,0.8777292576419214
Grocery,1525,11,QuantileGBM,all,nMAE,0.7255772646536413
Grocery,1525,11,QuantileGBM,x>0,CRPS,0.9581741071428569
Grocery,1525,11,QuantileGBM,x>0,pit_ks,0.13946922106304843
Grocery,1525,11,QuantileGBM,x>0,cov95,0.9464285714285714
Grocery,1525,11,QuantileGBM,x>0,cov50,0.825
Grocery,1525,11,QuantileGBM,x>0,nMAE,0.7190909090909092
Grocery,1525,12,BTYD,all,CRPS,0.47470856645742354
Grocery,1525,12,BTYD,all,pit_ks,0.04990513287287657
Grocery,1525,12,BTYD,all,cov95,0.9672489082969432
Grocery,1525,12,BTYD,all,cov50,0.8646288209606987
Grocery,1525,12,BTYD,all,nMAE,0.5554455445544554
Grocery,1525,12,BTYD,x>0,CRPS,0.7242581007841329
Grocery,1525,12,BTYD,x>0,pit_ks,0.08059884077170743
Grocery,1525,12,BTYD,x>0,cov95,0.974169741697417
Grocery,1525,12,BTYD,x>0,cov50,0.8154981549815498
Grocery,1525,12,BTYD,x>0,nMAE,0.5351966873706003
Grocery,1525,12,PoissonGBM,all,CRPS,0.5368559497816594
Grocery,1525,12,PoissonGBM,all,pit_ks,0.05619300319240983
Grocery,1525,12,PoissonGBM,all,cov95,0.9323144104803494
Grocery,1525,12,PoissonGBM,all,cov50,0.8187772925764192
Grocery,1525,12,PoissonGBM,all,nMAE,0.6316831683168317
Grocery,1525,12,PoissonGBM,x>0,CRPS,0.8206304197416974
Grocery,1525,12,PoissonGBM,x>0,pit_ks,0.06436484325990643
Grocery,1525,12,PoissonGBM,x>0,cov95,0.9188191881918819
Grocery,1525,12,PoissonGBM,x>0,cov50,0.7380073800738007
Grocery,1525,12,PoissonGBM,x>0,nMAE,0.6128364389233955
Grocery,1525,12,HurdleGBM,all,CRPS,0.5192697325327511
Grocery,1525,12,HurdleGBM,all,pit_ks,0.04981521996886673
Grocery,1525,12,HurdleGBM,all,cov95,0.9366812227074236
Grocery,1525,12,HurdleGBM,all,cov50,0.8144104803493449
Grocery,1525,12,HurdleGBM,all,nMAE,0.6306930693069307
Grocery,1525,12,HurdleGBM,x>0,CRPS,0.7952443957564576
Grocery,1525,12,HurdleGBM,x>0,pit_ks,0.06740246277094397
Grocery,1525,12,HurdleGBM,x>0,cov95,0.922509225092251
Grocery,1525,12,HurdleGBM,x>0,cov50,0.7306273062730627
Grocery,1525,12,HurdleGBM,x>0,nMAE,0.613871635610766
Grocery,1525,12,QuantileGBM,all,CRPS,0.5515793941048035
Grocery,1525,12,QuantileGBM,all,pit_ks,0.06293993716915464
Grocery,1525,12,QuantileGBM,all,cov95,0.9650655021834061
Grocery,1525,12,QuantileGBM,all,cov50,0.8908296943231441
Grocery,1525,12,QuantileGBM,all,nMAE,0.7138613861386138
Grocery,1525,12,QuantileGBM,x>0,CRPS,0.8493825876383763
Grocery,1525,12,QuantileGBM,x>0,pit_ks,0.10313679105287099
Grocery,1525,12,QuantileGBM,x>0,cov95,0.977859778597786
Grocery,1525,12,QuantileGBM,x>0,cov50,0.8597785977859779
Grocery,1525,12,QuantileGBM,x>0,nMAE,0.7008281573498965
Grocery,1525,13,BTYD,all,CRPS,0.5542442515010916
Grocery,1525,13,BTYD,all,pit_ks,0.054011677035881944
Grocery,1525,13,BTYD,all,cov95,0.9694323144104804
Grocery,1525,13,BTYD,all,cov50,0.8755458515283843
Grocery,1525,13,BTYD,all,nMAE,0.4954751131221719
Grocery,1525,13,BTYD,x>0,CRPS,0.7721864617940198
Grocery,1525,13,BTYD,x>0,pit_ks,0.0744425099518764
Grocery,1525,13,BTYD,x>0,cov95,0.973421926910299
Grocery,1525,13,BTYD,x>0,cov50,0.840531561461794
Grocery,1525,13,BTYD,x>0,nMAE,0.47815912636505464
Grocery,1525,13,PoissonGBM,all,CRPS,0.5828864765283843
Grocery,1525,13,PoissonGBM,all,pit_ks,0.0568910147474978
Grocery,1525,13,PoissonGBM,all,cov95,0.9301310043668122
Grocery,1525,13,PoissonGBM,all,cov50,0.7991266375545851
Grocery,1525,13,PoissonGBM,all,nMAE,0.5180995475113122
Grocery,1525,13,PoissonGBM,x>0,CRPS,0.8120816652823919
Grocery,1525,13,PoissonGBM,x>0,pit_ks,0.07868770851625961
Grocery,1525,13,PoissonGBM,x>0,cov95,0.9169435215946844
Grocery,1525,13,PoissonGBM,x>0,cov50,0.7242524916943521
Grocery,1525,13,PoissonGBM,x>0,nMAE,0.5015600624024962
Grocery,1525,13,HurdleGBM,all,CRPS,0.6228017330786024
Grocery,1525,13,HurdleGBM,all,pit_ks,0.06064430420715494
Grocery,1525,13,HurdleGBM,all,cov95,0.9323144104803494
Grocery,1525,13,HurdleGBM,all,cov50,0.7882096069868996
Grocery,1525,13,HurdleGBM,all,nMAE,0.5520361990950226
Grocery,1525,13,HurdleGBM,x>0,CRPS,0.874983222591362
Grocery,1525,13,HurdleGBM,x>0,pit_ks,0.08487866661454457
Grocery,1525,13,HurdleGBM,x>0,cov95,0.920265780730897
Grocery,1525,13,HurdleGBM,x>0,cov50,0.707641196013289
Grocery,1525,13,HurdleGBM,x>0,nMAE,0.5366614664586583
Grocery,1525,13,QuantileGBM,all,CRPS,0.6824712472707424
Grocery,1525,13,QuantileGBM,all,pit_ks,0.11266966608182916
Grocery,1525,13,QuantileGBM,all,cov95,0.9519650655021834
Grocery,1525,13,QuantileGBM,all,cov50,0.8602620087336245
Grocery,1525,13,QuantileGBM,all,nMAE,0.7269984917043739
Grocery,1525,13,QuantileGBM,x>0,CRPS,0.96497655730897
Grocery,1525,13,QuantileGBM,x>0,pit_ks,0.14377150375968445
Grocery,1525,13,QuantileGBM,x>0,cov95,0.9501661129568106
Grocery,1525,13,QuantileGBM,x>0,cov50,0.8172757475083057
Grocery,1525,13,QuantileGBM,x>0,nMAE,0.717628705148206
Grocery,1525,14,BTYD,all,CRPS,0.5292880049126638
Grocery,1525,14,BTYD,all,pit_ks,0.028997049749990622
Grocery,1525,14,BTYD,all,cov95,0.9737991266375546
Grocery,1525,14,BTYD,all,cov50,0.8668122270742358
Grocery,1525,14,BTYD,all,nMAE,0.5557491289198607
Grocery,1525,14,BTYD,x>0,CRPS,0.841482949361314
Grocery,1525,14,BTYD,x>0,pit_ks,0.04400519084423021
Grocery,1525,14,BTYD,x>0,cov95,0.9635036496350365
Grocery,1525,14,BTYD,x>0,cov50,0.7992700729927007
Grocery,1525,14,BTYD,x>0,nMAE,0.5462633451957295
Grocery,1525,14,PoissonGBM,all,CRPS,0.5970104939956332
Grocery,1525,14,PoissonGBM,all,pit_ks,0.06749689335591103
Grocery,1525,14,PoissonGBM,all,cov95,0.9235807860262009
Grocery,1525,14,PoissonGBM,all,cov50,0.7969432314410481
Grocery,1525,14,PoissonGBM,all,nMAE,0.6193379790940766
Grocery,1525,14,PoissonGBM,x>0,CRPS,0.9478542198905109
Grocery,1525,14,PoissonGBM,x>0,pit_ks,0.10932508737157831
Grocery,1525,14,PoissonGBM,x>0,cov95,0.8868613138686131
Grocery,1525,14,PoissonGBM,x>0,cov50,0.6824817518248175
Grocery,1525,14,PoissonGBM,x>0,nMAE,0.6112099644128114
Grocery,1525,14,HurdleGBM,all,CRPS,0.6327249317685589
Grocery,1525,14,HurdleGBM,all,pit_ks,0.0749030715658553
Grocery,1525,14,HurdleGBM,all,cov95,0.9192139737991266
Grocery,1525,14,HurdleGBM,all,cov50,0.7903930131004366
Grocery,1525,14,HurdleGBM,all,nMAE,0.6646341463414634
Grocery,1525,14,HurdleGBM,x>0,CRPS,1.0101112682481752
Grocery,1525,14,HurdleGBM,x>0,pit_ks,0.11800125719853183
Grocery,1525,14,HurdleGBM,x>0,cov95,0.8795620437956204
Grocery,1525,14,HurdleGBM,x>0,cov50,0.6715328467153284
Grocery,1525,14,HurdleGBM,x>0,nMAE,0.6574733096085409
Grocery,1525,14,QuantileGBM,all,CRPS,0.5844925627729258
Grocery,1525,14,QuantileGBM,all,pit_ks,0.05248894073245092
Grocery,1525,14,QuantileGBM,all,cov95,0.9541484716157205
Grocery,1525,14,QuantileGBM,all,cov50,0.87117903930131
Grocery,1525,14,QuantileGBM,all,nMAE,0.6428571428571429
Grocery,1525,14,QuantileGBM,x>0,CRPS,0.9298044936131387
Grocery,1525,14,QuantileGBM,x>0,pit_ks,0.11098874397795608
Grocery,1525,14,QuantileGBM,x>0,cov95,0.9452554744525548
Grocery,1525,14,QuantileGBM,x>0,cov50,0.8065693430656934
Grocery,1525,14,QuantileGBM,x>0,nMAE,0.6352313167259785
OnlineRetailII,4268,0,BTYD,all,CRPS,0.8448960266113282
OnlineRetailII,4268,0,BTYD,all,pit_ks,0.19266111139921638
OnlineRetailII,4268,0,BTYD,all,cov95,0.98515625
OnlineRetailII,4268,0,BTYD,all,cov50,0.7796875
OnlineRetailII,4268,0,BTYD,all,nMAE,0.7496236828901154
OnlineRetailII,4268,0,BTYD,x>0,CRPS,1.0609956732206938
OnlineRetailII,4268,0,BTYD,x>0,pit_ks,0.20511537374600225
OnlineRetailII,4268,0,BTYD,x>0,cov95,0.9796650717703349
OnlineRetailII,4268,0,BTYD,x>0,cov50,0.687799043062201
OnlineRetailII,4268,0,BTYD,x>0,nMAE,0.6897506925207756
OnlineRetailII,4268,0,PoissonGBM,all,CRPS,0.8110535253906249
OnlineRetailII,4268,0,PoissonGBM,all,pit_ks,0.06507939208127433
OnlineRetailII,4268,0,PoissonGBM,all,cov95,0.93046875
OnlineRetailII,4268,0,PoissonGBM,all,cov50,0.725
OnlineRetailII,4268,0,PoissonGBM,all,nMAE,0.6989463120923232
OnlineRetailII,4268,0,PoissonGBM,x>0,CRPS,1.0513103095095693
OnlineRetailII,4268,0,PoissonGBM,x>0,pit_ks,0.07676846701162832
OnlineRetailII,4268,0,PoissonGBM,x>0,cov95,0.9210526315789473
OnlineRetailII,4268,0,PoissonGBM,x>0,cov50,0.6770334928229665
OnlineRetailII,4268,0,PoissonGBM,x>0,nMAE,0.660387811634349
OnlineRetailII,4268,0,HurdleGBM,all,CRPS,0.8175665869140625
OnlineRetailII,4268,0,HurdleGBM,all,pit_ks,0.05529238234313183
OnlineRetailII,4268,0,HurdleGBM,all,cov95,0.93515625
OnlineRetailII,4268,0,HurdleGBM,all,cov50,0.71640625
OnlineRetailII,4268,0,HurdleGBM,all,nMAE,0.6909182137481183
OnlineRetailII,4268,0,HurdleGBM,x>0,CRPS,1.0610298444976074
OnlineRetailII,4268,0,HurdleGBM,x>0,pit_ks,0.07528806104925112
OnlineRetailII,4268,0,HurdleGBM,x>0,cov95,0.9186602870813397
OnlineRetailII,4268,0,HurdleGBM,x>0,cov50,0.6854066985645934
OnlineRetailII,4268,0,HurdleGBM,x>0,nMAE,0.6587257617728531
OnlineRetailII,4268,0,QuantileGBM,all,CRPS,0.8219624951171876
OnlineRetailII,4268,0,QuantileGBM,all,pit_ks,0.06010658433901461
OnlineRetailII,4268,0,QuantileGBM,all,cov95,0.94375
OnlineRetailII,4268,0,QuantileGBM,all,cov50,0.7859375
OnlineRetailII,4268,0,QuantileGBM,all,nMAE,0.7009533366783742
OnlineRetailII,4268,0,QuantileGBM,x>0,CRPS,1.071875149521531
OnlineRetailII,4268,0,QuantileGBM,x>0,pit_ks,0.07781107715718949
OnlineRetailII,4268,0,QuantileGBM,x>0,cov95,0.9389952153110048
OnlineRetailII,4268,0,QuantileGBM,x>0,cov50,0.777511961722488
OnlineRetailII,4268,0,QuantileGBM,x>0,nMAE,0.6698060941828254
OnlineRetailII,4268,1,BTYD,all,CRPS,0.7837364501953125
OnlineRetailII,4268,1,BTYD,all,pit_ks,0.2078053131219177
OnlineRetailII,4268,1,BTYD,all,cov95,0.990625
OnlineRetailII,4268,1,BTYD,all,cov50,0.80625
OnlineRetailII,4268,1,BTYD,all,nMAE,0.8455308938212357
OnlineRetailII,4268,1,BTYD,x>0,CRPS,0.992559067809466
OnlineRetailII,4268,1,BTYD,x>0,pit_ks,0.21462189686207356
OnlineRetailII,4268,1,BTYD,x>0,cov95,0.9866504854368932
OnlineRetailII,4268,1,BTYD,x>0,cov50,0.720873786407767
OnlineRetailII,4268,1,BTYD,x>0,nMAE,0.7754491017964072
OnlineRetailII,4268,1,PoissonGBM,all,CRPS,0.6957146630859374
OnlineRetailII,4268,1,PoissonGBM,all,pit_ks,0.05155802300586709
OnlineRetailII,4268,1,PoissonGBM,all,cov95,0.95
OnlineRetailII,4268,1,PoissonGBM,all,cov50,0.771875
OnlineRetailII,4268,1,PoissonGBM,all,nMAE,0.7168566286742653
OnlineRetailII,4268,1,PoissonGBM,x>0,CRPS,0.9054893734830096
OnlineRetailII,4268,1,PoissonGBM,x>0,pit_ks,0.05322557749106016
OnlineRetailII,4268,1,PoissonGBM,x>0,cov95,0.9393203883495146
OnlineRetailII,4268,1,PoissonGBM,x>0,cov50,0.7220873786407767
OnlineRetailII,4268,1,PoissonGBM,x>0,nMAE,0.6833000665335994
OnlineRetailII,4268,1,HurdleGBM,all,CRPS,0.7006777294921875
OnlineRetailII,4268,1,HurdleGBM,all,pit_ks,0.03211641178272151
OnlineRetailII,4268,1,HurdleGBM,all,cov95,0.96015625
OnlineRetailII,4268,1,HurdleGBM,all,cov50,0.76484375
OnlineRetailII,4268,1,HurdleGBM,all,nMAE,0.7291541691661668
OnlineRetailII,4268,1,HurdleGBM,x>0,CRPS,0.917215473300971
OnlineRetailII,4268,1,HurdleGBM,x>0,pit_ks,0.05575769376487316
OnlineRetailII,4268,1,HurdleGBM,x>0,cov95,0.9514563106796117
OnlineRetailII,4268,1,HurdleGBM,x>0,cov50,0.7220873786407767
OnlineRetailII,4268,1,HurdleGBM,x>0,nMAE,0.6996007984031936
OnlineRetailII,4268,1,QuantileGBM,all,CRPS,0.6824114453125
OnlineRetailII,4268,1,QuantileGBM,all,pit_ks,0.04148001696689685
OnlineRetailII,4268,1,QuantileGBM,all,cov95,0.95859375
OnlineRetailII,4268,1,QuantileGBM,all,cov50,0.81640625
OnlineRetailII,4268,1,QuantileGBM,all,nMAE,0.7141571685662867
OnlineRetailII,4268,1,QuantileGBM,x>0,CRPS,0.8905997496966018
OnlineRetailII,4268,1,QuantileGBM,x>0,pit_ks,0.07362088967373759
OnlineRetailII,4268,1,QuantileGBM,x>0,cov95,0.9550970873786407
OnlineRetailII,4268,1,QuantileGBM,x>0,cov50,0.7936893203883495
OnlineRetailII,4268,1,QuantileGBM,x>0,nMAE,0.6829673985362609
OnlineRetailII,4268,2,BTYD,all,CRPS,0.7638819274902343
OnlineRetailII,4268,2,BTYD,all,pit_ks,0.2134209812102365
OnlineRetailII,4268,2,BTYD,all,cov95,0.99375
OnlineRetailII,4268,2,BTYD,all,cov50,0.80546875
OnlineRetailII,4268,2,BTYD,all,nMAE,0.8159159159159158
OnlineRetailII,4268,2,BTYD,x>0,CRPS,0.9490160600786924
OnlineRetailII,4268,2,BTYD,x>0,pit_ks,0.22484826330445995
OnlineRetailII,4268,2,BTYD,x>0,cov95,0.9927360774818402
OnlineRetailII,4268,2,BTYD,x>0,cov50,0.7263922518159807
OnlineRetailII,4268,2,BTYD,x>0,nMAE,0.7441393168117882
OnlineRetailII,4268,2,PoissonGBM,all,CRPS,0.668350703125
OnlineRetailII,4268,2,PoissonGBM,all,pit_ks,0.055853893171258495
OnlineRetailII,4268,2,PoissonGBM,all,cov95,0.953125
OnlineRetailII,4268,2,PoissonGBM,all,cov50,0.771875
OnlineRetailII,4268,2,PoissonGBM,all,nMAE,0.6957957957957958
OnlineRetailII,4268,2,PoissonGBM,x>0,CRPS,0.8541672972154963
OnlineRetailII,4268,2,PoissonGBM,x>0,pit_ks,0.06284514730133053
OnlineRetailII,4268,2,PoissonGBM,x>0,cov95,0.9491525423728814
OnlineRetailII,4268,2,PoissonGBM,x>0,cov50,0.725181598062954
OnlineRetailII,4268,2,PoissonGBM,x>0,nMAE,0.6550569323509711
OnlineRetailII,4268,2,HurdleGBM,all,CRPS,0.7054833544921875
OnlineRetailII,4268,2,HurdleGBM,all,pit_ks,0.031187455805335218
OnlineRetailII,4268,2,HurdleGBM,all,cov95,0.95859375
OnlineRetailII,4268,2,HurdleGBM,all,cov50,0.77265625
OnlineRetailII,4268,2,HurdleGBM,all,nMAE,0.7186186186186186
OnlineRetailII,4268,2,HurdleGBM,x>0,CRPS,0.9169982142857143
OnlineRetailII,4268,2,HurdleGBM,x>0,pit_ks,0.042655026982220096
OnlineRetailII,4268,2,HurdleGBM,x>0,cov95,0.9527845036319612
OnlineRetailII,4268,2,HurdleGBM,x>0,cov50,0.7397094430992736
OnlineRetailII,4268,2,HurdleGBM,x>0,nMAE,0.6862022772940387
OnlineRetailII,4268,2,QuantileGBM,all,CRPS,0.6456217822265625
OnlineRetailII,4268,2,QuantileGBM,all,pit_ks,0.034785922424200505
OnlineRetailII,4268,2,QuantileGBM,all,cov95,0.9703125
OnlineRetailII,4268,2,QuantileGBM,all,cov50,0.83203125
OnlineRetailII,4268,2,QuantileGBM,all,nMAE,0.6531531531531531
OnlineRetailII,4268,2,QuantileGBM,x>0,CRPS,0.8236766343825666
OnlineRetailII,4268,2,QuantileGBM,x>0,pit_ks,0.05960179132005983
OnlineRetailII,4268,2,QuantileGBM,x>0,cov95,0.9757869249394673
OnlineRetailII,4268,2,QuantileGBM,x>0,cov50,0.8280871670702179
OnlineRetailII,4268,2,QuantileGBM,x>0,nMAE,0.6131949095780308
OnlineRetailII,4268,3,BTYD,all,CRPS,0.7885530395507813
OnlineRetailII,4268,3,BTYD,all,pit_ks,0.232996529514657
OnlineRetailII,4268,3,BTYD,all,cov95,0.98671875
OnlineRetailII,4268,3,BTYD,all,cov50,0.8015625
OnlineRetailII,4268,3,BTYD,all,nMAE,0.8483112183353437
OnlineRetailII,4268,3,BTYD,x>0,CRPS,1.0141662973951913
OnlineRetailII,4268,3,BTYD,x>0,pit_ks,0.23130386668416025
OnlineRetailII,4268,3,BTYD,x>0,cov95,0.9815043156596794
OnlineRetailII,4268,3,BTYD,x>0,cov50,0.7053020961775586
OnlineRetailII,4268,3,BTYD,x>0,nMAE,0.7705570291777188
OnlineRetailII,4268,3,PoissonGBM,all,CRPS,0.6910770849609374
OnlineRetailII,4268,3,PoissonGBM,all,pit_ks,0.0627077394509018
OnlineRetailII,4268,3,PoissonGBM,all,cov95,0.946875
OnlineRetailII,4268,3,PoissonGBM,all,cov50,0.76328125
OnlineRetailII,4268,3,PoissonGBM,all,nMAE,0.7207478890229191
OnlineRetailII,4268,3,PoissonGBM,x>0,CRPS,0.9189374845869297
OnlineRetailII,4268,3,PoissonGBM,x>0,pit_ks,0.05902670021853018
OnlineRetailII,4268,3,PoissonGBM,x>0,cov95,0.9321824907521579
OnlineRetailII,4268,3,PoissonGBM,x>0,cov50,0.6991368680641183
OnlineRetailII,4268,3,PoissonGBM,x>0,nMAE,0.673740053050398
OnlineRetailII,4268,3,HurdleGBM,all,CRPS,0.6912190283203126
OnlineRetailII,4268,3,HurdleGBM,all,pit_ks,0.03680839284824888
OnlineRetailII,4268,3,HurdleGBM,all,cov95,0.94921875
OnlineRetailII,4268,3,HurdleGBM,all,cov50,0.7703125
OnlineRetailII,4268,3,HurdleGBM,all,nMAE,0.7219541616405307
OnlineRetailII,4268,3,HurdleGBM,x>0,CRPS,0.9279509710234277
OnlineRetailII,4268,3,HurdleGBM,x>0,pit_ks,0.04996499047105263
OnlineRetailII,4268,3,HurdleGBM,x>0,cov95,0.9321824907521579
OnlineRetailII,4268,3,HurdleGBM,x>0,cov50,0.7114673242909988
OnlineRetailII,4268,3,HurdleGBM,x>0,nMAE,0.6942970822281167
OnlineRetailII,4268,3,QuantileGBM,all,CRPS,0.66670607421875
OnlineRetailII,4268,3,QuantileGBM,all,pit_ks,0.032346074919223144
OnlineRetailII,4268,3,QuantileGBM,all,cov95,0.96015625
OnlineRetailII,4268,3,QuantileGBM,all,cov50,0.81796875
OnlineRetailII,4268,3,QuantileGBM,all,nMAE,0.6890832328106151
OnlineRetailII,4268,3,QuantileGBM,x>0,CRPS,0.8920183569667078
OnlineRetailII,4268,3,QuantileGBM,x>0,pit_ks,0.040944288324014866
OnlineRetailII,4268,3,QuantileGBM,x>0,cov95,0.9531442663378545
OnlineRetailII,4268,3,QuantileGBM,x>0,cov50,0.7768187422934648
OnlineRetailII,4268,3,QuantileGBM,x>0,nMAE,0.65815649867374
OnlineRetailII,4268,4,BTYD,all,CRPS,0.7777621459960937
OnlineRetailII,4268,4,BTYD,all,pit_ks,0.20459303312992438
OnlineRetailII,4268,4,BTYD,all,cov95,0.990625
OnlineRetailII,4268,4,BTYD,all,cov50,0.80703125
OnlineRetailII,4268,4,BTYD,all,nMAE,0.7959953569355774
OnlineRetailII,4268,4,BTYD,x>0,CRPS,0.979463371690271
OnlineRetailII,4268,4,BTYD,x>0,pit_ks,0.21417169169804895
OnlineRetailII,4268,4,BTYD,x>0,cov95,0.9876847290640394
OnlineRetailII,4268,4,BTYD,x>0,cov50,0.7266009852216748
OnlineRetailII,4268,4,BTYD,x>0,nMAE,0.7131832797427653
OnlineRetailII,4268,4,PoissonGBM,all,CRPS,0.6898046826171875
OnlineRetailII,4268,4,PoissonGBM,all,pit_ks,0.04900110550731995
OnlineRetailII,4268,4,PoissonGBM,all,cov95,0.9390625
OnlineRetailII,4268,4,PoissonGBM,all,cov50,0.765625
OnlineRetailII,4268,4,PoissonGBM,all,nMAE,0.6778874056877539
OnlineRetailII,4268,4,PoissonGBM,x>0,CRPS,0.9014838516009852
OnlineRetailII,4268,4,PoissonGBM,x>0,pit_ks,0.06922678422888495
OnlineRetailII,4268,4,PoissonGBM,x>0,cov95,0.9285714285714286
OnlineRetailII,4268,4,PoissonGBM,x>0,cov50,0.7179802955665024
OnlineRetailII,4268,4,PoissonGBM,x>0,nMAE,0.6315112540192926
OnlineRetailII,4268,4,HurdleGBM,all,CRPS,0.6938204492187501
OnlineRetailII,4268,4,HurdleGBM,all,pit_ks,0.04564223701795278
OnlineRetailII,4268,4,HurdleGBM,all,cov95,0.946875
OnlineRetailII,4268,4,HurdleGBM,all,cov50,0.76328125
OnlineRetailII,4268,4,HurdleGBM,all,nMAE,0.6865931514799767
OnlineRetailII,4268,4,HurdleGBM,x>0,CRPS,0.9136805572660098
OnlineRetailII,4268,4,HurdleGBM,x>0,pit_ks,0.06246228014365218
OnlineRetailII,4268,4,HurdleGBM,x>0,cov95,0.937192118226601
OnlineRetailII,4268,4,HurdleGBM,x>0,cov50,0.7266009852216748
OnlineRetailII,4268,4,HurdleGBM,x>0,nMAE,0.6508038585209003
OnlineRetailII,4268,4,QuantileGBM,all,CRPS,0.6697094921875
OnlineRetailII,4268,4,QuantileGBM,all,pit_ks,0.06042293465031634
OnlineRetailII,4268,4,QuantileGBM,all,cov95,0.95234375
OnlineRetailII,4268,4,QuantileGBM,all,cov50,0.809375
OnlineRetailII,4268,4,QuantileGBM,all,nMAE,0.6686012768427162
OnlineRetailII,4268,4,QuantileGBM,x>0,CRPS,0.8788244689039407
OnlineRetailII,4268,4,QuantileGBM,x>0,pit_ks,0.09010098202150635
OnlineRetailII,4268,4,QuantileGBM,x>0,cov95,0.9458128078817734
OnlineRetailII,4268,4,QuantileGBM,x>0,cov50,0.7955665024630542
OnlineRetailII,4268,4,QuantileGBM,x>0,nMAE,0.6327974276527332
OnlineRetailII,4268,5,BTYD,all,CRPS,0.7860270080566407
OnlineRetailII,4268,5,BTYD,all,pit_ks,0.21567715068308158
OnlineRetailII,4268,5,BTYD,all,cov95,0.99296875
OnlineRetailII,4268,5,BTYD,all,cov50,0.78828125
OnlineRetailII,4268,5,BTYD,all,nMAE,0.8414560770156438
OnlineRetailII,4268,5,BTYD,x>0,CRPS,0.9884892578125
OnlineRetailII,4268,5,BTYD,x>0,pit_ks,0.2307258553617526
OnlineRetailII,4268,5,BTYD,x>0,cov95,0.9916666666666667
OnlineRetailII,4268,5,BTYD,x>0,cov50,0.7047619047619048
OnlineRetailII,4268,5,BTYD,x>0,nMAE,0.7740765171503957
OnlineRetailII,4268,5,PoissonGBM,all,CRPS,0.700628720703125
OnlineRetailII,4268,5,PoissonGBM,all,pit_ks,0.05582265873325862
OnlineRetailII,4268,5,PoissonGBM,all,cov95,0.94921875
OnlineRetailII,4268,5,PoissonGBM,all,cov50,0.75703125
OnlineRetailII,4268,5,PoissonGBM,all,nMAE,0.7424789410348978
OnlineRetailII,4268,5,PoissonGBM,x>0,CRPS,0.9114149702380953
OnlineRetailII,4268,5,PoissonGBM,x>0,pit_ks,0.08185506403423759
OnlineRetailII,4268,5,PoissonGBM,x>0,cov95,0.944047619047619
OnlineRetailII,4268,5,PoissonGBM,x>0,cov50,0.7071428571428572
OnlineRetailII,4268,5,PoissonGBM,x>0,nMAE,0.7064643799472294
OnlineRetailII,4268,5,HurdleGBM,all,CRPS,0.6998839648437499
OnlineRetailII,4268,5,HurdleGBM,all,pit_ks,0.047521117418227427
OnlineRetailII,4268,5,HurdleGBM,all,cov95,0.95546875
OnlineRetailII,4268,5,HurdleGBM,all,cov50,0.7375
OnlineRetailII,4268,5,HurdleGBM,all,nMAE,0.7205174488567991
OnlineRetailII,4268,5,HurdleGBM,x>0,CRPS,0.9168286904761904
OnlineRetailII,4268,5,HurdleGBM,x>0,pit_ks,0.07207213994688572
OnlineRetailII,4268,5,HurdleGBM,x>0,cov95,0.9488095238095238
OnlineRetailII,4268,5,HurdleGBM,x>0,cov50,0.6845238095238095
OnlineRetailII,4268,5,HurdleGBM,x>0,nMAE,0.6936015831134564
OnlineRetailII,4268,5,QuantileGBM,all,CRPS,0.6612389990234375
OnlineRetailII,4268,5,QuantileGBM,all,pit_ks,0.033736046822192
OnlineRetailII,4268,5,QuantileGBM,all,cov95,0.9609375
OnlineRetailII,4268,5,QuantileGBM,all,cov50,0.8203125
OnlineRetailII,4268,5,QuantileGBM,all,nMAE,0.707280385078219
OnlineRetailII,4268,5,QuantileGBM,x>0,CRPS,0.8608679092261904
OnlineRetailII,4268,5,QuantileGBM,x>0,pit_ks,0.04009585628574208
OnlineRetailII,4268,5,QuantileGBM,x>0,cov95,0.9619047619047619
OnlineRetailII,4268,5,QuantileGBM,x>0,cov50,0.7976190476190477
OnlineRetailII,4268,5,QuantileGBM,x>0,nMAE,0.679089709762533
OnlineRetailII,4268,6,BTYD,all,CRPS,0.7466193237304687
OnlineRetailII,4268,6,BTYD,all,pit_ks,0.2107318513861267
OnlineRetailII,4268,6,BTYD,all,cov95,0.99375
OnlineRetailII,4268,6,BTYD,all,cov50,0.81484375
OnlineRetailII,4268,6,BTYD,all,nMAE,0.7926757235676313
OnlineRetailII,4268,6,BTYD,x>0,CRPS,0.9345968954127077
OnlineRetailII,4268,6,BTYD,x>0,pit_ks,0.23028943876581476
OnlineRetailII,4268,6,BTYD,x>0,cov95,0.9904988123515439
OnlineRetailII,4268,6,BTYD,x>0,cov50,0.7292161520190024
OnlineRetailII,4268,6,BTYD,x>0,nMAE,0.7240051347881901
OnlineRetailII,4268,6,PoissonGBM,all,CRPS,0.6686406445312499
OnlineRetailII,4268,6,PoissonGBM,all,pit_ks,0.04395610847572151
OnlineRetailII,4268,6,PoissonGBM,all,cov95,0.959375
OnlineRetailII,4268,6,PoissonGBM,all,cov50,0.78359375
OnlineRetailII,4268,6,PoissonGBM,all,nMAE,0.686650915534554
OnlineRetailII,4268,6,PoissonGBM,x>0,CRPS,0.8712098426365796
OnlineRetailII,4268,6,PoissonGBM,x>0,pit_ks,0.06274614659862762
OnlineRetailII,4268,6,PoissonGBM,x>0,cov95,0.9477434679334917
OnlineRetailII,4268,6,PoissonGBM,x>0,cov50,0.7292161520190024
OnlineRetailII,4268,6,PoissonGBM,x>0,nMAE,0.6505134788189987
OnlineRetailII,4268,6,HurdleGBM,all,CRPS,0.6661028515625
OnlineRetailII,4268,6,HurdleGBM,all,pit_ks,0.032628276817964263
OnlineRetailII,4268,6,HurdleGBM,all,cov95,0.9609375
OnlineRetailII,4268,6,HurdleGBM,all,cov50,0.76484375
OnlineRetailII,4268,6,HurdleGBM,all,nMAE,0.6851742468989959
OnlineRetailII,4268,6,HurdleGBM,x>0,CRPS,0.8732774346793349
OnlineRetailII,4268,6,HurdleGBM,x>0,pit_ks,0.051211759737209483
OnlineRetailII,4268,6,HurdleGBM,x>0,cov95,0.9453681710213777
OnlineRetailII,4268,6,HurdleGBM,x>0,cov50,0.7185273159144893
OnlineRetailII,4268,6,HurdleGBM,x>0,nMAE,0.6566110397946084
OnlineRetailII,4268,6,QuantileGBM,all,CRPS,0.6676536376953125
OnlineRetailII,4268,6,QuantileGBM,all,pit_ks,0.04654222161651039
OnlineRetailII,4268,6,QuantileGBM,all,cov95,0.9640625
OnlineRetailII,4268,6,QuantileGBM,all,cov50,0.828125
OnlineRetailII,4268,6,QuantileGBM,all,nMAE,0.6857649143532191
OnlineRetailII,4268,6,QuantileGBM,x>0,CRPS,0.8782270635391923
OnlineRetailII,4268,6,QuantileGBM,x>0,pit_ks,0.0589377119948471
OnlineRetailII,4268,6,QuantileGBM,x>0,cov95,0.9524940617577197
OnlineRetailII,4268,6,QuantileGBM,x>0,cov50,0.8087885985748219
OnlineRetailII,4268,6,QuantileGBM,x>0,nMAE,0.6585365853658537
OnlineRetailII,4268,7,BTYD,all,CRPS,0.7790204467773437
OnlineRetailII,4268,7,BTYD,all,pit_ks,0.22224643462803856
OnlineRetailII,4268,7,BTYD,all,cov95,0.9890625
OnlineRetailII,4268,7,BTYD,all,cov50,0.80078125
OnlineRetailII,4268,7,BTYD,all,nMAE,0.8562152133580705
OnlineRetailII,4268,7,BTYD,x>0,CRPS,0.9930464483464806
OnlineRetailII,4268,7,BTYD,x>0,pit_ks,0.2307982433450314
OnlineRetailII,4268,7,BTYD,x>0,cov95,0.9842233009708737
OnlineRetailII,4268,7,BTYD,x>0,cov50,0.7160194174757282
OnlineRetailII,4268,7,BTYD,x>0,nMAE,0.7898699520876111
OnlineRetailII,4268,7,PoissonGBM,all,CRPS,0.6963680029296875
OnlineRetailII,4268,7,PoissonGBM,all,pit_ks,0.06452441885554588
OnlineRetailII,4268,7,PoissonGBM,all,cov95,0.94765625
OnlineRetailII,4268,7,PoissonGBM,all,cov50,0.7765625
OnlineRetailII,4268,7,PoissonGBM,all,nMAE,0.7405689548546692
OnlineRetailII,4268,7,PoissonGBM,x>0,CRPS,0.9171932797330097
OnlineRetailII,4268,7,PoissonGBM,x>0,pit_ks,0.07441922104941556
OnlineRetailII,4268,7,PoissonGBM,x>0,cov95,0.9381067961165048
OnlineRetailII,4268,7,PoissonGBM,x>0,cov50,0.7257281553398058
OnlineRetailII,4268,7,PoissonGBM,x>0,nMAE,0.7039698836413416
OnlineRetailII,4268,7,HurdleGBM,all,CRPS,0.6996294384765624
OnlineRetailII,4268,7,HurdleGBM,all,pit_ks,0.04570896099970739
OnlineRetailII,4268,7,HurdleGBM,all,cov95,0.953125
OnlineRetailII,4268,7,HurdleGBM,all,cov50,0.7609375
OnlineRetailII,4268,7,HurdleGBM,all,nMAE,0.7371675943104515
OnlineRetailII,4268,7,HurdleGBM,x>0,CRPS,0.9292430066747573
OnlineRetailII,4268,7,HurdleGBM,x>0,pit_ks,0.06715270143685542
OnlineRetailII,4268,7,HurdleGBM,x>0,cov95,0.9393203883495146
OnlineRetailII,4268,7,HurdleGBM,x>0,cov50,0.7160194174757282
OnlineRetailII,4268,7,HurdleGBM,x>0,nMAE,0.7091033538672142
OnlineRetailII,4268,7,QuantileGBM,all,CRPS,0.6685252734375
OnlineRetailII,4268,7,QuantileGBM,all,pit_ks,0.037628129317075376
OnlineRetailII,4268,7,QuantileGBM,all,cov95,0.96171875
OnlineRetailII,4268,7,QuantileGBM,all,cov50,0.81953125
OnlineRetailII,4268,7,QuantileGBM,all,nMAE,0.7164502164502164
OnlineRetailII,4268,7,QuantileGBM,x>0,CRPS,0.8810245979975728
OnlineRetailII,4268,7,QuantileGBM,x>0,pit_ks,0.051187608726207146
OnlineRetailII,4268,7,QuantileGBM,x>0,cov95,0.9587378640776699
OnlineRetailII,4268,7,QuantileGBM,x>0,cov50,0.808252427184466
OnlineRetailII,4268,7,QuantileGBM,x>0,nMAE,0.6861738535249828
OnlineRetailII,4268,8,BTYD,all,CRPS,0.7455370178222656
OnlineRetailII,4268,8,BTYD,all,pit_ks,0.22891261127955498
OnlineRetailII,4268,8,BTYD,all,cov95,0.99296875
OnlineRetailII,4268,8,BTYD,all,cov50,0.803125
OnlineRetailII,4268,8,BTYD,all,nMAE,0.7792584009269988
OnlineRetailII,4268,8,BTYD,x>0,CRPS,0.9270614068154402
OnlineRetailII,4268,8,BTYD,x>0,pit_ks,0.22715153862005744
OnlineRetailII,4268,8,BTYD,x>0,cov95,0.9903498190591074
OnlineRetailII,4268,8,BTYD,x>0,cov50,0.7225572979493365
OnlineRetailII,4268,8,BTYD,x>0,nMAE,0.7049549549549551
OnlineRetailII,4268,8,PoissonGBM,all,CRPS,0.6678001611328124
OnlineRetailII,4268,8,PoissonGBM,all,pit_ks,0.06590878837128955
OnlineRetailII,4268,8,PoissonGBM,all,cov95,0.95
OnlineRetailII,4268,8,PoissonGBM,all,cov50,0.76484375
OnlineRetailII,4268,8,PoissonGBM,all,nMAE,0.6570104287369641
OnlineRetailII,4268,8,PoissonGBM,x>0,CRPS,0.8476696999396863
OnlineRetailII,4268,8,PoissonGBM,x>0,pit_ks,0.059755312134557426
OnlineRetailII,4268,8,PoissonGBM,x>0,cov95,0.9445114595898673
OnlineRetailII,4268,8,PoissonGBM,x>0,cov50,0.7141133896260555
OnlineRetailII,4268,8,PoissonGBM,x>0,nMAE,0.6161518661518662
OnlineRetailII,4268,8,HurdleGBM,all,CRPS,0.6825625634765625
OnlineRetailII,4268,8,HurdleGBM,all,pit_ks,0.04734095336044769
OnlineRetailII,4268,8,HurdleGBM,all,cov95,0.95625
OnlineRetailII,4268,8,HurdleGBM,all,cov50,0.76171875
OnlineRetailII,4268,8,HurdleGBM,all,nMAE,0.6833719582850522
OnlineRetailII,4268,8,HurdleGBM,x>0,CRPS,0.8754405006031364
OnlineRetailII,4268,8,HurdleGBM,x>0,pit_ks,0.046715647829901785
OnlineRetailII,4268,8,HurdleGBM,x>0,cov95,0.9457177322074789
OnlineRetailII,4268,8,HurdleGBM,x>0,cov50,0.7201447527141134
OnlineRetailII,4268,8,HurdleGBM,x>0,nMAE,0.6483268983268984
OnlineRetailII,4268,8,QuantileGBM,all,CRPS,0.6511358203125001
OnlineRetailII,4268,8,QuantileGBM,all,pit_ks,0.05104882055160198
OnlineRetailII,4268,8,QuantileGBM,all,cov95,0.94765625
OnlineRetailII,4268,8,QuantileGBM,all,cov50,0.8140625
OnlineRetailII,4268,8,QuantileGBM,all,nMAE,0.6468713789107764
OnlineRetailII,4268,8,QuantileGBM,x>0,CRPS,0.8290506936067551
OnlineRetailII,4268,8,QuantileGBM,x>0,pit_ks,0.06682757762177505
OnlineRetailII,4268,8,QuantileGBM,x>0,cov95,0.9433051869722557
OnlineRetailII,4268,8,QuantileGBM,x>0,cov50,0.8118214716525934
OnlineRetailII,4268,8,QuantileGBM,x>0,nMAE,0.6077863577863578
OnlineRetailII,4268,9,BTYD,all,CRPS,0.74522265625
OnlineRetailII,4268,9,BTYD,all,pit_ks,0.2000242629118869
OnlineRetailII,4268,9,BTYD,all,cov95,0.99296875
OnlineRetailII,4268,9,BTYD,all,cov50,0.8109375
OnlineRetailII,4268,9,BTYD,all,nMAE,0.7867990654205608
OnlineRetailII,4268,9,BTYD,x>0,CRPS,0.9147376286319612
OnlineRetailII,4268,9,BTYD,x>0,pit_ks,0.21840256544703657
OnlineRetailII,4268,9,BTYD,x>0,cov95,0.9927360774818402
OnlineRetailII,4268,9,BTYD,x>0,cov50,0.7348668280871671
OnlineRetailII,4268,9,BTYD,x>0,nMAE,0.7144262295081967
OnlineRetailII,4268,9,PoissonGBM,all,CRPS,0.6388555615234375
OnlineRetailII,4268,9,PoissonGBM,all,pit_ks,0.04419089152328037
OnlineRetailII,4268,9,PoissonGBM,all,cov95,0.96171875
OnlineRetailII,4268,9,PoissonGBM,all,cov50,0.77109375
OnlineRetailII,4268,9,PoissonGBM,all,nMAE,0.6580023364485982
OnlineRetailII,4268,9,PoissonGBM,x>0,CRPS,0.8002570520581114
OnlineRetailII,4268,9,PoissonGBM,x>0,pit_ks,0.04491139713554704
OnlineRetailII,4268,9,PoissonGBM,x>0,cov95,0.9588377723970944
OnlineRetailII,4268,9,PoissonGBM,x>0,cov50,0.7336561743341404
OnlineRetailII,4268,9,PoissonGBM,x>0,nMAE,0.6101639344262295
OnlineRetailII,4268,9,HurdleGBM,all,CRPS,0.6435475341796875
OnlineRetailII,4268,9,HurdleGBM,all,pit_ks,0.04155077689480535
OnlineRetailII,4268,9,HurdleGBM,all,cov95,0.96171875
OnlineRetailII,4268,9,HurdleGBM,all,cov50,0.74609375
OnlineRetailII,4268,9,HurdleGBM,all,nMAE,0.6524532710280374
OnlineRetailII,4268,9,HurdleGBM,x>0,CRPS,0.8102481613196124
OnlineRetailII,4268,9,HurdleGBM,x>0,pit_ks,0.048745961112462766
OnlineRetailII,4268,9,HurdleGBM,x>0,cov95,0.9564164648910412
OnlineRetailII,4268,9,HurdleGBM,x>0,cov50,0.7142857142857143
OnlineRetailII,4268,9,HurdleGBM,x>0,nMAE,0.6098360655737705
OnlineRetailII,4268,9,QuantileGBM,all,CRPS,0.651551298828125
OnlineRetailII,4268,9,QuantileGBM,all,pit_ks,0.05728973600128423
OnlineRetailII,4268,9,QuantileGBM,all,cov95,0.96953125
OnlineRetailII,4268,9,QuantileGBM,all,cov50,0.8015625
OnlineRetailII,4268,9,QuantileGBM,all,nMAE,0.6504088785046729
OnlineRetailII,4268,9,QuantileGBM,x>0,CRPS,0.8240222003631961
OnlineRetailII,4268,9,QuantileGBM,x>0,pit_ks,0.08130288432990496
OnlineRetailII,4268,9,QuantileGBM,x>0,cov95,0.9709443099273608
OnlineRetailII,4268,9,QuantileGBM,x>0,cov50,0.7978208232445521
OnlineRetailII,4268,9,QuantileGBM,x>0,nMAE,0.6075409836065574
OnlineRetailII,4268,10,BTYD,all,CRPS,0.7806250305175781
OnlineRetailII,4268,10,BTYD,all,pit_ks,0.2110331241440529
OnlineRetailII,4268,10,BTYD,all,cov95,0.9921875
OnlineRetailII,4268,10,BTYD,all,cov50,0.80625
OnlineRetailII,4268,10,BTYD,all,nMAE,0.78735310576385
OnlineRetailII,4268,10,BTYD,x>0,CRPS,0.9748572279812349
OnlineRetailII,4268,10,BTYD,x>0,pit_ks,0.22683402699917699
OnlineRetailII,4268,10,BTYD,x>0,cov95,0.9891041162227603
OnlineRetailII,4268,10,BTYD,x>0,cov50,0.7227602905569007
OnlineRetailII,4268,10,BTYD,x>0,nMAE,0.7141975308641976
OnlineRetailII,4268,10,PoissonGBM,all,CRPS,0.6848345849609375
OnlineRetailII,4268,10,PoissonGBM,all,pit_ks,0.05017957675977902
OnlineRetailII,4268,10,PoissonGBM,all,cov95,0.946875
OnlineRetailII,4268,10,PoissonGBM,all,cov50,0.78203125
OnlineRetailII,4268,10,PoissonGBM,all,nMAE,0.6620033575825406
OnlineRetailII,4268,10,PoissonGBM,x>0,CRPS,0.8800958610774818
OnlineRetailII,4268,10,PoissonGBM,x>0,pit_ks,0.0503182036827472
OnlineRetailII,4268,10,PoissonGBM,x>0,cov95,0.9394673123486683
OnlineRetailII,4268,10,PoissonGBM,x>0,cov50,0.7239709443099274
OnlineRetailII,4268,10,PoissonGBM,x>0,nMAE,0.6200617283950618
OnlineRetailII,4268,10,HurdleGBM,all,CRPS,0.6930910742187499
OnlineRetailII,4268,10,HurdleGBM,all,pit_ks,0.03170016977146117
OnlineRetailII,4268,10,HurdleGBM,all,cov95,0.953125
OnlineRetailII,4268,10,HurdleGBM,all,cov50,0.7859375
OnlineRetailII,4268,10,HurdleGBM,all,nMAE,0.6578063794068271
OnlineRetailII,4268,10,HurdleGBM,x>0,CRPS,0.8988011349878935
OnlineRetailII,4268,10,HurdleGBM,x>0,pit_ks,0.051356132099593554
OnlineRetailII,4268,10,HurdleGBM,x>0,cov95,0.9430992736077481
OnlineRetailII,4268,10,HurdleGBM,x>0,cov50,0.7360774818401937
OnlineRetailII,4268,10,HurdleGBM,x>0,nMAE,0.6225308641975308
OnlineRetailII,4268,10,QuantileGBM,all,CRPS,0.68213259765625
OnlineRetailII,4268,10,QuantileGBM,all,pit_ks,0.03563035479945187
OnlineRetailII,4268,10,QuantileGBM,all,cov95,0.95859375
OnlineRetailII,4268,10,QuantileGBM,all,cov50,0.81953125
OnlineRetailII,4268,10,QuantileGBM,all,nMAE,0.6474538332400672
OnlineRetailII,4268,10,QuantileGBM,x>0,CRPS,0.8822870914043582
OnlineRetailII,4268,10,QuantileGBM,x>0,pit_ks,0.04514634503291126
OnlineRetailII,4268,10,QuantileGBM,x>0,cov95,0.9552058111380145
OnlineRetailII,4268,10,QuantileGBM,x>0,cov50,0.7905569007263923
OnlineRetailII,4268,10,QuantileGBM,x>0,nMAE,0.6111111111111112
OnlineRetailII,4268,11,BTYD,all,CRPS,0.7508260803222656
OnlineRetailII,4268,11,BTYD,all,pit_ks,0.2236258190860323
OnlineRetailII,4268,11,BTYD,all,cov95,0.99375
OnlineRetailII,4268,11,BTYD,all,cov50,0.8109375
OnlineRetailII,4268,11,BTYD,all,nMAE,0.7744294909303686
OnlineRetailII,4268,11,BTYD,x>0,CRPS,0.9324334455324358
OnlineRetailII,4268,11,BTYD,x>0,pit_ks,0.22172648445753518
OnlineRetailII,4268,11,BTYD,x>0,cov95,0.9938800489596084
OnlineRetailII,4268,11,BTYD,x>0,cov50,0.7258261933904528
OnlineRetailII,4268,11,BTYD,x>0,nMAE,0.6907979407979408
OnlineRetailII,4268,11,PoissonGBM,all,CRPS,0.659927783203125
OnlineRetailII,4268,11,PoissonGBM,all,pit_ks,0.05648443070613332
OnlineRetailII,4268,11,PoissonGBM,all,cov95,0.95703125
OnlineRetailII,4268,11,PoissonGBM,all,cov50,0.778125
OnlineRetailII,4268,11,PoissonGBM,all,nMAE,0.6729081334113517
OnlineRetailII,4268,11,PoissonGBM,x>0,CRPS,0.8605080859853121
OnlineRetailII,4268,11,PoissonGBM,x>0,pit_ks,0.04825054634360795
OnlineRetailII,4268,11,PoissonGBM,x>0,cov95,0.9510403916768666
OnlineRetailII,4268,11,PoissonGBM,x>0,cov50,0.6976744186046512
OnlineRetailII,4268,11,PoissonGBM,x>0,nMAE,0.6280566280566281
OnlineRetailII,4268,11,HurdleGBM,all,CRPS,0.658553994140625
OnlineRetailII,4268,11,HurdleGBM,all,pit_ks,0.04099993615849809
OnlineRetailII,4268,11,HurdleGBM,all,cov95,0.96015625
OnlineRetailII,4268,11,HurdleGBM,all,cov50,0.76953125
OnlineRetailII,4268,11,HurdleGBM,all,nMAE,0.6679344645991808
OnlineRetailII,4268,11,HurdleGBM,x>0,CRPS,0.8626216034271725
OnlineRetailII,4268,11,HurdleGBM,x>0,pit_ks,0.052443700159219064
OnlineRetailII,4268,11,HurdleGBM,x>0,cov95,0.9522643818849449
OnlineRetailII,4268,11,HurdleGBM,x>0,cov50,0.7074663402692778
OnlineRetailII,4268,11,HurdleGBM,x>0,nMAE,0.6348133848133848
OnlineRetailII,4268,11,QuantileGBM,all,CRPS,0.65620697265625
OnlineRetailII,4268,11,QuantileGBM,all,pit_ks,0.028486225805233634
OnlineRetailII,4268,11,QuantileGBM,all,cov95,0.96484375
OnlineRetailII,4268,11,QuantileGBM,all,cov50,0.8125
OnlineRetailII,4268,11,QuantileGBM,all,nMAE,0.6729081334113517
OnlineRetailII,4268,11,QuantileGBM,x>0,CRPS,0.8627880660954712
OnlineRetailII,4268,11,QuantileGBM,x>0,pit_ks,0.03835358455371862
OnlineRetailII,4268,11,QuantileGBM,x>0,cov95,0.9596083231334149
OnlineRetailII,4268,11,QuantileGBM,x>0,cov50,0.7662178702570379
OnlineRetailII,4268,11,QuantileGBM,x>0,nMAE,0.6402831402831403
OnlineRetailII,4268,12,BTYD,all,CRPS,0.75818994140625
OnlineRetailII,4268,12,BTYD,all,pit_ks,0.2128539303468704
OnlineRetailII,4268,12,BTYD,all,cov95,0.9875
OnlineRetailII,4268,12,BTYD,all,cov50,0.80859375
OnlineRetailII,4268,12,BTYD,all,nMAE,0.7826844857640906
OnlineRetailII,4268,12,BTYD,x>0,CRPS,0.9439129689353499
OnlineRetailII,4268,12,BTYD,x>0,pit_ks,0.2107350380795029
OnlineRetailII,4268,12,BTYD,x>0,cov95,0.9857651245551602
OnlineRetailII,4268,12,BTYD,x>0,cov50,0.730723606168446
OnlineRetailII,4268,12,BTYD,x>0,nMAE,0.7153797064454372
OnlineRetailII,4268,12,PoissonGBM,all,CRPS,0.671779638671875
OnlineRetailII,4268,12,PoissonGBM,all,pit_ks,0.04933681719286376
OnlineRetailII,4268,12,PoissonGBM,all,cov95,0.95078125
OnlineRetailII,4268,12,PoissonGBM,all,cov50,0.76484375
OnlineRetailII,4268,12,PoissonGBM,all,nMAE,0.6856478791400349
OnlineRetailII,4268,12,PoissonGBM,x>0,CRPS,0.8611953884934755
OnlineRetailII,4268,12,PoissonGBM,x>0,pit_ks,0.05572129395500908
OnlineRetailII,4268,12,PoissonGBM,x>0,cov95,0.9430604982206405
OnlineRetailII,4268,12,PoissonGBM,x>0,cov50,0.7058125741399762
OnlineRetailII,4268,12,PoissonGBM,x>0,nMAE,0.6448627951499681
OnlineRetailII,4268,12,HurdleGBM,all,CRPS,0.684273291015625
OnlineRetailII,4268,12,HurdleGBM,all,pit_ks,0.035756258570208546
OnlineRetailII,4268,12,HurdleGBM,all,cov95,0.96640625
OnlineRetailII,4268,12,HurdleGBM,all,cov50,0.7625
OnlineRetailII,4268,12,HurdleGBM,all,nMAE,0.7027890761185358
OnlineRetailII,4268,12,HurdleGBM,x>0,CRPS,0.8866284771648874
OnlineRetailII,4268,12,HurdleGBM,x>0,pit_ks,0.04138583670425888
OnlineRetailII,4268,12,HurdleGBM,x>0,cov95,0.9561091340450771
OnlineRetailII,4268,12,HurdleGBM,x>0,cov50,0.7188612099644128
OnlineRetailII,4268,12,HurdleGBM,x>0,nMAE,0.6735800893426931
OnlineRetailII,4268,12,QuantileGBM,all,CRPS,0.6573787841796875
OnlineRetailII,4268,12,QuantileGBM,all,pit_ks,0.0324490913681873
OnlineRetailII,4268,12,QuantileGBM,all,cov95,0.965625
OnlineRetailII,4268,12,QuantileGBM,all,cov50,0.8125
OnlineRetailII,4268,12,QuantileGBM,all,nMAE,0.6783846600813481
OnlineRetailII,4268,12,QuantileGBM,x>0,CRPS,0.8455455441874259
OnlineRetailII,4268,12,QuantileGBM,x>0,pit_ks,0.043336373623589775
OnlineRetailII,4268,12,QuantileGBM,x>0,cov95,0.963226571767497
OnlineRetailII,4268,12,QuantileGBM,x>0,cov50,0.7852906287069988
OnlineRetailII,4268,12,QuantileGBM,x>0,nMAE,0.6467772814294831
OnlineRetailII,4268,13,BTYD,all,CRPS,0.786505126953125
OnlineRetailII,4268,13,BTYD,all,pit_ks,0.2016986856868208
OnlineRetailII,4268,13,BTYD,all,cov95,0.9921875
OnlineRetailII,4268,13,BTYD,all,cov50,0.79296875
OnlineRetailII,4268,13,BTYD,all,nMAE,0.7908077994428969
OnlineRetailII,4268,13,BTYD,x>0,CRPS,0.9949324387770433
OnlineRetailII,4268,13,BTYD,x>0,pit_ks,0.22162578328032895
OnlineRetailII,4268,13,BTYD,x>0,cov95,0.9903846153846154
OnlineRetailII,4268,13,BTYD,x>0,cov50,0.7079326923076923
OnlineRetailII,4268,13,BTYD,x>0,nMAE,0.723980523432745
OnlineRetailII,4268,13,PoissonGBM,all,CRPS,0.7032000390625
OnlineRetailII,4268,13,PoissonGBM,all,pit_ks,0.05411146807820605
OnlineRetailII,4268,13,PoissonGBM,all,cov95,0.95078125
OnlineRetailII,4268,13,PoissonGBM,all,cov50,0.76015625
OnlineRetailII,4268,13,PoissonGBM,all,nMAE,0.6738161559888579
OnlineRetailII,4268,13,PoissonGBM,x>0,CRPS,0.9200519831730768
OnlineRetailII,4268,13,PoissonGBM,x>0,pit_ks,0.06019604369647413
OnlineRetailII,4268,13,PoissonGBM,x>0,cov95,0.9387019230769231
OnlineRetailII,4268,13,PoissonGBM,x>0,cov50,0.7019230769230769
OnlineRetailII,4268,13,PoissonGBM,x>0,nMAE,0.6342057212416312
OnlineRetailII,4268,13,HurdleGBM,all,CRPS,0.711854716796875
OnlineRetailII,4268,13,HurdleGBM,all,pit_ks,0.03612453060251686
OnlineRetailII,4268,13,HurdleGBM,all,cov95,0.953125
OnlineRetailII,4268,13,HurdleGBM,all,cov50,0.7515625
OnlineRetailII,4268,13,HurdleGBM,all,nMAE,0.666016713091922
OnlineRetailII,4268,13,HurdleGBM,x>0,CRPS,0.9380871243990383
OnlineRetailII,4268,13,HurdleGBM,x>0,pit_ks,0.05467950123953458
OnlineRetailII,4268,13,HurdleGBM,x>0,cov95,0.9423076923076923
OnlineRetailII,4268,13,HurdleGBM,x>0,cov50,0.7007211538461539
OnlineRetailII,4268,13,HurdleGBM,x>0,nMAE,0.6345100426049909
OnlineRetailII,4268,13,QuantileGBM,all,CRPS,0.704108935546875
OnlineRetailII,4268,13,QuantileGBM,all,pit_ks,0.03505839192050941
OnlineRetailII,4268,13,QuantileGBM,all,cov95,0.95859375
OnlineRetailII,4268,13,QuantileGBM,all,cov50,0.8015625
OnlineRetailII,4268,13,QuantileGBM,all,nMAE,0.677715877437326
OnlineRetailII,4268,13,QuantileGBM,x>0,CRPS,0.9285200570913462
OnlineRetailII,4268,13,QuantileGBM,x>0,pit_ks,0.04284742924892404
OnlineRetailII,4268,13,QuantileGBM,x>0,cov95,0.9507211538461539
OnlineRetailII,4268,13,QuantileGBM,x>0,cov50,0.7728365384615384
OnlineRetailII,4268,13,QuantileGBM,x>0,nMAE,0.647900182592818
OnlineRetailII,4268,14,BTYD,all,CRPS,0.7982867431640625
OnlineRetailII,4268,14,BTYD,all,pit_ks,0.18472071733682133
OnlineRetailII,4268,14,BTYD,all,cov95,0.9875
OnlineRetailII,4268,14,BTYD,all,cov50,0.7984375
OnlineRetailII,4268,14,BTYD,all,nMAE,0.8008287292817678
OnlineRetailII,4268,14,BTYD,x>0,CRPS,1.0179812767747858
OnlineRetailII,4268,14,BTYD,x>0,pit_ks,0.20041725006123062
OnlineRetailII,4268,14,BTYD,x>0,cov95,0.9828641370869033
OnlineRetailII,4268,14,BTYD,x>0,cov50,0.7111383108935129
OnlineRetailII,4268,14,BTYD,x>0,nMAE,0.7288861689106487
OnlineRetailII,4268,14,PoissonGBM,all,CRPS,0.7475265185546875
OnlineRetailII,4268,14,PoissonGBM,all,pit_ks,0.05729300069729171
OnlineRetailII,4268,14,PoissonGBM,all,cov95,0.9375
OnlineRetailII,4268,14,PoissonGBM,all,cov50,0.759375
OnlineRetailII,4268,14,PoissonGBM,all,nMAE,0.7096685082872928
OnlineRetailII,4268,14,PoissonGBM,x>0,CRPS,0.9782126835985311
OnlineRetailII,4268,14,PoissonGBM,x>0,pit_ks,0.07176515369460501
OnlineRetailII,4268,14,PoissonGBM,x>0,cov95,0.9265605875152999
OnlineRetailII,4268,14,PoissonGBM,x>0,cov50,0.7111383108935129
OnlineRetailII,4268,14,PoissonGBM,x>0,nMAE,0.6649326805385557
OnlineRetailII,4268,14,HurdleGBM,all,CRPS,0.7328219726562499
OnlineRetailII,4268,14,HurdleGBM,all,pit_ks,0.048583140770733
OnlineRetailII,4268,14,HurdleGBM,all,cov95,0.94453125
OnlineRetailII,4268,14,HurdleGBM,all,cov50,0.7421875
OnlineRetailII,4268,14,HurdleGBM,all,nMAE,0.6878453038674033
OnlineRetailII,4268,14,HurdleGBM,x>0,CRPS,0.9645256578947368
OnlineRetailII,4268,14,HurdleGBM,x>0,pit_ks,0.07299849001041114
OnlineRetailII,4268,14,HurdleGBM,x>0,cov95,0.9265605875152999
OnlineRetailII,4268,14,HurdleGBM,x>0,cov50,0.6878824969400245
OnlineRetailII,4268,14,HurdleGBM,x>0,nMAE,0.6542227662178702
OnlineRetailII,4268,14,QuantileGBM,all,CRPS,0.7359846484375
OnlineRetailII,4268,14,QuantileGBM,all,pit_ks,0.047148538749763325
OnlineRetailII,4268,14,QuantileGBM,all,cov95,0.946875
OnlineRetailII,4268,14,QuantileGBM,all,cov50,0.79609375
OnlineRetailII,4268,14,QuantileGBM,all,nMAE,0.7046961325966851
OnlineRetailII,4268,14,QuantileGBM,x>0,CRPS,0.9728310052019584
OnlineRetailII,4268,14,QuantileGBM,x>0,pit_ks,0.05429250828000365
OnlineRetailII,4268,14,QuantileGBM,x>0,cov95,0.9412484700122399
OnlineRetailII,4268,14,QuantileGBM,x>0,cov50,0.7686658506731946
OnlineRetailII,4268,14,QuantileGBM,x>0,nMAE,0.6728886168910648
Olist,22597,0,BTYD,all,CRPS,0.017296193898436344
Olist,22597,0,BTYD,all,pit_ks,0.016916158412404014
Olist,22597,0,BTYD,all,cov95,0.9853960761174214
Olist,22597,0,BTYD,all,cov50,0.983773417908246
Olist,22597,0,BTYD,all,nMAE,1.0
Olist,22597,0,BTYD,x>0,CRPS,0.10510030864197531
Olist,22597,0,BTYD,x>0,pit_ks,0.08097005270943258
Olist,22597,0,BTYD,x>0,cov95,0.9753086419753086
Olist,22597,0,BTYD,x>0,cov50,0.9259259259259259
Olist,22597,0,BTYD,x>0,nMAE,1.0
Olist,22597,0,PoissonGBM,all,CRPS,0.017363088213600827
Olist,22597,0,PoissonGBM,all,pit_ks,0.010555708193025648
Olist,22597,0,PoissonGBM,all,cov95,0.9858386192653784
Olist,22597,0,PoissonGBM,all,cov50,0.983773417908246
Olist,22597,0,PoissonGBM,all,nMAE,1.0
Olist,22597,0,PoissonGBM,x>0,CRPS,0.11102862654320989
Olist,22597,0,PoissonGBM,x>0,pit_ks,0.10404643060104335
Olist,22597,0,PoissonGBM,x>0,cov95,0.9629629629629629
Olist,22597,0,PoissonGBM,x>0,cov50,0.9259259259259259
Olist,22597,0,PoissonGBM,x>0,nMAE,1.0
Olist,22597,0,HurdleGBM,all,CRPS,0.017287712973889955
Olist,22597,0,HurdleGBM,all,pit_ks,0.011339919619826389
Olist,22597,0,HurdleGBM,all,cov95,0.9864286767959876
Olist,22597,0,HurdleGBM,all,cov50,0.983773417908246
Olist,22597,0,HurdleGBM,all,nMAE,1.0
Olist,22597,0,HurdleGBM,x>0,CRPS,0.10744483024691359
Olist,22597,0,HurdleGBM,x>0,pit_ks,0.07899916264884632
Olist,22597,0,HurdleGBM,x>0,cov95,0.9753086419753086
Olist,22597,0,HurdleGBM,x>0,cov50,0.9259259259259259
Olist,22597,0,HurdleGBM,x>0,nMAE,1.0
Olist,22597,0,QuantileGBM,all,CRPS,0.017510212605103995
Olist,22597,0,QuantileGBM,all,pit_ks,0.023576165580378894
Olist,22597,0,QuantileGBM,all,cov95,0.984215961056203
Olist,22597,0,QuantileGBM,all,cov50,0.983773417908246
Olist,22597,0,QuantileGBM,all,nMAE,1.0
Olist,22597,0,QuantileGBM,x>0,CRPS,0.10742878086419753
Olist,22597,0,QuantileGBM,x>0,pit_ks,0.08680003663316038
Olist,22597,0,QuantileGBM,x>0,cov95,0.9629629629629629
Olist,22597,0,QuantileGBM,x>0,cov50,0.9259259259259259
Olist,22597,0,QuantileGBM,x>0,nMAE,1.0
Olist,22597,1,BTYD,all,CRPS,0.017601836784555243
Olist,22597,1,BTYD,all,pit_ks,0.008260552317929437
Olist,22597,1,BTYD,all,cov95,0.9852485617347692
Olist,22597,1,BTYD,all,cov50,0.9834783891429414
Olist,22597,1,BTYD,all,nMAE,1.0
Olist,22597,1,BTYD,x>0,CRPS,0.0936416720360825
Olist,22597,1,BTYD,x>0,pit_ks,0.17804492863155974
Olist,22597,1,BTYD,x>0,cov95,0.9896907216494846
Olist,22597,1,BTYD,x>0,cov50,0.9072164948453608
Olist,22597,1,BTYD,x>0,nMAE,1.0
Olist,22597,1,PoissonGBM,all,CRPS,0.01753399192358755
Olist,22597,1,PoissonGBM,all,pit_ks,0.005602290077728611
Olist,22597,1,PoissonGBM,all,cov95,0.986133648030683
Olist,22597,1,PoissonGBM,all,cov50,0.9834783891429414
Olist,22597,1,PoissonGBM,all,nMAE,1.0
Olist,22597,1,PoissonGBM,x>0,CRPS,0.09492944587628865
Olist,22597,1,PoissonGBM,x>0,pit_ks,0.16469108148161304
Olist,22597,1,PoissonGBM,x>0,cov95,0.9690721649484536
Olist,22597,1,PoissonGBM,x>0,cov50,0.9072164948453608
Olist,22597,1,PoissonGBM,x>0,nMAE,1.0
Olist,22597,1,HurdleGBM,all,CRPS,0.01760406494320696
Olist,22597,1,HurdleGBM,all,pit_ks,0.006556777539109326
Olist,22597,1,HurdleGBM,all,cov95,0.9865761911786399
Olist,22597,1,HurdleGBM,all,cov50,0.9834783891429414
Olist,22597,1,HurdleGBM,all,nMAE,1.0
Olist,22597,1,HurdleGBM,x>0,CRPS,0.09734993556701033
Olist,22597,1,HurdleGBM,x>0,pit_ks,0.18460360272266163
Olist,22597,1,HurdleGBM,x>0,cov95,0.9690721649484536
Olist,22597,1,HurdleGBM,x>0,cov50,0.9072164948453608
Olist,22597,1,HurdleGBM,x>0,nMAE,1.0
Olist,22597,1,QuantileGBM,all,CRPS,0.017762566381472195
Olist,22597,1,QuantileGBM,all,pit_ks,0.0180378500661188
Olist,22597,1,QuantileGBM,all,cov95,0.984215961056203
Olist,22597,1,QuantileGBM,all,cov50,0.9834783891429414
Olist,22597,1,QuantileGBM,all,nMAE,1.0
Olist,22597,1,QuantileGBM,x>0,CRPS,0.0970354381443299
Olist,22597,1,QuantileGBM,x>0,pit_ks,0.18853879390385497
Olist,22597,1,QuantileGBM,x>0,cov95,0.9587628865979382
Olist,22597,1,QuantileGBM,x>0,cov50,0.9072164948453608
Olist,22597,1,QuantileGBM,x>0,nMAE,1.0
Olist,22597,2,BTYD,all,CRPS,0.016118959977504056
Olist,22597,2,BTYD,all,pit_ks,0.008400111075724803
Olist,22597,2,BTYD,all,cov95,0.9858386192653784
Olist,22597,2,BTYD,all,cov50,0.9849535329694645
Olist,22597,2,BTYD,all,nMAE,1.0
Olist,22597,2,BTYD,x>0,CRPS,0.08109747023809522
Olist,22597,2,BTYD,x>0,pit_ks,0.10965024221989411
Olist,22597,2,BTYD,x>0,cov95,0.9880952380952381
Olist,22597,2,BTYD,x>0,cov50,0.9404761904761905
Olist,22597,2,BTYD,x>0,nMAE,1.0
Olist,22597,2,PoissonGBM,all,CRPS,0.016097981818852337
Olist,22597,2,PoissonGBM,all,pit_ks,0.008712080503883612
Olist,22597,2,PoissonGBM,all,cov95,0.9874612774745538
Olist,22597,2,PoissonGBM,all,cov50,0.9849535329694645
Olist,22597,2,PoissonGBM,all,nMAE,1.0
Olist,22597,2,PoissonGBM,x>0,CRPS,0.08448415178571429
Olist,22597,2,PoissonGBM,x>0,pit_ks,0.11408978814481618
Olist,22597,2,PoissonGBM,x>0,cov95,0.9761904761904762
Olist,22597,2,PoissonGBM,x>0,cov50,0.9404761904761905
Olist,22597,2,PoissonGBM,x>0,nMAE,1.0
Olist,22597,2,HurdleGBM,all,CRPS,0.016080033006343118
Olist,22597,2,HurdleGBM,all,pit_ks,0.007326278033019301
Olist,22597,2,HurdleGBM,all,cov95,0.9874612774745538
Olist,22597,2,HurdleGBM,all,cov50,0.9849535329694645
Olist,22597,2,HurdleGBM,all,nMAE,1.0
Olist,22597,2,HurdleGBM,x>0,CRPS,0.08353824404761905
Olist,22597,2,HurdleGBM,x>0,pit_ks,0.11058526349562575
Olist,22597,2,HurdleGBM,x>0,cov95,0.9761904761904762
Olist,22597,2,HurdleGBM,x>0,cov50,0.9404761904761905
Olist,22597,2,HurdleGBM,x>0,nMAE,1.0
Olist,22597,2,QuantileGBM,all,CRPS,0.016228418645817966
Olist,22597,2,QuantileGBM,all,pit_ks,0.01570267633781508
Olist,22597,2,QuantileGBM,all,cov95,0.9851010473521168
Olist,22597,2,QuantileGBM,all,cov50,0.9849535329694645
Olist,22597,2,QuantileGBM,all,nMAE,1.0
Olist,22597,2,QuantileGBM,x>0,CRPS,0.08348154761904762
Olist,22597,2,QuantileGBM,x>0,pit_ks,0.10145933911602145
Olist,22597,2,QuantileGBM,x>0,cov95,0.9523809523809523
Olist,22597,2,QuantileGBM,x>0,cov50,0.9404761904761905
Olist,22597,2,QuantileGBM,x>0,nMAE,1.0
Olist,22597,3,BTYD,all,CRPS,0.018646083032158135
Olist,22597,3,BTYD,all,pit_ks,0.014373562846232701
Olist,22597,3,BTYD,all,cov95,0.9828883316123322
Olist,22597,3,BTYD,all,cov50,0.9820032453164184
Olist,22597,3,BTYD,all,nMAE,1.0
Olist,22597,3,BTYD,x>0,CRPS,0.058620854591836725
Olist,22597,3,BTYD,x>0,pit_ks,0.06290679775515767
Olist,22597,3,BTYD,x>0,cov95,0.9897959183673469
Olist,22597,3,BTYD,x>0,cov50,0.9591836734693877
Olist,22597,3,BTYD,x>0,nMAE,1.0
Olist,22597,3,PoissonGBM,all,CRPS,0.01855235746422776
Olist,22597,3,PoissonGBM,all,pit_ks,0.008216236148187256
Olist,22597,3,PoissonGBM,all,cov95,0.9839209322908984
Olist,22597,3,PoissonGBM,all,cov50,0.9820032453164184
Olist,22597,3,PoissonGBM,all,nMAE,1.0
Olist,22597,3,PoissonGBM,x>0,CRPS,0.05904751275510204
Olist,22597,3,PoissonGBM,x>0,pit_ks,0.05608104611760428
Olist,22597,3,PoissonGBM,x>0,cov95,0.9795918367346939
Olist,22597,3,PoissonGBM,x>0,cov50,0.9591836734693877
Olist,22597,3,PoissonGBM,x>0,nMAE,1.0
Olist,22597,3,HurdleGBM,all,CRPS,0.018591261616757636
Olist,22597,3,HurdleGBM,all,pit_ks,0.009185245936785491
Olist,22597,3,HurdleGBM,all,cov95,0.9834783891429414
Olist,22597,3,HurdleGBM,all,cov50,0.9820032453164184
Olist,22597,3,HurdleGBM,all,nMAE,1.0
Olist,22597,3,HurdleGBM,x>0,CRPS,0.057847895408163263
Olist,22597,3,HurdleGBM,x>0,pit_ks,0.04669594678986866
Olist,22597,3,HurdleGBM,x>0,cov95,0.9897959183673469
Olist,22597,3,HurdleGBM,x>0,cov50,0.9591836734693877
Olist,22597,3,HurdleGBM,x>0,nMAE,1.0
Olist,22597,3,QuantileGBM,all,CRPS,0.018833324421006045
Olist,22597,3,QuantileGBM,all,pit_ks,0.022221352462643562
Olist,22597,3,QuantileGBM,all,cov95,0.9824457884643752
Olist,22597,3,QuantileGBM,all,cov50,0.9820032453164184
Olist,22597,3,QuantileGBM,all,nMAE,1.0
Olist,22597,3,QuantileGBM,x>0,CRPS,0.05786843112244897
Olist,22597,3,QuantileGBM,x>0,pit_ks,0.057597144858520966
Olist,22597,3,QuantileGBM,x>0,cov95,0.9897959183673469
Olist,22597,3,QuantileGBM,x>0,cov50,0.9591836734693877
Olist,22597,3,QuantileGBM,x>0,nMAE,1.0
Olist,22597,4,BTYD,all,CRPS,0.015614841099350936
Olist,22597,4,BTYD,all,pit_ks,0.008871657438231928
Olist,22597,4,BTYD,all,cov95,0.9864286767959876
Olist,22597,4,BTYD,all,cov50,0.9846585042041599
Olist,22597,4,BTYD,all,nMAE,1.0
Olist,22597,4,BTYD,x>0,CRPS,0.053122395833333315
Olist,22597,4,BTYD,x>0,pit_ks,0.07745253771328509
Olist,22597,4,BTYD,x>0,cov95,0.9888888888888889
Olist,22597,4,BTYD,x>0,cov50,0.9444444444444444
Olist,22597,4,BTYD,x>0,nMAE,1.0
Olist,22597,4,PoissonGBM,all,CRPS,0.015741291119634165
Olist,22597,4,PoissonGBM,all,pit_ks,0.006801608622632682
Olist,22597,4,PoissonGBM,all,cov95,0.9879038206225107
Olist,22597,4,PoissonGBM,all,cov50,0.9846585042041599
Olist,22597,4,PoissonGBM,all,nMAE,1.0093457943925235
Olist,22597,4,PoissonGBM,x>0,CRPS,0.06383520833333332
Olist,22597,4,PoissonGBM,x>0,pit_ks,0.052783011981319516
Olist,22597,4,PoissonGBM,x>0,cov95,1.0
Olist,22597,4,PoissonGBM,x>0,cov50,0.9444444444444444
Olist,22597,4,PoissonGBM,x>0,nMAE,1.2
Olist,22597,4,HurdleGBM,all,CRPS,0.01558771666174952
Olist,22597,4,HurdleGBM,all,pit_ks,0.0061302073919242694
Olist,22597,4,HurdleGBM,all,cov95,0.988051335005163
Olist,22597,4,HurdleGBM,all,cov50,0.9846585042041599
Olist,22597,4,HurdleGBM,all,nMAE,1.0
Olist,22597,4,HurdleGBM,x>0,CRPS,0.05417583333333333
Olist,22597,4,HurdleGBM,x>0,pit_ks,0.06264974977101434
Olist,22597,4,HurdleGBM,x>0,cov95,0.9888888888888889
Olist,22597,4,HurdleGBM,x>0,cov50,0.9444444444444444
Olist,22597,4,HurdleGBM,x>0,nMAE,1.0
Olist,22597,4,QuantileGBM,all,CRPS,0.015759890839356836
Olist,22597,4,QuantileGBM,all,pit_ks,0.015816648363389807
Olist,22597,4,QuantileGBM,all,cov95,0.9852485617347692
Olist,22597,4,QuantileGBM,all,cov50,0.9846585042041599
Olist,22597,4,QuantileGBM,all,nMAE,1.0
Olist,22597,4,QuantileGBM,x>0,CRPS,0.05373666666666667
Olist,22597,4,QuantileGBM,x>0,pit_ks,0.08025017568128806
Olist,22597,4,QuantileGBM,x>0,cov95,0.9888888888888889
Olist,22597,4,QuantileGBM,x>0,cov50,0.9444444444444444
Olist,22597,4,QuantileGBM,x>0,nMAE,1.0
Olist,22597,5,BTYD,all,CRPS,0.018103489406623395
Olist,22597,5,BTYD,all,pit_ks,0.011098916810634685
Olist,22597,5,BTYD,all,cov95,0.9834783891429414
Olist,22597,5,BTYD,all,cov50,0.9827408172296799
Olist,22597,5,BTYD,all,nMAE,1.0
Olist,22597,5,BTYD,x>0,CRPS,0.08557803721910112
Olist,22597,5,BTYD,x>0,pit_ks,0.07065035712652845
Olist,22597,5,BTYD,x>0,cov95,0.9662921348314607
Olist,22597,5,BTYD,x>0,cov50,0.9325842696629213
Olist,22597,5,BTYD,x>0,nMAE,1.0
Olist,22597,5,PoissonGBM,all,CRPS,0.018191146371146185
Olist,22597,5,PoissonGBM,all,pit_ks,0.00644203982318492
Olist,22597,5,PoissonGBM,all,cov95,0.9855435905000738
Olist,22597,5,PoissonGBM,all,cov50,0.9828883316123322
Olist,22597,5,PoissonGBM,all,nMAE,1.0161290322580645
Olist,22597,5,PoissonGBM,x>0,CRPS,0.09992808988764044
Olist,22597,5,PoissonGBM,x>0,pit_ks,0.11666864838959834
Olist,22597,5,PoissonGBM,x>0,cov95,0.9662921348314607
Olist,22597,5,PoissonGBM,x>0,cov50,0.9438202247191011
Olist,22597,5,PoissonGBM,x>0,nMAE,1.25
Olist,22597,5,HurdleGBM,all,CRPS,0.01807188468063136
Olist,22597,5,HurdleGBM,all,pit_ks,0.007426073415093826
Olist,22597,5,HurdleGBM,all,cov95,0.9846585042041599
Olist,22597,5,HurdleGBM,all,cov50,0.9827408172296799
Olist,22597,5,HurdleGBM,all,nMAE,1.0
Olist,22597,5,HurdleGBM,x>0,CRPS,0.08925245786516853
Olist,22597,5,HurdleGBM,x>0,pit_ks,0.09056463257111713
Olist,22597,5,HurdleGBM,x>0,cov95,0.9550561797752809
Olist,22597,5,HurdleGBM,x>0,cov50,0.9325842696629213
Olist,22597,5,HurdleGBM,x>0,nMAE,1.0
Olist,22597,5,QuantileGBM,all,CRPS,0.0182841726287063
Olist,22597,5,QuantileGBM,all,pit_ks,0.019952537938995873
Olist,22597,5,QuantileGBM,all,cov95,0.9830358459949845
Olist,22597,5,QuantileGBM,all,cov50,0.9827408172296799
Olist,22597,5,QuantileGBM,all,nMAE,1.0
Olist,22597,5,QuantileGBM,x>0,CRPS,0.08930793539325842
Olist,22597,5,QuantileGBM,x>0,pit_ks,0.07468811810119536
Olist,22597,5,QuantileGBM,x>0,cov95,0.9550561797752809
Olist,22597,5,QuantileGBM,x>0,cov50,0.9325842696629213
Olist,22597,5,QuantileGBM,x>0,nMAE,1.0
Olist,22597,6,BTYD,all,CRPS,0.01622671462420711
Olist,22597,6,BTYD,all,pit_ks,0.017045928253993314
Olist,22597,6,BTYD,all,cov95,0.9849535329694645
Olist,22597,6,BTYD,all,cov50,0.9843634754388553
Olist,22597,6,BTYD,all,nMAE,1.0
Olist,22597,6,BTYD,x>0,CRPS,0.041854594216417906
Olist,22597,6,BTYD,x>0,pit_ks,0.06657385967164486
Olist,22597,6,BTYD,x>0,cov95,0.9850746268656716
Olist,22597,6,BTYD,x>0,cov50,0.9552238805970149
Olist,22597,6,BTYD,x>0,nMAE,1.0
Olist,22597,6,PoissonGBM,all,CRPS,0.016173161602006197
Olist,22597,6,PoissonGBM,all,pit_ks,0.011300828382229122
Olist,22597,6,PoissonGBM,all,cov95,0.9871662487092492
Olist,22597,6,PoissonGBM,all,cov50,0.9843634754388553
Olist,22597,6,PoissonGBM,all,nMAE,1.0
Olist,22597,6,PoissonGBM,x>0,CRPS,0.042966417910447766
Olist,22597,6,PoissonGBM,x>0,pit_ks,0.07548900375582657
Olist,22597,6,PoissonGBM,x>0,cov95,0.9850746268656716
Olist,22597,6,PoissonGBM,x>0,cov50,0.9552238805970149
Olist,22597,6,PoissonGBM,x>0,nMAE,1.0
Olist,22597,6,HurdleGBM,all,CRPS,0.01618952279097212
Olist,22597,6,HurdleGBM,all,pit_ks,0.01230673600267107
Olist,22597,6,HurdleGBM,all,cov95,0.9858386192653784
Olist,22597,6,HurdleGBM,all,cov50,0.9843634754388553
Olist,22597,6,HurdleGBM,all,nMAE,1.0
Olist,22597,6,HurdleGBM,x>0,CRPS,0.043749720149253726
Olist,22597,6,HurdleGBM,x>0,pit_ks,0.0572128426053678
Olist,22597,6,HurdleGBM,x>0,cov95,0.9701492537313433
Olist,22597,6,HurdleGBM,x>0,cov50,0.9552238805970149
Olist,22597,6,HurdleGBM,x>0,nMAE,1.0
Olist,22597,6,QuantileGBM,all,CRPS,0.016351291672813097
Olist,22597,6,QuantileGBM,all,pit_ks,0.023209253954400766
Olist,22597,6,QuantileGBM,all,cov95,0.9846585042041599
Olist,22597,6,QuantileGBM,all,cov50,0.9843634754388553
Olist,22597,6,QuantileGBM,all,nMAE,1.0
Olist,22597,6,QuantileGBM,x>0,CRPS,0.04246875
Olist,22597,6,QuantileGBM,x>0,pit_ks,0.05131989600941311
Olist,22597,6,QuantileGBM,x>0,cov95,0.9850746268656716
Olist,22597,6,QuantileGBM,x>0,cov50,0.9552238805970149
Olist,22597,6,QuantileGBM,x>0,nMAE,1.0
Olist,22597,7,BTYD,all,CRPS,0.016151101978536656
Olist,22597,7,BTYD,all,pit_ks,0.0076910798300788286
Olist,22597,7,BTYD,all,cov95,0.9867237055612922
Olist,22597,7,BTYD,all,cov50,0.985691104882726
Olist,22597,7,BTYD,all,nMAE,1.0
Olist,22597,7,BTYD,x>0,CRPS,0.12851873224431817
Olist,22597,7,BTYD,x>0,pit_ks,0.08470589186010502
Olist,22597,7,BTYD,x>0,cov95,0.9659090909090909
Olist,22597,7,BTYD,x>0,cov50,0.9431818181818182
Olist,22597,7,BTYD,x>0,nMAE,1.0
Olist,22597,7,PoissonGBM,all,CRPS,0.016252359308157546
Olist,22597,7,PoissonGBM,all,pit_ks,0.012153075539070635
Olist,22597,7,PoissonGBM,all,cov95,0.9876087918572061
Olist,22597,7,PoissonGBM,all,cov50,0.985691104882726
Olist,22597,7,PoissonGBM,all,nMAE,1.0
Olist,22597,7,PoissonGBM,x>0,CRPS,0.12929254261363637
Olist,22597,7,PoissonGBM,x>0,pit_ks,0.07542497471923798
Olist,22597,7,PoissonGBM,x>0,cov95,0.9659090909090909
Olist,22597,7,PoissonGBM,x>0,cov50,0.9431818181818182
Olist,22597,7,PoissonGBM,x>0,nMAE,1.0
Olist,22597,7,HurdleGBM,all,CRPS,0.016233838877415547
Olist,22597,7,HurdleGBM,all,pit_ks,0.011008757941826985
Olist,22597,7,HurdleGBM,all,cov95,0.9873137630919014
Olist,22597,7,HurdleGBM,all,cov50,0.985691104882726
Olist,22597,7,HurdleGBM,all,nMAE,1.0
Olist,22597,7,HurdleGBM,x>0,CRPS,0.131021875
Olist,22597,7,HurdleGBM,x>0,pit_ks,0.10111653131911336
Olist,22597,7,HurdleGBM,x>0,cov95,0.9659090909090909
Olist,22597,7,HurdleGBM,x>0,cov50,0.9431818181818182
Olist,22597,7,HurdleGBM,x>0,nMAE,1.0
Olist,22597,7,QuantileGBM,all,CRPS,0.016352868232777696
Olist,22597,7,QuantileGBM,all,pit_ks,0.015459824222220031
Olist,22597,7,QuantileGBM,all,cov95,0.985691104882726
Olist,22597,7,QuantileGBM,all,cov50,0.985691104882726
Olist,22597,7,QuantileGBM,all,nMAE,1.0
Olist,22597,7,QuantileGBM,x>0,CRPS,0.13472833806818182
Olist,22597,7,QuantileGBM,x>0,pit_ks,0.10984076646486474
Olist,22597,7,QuantileGBM,x>0,cov95,0.9431818181818182
Olist,22597,7,QuantileGBM,x>0,cov50,0.9431818181818182
Olist,22597,7,QuantileGBM,x>0,nMAE,1.0
Olist,22597,8,BTYD,all,CRPS,0.01703963988051335
Olist,22597,8,BTYD,all,pit_ks,0.010011971624684424
Olist,22597,8,BTYD,all,cov95,0.9843634754388553
Olist,22597,8,BTYD,all,cov50,0.9831833603776369
Olist,22597,8,BTYD,all,nMAE,1.0
Olist,22597,8,BTYD,x>0,CRPS,0.06109580592105264
Olist,22597,8,BTYD,x>0,pit_ks,0.06481282937364496
Olist,22597,8,BTYD,x>0,cov95,0.968421052631579
Olist,22597,8,BTYD,x>0,cov50,0.9473684210526315
Olist,22597,8,BTYD,x>0,nMAE,1.0
Olist,22597,8,PoissonGBM,all,CRPS,0.016987777511432364
Olist,22597,8,PoissonGBM,all,pit_ks,0.013908849138380253
Olist,22597,8,PoissonGBM,all,cov95,0.9855435905000738
Olist,22597,8,PoissonGBM,all,cov50,0.9831833603776369
Olist,22597,8,PoissonGBM,all,nMAE,1.0
Olist,22597,8,PoissonGBM,x>0,CRPS,0.05919414473684209
Olist,22597,8,PoissonGBM,x>0,pit_ks,0.06051558141206115
Olist,22597,8,PoissonGBM,x>0,cov95,0.9894736842105263
Olist,22597,8,PoissonGBM,x>0,cov50,0.9473684210526315
Olist,22597,8,PoissonGBM,x>0,nMAE,1.0
Olist,22597,8,HurdleGBM,all,CRPS,0.017034527585189557
Olist,22597,8,HurdleGBM,all,pit_ks,0.012653350384118855
Olist,22597,8,HurdleGBM,all,cov95,0.9853960761174214
Olist,22597,8,HurdleGBM,all,cov50,0.9831833603776369
Olist,22597,8,HurdleGBM,all,nMAE,1.0
Olist,22597,8,HurdleGBM,x>0,CRPS,0.06064138157894737
Olist,22597,8,HurdleGBM,x>0,pit_ks,0.06117407357095345
Olist,22597,8,HurdleGBM,x>0,cov95,0.9894736842105263
Olist,22597,8,HurdleGBM,x>0,cov50,0.9473684210526315
Olist,22597,8,HurdleGBM,x>0,nMAE,1.0
Olist,22597,8,QuantileGBM,all,CRPS,0.017238607279834783
Olist,22597,8,QuantileGBM,all,pit_ks,0.01923567515846103
Olist,22597,8,QuantileGBM,all,cov95,0.9834783891429414
Olist,22597,8,QuantileGBM,all,cov50,0.9831833603776369
Olist,22597,8,QuantileGBM,all,nMAE,1.0
Olist,22597,8,QuantileGBM,x>0,CRPS,0.06168967105263159
Olist,22597,8,QuantileGBM,x>0,pit_ks,0.07762926478069465
Olist,22597,8,QuantileGBM,x>0,cov95,0.968421052631579
Olist,22597,8,QuantileGBM,x>0,cov50,0.9473684210526315
Olist,22597,8,QuantileGBM,x>0,nMAE,1.0
Olist,22597,9,BTYD,all,CRPS,0.0153180029779466
Olist,22597,9,BTYD,all,pit_ks,0.009152027977997634
Olist,22597,9,BTYD,all,cov95,0.986133648030683
Olist,22597,9,BTYD,all,cov50,0.9853960761174214
Olist,22597,9,BTYD,all,nMAE,1.0
Olist,22597,9,BTYD,x>0,CRPS,0.06701884191176471
Olist,22597,9,BTYD,x>0,pit_ks,0.1335989919581107
Olist,22597,9,BTYD,x>0,cov95,0.9882352941176471
Olist,22597,9,BTYD,x>0,cov50,0.9411764705882353
Olist,22597,9,BTYD,x>0,nMAE,1.0
Olist,22597,9,PoissonGBM,all,CRPS,0.015394907987903819
Olist,22597,9,PoissonGBM,all,pit_ks,0.005846466170847664
Olist,22597,9,PoissonGBM,all,cov95,0.9883463637704676
Olist,22597,9,PoissonGBM,all,cov50,0.9853960761174214
Olist,22597,9,PoissonGBM,all,nMAE,1.0
Olist,22597,9,PoissonGBM,x>0,CRPS,0.07064911764705883
Olist,22597,9,PoissonGBM,x>0,pit_ks,0.1286321305429997
Olist,22597,9,PoissonGBM,x>0,cov95,0.9882352941176471
Olist,22597,9,PoissonGBM,x>0,cov50,0.9411764705882353
Olist,22597,9,PoissonGBM,x>0,nMAE,1.0
Olist,22597,9,HurdleGBM,all,CRPS,0.015320523860451395
Olist,22597,9,HurdleGBM,all,pit_ks,0.005777711426984911
Olist,22597,9,HurdleGBM,all,cov95,0.9867237055612922
Olist,22597,9,HurdleGBM,all,cov50,0.9853960761174214
Olist,22597,9,HurdleGBM,all,nMAE,1.0
Olist,22597,9,HurdleGBM,x>0,CRPS,0.06686492647058824
Olist,22597,9,HurdleGBM,x>0,pit_ks,0.14369122160477377
Olist,22597,9,HurdleGBM,x>0,cov95,0.9647058823529412
Olist,22597,9,HurdleGBM,x>0,cov50,0.9411764705882353
Olist,22597,9,HurdleGBM,x>0,nMAE,1.0
Olist,22597,9,QuantileGBM,all,CRPS,0.01547891097507007
Olist,22597,9,QuantileGBM,all,pit_ks,0.015318210482509254
Olist,22597,9,QuantileGBM,all,cov95,0.9855435905000738
Olist,22597,9,QuantileGBM,all,cov50,0.9853960761174214
Olist,22597,9,QuantileGBM,all,nMAE,1.0
Olist,22597,9,QuantileGBM,x>0,CRPS,0.06978279411764707
Olist,22597,9,QuantileGBM,x>0,pit_ks,0.16481043698304892
Olist,22597,9,QuantileGBM,x>0,cov95,0.9529411764705882
Olist,22597,9,QuantileGBM,x>0,cov50,0.9411764705882353
Olist,22597,9,QuantileGBM,x>0,nMAE,1.0
Olist,22597,10,BTYD,all,CRPS,0.01690743011506122
Olist,22597,10,BTYD,all,pit_ks,0.010073639592730776
Olist,22597,10,BTYD,all,cov95,0.9855435905000738
Olist,22597,10,BTYD,all,cov50,0.9843634754388553
Olist,22597,10,BTYD,all,nMAE,1.0
Olist,22597,10,BTYD,x>0,CRPS,0.07607421874999999
Olist,22597,10,BTYD,x>0,pit_ks,0.0811836719588086
Olist,22597,10,BTYD,x>0,cov95,0.9883720930232558
Olist,22597,10,BTYD,x>0,cov50,0.9534883720930233
Olist,22597,10,BTYD,x>0,nMAE,1.0
Olist,22597,10,PoissonGBM,all,CRPS,0.016930159315533263
Olist,22597,10,PoissonGBM,all,pit_ks,0.005015221274070725
Olist,22597,10,PoissonGBM,all,cov95,0.9868712199439446
Olist,22597,10,PoissonGBM,all,cov50,0.9843634754388553
Olist,22597,10,PoissonGBM,all,nMAE,1.0
Olist,22597,10,PoissonGBM,x>0,CRPS,0.0818863372093023
Olist,22597,10,PoissonGBM,x>0,pit_ks,0.07866459912965684
Olist,22597,10,PoissonGBM,x>0,cov95,0.9883720930232558
Olist,22597,10,PoissonGBM,x>0,cov50,0.9534883720930233
Olist,22597,10,PoissonGBM,x>0,nMAE,1.0
Olist,22597,10,HurdleGBM,all,CRPS,0.01687062712051925
Olist,22597,10,HurdleGBM,all,pit_ks,0.005809617182012006
Olist,22597,10,HurdleGBM,all,cov95,0.9852485617347692
Olist,22597,10,HurdleGBM,all,cov50,0.9843634754388553
Olist,22597,10,HurdleGBM,all,nMAE,1.0
Olist,22597,10,HurdleGBM,x>0,CRPS,0.07267151162790697
Olist,22597,10,HurdleGBM,x>0,pit_ks,0.07650438514936997
Olist,22597,10,HurdleGBM,x>0,cov95,0.9883720930232558
Olist,22597,10,HurdleGBM,x>0,cov50,0.9534883720930233
Olist,22597,10,HurdleGBM,x>0,nMAE,1.0
Olist,22597,10,QuantileGBM,all,CRPS,0.01710433139106063
Olist,22597,10,QuantileGBM,all,pit_ks,0.019592160590648056
Olist,22597,10,QuantileGBM,all,cov95,0.9845109898215076
Olist,22597,10,QuantileGBM,all,cov50,0.9843634754388553
Olist,22597,10,QuantileGBM,all,nMAE,1.0
Olist,22597,10,QuantileGBM,x>0,CRPS,0.0808170058139535
Olist,22597,10,QuantileGBM,x>0,pit_ks,0.09664040439462784
Olist,22597,10,QuantileGBM,x>0,cov95,0.9651162790697675
Olist,22597,10,QuantileGBM,x>0,cov50,0.9534883720930233
Olist,22597,10,QuantileGBM,x>0,nMAE,1.0
Olist,22597,11,BTYD,all,CRPS,0.017662553934946156
Olist,22597,11,BTYD,all,pit_ks,0.013476694175634796
Olist,22597,11,BTYD,all,cov95,0.9849535329694645
Olist,22597,11,BTYD,all,cov50,0.9845109898215076
Olist,22597,11,BTYD,all,nMAE,1.0
Olist,22597,11,BTYD,x>0,CRPS,0.1123433299731183
Olist,22597,11,BTYD,x>0,pit_ks,0.09209323694137117
Olist,22597,11,BTYD,x>0,cov95,0.967741935483871
Olist,22597,11,BTYD,x>0,cov50,0.956989247311828
Olist,22597,11,BTYD,x>0,nMAE,1.0
Olist,22597,11,PoissonGBM,all,CRPS,0.017663297499631213
Olist,22597,11,PoissonGBM,all,pit_ks,0.009820183303015928
Olist,22597,11,PoissonGBM,all,cov95,0.985691104882726
Olist,22597,11,PoissonGBM,all,cov50,0.9845109898215076
Olist,22597,11,PoissonGBM,all,nMAE,1.0
Olist,22597,11,PoissonGBM,x>0,CRPS,0.11596512096774196
Olist,22597,11,PoissonGBM,x>0,pit_ks,0.09314142341856224
Olist,22597,11,PoissonGBM,x>0,cov95,0.967741935483871
Olist,22597,11,PoissonGBM,x>0,cov50,0.956989247311828
Olist,22597,11,PoissonGBM,x>0,nMAE,1.0
Olist,22597,11,HurdleGBM,all,CRPS,0.0176338988051335
Olist,22597,11,HurdleGBM,all,pit_ks,0.009394198453901215
Olist,22597,11,HurdleGBM,all,cov95,0.9864286767959876
Olist,22597,11,HurdleGBM,all,cov50,0.9845109898215076
Olist,22597,11,HurdleGBM,all,nMAE,1.0
Olist,22597,11,HurdleGBM,x>0,CRPS,0.11621008064516128
Olist,22597,11,HurdleGBM,x>0,pit_ks,0.08968304864663357
Olist,22597,11,HurdleGBM,x>0,cov95,0.967741935483871
Olist,22597,11,HurdleGBM,x>0,cov50,0.956989247311828
Olist,22597,11,HurdleGBM,x>0,nMAE,1.0
Olist,22597,11,QuantileGBM,all,CRPS,0.017796651423513794
Olist,22597,11,QuantileGBM,all,pit_ks,0.02121717081368868
Olist,22597,11,QuantileGBM,all,cov95,0.9846585042041599
Olist,22597,11,QuantileGBM,all,cov50,0.9845109898215076
Olist,22597,11,QuantileGBM,all,nMAE,1.0
Olist,22597,11,QuantileGBM,x>0,CRPS,0.11444623655913978
Olist,22597,11,QuantileGBM,x>0,pit_ks,0.09424602309136598
Olist,22597,11,QuantileGBM,x>0,cov95,0.967741935483871
Olist,22597,11,QuantileGBM,x>0,cov50,0.956989247311828
Olist,22597,11,QuantileGBM,x>0,nMAE,1.0
Olist,22597,12,BTYD,all,CRPS,0.01739764461019324
Olist,22597,12,BTYD,all,pit_ks,0.009072279415191842
Olist,22597,12,BTYD,all,cov95,0.9852485617347692
Olist,22597,12,BTYD,all,cov50,0.983773417908246
Olist,22597,12,BTYD,all,nMAE,1.0
Olist,22597,12,BTYD,x>0,CRPS,0.13563289561170214
Olist,22597,12,BTYD,x>0,pit_ks,0.04085644653185372
Olist,22597,12,BTYD,x>0,cov95,0.9680851063829787
Olist,22597,12,BTYD,x>0,cov50,0.9042553191489362
Olist,22597,12,BTYD,x>0,nMAE,1.0
Olist,22597,12,PoissonGBM,all,CRPS,0.017385450472046024
Olist,22597,12,PoissonGBM,all,pit_ks,0.00836194610771901
Olist,22597,12,PoissonGBM,all,cov95,0.9865761911786399
Olist,22597,12,PoissonGBM,all,cov50,0.983773417908246
Olist,22597,12,PoissonGBM,all,nMAE,1.0
Olist,22597,12,PoissonGBM,x>0,CRPS,0.13978610372340422
Olist,22597,12,PoissonGBM,x>0,pit_ks,0.06664378564233753
Olist,22597,12,PoissonGBM,x>0,cov95,0.9574468085106383
Olist,22597,12,PoissonGBM,x>0,cov50,0.9042553191489362
Olist,22597,12,PoissonGBM,x>0,nMAE,1.0
Olist,22597,12,HurdleGBM,all,CRPS,0.017365600567930375
Olist,22597,12,HurdleGBM,all,pit_ks,0.007617343352019135
Olist,22597,12,HurdleGBM,all,cov95,0.9864286767959876
Olist,22597,12,HurdleGBM,all,cov50,0.983773417908246
Olist,22597,12,HurdleGBM,all,nMAE,1.0
Olist,22597,12,HurdleGBM,x>0,CRPS,0.13690179521276594
Olist,22597,12,HurdleGBM,x>0,pit_ks,0.07135017158742596
Olist,22597,12,HurdleGBM,x>0,cov95,0.9787234042553191
Olist,22597,12,HurdleGBM,x>0,cov50,0.9042553191489362
Olist,22597,12,HurdleGBM,x>0,nMAE,1.0
Olist,22597,12,QuantileGBM,all,CRPS,0.017646337955450654
Olist,22597,12,QuantileGBM,all,pit_ks,0.019025177257665504
Olist,22597,12,QuantileGBM,all,cov95,0.9843634754388553
Olist,22597,12,QuantileGBM,all,cov50,0.983773417908246
Olist,22597,12,QuantileGBM,all,nMAE,1.0
Olist,22597,12,QuantileGBM,x>0,CRPS,0.14494175531914893
Olist,22597,12,QuantileGBM,x>0,pit_ks,0.06831024335941549
Olist,22597,12,QuantileGBM,x>0,cov95,0.9468085106382979
Olist,22597,12,QuantileGBM,x>0,cov50,0.9042553191489362
Olist,22597,12,QuantileGBM,x>0,nMAE,1.0
Olist,22597,13,BTYD,all,CRPS,0.017958648722156658
Olist,22597,13,BTYD,all,pit_ks,0.01334930570749121
Olist,22597,13,BTYD,all,cov95,0.983773417908246
Olist,22597,13,BTYD,all,cov50,0.9828883316123322
Olist,22597,13,BTYD,all,nMAE,1.0
Olist,22597,13,BTYD,x>0,CRPS,0.07752158717105263
Olist,22597,13,BTYD,x>0,pit_ks,0.07220087738018977
Olist,22597,13,BTYD,x>0,cov95,0.9736842105263158
Olist,22597,13,BTYD,x>0,cov50,0.9342105263157895
Olist,22597,13,BTYD,x>0,nMAE,1.0
Olist,22597,13,PoissonGBM,all,CRPS,0.017909638220976545
Olist,22597,13,PoissonGBM,all,pit_ks,0.009938316196583308
Olist,22597,13,PoissonGBM,all,cov95,0.9848060185868122
Olist,22597,13,PoissonGBM,all,cov50,0.9828883316123322
Olist,22597,13,PoissonGBM,all,nMAE,1.0
Olist,22597,13,PoissonGBM,x>0,CRPS,0.07845419407894738
Olist,22597,13,PoissonGBM,x>0,pit_ks,0.08057358996325686
Olist,22597,13,PoissonGBM,x>0,cov95,0.9605263157894737
Olist,22597,13,PoissonGBM,x>0,cov50,0.9342105263157895
Olist,22597,13,PoissonGBM,x>0,nMAE,1.0
Olist,22597,13,HurdleGBM,all,CRPS,0.017921628374391506
Olist,22597,13,HurdleGBM,all,pit_ks,0.01003743483817654
Olist,22597,13,HurdleGBM,all,cov95,0.9845109898215076
Olist,22597,13,HurdleGBM,all,cov50,0.9828883316123322
Olist,22597,13,HurdleGBM,all,nMAE,1.0
Olist,22597,13,HurdleGBM,x>0,CRPS,0.07853207236842104
Olist,22597,13,HurdleGBM,x>0,pit_ks,0.06899759698586005
Olist,22597,13,HurdleGBM,x>0,cov95,0.9473684210526315
Olist,22597,13,HurdleGBM,x>0,cov50,0.9342105263157895
Olist,22597,13,HurdleGBM,x>0,nMAE,1.0
Olist,22597,13,QuantileGBM,all,CRPS,0.018126250184392977
Olist,22597,13,QuantileGBM,all,pit_ks,0.018127726503148534
Olist,22597,13,QuantileGBM,all,cov95,0.9833308747602891
Olist,22597,13,QuantileGBM,all,cov50,0.9828883316123322
Olist,22597,13,QuantileGBM,all,nMAE,1.0
Olist,22597,13,QuantileGBM,x>0,CRPS,0.07734013157894737
Olist,22597,13,QuantileGBM,x>0,pit_ks,0.07282390882872741
Olist,22597,13,QuantileGBM,x>0,cov95,0.9736842105263158
Olist,22597,13,QuantileGBM,x>0,cov50,0.9342105263157895
Olist,22597,13,QuantileGBM,x>0,nMAE,1.0
Olist,22597,14,BTYD,all,CRPS,0.017318298006711905
Olist,22597,14,BTYD,all,pit_ks,0.012970165487518837
Olist,22597,14,BTYD,all,cov95,0.9853960761174214
Olist,22597,14,BTYD,all,cov50,0.9839209322908984
Olist,22597,14,BTYD,all,nMAE,1.0
Olist,22597,14,BTYD,x>0,CRPS,0.07030751329787234
Olist,22597,14,BTYD,x>0,pit_ks,0.07271754677541559
Olist,22597,14,BTYD,x>0,cov95,0.9893617021276596
Olist,22597,14,BTYD,x>0,cov50,0.9361702127659575
Olist,22597,14,BTYD,x>0,nMAE,1.0
Olist,22597,14,PoissonGBM,all,CRPS,0.01734362092491518
Olist,22597,14,PoissonGBM,all,pit_ks,0.011248955338509142
Olist,22597,14,PoissonGBM,all,cov95,0.985691104882726
Olist,22597,14,PoissonGBM,all,cov50,0.9839209322908984
Olist,22597,14,PoissonGBM,all,nMAE,1.0
Olist,22597,14,PoissonGBM,x>0,CRPS,0.07248656914893617
Olist,22597,14,PoissonGBM,x>0,pit_ks,0.07241194320622318
Olist,22597,14,PoissonGBM,x>0,cov95,0.9893617021276596
Olist,22597,14,PoissonGBM,x>0,cov50,0.9361702127659575
Olist,22597,14,PoissonGBM,x>0,nMAE,1.0
Olist,22597,14,HurdleGBM,all,CRPS,0.017324220939666617
Olist,22597,14,HurdleGBM,all,pit_ks,0.010883904857160787
Olist,22597,14,HurdleGBM,all,cov95,0.9859861336480307
Olist,22597,14,HurdleGBM,all,cov50,0.9839209322908984
Olist,22597,14,HurdleGBM,all,nMAE,1.0
Olist,22597,14,HurdleGBM,x>0,CRPS,0.07170917553191489
Olist,22597,14,HurdleGBM,x>0,pit_ks,0.06742309691466897
Olist,22597,14,HurdleGBM,x>0,cov95,0.9893617021276596
Olist,22597,14,HurdleGBM,x>0,cov50,0.9361702127659575
Olist,22597,14,HurdleGBM,x>0,nMAE,1.0
Olist,22597,14,QuantileGBM,all,CRPS,0.017530832349904116
Olist,22597,14,QuantileGBM,all,pit_ks,0.016673683364481495
Olist,22597,14,QuantileGBM,all,cov95,0.9843634754388553
Olist,22597,14,QuantileGBM,all,cov50,0.9839209322908984
Olist,22597,14,QuantileGBM,all,nMAE,1.0
Olist,22597,14,QuantileGBM,x>0,CRPS,0.07278204787234042
Olist,22597,14,QuantileGBM,x>0,pit_ks,0.09014283910310922
Olist,22597,14,QuantileGBM,x>0,cov95,0.9680851063829787
Olist,22597,14,QuantileGBM,x>0,cov50,0.9361702127659575
Olist,22597,14,QuantileGBM,x>0,nMAE,1.0
Dunnhumby,2497,0,BTYD,all,CRPS,6.879457818758344
Dunnhumby,2497,0,BTYD,all,pit_ks,0.1745264148979383
Dunnhumby,2497,0,BTYD,all,cov95,0.7930574098798397
Dunnhumby,2497,0,BTYD,all,cov50,0.38050734312416556
Dunnhumby,2497,0,BTYD,all,nMAE,0.3674575521265417
Dunnhumby,2497,0,BTYD,x>0,CRPS,6.8842150548986485
Dunnhumby,2497,0,BTYD,x>0,pit_ks,0.1682639423352228
Dunnhumby,2497,0,BTYD,x>0,cov95,0.7959459459459459
Dunnhumby,2497,0,BTYD,x>0,cov50,0.37972972972972974
Dunnhumby,2497,0,BTYD,x>0,nMAE,0.36528109218047616
Dunnhumby,2497,0,PoissonGBM,all,CRPS,7.168273865153538
Dunnhumby,2497,0,PoissonGBM,all,pit_ks,0.2479607129604131
Dunnhumby,2497,0,PoissonGBM,all,cov95,0.6395193591455274
Dunnhumby,2497,0,PoissonGBM,all,cov50,0.27770360480640854
Dunnhumby,2497,0,PoissonGBM,all,nMAE,0.3731817930424202
Dunnhumby,2497,0,PoissonGBM,x>0,CRPS,7.187417043918919
Dunnhumby,2497,0,PoissonGBM,x>0,pit_ks,0.24236227173678945
Dunnhumby,2497,0,PoissonGBM,x>0,cov95,0.6405405405405405
Dunnhumby,2497,0,PoissonGBM,x>0,cov50,0.2797297297297297
Dunnhumby,2497,0,PoissonGBM,x>0,nMAE,0.3711915200621566
Dunnhumby,2497,0,HurdleGBM,all,CRPS,7.244100550734312
Dunnhumby,2497,0,HurdleGBM,all,pit_ks,0.2058119429418053
Dunnhumby,2497,0,HurdleGBM,all,cov95,0.6542056074766355
Dunnhumby,2497,0,HurdleGBM,all,cov50,0.2883845126835781
Dunnhumby,2497,0,HurdleGBM,all,nMAE,0.3781317405010785
Dunnhumby,2497,0,HurdleGBM,x>0,CRPS,7.270777136824325
Dunnhumby,2497,0,HurdleGBM,x>0,pit_ks,0.2070414159960352
Dunnhumby,2497,0,HurdleGBM,x>0,cov95,0.654054054054054
Dunnhumby,2497,0,HurdleGBM,x>0,cov50,0.2864864864864865
Dunnhumby,2497,0,HurdleGBM,x>0,nMAE,0.3762139963371996
Dunnhumby,2497,0,QuantileGBM,all,CRPS,6.331471161548731
Dunnhumby,2497,0,QuantileGBM,all,pit_ks,0.05319661767990938
Dunnhumby,2497,0,QuantileGBM,all,cov95,0.8798397863818425
Dunnhumby,2497,0,QuantileGBM,all,cov50,0.47930574098798395
Dunnhumby,2497,0,QuantileGBM,all,nMAE,0.3523311763729882
Dunnhumby,2497,0,QuantileGBM,x>0,CRPS,6.348160025337838
Dunnhumby,2497,0,QuantileGBM,x>0,pit_ks,0.052531070348313405
Dunnhumby,2497,0,QuantileGBM,x>0,cov95,0.8797297297297297
Dunnhumby,2497,0,QuantileGBM,x>0,cov50,0.4810810810810811
Dunnhumby,2497,0,QuantileGBM,x>0,nMAE,0.3501581663799323
Dunnhumby,2497,1,BTYD,all,CRPS,6.9848026535380505
Dunnhumby,2497,1,BTYD,all,pit_ks,0.1513242922821968
Dunnhumby,2497,1,BTYD,all,cov95,0.8050734312416555
Dunnhumby,2497,1,BTYD,all,cov50,0.38451268357810414
Dunnhumby,2497,1,BTYD,all,nMAE,0.36393477909917665
Dunnhumby,2497,1,BTYD,x>0,CRPS,6.994375424592392
Dunnhumby,2497,1,BTYD,x>0,pit_ks,0.14527710347961453
Dunnhumby,2497,1,BTYD,x>0,cov95,0.8070652173913043
Dunnhumby,2497,1,BTYD,x>0,cov50,0.3845108695652174
Dunnhumby,2497,1,BTYD,x>0,nMAE,0.36080467229072033
Dunnhumby,2497,1,PoissonGBM,all,CRPS,7.176805240320427
Dunnhumby,2497,1,PoissonGBM,all,pit_ks,0.2432582178816585
Dunnhumby,2497,1,PoissonGBM,all,cov95,0.6288384512683578
Dunnhumby,2497,1,PoissonGBM,all,cov50,0.27903871829105475
Dunnhumby,2497,1,PoissonGBM,all,nMAE,0.3624280256148093
Dunnhumby,2497,1,PoissonGBM,x>0,CRPS,7.2003190641983705
Dunnhumby,2497,1,PoissonGBM,x>0,pit_ks,0.24675313981210284
Dunnhumby,2497,1,PoissonGBM,x>0,cov95,0.6277173913043478
Dunnhumby,2497,1,PoissonGBM,x>0,cov50,0.27853260869565216
Dunnhumby,2497,1,PoissonGBM,x>0,nMAE,0.3596149686350854
Dunnhumby,2497,1,HurdleGBM,all,CRPS,7.236887733644859
Dunnhumby,2497,1,HurdleGBM,all,pit_ks,0.23066159076873102
Dunnhumby,2497,1,HurdleGBM,all,cov95,0.6528704939919893
Dunnhumby,2497,1,HurdleGBM,all,cov50,0.27102803738317754
Dunnhumby,2497,1,HurdleGBM,all,nMAE,0.3664370661357154
Dunnhumby,2497,1,HurdleGBM,x>0,CRPS,7.267473768682065
Dunnhumby,2497,1,HurdleGBM,x>0,pit_ks,0.2327652614033482
Dunnhumby,2497,1,HurdleGBM,x>0,cov95,0.6521739130434783
Dunnhumby,2497,1,HurdleGBM,x>0,cov50,0.266304347826087
Dunnhumby,2497,1,HurdleGBM,x>0,nMAE,0.363724853990915
Dunnhumby,2497,1,QuantileGBM,all,CRPS,6.379775650867823
Dunnhumby,2497,1,QuantileGBM,all,pit_ks,0.05276525363711654
Dunnhumby,2497,1,QuantileGBM,all,cov95,0.8918558077436582
Dunnhumby,2497,1,QuantileGBM,all,cov50,0.5100133511348465
Dunnhumby,2497,1,QuantileGBM,all,nMAE,0.3466609266533929
Dunnhumby,2497,1,QuantileGBM,x>0,CRPS,6.396223114809783
Dunnhumby,2497,1,QuantileGBM,x>0,pit_ks,0.051672004880358266
Dunnhumby,2497,1,QuantileGBM,x>0,cov95,0.8953804347826086
Dunnhumby,2497,1,QuantileGBM,x>0,cov50,0.5067934782608695
Dunnhumby,2497,1,QuantileGBM,x>0,nMAE,0.34371620160069216
Dunnhumby,2497,2,BTYD,all,CRPS,6.870144098381174
Dunnhumby,2497,2,BTYD,all,pit_ks,0.17186057955922185
Dunnhumby,2497,2,BTYD,all,cov95,0.8037383177570093
Dunnhumby,2497,2,BTYD,all,cov50,0.3644859813084112
Dunnhumby,2497,2,BTYD,all,nMAE,0.3443009749014727
Dunnhumby,2497,2,BTYD,x>0,CRPS,6.919895604279432
Dunnhumby,2497,2,BTYD,x>0,pit_ks,0.16655683670757704
Dunnhumby,2497,2,BTYD,x>0,cov95,0.8064952638700947
Dunnhumby,2497,2,BTYD,x>0,cov50,0.36535859269282817
Dunnhumby,2497,2,BTYD,x>0,nMAE,0.3430078470093021
Dunnhumby,2497,2,PoissonGBM,all,CRPS,7.323505257009344
Dunnhumby,2497,2,PoissonGBM,all,pit_ks,0.22100871594542357
Dunnhumby,2497,2,PoissonGBM,all,cov95,0.636849132176235
Dunnhumby,2497,2,PoissonGBM,all,cov50,0.28437917222963954
Dunnhumby,2497,2,PoissonGBM,all,nMAE,0.3570835926156399
Dunnhumby,2497,2,PoissonGBM,x>0,CRPS,7.379721625507443
Dunnhumby,2497,2,PoissonGBM,x>0,pit_ks,0.2192875819118828
Dunnhumby,2497,2,PoissonGBM,x>0,cov95,0.638700947225981
Dunnhumby,2497,2,PoissonGBM,x>0,cov50,0.2855209742895805
Dunnhumby,2497,2,PoissonGBM,x>0,nMAE,0.3558696668918568
Dunnhumby,2497,2,HurdleGBM,all,CRPS,7.362623556408544
Dunnhumby,2497,2,HurdleGBM,all,pit_ks,0.2131801902090335
Dunnhumby,2497,2,HurdleGBM,all,cov95,0.6568758344459279
Dunnhumby,2497,2,HurdleGBM,all,cov50,0.27636849132176233
Dunnhumby,2497,2,HurdleGBM,all,nMAE,0.360065339141257
Dunnhumby,2497,2,HurdleGBM,x>0,CRPS,7.421859971244926
Dunnhumby,2497,2,HurdleGBM,x>0,pit_ks,0.21791456444876858
Dunnhumby,2497,2,HurdleGBM,x>0,cov95,0.6549391069012178
Dunnhumby,2497,2,HurdleGBM,x>0,cov50,0.2746955345060893
Dunnhumby,2497,2,HurdleGBM,x>0,nMAE,0.3584420308683678
Dunnhumby,2497,2,QuantileGBM,all,CRPS,6.332499966622163
Dunnhumby,2497,2,QuantileGBM,all,pit_ks,0.05607476635514019
Dunnhumby,2497,2,QuantileGBM,all,cov95,0.9052069425901201
Dunnhumby,2497,2,QuantileGBM,all,cov50,0.5166889185580774
Dunnhumby,2497,2,QuantileGBM,all,nMAE,0.3422526446795271
Dunnhumby,2497,2,QuantileGBM,x>0,CRPS,6.382023883626523
Dunnhumby,2497,2,QuantileGBM,x>0,pit_ks,0.05727013213545351
Dunnhumby,2497,2,QuantileGBM,x>0,cov95,0.9039242219215156
Dunnhumby,2497,2,QuantileGBM,x>0,cov50,0.516914749661705
Dunnhumby,2497,2,QuantileGBM,x>0,nMAE,0.3410590864210362
Dunnhumby,2497,3,BTYD,all,CRPS,6.8315617177069425
Dunnhumby,2497,3,BTYD,all,pit_ks,0.17674835800489574
Dunnhumby,2497,3,BTYD,all,cov95,0.8024032042723631
Dunnhumby,2497,3,BTYD,all,cov50,0.37383177570093457
Dunnhumby,2497,3,BTYD,all,nMAE,0.35537634408602153
Dunnhumby,2497,3,BTYD,x>0,CRPS,6.873744630222372
Dunnhumby,2497,3,BTYD,x>0,pit_ks,0.17427520890990522
Dunnhumby,2497,3,BTYD,x>0,cov95,0.8018867924528302
Dunnhumby,2497,3,BTYD,x>0,cov50,0.37331536388140163
Dunnhumby,2497,3,BTYD,x>0,nMAE,0.3546824542518837
Dunnhumby,2497,3,PoissonGBM,all,CRPS,7.321111648865154
Dunnhumby,2497,3,PoissonGBM,all,pit_ks,0.21230440717023608
Dunnhumby,2497,3,PoissonGBM,all,cov95,0.616822429906542
Dunnhumby,2497,3,PoissonGBM,all,cov50,0.27236315086782376
Dunnhumby,2497,3,PoissonGBM,all,nMAE,0.3678225806451613
Dunnhumby,2497,3,PoissonGBM,x>0,CRPS,7.355910259433962
Dunnhumby,2497,3,PoissonGBM,x>0,pit_ks,0.21239588074305646
Dunnhumby,2497,3,PoissonGBM,x>0,cov95,0.6199460916442049
Dunnhumby,2497,3,PoissonGBM,x>0,cov50,0.27358490566037735
Dunnhumby,2497,3,PoissonGBM,x>0,nMAE,0.36638858988159306
Dunnhumby,2497,3,HurdleGBM,all,CRPS,7.24610336281709
Dunnhumby,2497,3,HurdleGBM,all,pit_ks,0.20027622791131258
Dunnhumby,2497,3,HurdleGBM,all,cov95,0.6662216288384513
Dunnhumby,2497,3,HurdleGBM,all,cov50,0.2923898531375167
Dunnhumby,2497,3,HurdleGBM,all,nMAE,0.3688978494623656
Dunnhumby,2497,3,HurdleGBM,x>0,CRPS,7.290207917789758
Dunnhumby,2497,3,HurdleGBM,x>0,pit_ks,0.20687989424645103
Dunnhumby,2497,3,HurdleGBM,x>0,cov95,0.6630727762803235
Dunnhumby,2497,3,HurdleGBM,x>0,cov50,0.28975741239892183
Dunnhumby,2497,3,HurdleGBM,x>0,nMAE,0.3678955866523143
Dunnhumby,2497,3,QuantileGBM,all,CRPS,6.5380055657543386
Dunnhumby,2497,3,QuantileGBM,all,pit_ks,0.06275033377837114
Dunnhumby,2497,3,QuantileGBM,all,cov95,0.8851802403204272
Dunnhumby,2497,3,QuantileGBM,all,cov50,0.5060080106809078
Dunnhumby,2497,3,QuantileGBM,all,nMAE,0.36096774193548387
Dunnhumby,2497,3,QuantileGBM,x>0,CRPS,6.577033094676549
Dunnhumby,2497,3,QuantileGBM,x>0,pit_ks,0.06334231805929924
Dunnhumby,2497,3,QuantileGBM,x>0,cov95,0.8840970350404312
Dunnhumby,2497,3,QuantileGBM,x>0,cov50,0.5040431266846361
Dunnhumby,2497,3,QuantileGBM,x>0,nMAE,0.3602798708288482
Dunnhumby,2497,4,BTYD,all,CRPS,7.039042577603472
Dunnhumby,2497,4,BTYD,all,pit_ks,0.1668452166782035
Dunnhumby,2497,4,BTYD,all,cov95,0.7957276368491322
Dunnhumby,2497,4,BTYD,all,cov50,0.35647530040053405
Dunnhumby,2497,4,BTYD,all,nMAE,0.3551479783243018
Dunnhumby,2497,4,BTYD,x>0,CRPS,7.067644271540027
Dunnhumby,2497,4,BTYD,x>0,pit_ks,0.16669157249643896
Dunnhumby,2497,4,BTYD,x>0,cov95,0.7991858887381276
Dunnhumby,2497,4,BTYD,x>0,cov50,0.35549525101763907
Dunnhumby,2497,4,BTYD,x>0,nMAE,0.35278736533835375
Dunnhumby,2497,4,PoissonGBM,all,CRPS,7.5108005841121495
Dunnhumby,2497,4,PoissonGBM,all,pit_ks,0.2322625554601555
Dunnhumby,2497,4,PoissonGBM,all,cov95,0.6061415220293725
Dunnhumby,2497,4,PoissonGBM,all,cov50,0.25100133511348466
Dunnhumby,2497,4,PoissonGBM,all,nMAE,0.36747082117548974
Dunnhumby,2497,4,PoissonGBM,x>0,CRPS,7.552616129579375
Dunnhumby,2497,4,PoissonGBM,x>0,pit_ks,0.22703699758682722
Dunnhumby,2497,4,PoissonGBM,x>0,cov95,0.6078697421981004
Dunnhumby,2497,4,PoissonGBM,x>0,cov50,0.2537313432835821
Dunnhumby,2497,4,PoissonGBM,x>0,nMAE,0.3651030226963707
Dunnhumby,2497,4,HurdleGBM,all,CRPS,7.4866965287049405
Dunnhumby,2497,4,HurdleGBM,all,pit_ks,0.21305324736704742
Dunnhumby,2497,4,HurdleGBM,all,cov95,0.6461949265687583
Dunnhumby,2497,4,HurdleGBM,all,cov50,0.260347129506008
Dunnhumby,2497,4,HurdleGBM,all,nMAE,0.367080033347228
Dunnhumby,2497,4,HurdleGBM,x>0,CRPS,7.540193232700137
Dunnhumby,2497,4,HurdleGBM,x>0,pit_ks,0.21235522465247958
Dunnhumby,2497,4,HurdleGBM,x>0,cov95,0.6445047489823609
Dunnhumby,2497,4,HurdleGBM,x>0,cov50,0.25780189959294436
Dunnhumby,2497,4,HurdleGBM,x>0,nMAE,0.36473695220165253
Dunnhumby,2497,4,QuantileGBM,all,CRPS,6.62565183578104
Dunnhumby,2497,4,QuantileGBM,all,pit_ks,0.05235552009597788
Dunnhumby,2497,4,QuantileGBM,all,cov95,0.8945260347129506
Dunnhumby,2497,4,QuantileGBM,all,cov50,0.46194926568758343
Dunnhumby,2497,4,QuantileGBM,all,nMAE,0.35092746977907463
Dunnhumby,2497,4,QuantileGBM,x>0,CRPS,6.670480223880597
Dunnhumby,2497,4,QuantileGBM,x>0,pit_ks,0.05359369027885552
Dunnhumby,2497,4,QuantileGBM,x>0,cov95,0.8941655359565808
Dunnhumby,2497,4,QuantileGBM,x>0,cov50,0.46132971506105835
Dunnhumby,2497,4,QuantileGBM,x>0,nMAE,0.34891747725133354
Dunnhumby,2497,5,BTYD,all,CRPS,6.944541367656876
Dunnhumby,2497,5,BTYD,all,pit_ks,0.16600488389230394
Dunnhumby,2497,5,BTYD,all,cov95,0.7957276368491322
Dunnhumby,2497,5,BTYD,all,cov50,0.3751668891855808
Dunnhumby,2497,5,BTYD,all,nMAE,0.35524770446295106
Dunnhumby,2497,5,BTYD,x>0,CRPS,6.9791684741408355
Dunnhumby,2497,5,BTYD,x>0,pit_ks,0.16239280826979796
Dunnhumby,2497,5,BTYD,x>0,cov95,0.7964959568733153
Dunnhumby,2497,5,BTYD,x>0,cov50,0.3746630727762803
Dunnhumby,2497,5,BTYD,x>0,nMAE,0.35432039354079775
Dunnhumby,2497,5,PoissonGBM,all,CRPS,7.269310380507344
Dunnhumby,2497,5,PoissonGBM,all,pit_ks,0.21802830685834873
Dunnhumby,2497,5,PoissonGBM,all,cov95,0.6542056074766355
Dunnhumby,2497,5,PoissonGBM,all,cov50,0.2910547396528705
Dunnhumby,2497,5,PoissonGBM,all,nMAE,0.36277493060004273
Dunnhumby,2497,5,PoissonGBM,x>0,CRPS,7.307965827156334
Dunnhumby,2497,5,PoissonGBM,x>0,pit_ks,0.21459210750220423
Dunnhumby,2497,5,PoissonGBM,x>0,cov95,0.6536388140161725
Dunnhumby,2497,5,PoissonGBM,x>0,cov50,0.29245283018867924
Dunnhumby,2497,5,PoissonGBM,x>0,nMAE,0.36180622393326917
Dunnhumby,2497,5,HurdleGBM,all,CRPS,7.280642172897196
Dunnhumby,2497,5,HurdleGBM,all,pit_ks,0.21731492411399883
Dunnhumby,2497,5,HurdleGBM,all,cov95,0.6595460614152203
Dunnhumby,2497,5,HurdleGBM,all,cov50,0.28437917222963954
Dunnhumby,2497,5,HurdleGBM,all,nMAE,0.3642430066196883
Dunnhumby,2497,5,HurdleGBM,x>0,CRPS,7.320297489892184
Dunnhumby,2497,5,HurdleGBM,x>0,pit_ks,0.22296556296517756
Dunnhumby,2497,5,HurdleGBM,x>0,cov95,0.6590296495956873
Dunnhumby,2497,5,HurdleGBM,x>0,cov50,0.2830188679245283
Dunnhumby,2497,5,HurdleGBM,x>0,nMAE,0.3630093038177735
Dunnhumby,2497,5,QuantileGBM,all,CRPS,6.400521820761014
Dunnhumby,2497,5,QuantileGBM,all,pit_ks,0.04760154391737699
Dunnhumby,2497,5,QuantileGBM,all,cov95,0.8958611481975968
Dunnhumby,2497,5,QuantileGBM,all,cov50,0.5126835781041389
Dunnhumby,2497,5,QuantileGBM,all,nMAE,0.3459854793935511
Dunnhumby,2497,5,QuantileGBM,x>0,CRPS,6.43488353268194
Dunnhumby,2497,5,QuantileGBM,x>0,pit_ks,0.047169811320754707
Dunnhumby,2497,5,QuantileGBM,x>0,cov95,0.894878706199461
Dunnhumby,2497,5,QuantileGBM,x>0,cov50,0.5121293800539084
Dunnhumby,2497,5,QuantileGBM,x>0,nMAE,0.34509678109293124
Dunnhumby,2497,6,BTYD,all,CRPS,6.941039302403205
Dunnhumby,2497,6,BTYD,all,pit_ks,0.14442895852321325
Dunnhumby,2497,6,BTYD,all,cov95,0.7810413885180241
Dunnhumby,2497,6,BTYD,all,cov50,0.37383177570093457
Dunnhumby,2497,6,BTYD,all,nMAE,0.3639392615250164
Dunnhumby,2497,6,BTYD,x>0,CRPS,6.947812235707038
Dunnhumby,2497,6,BTYD,x>0,pit_ks,0.14253422909681146
Dunnhumby,2497,6,BTYD,x>0,cov95,0.7861975642760487
Dunnhumby,2497,6,BTYD,x>0,cov50,0.3761840324763194
Dunnhumby,2497,6,BTYD,x>0,nMAE,0.36142794472472034
Dunnhumby,2497,6,PoissonGBM,all,CRPS,7.367306350133512
Dunnhumby,2497,6,PoissonGBM,all,pit_ks,0.24869455707257668
Dunnhumby,2497,6,PoissonGBM,all,cov95,0.6248331108144193
Dunnhumby,2497,6,PoissonGBM,all,cov50,0.27770360480640854
Dunnhumby,2497,6,PoissonGBM,all,nMAE,0.3747815162770374
Dunnhumby,2497,6,PoissonGBM,x>0,CRPS,7.401705996278756
Dunnhumby,2497,6,PoissonGBM,x>0,pit_ks,0.2547169431084658
Dunnhumby,2497,6,PoissonGBM,x>0,cov95,0.6238159675236806
Dunnhumby,2497,6,PoissonGBM,x>0,cov50,0.27604871447902574
Dunnhumby,2497,6,PoissonGBM,x>0,nMAE,0.37321781092344813
Dunnhumby,2497,6,HurdleGBM,all,CRPS,7.39972222129506
Dunnhumby,2497,6,HurdleGBM,all,pit_ks,0.23704971667159275
Dunnhumby,2497,6,HurdleGBM,all,cov95,0.6408544726301736
Dunnhumby,2497,6,HurdleGBM,all,cov50,0.27903871829105475
Dunnhumby,2497,6,HurdleGBM,all,nMAE,0.3775944942101813
Dunnhumby,2497,6,HurdleGBM,x>0,CRPS,7.4334753636671165
Dunnhumby,2497,6,HurdleGBM,x>0,pit_ks,0.24598573075283742
Dunnhumby,2497,6,HurdleGBM,x>0,cov95,0.6400541271989174
Dunnhumby,2497,6,HurdleGBM,x>0,cov50,0.27604871447902574
Dunnhumby,2497,6,HurdleGBM,x>0,nMAE,0.3756306207501645
Dunnhumby,2497,6,QuantileGBM,all,CRPS,6.529538643190922
Dunnhumby,2497,6,QuantileGBM,all,pit_ks,0.06979635914504659
Dunnhumby,2497,6,QuantileGBM,all,cov95,0.8785046728971962
Dunnhumby,2497,6,QuantileGBM,all,cov50,0.4953271028037383
Dunnhumby,2497,6,QuantileGBM,all,nMAE,0.36093511033428005
Dunnhumby,2497,6,QuantileGBM,x>0,CRPS,6.549230505751014
Dunnhumby,2497,6,QuantileGBM,x>0,pit_ks,0.06735394123457861
Dunnhumby,2497,6,QuantileGBM,x>0,cov95,0.8795669824086604
Dunnhumby,2497,6,QuantileGBM,x>0,cov50,0.496617050067659
Dunnhumby,2497,6,QuantileGBM,x>0,nMAE,0.35868611537617895
Dunnhumby,2497,7,BTYD,all,CRPS,6.963835635013351
Dunnhumby,2497,7,BTYD,all,pit_ks,0.16358682682658643
Dunnhumby,2497,7,BTYD,all,cov95,0.8050734312416555
Dunnhumby,2497,7,BTYD,all,cov50,0.37917222963951935
Dunnhumby,2497,7,BTYD,all,nMAE,0.3421039199673336
Dunnhumby,2497,7,BTYD,x>0,CRPS,6.984742873733108
Dunnhumby,2497,7,BTYD,x>0,pit_ks,0.1560195926259239
Dunnhumby,2497,7,BTYD,x>0,cov95,0.8067567567567567
Dunnhumby,2497,7,BTYD,x>0,cov50,0.37972972972972974
Dunnhumby,2497,7,BTYD,x>0,nMAE,0.340285597297574
Dunnhumby,2497,7,PoissonGBM,all,CRPS,7.74578840954606
Dunnhumby,2497,7,PoissonGBM,all,pit_ks,0.2314489434877794
Dunnhumby,2497,7,PoissonGBM,all,cov95,0.6408544726301736
Dunnhumby,2497,7,PoissonGBM,all,cov50,0.2817089452603471
Dunnhumby,2497,7,PoissonGBM,all,nMAE,0.36622090649244593
Dunnhumby,2497,7,PoissonGBM,x>0,CRPS,7.79113
Dunnhumby,2497,7,PoissonGBM,x>0,pit_ks,0.2286173957879312
Dunnhumby,2497,7,PoissonGBM,x>0,cov95,0.6405405405405405
Dunnhumby,2497,7,PoissonGBM,x>0,cov50,0.2810810810810811
Dunnhumby,2497,7,PoissonGBM,x>0,nMAE,0.3650834271675709
Dunnhumby,2497,7,HurdleGBM,all,CRPS,7.683312358144192
Dunnhumby,2497,7,HurdleGBM,all,pit_ks,0.21207332061749473
Dunnhumby,2497,7,HurdleGBM,all,cov95,0.6622162883845126
Dunnhumby,2497,7,HurdleGBM,all,cov50,0.2870493991989319
Dunnhumby,2497,7,HurdleGBM,all,nMAE,0.3644344630461413
Dunnhumby,2497,7,HurdleGBM,x>0,CRPS,7.7303131756756756
Dunnhumby,2497,7,HurdleGBM,x>0,pit_ks,0.21565833637192613
Dunnhumby,2497,7,HurdleGBM,x>0,cov95,0.6608108108108108
Dunnhumby,2497,7,HurdleGBM,x>0,cov50,0.28378378378378377
Dunnhumby,2497,7,HurdleGBM,x>0,nMAE,0.3629849524004504
Dunnhumby,2497,7,QuantileGBM,all,CRPS,6.805380632510014
Dunnhumby,2497,7,QuantileGBM,all,pit_ks,0.06785060542824972
Dunnhumby,2497,7,QuantileGBM,all,cov95,0.8811748998664887
Dunnhumby,2497,7,QuantileGBM,all,cov50,0.4886515353805073
Dunnhumby,2497,7,QuantileGBM,all,nMAE,0.3559360963658636
Dunnhumby,2497,7,QuantileGBM,x>0,CRPS,6.8443065878378375
Dunnhumby,2497,7,QuantileGBM,x>0,pit_ks,0.06852441844775825
Dunnhumby,2497,7,QuantileGBM,x>0,cov95,0.8797297297297297
Dunnhumby,2497,7,QuantileGBM,x>0,cov50,0.4864864864864865
Dunnhumby,2497,7,QuantileGBM,x>0,nMAE,0.35446309755348554
Dunnhumby,2497,8,BTYD,all,CRPS,7.020050849048731
Dunnhumby,2497,8,BTYD,all,pit_ks,0.16980974632843793
Dunnhumby,2497,8,BTYD,all,cov95,0.7823765020026703
Dunnhumby,2497,8,BTYD,all,cov50,0.3751668891855808
Dunnhumby,2497,8,BTYD,all,nMAE,0.3413315821378056
Dunnhumby,2497,8,BTYD,x>0,CRPS,7.100556482263513
Dunnhumby,2497,8,BTYD,x>0,pit_ks,0.17080801824763692
Dunnhumby,2497,8,BTYD,x>0,cov95,0.7797297297297298
Dunnhumby,2497,8,BTYD,x>0,cov50,0.37027027027027026
Dunnhumby,2497,8,BTYD,x>0,nMAE,0.34116517609014196
Dunnhumby,2497,8,PoissonGBM,all,CRPS,7.529548155874498
Dunnhumby,2497,8,PoissonGBM,all,pit_ks,0.2308900545201878
Dunnhumby,2497,8,PoissonGBM,all,cov95,0.6194926568758344
Dunnhumby,2497,8,PoissonGBM,all,cov50,0.2696929238985314
Dunnhumby,2497,8,PoissonGBM,all,nMAE,0.3553495655688018
Dunnhumby,2497,8,PoissonGBM,x>0,CRPS,7.568490641891891
Dunnhumby,2497,8,PoissonGBM,x>0,pit_ks,0.22037327257263284
Dunnhumby,2497,8,PoissonGBM,x>0,cov95,0.6243243243243243
Dunnhumby,2497,8,PoissonGBM,x>0,cov50,0.27297297297297296
Dunnhumby,2497,8,PoissonGBM,x>0,nMAE,0.3529634682431408
Dunnhumby,2497,8,HurdleGBM,all,CRPS,7.374819409212283
Dunnhumby,2497,8,HurdleGBM,all,pit_ks,0.20218570727974267
Dunnhumby,2497,8,HurdleGBM,all,cov95,0.6555407209612817
Dunnhumby,2497,8,HurdleGBM,all,cov50,0.308411214953271
Dunnhumby,2497,8,HurdleGBM,all,nMAE,0.34797433825015156
Dunnhumby,2497,8,HurdleGBM,x>0,CRPS,7.421518065878377
Dunnhumby,2497,8,HurdleGBM,x>0,pit_ks,0.19580162992371913
Dunnhumby,2497,8,HurdleGBM,x>0,cov95,0.6513513513513514
Dunnhumby,2497,8,HurdleGBM,x>0,cov50,0.3081081081081081
Dunnhumby,2497,8,HurdleGBM,x>0,nMAE,0.3452832095396898
Dunnhumby,2497,8,QuantileGBM,all,CRPS,6.709883861815754
Dunnhumby,2497,8,QuantileGBM,all,pit_ks,0.06542056074766356
Dunnhumby,2497,8,QuantileGBM,all,cov95,0.8758344459279038
Dunnhumby,2497,8,QuantileGBM,all,cov50,0.49132176234979974
Dunnhumby,2497,8,QuantileGBM,all,nMAE,0.3409527177207517
Dunnhumby,2497,8,QuantileGBM,x>0,CRPS,6.762137483108108
Dunnhumby,2497,8,QuantileGBM,x>0,pit_ks,0.0662162162162162
Dunnhumby,2497,8,QuantileGBM,x>0,cov95,0.8743243243243243
Dunnhumby,2497,8,QuantileGBM,x>0,cov50,0.4905405405405405
Dunnhumby,2497,8,QuantileGBM,x>0,nMAE,0.3399525036632813
Dunnhumby,2497,9,BTYD,all,CRPS,7.178159107977303
Dunnhumby,2497,9,BTYD,all,pit_ks,0.1900513225763435
Dunnhumby,2497,9,BTYD,all,cov95,0.7730307076101469
Dunnhumby,2497,9,BTYD,all,cov50,0.36315086782376504
Dunnhumby,2497,9,BTYD,all,nMAE,0.3577380033945379
Dunnhumby,2497,9,BTYD,x>0,CRPS,7.208023554104476
Dunnhumby,2497,9,BTYD,x>0,pit_ks,0.18328701761744892
Dunnhumby,2497,9,BTYD,x>0,cov95,0.7761194029850746
Dunnhumby,2497,9,BTYD,x>0,cov50,0.3649932157394844
Dunnhumby,2497,9,BTYD,x>0,nMAE,0.35526927247379564
Dunnhumby,2497,9,PoissonGBM,all,CRPS,7.460930866154873
Dunnhumby,2497,9,PoissonGBM,all,pit_ks,0.2345523545139191
Dunnhumby,2497,9,PoissonGBM,all,cov95,0.6315086782376502
Dunnhumby,2497,9,PoissonGBM,all,cov50,0.2683578104138852
Dunnhumby,2497,9,PoissonGBM,all,nMAE,0.35958956951087795
Dunnhumby,2497,9,PoissonGBM,x>0,CRPS,7.5043539433514255
Dunnhumby,2497,9,PoissonGBM,x>0,pit_ks,0.23885399994761397
Dunnhumby,2497,9,PoissonGBM,x>0,cov95,0.6336499321573948
Dunnhumby,2497,9,PoissonGBM,x>0,cov50,0.26865671641791045
Dunnhumby,2497,9,PoissonGBM,x>0,nMAE,0.3576444467392988
Dunnhumby,2497,9,HurdleGBM,all,CRPS,7.604859579439252
Dunnhumby,2497,9,HurdleGBM,all,pit_ks,0.22645365902090603
Dunnhumby,2497,9,HurdleGBM,all,cov95,0.6568758344459279
Dunnhumby,2497,9,HurdleGBM,all,cov50,0.27369826435246997
Dunnhumby,2497,9,HurdleGBM,all,nMAE,0.36833307617137273
Dunnhumby,2497,9,HurdleGBM,x>0,CRPS,7.655197922320218
Dunnhumby,2497,9,HurdleGBM,x>0,pit_ks,0.2249051880211841
Dunnhumby,2497,9,HurdleGBM,x>0,cov95,0.6580732700135685
Dunnhumby,2497,9,HurdleGBM,x>0,cov50,0.27137042062415195
Dunnhumby,2497,9,HurdleGBM,x>0,nMAE,0.3661640935612124
Dunnhumby,2497,9,QuantileGBM,all,CRPS,6.662365362149532
Dunnhumby,2497,9,QuantileGBM,all,pit_ks,0.04960325139639746
Dunnhumby,2497,9,QuantileGBM,all,cov95,0.8918558077436582
Dunnhumby,2497,9,QuantileGBM,all,cov50,0.4739652870493992
Dunnhumby,2497,9,QuantileGBM,all,nMAE,0.3519004268888546
Dunnhumby,2497,9,QuantileGBM,x>0,CRPS,6.69751744402985
Dunnhumby,2497,9,QuantileGBM,x>0,pit_ks,0.049006282066547266
Dunnhumby,2497,9,QuantileGBM,x>0,cov95,0.8914518317503393
Dunnhumby,2497,9,QuantileGBM,x>0,cov50,0.47489823609226595
Dunnhumby,2497,9,QuantileGBM,x>0,nMAE,0.3496153250374348
Dunnhumby,2497,10,BTYD,all,CRPS,6.97411418349466
Dunnhumby,2497,10,BTYD,all,pit_ks,0.16707452314400228
Dunnhumby,2497,10,BTYD,all,cov95,0.8024032042723631
Dunnhumby,2497,10,BTYD,all,cov50,0.3885180240320427
Dunnhumby,2497,10,BTYD,all,nMAE,0.35417215056593837
Dunnhumby,2497,10,BTYD,x>0,CRPS,7.031575520833333
Dunnhumby,2497,10,BTYD,x>0,pit_ks,0.16188526951347704
Dunnhumby,2497,10,BTYD,x>0,cov95,0.8035230352303523
Dunnhumby,2497,10,BTYD,x>0,cov50,0.3875338753387534
Dunnhumby,2497,10,BTYD,x>0,nMAE,0.35280928514903714
Dunnhumby,2497,10,PoissonGBM,all,CRPS,7.342218165887851
Dunnhumby,2497,10,PoissonGBM,all,pit_ks,0.22208661462785895
Dunnhumby,2497,10,PoissonGBM,all,cov95,0.6582109479305741
Dunnhumby,2497,10,PoissonGBM,all,cov50,0.2696929238985314
Dunnhumby,2497,10,PoissonGBM,all,nMAE,0.3609897341405633
Dunnhumby,2497,10,PoissonGBM,x>0,CRPS,7.387814312330622
Dunnhumby,2497,10,PoissonGBM,x>0,pit_ks,0.21107930137726874
Dunnhumby,2497,10,PoissonGBM,x>0,cov95,0.6639566395663956
Dunnhumby,2497,10,PoissonGBM,x>0,cov50,0.27235772357723576
Dunnhumby,2497,10,PoissonGBM,x>0,nMAE,0.3585597467686626
Dunnhumby,2497,10,HurdleGBM,all,CRPS,7.389700383845127
Dunnhumby,2497,10,HurdleGBM,all,pit_ks,0.21024321428513087
Dunnhumby,2497,10,HurdleGBM,all,cov95,0.6702269692923899
Dunnhumby,2497,10,HurdleGBM,all,cov50,0.2910547396528705
Dunnhumby,2497,10,HurdleGBM,all,nMAE,0.36412213740458016
Dunnhumby,2497,10,HurdleGBM,x>0,CRPS,7.460985459010839
Dunnhumby,2497,10,HurdleGBM,x>0,pit_ks,0.21475332503256592
Dunnhumby,2497,10,HurdleGBM,x>0,cov95,0.6680216802168022
Dunnhumby,2497,10,HurdleGBM,x>0,cov50,0.2845528455284553
Dunnhumby,2497,10,HurdleGBM,x>0,nMAE,0.3631495647586389
Dunnhumby,2497,10,QuantileGBM,all,CRPS,6.609695902870494
Dunnhumby,2497,10,QuantileGBM,all,pit_ks,0.06620293824465084
Dunnhumby,2497,10,QuantileGBM,all,cov95,0.8758344459279038
Dunnhumby,2497,10,QuantileGBM,all,cov50,0.5033377837116155
Dunnhumby,2497,10,QuantileGBM,all,nMAE,0.3521979468281127
Dunnhumby,2497,10,QuantileGBM,x>0,CRPS,6.6693547425474256
Dunnhumby,2497,10,QuantileGBM,x>0,pit_ks,0.06859275520023023
Dunnhumby,2497,10,QuantileGBM,x>0,cov95,0.8739837398373984
Dunnhumby,2497,10,QuantileGBM,x>0,cov50,0.5
Dunnhumby,2497,10,QuantileGBM,x>0,nMAE,0.35093642838301237
Dunnhumby,2497,11,BTYD,all,CRPS,7.014092905123498
Dunnhumby,2497,11,BTYD,all,pit_ks,0.1741301608358644
Dunnhumby,2497,11,BTYD,all,cov95,0.7797062750333779
Dunnhumby,2497,11,BTYD,all,cov50,0.37783711615487314
Dunnhumby,2497,11,BTYD,all,nMAE,0.34137272635915983
Dunnhumby,2497,11,BTYD,x>0,CRPS,7.0111616204330165
Dunnhumby,2497,11,BTYD,x>0,pit_ks,0.17000209197134264
Dunnhumby,2497,11,BTYD,x>0,cov95,0.7834912043301759
Dunnhumby,2497,11,BTYD,x>0,cov50,0.38024357239512857
Dunnhumby,2497,11,BTYD,x>0,nMAE,0.33869828456104945
Dunnhumby,2497,11,PoissonGBM,all,CRPS,7.453155273698263
Dunnhumby,2497,11,PoissonGBM,all,pit_ks,0.21043306589238978
Dunnhumby,2497,11,PoissonGBM,all,cov95,0.6381842456608812
Dunnhumby,2497,11,PoissonGBM,all,cov50,0.25634178905206945
Dunnhumby,2497,11,PoissonGBM,all,nMAE,0.3500653200683348
Dunnhumby,2497,11,PoissonGBM,x>0,CRPS,7.472664292963465
Dunnhumby,2497,11,PoissonGBM,x>0,pit_ks,0.21572614795984438
Dunnhumby,2497,11,PoissonGBM,x>0,cov95,0.6414073071718539
Dunnhumby,2497,11,PoissonGBM,x>0,cov50,0.2584573748308525
Dunnhumby,2497,11,PoissonGBM,x>0,nMAE,0.34798183652875886
Dunnhumby,2497,11,HurdleGBM,all,CRPS,7.353419667890521
Dunnhumby,2497,11,HurdleGBM,all,pit_ks,0.1919506946174763
Dunnhumby,2497,11,HurdleGBM,all,cov95,0.6528704939919893
Dunnhumby,2497,11,HurdleGBM,all,cov50,0.2937249666221629
Dunnhumby,2497,11,HurdleGBM,all,nMAE,0.3438599135765249
Dunnhumby,2497,11,HurdleGBM,x>0,CRPS,7.373148782138024
Dunnhumby,2497,11,HurdleGBM,x>0,pit_ks,0.19699372733181605
Dunnhumby,2497,11,HurdleGBM,x>0,cov95,0.6535859269282814
Dunnhumby,2497,11,HurdleGBM,x>0,cov50,0.2922868741542625
Dunnhumby,2497,11,HurdleGBM,x>0,nMAE,0.3413471241170535
Dunnhumby,2497,11,QuantileGBM,all,CRPS,6.557692089452603
Dunnhumby,2497,11,QuantileGBM,all,pit_ks,0.059571211466842744
Dunnhumby,2497,11,QuantileGBM,all,cov95,0.8985313751668892
Dunnhumby,2497,11,QuantileGBM,all,cov50,0.5046728971962616
Dunnhumby,2497,11,QuantileGBM,all,nMAE,0.33587076675710986
Dunnhumby,2497,11,QuantileGBM,x>0,CRPS,6.571472268267929
Dunnhumby,2497,11,QuantileGBM,x>0,pit_ks,0.05818673883626524
Dunnhumby,2497,11,QuantileGBM,x>0,cov95,0.8985115020297699
Dunnhumby,2497,11,QuantileGBM,x>0,cov50,0.5047361299052774
Dunnhumby,2497,11,QuantileGBM,x>0,nMAE,0.33350151362260344
Dunnhumby,2497,12,BTYD,all,CRPS,6.460279904455941
Dunnhumby,2497,12,BTYD,all,pit_ks,0.15769949848595433
Dunnhumby,2497,12,BTYD,all,cov95,0.8237650200267023
Dunnhumby,2497,12,BTYD,all,cov50,0.3818424566088118
Dunnhumby,2497,12,BTYD,all,nMAE,0.3212282107794029
Dunnhumby,2497,12,BTYD,x>0,CRPS,6.462798582995951
Dunnhumby,2497,12,BTYD,x>0,pit_ks,0.15079640151378382
Dunnhumby,2497,12,BTYD,x>0,cov95,0.8259109311740891
Dunnhumby,2497,12,BTYD,x>0,cov50,0.3832658569500675
Dunnhumby,2497,12,BTYD,x>0,nMAE,0.31930071335275795
Dunnhumby,2497,12,PoissonGBM,all,CRPS,6.893373331108144
Dunnhumby,2497,12,PoissonGBM,all,pit_ks,0.21953153214106674
Dunnhumby,2497,12,PoissonGBM,all,cov95,0.650200267022697
Dunnhumby,2497,12,PoissonGBM,all,cov50,0.2910547396528705
Dunnhumby,2497,12,PoissonGBM,all,nMAE,0.32643758765778397
Dunnhumby,2497,12,PoissonGBM,x>0,CRPS,6.909330296896085
Dunnhumby,2497,12,PoissonGBM,x>0,pit_ks,0.22183021487317237
Dunnhumby,2497,12,PoissonGBM,x>0,cov95,0.6518218623481782
Dunnhumby,2497,12,PoissonGBM,x>0,cov50,0.29284750337381915
Dunnhumby,2497,12,PoissonGBM,x>0,nMAE,0.3247764493117653
Dunnhumby,2497,12,HurdleGBM,all,CRPS,6.890600116822431
Dunnhumby,2497,12,HurdleGBM,all,pit_ks,0.19574829491981233
Dunnhumby,2497,12,HurdleGBM,all,cov95,0.678237650200267
Dunnhumby,2497,12,HurdleGBM,all,cov50,0.30173564753004006
Dunnhumby,2497,12,HurdleGBM,all,nMAE,0.3280905630134241
Dunnhumby,2497,12,HurdleGBM,x>0,CRPS,6.9088083164642375
Dunnhumby,2497,12,HurdleGBM,x>0,pit_ks,0.19538876475601608
Dunnhumby,2497,12,HurdleGBM,x>0,cov95,0.6761133603238867
Dunnhumby,2497,12,HurdleGBM,x>0,cov50,0.300944669365722
Dunnhumby,2497,12,HurdleGBM,x>0,nMAE,0.3262332964935195
Dunnhumby,2497,12,QuantileGBM,all,CRPS,6.2195891188251
Dunnhumby,2497,12,QuantileGBM,all,pit_ks,0.042723631508678195
Dunnhumby,2497,12,QuantileGBM,all,cov95,0.9092122830440588
Dunnhumby,2497,12,QuantileGBM,all,cov50,0.4953271028037383
Dunnhumby,2497,12,QuantileGBM,all,nMAE,0.318873973151673
Dunnhumby,2497,12,QuantileGBM,x>0,CRPS,6.23326592442645
Dunnhumby,2497,12,QuantileGBM,x>0,pit_ks,0.04183535762483126
Dunnhumby,2497,12,QuantileGBM,x>0,cov95,0.9095816464237517
Dunnhumby,2497,12,QuantileGBM,x>0,cov50,0.4939271255060729
Dunnhumby,2497,12,QuantileGBM,x>0,nMAE,0.3171907967447001
Dunnhumby,2497,13,BTYD,all,CRPS,7.13640833611482
Dunnhumby,2497,13,BTYD,all,pit_ks,0.16859920190721633
Dunnhumby,2497,13,BTYD,all,cov95,0.7823765020026703
Dunnhumby,2497,13,BTYD,all,cov50,0.3644859813084112
Dunnhumby,2497,13,BTYD,all,nMAE,0.36685854386525957
Dunnhumby,2497,13,BTYD,x>0,CRPS,7.164483136432927
Dunnhumby,2497,13,BTYD,x>0,pit_ks,0.16792147571867866
Dunnhumby,2497,13,BTYD,x>0,cov95,0.7845528455284553
Dunnhumby,2497,13,BTYD,x>0,cov50,0.36449864498644985
Dunnhumby,2497,13,BTYD,x>0,nMAE,0.36472538638429863
Dunnhumby,2497,13,PoissonGBM,all,CRPS,7.55995509846462
Dunnhumby,2497,13,PoissonGBM,all,pit_ks,0.21806878969669974
Dunnhumby,2497,13,PoissonGBM,all,cov95,0.6221628838451269
Dunnhumby,2497,13,PoissonGBM,all,cov50,0.27636849132176233
Dunnhumby,2497,13,PoissonGBM,all,nMAE,0.3736541946487581
Dunnhumby,2497,13,PoissonGBM,x>0,CRPS,7.599012804878048
Dunnhumby,2497,13,PoissonGBM,x>0,pit_ks,0.2234715952347292
Dunnhumby,2497,13,PoissonGBM,x>0,cov95,0.6219512195121951
Dunnhumby,2497,13,PoissonGBM,x>0,cov50,0.2777777777777778
Dunnhumby,2497,13,PoissonGBM,x>0,nMAE,0.3715974116262902
Dunnhumby,2497,13,HurdleGBM,all,CRPS,7.670713059078771
Dunnhumby,2497,13,HurdleGBM,all,pit_ks,0.2078377300996983
Dunnhumby,2497,13,HurdleGBM,all,cov95,0.630173564753004
Dunnhumby,2497,13,HurdleGBM,all,cov50,0.25500667556742324
Dunnhumby,2497,13,HurdleGBM,all,nMAE,0.3799968020466901
Dunnhumby,2497,13,HurdleGBM,x>0,CRPS,7.715934840785908
Dunnhumby,2497,13,HurdleGBM,x>0,pit_ks,0.2111545623906756
Dunnhumby,2497,13,HurdleGBM,x>0,cov95,0.6273712737127372
Dunnhumby,2497,13,HurdleGBM,x>0,cov50,0.25474254742547425
Dunnhumby,2497,13,HurdleGBM,x>0,nMAE,0.37801486710519283
Dunnhumby,2497,13,QuantileGBM,all,CRPS,6.806764627837117
Dunnhumby,2497,13,QuantileGBM,all,pit_ks,0.06408544726301735
Dunnhumby,2497,13,QuantileGBM,all,cov95,0.8624833110814419
Dunnhumby,2497,13,QuantileGBM,all,cov50,0.4672897196261682
Dunnhumby,2497,13,QuantileGBM,all,nMAE,0.3712557296663469
Dunnhumby,2497,13,QuantileGBM,x>0,CRPS,6.845538448509484
Dunnhumby,2497,13,QuantileGBM,x>0,pit_ks,0.06368563685636852
Dunnhumby,2497,13,QuantileGBM,x>0,cov95,0.8617886178861789
Dunnhumby,2497,13,QuantileGBM,x>0,cov50,0.46747967479674796
Dunnhumby,2497,13,QuantileGBM,x>0,nMAE,0.3693513022086743
Dunnhumby,2497,14,BTYD,all,CRPS,7.00787174566088
Dunnhumby,2497,14,BTYD,all,pit_ks,0.1873894501443517
Dunnhumby,2497,14,BTYD,all,cov95,0.7757009345794392
Dunnhumby,2497,14,BTYD,all,cov50,0.35647530040053405
Dunnhumby,2497,14,BTYD,all,nMAE,0.35977967268682803
Dunnhumby,2497,14,BTYD,x>0,CRPS,7.077160823170731
Dunnhumby,2497,14,BTYD,x>0,pit_ks,0.18859217713819798
Dunnhumby,2497,14,BTYD,x>0,cov95,0.7777777777777778
Dunnhumby,2497,14,BTYD,x>0,cov50,0.35501355013550134
Dunnhumby,2497,14,BTYD,x>0,nMAE,0.35872679045092837
Dunnhumby,2497,14,PoissonGBM,all,CRPS,7.142701835781041
Dunnhumby,2497,14,PoissonGBM,all,pit_ks,0.21188355258878938
Dunnhumby,2497,14,PoissonGBM,all,cov95,0.6515353805073432
Dunnhumby,2497,14,PoissonGBM,all,cov50,0.3030707610146863
Dunnhumby,2497,14,PoissonGBM,all,nMAE,0.35496001271119115
Dunnhumby,2497,14,PoissonGBM,x>0,CRPS,7.217829183604337
Dunnhumby,2497,14,PoissonGBM,x>0,pit_ks,0.20679756276094508
Dunnhumby,2497,14,PoissonGBM,x>0,cov95,0.6504065040650406
Dunnhumby,2497,14,PoissonGBM,x>0,cov50,0.3035230352303523
Dunnhumby,2497,14,PoissonGBM,x>0,nMAE,0.3539522546419098
Dunnhumby,2497,14,HurdleGBM,all,CRPS,7.1723265687583435
Dunnhumby,2497,14,HurdleGBM,all,pit_ks,0.2109859377353704
Dunnhumby,2497,14,HurdleGBM,all,cov95,0.6582109479305741
Dunnhumby,2497,14,HurdleGBM,all,cov50,0.29506008010680906
Dunnhumby,2497,14,HurdleGBM,all,nMAE,0.3564165033631693
Dunnhumby,2497,14,HurdleGBM,x>0,CRPS,7.242655191395665
Dunnhumby,2497,14,HurdleGBM,x>0,pit_ks,0.20798851199078416
Dunnhumby,2497,14,HurdleGBM,x>0,cov95,0.6531165311653117
Dunnhumby,2497,14,HurdleGBM,x>0,cov50,0.29132791327913277
Dunnhumby,2497,14,HurdleGBM,x>0,nMAE,0.35472148541114057
Dunnhumby,2497,14,QuantileGBM,all,CRPS,6.511140195260347
Dunnhumby,2497,14,QuantileGBM,all,pit_ks,0.055245012088594704
Dunnhumby,2497,14,QuantileGBM,all,cov95,0.8918558077436582
Dunnhumby,2497,14,QuantileGBM,all,cov50,0.4979973297730307
Dunnhumby,2497,14,QuantileGBM,all,nMAE,0.35474815952544886
Dunnhumby,2497,14,QuantileGBM,x>0,CRPS,6.577735670731705
Dunnhumby,2497,14,QuantileGBM,x>0,pit_ks,0.05533848498366717
Dunnhumby,2497,14,QuantileGBM,x>0,cov95,0.8902439024390244
Dunnhumby,2497,14,QuantileGBM,x>0,cov50,0.4959349593495935
Dunnhumby,2497,14,QuantileGBM,x>0,nMAE,0.35371352785145893
Ta-Feng,22715,0,BTYD,all,CRPS,0.9560713982701056
Ta-Feng,22715,0,BTYD,all,pit_ks,0.06958204272835777
Ta-Feng,22715,0,BTYD,all,cov95,0.9735837980628118
Ta-Feng,22715,0,BTYD,all,cov50,0.7481655415321398
Ta-Feng,22715,0,BTYD,all,nMAE,0.6934974034770829
Ta-Feng,22715,0,BTYD,x>0,CRPS,1.2949898544896168
Ta-Feng,22715,0,BTYD,x>0,pit_ks,0.07778753928111076
Ta-Feng,22715,0,BTYD,x>0,cov95,0.9689967826849956
Ta-Feng,22715,0,BTYD,x>0,cov50,0.6984498391342497
Ta-Feng,22715,0,BTYD,x>0,nMAE,0.6028137474442605
Ta-Feng,22715,0,PoissonGBM,all,CRPS,0.9326864075799823
Ta-Feng,22715,0,PoissonGBM,all,pit_ks,0.08849528628543363
Ta-Feng,22715,0,PoissonGBM,all,cov95,0.9423246257704726
Ta-Feng,22715,0,PoissonGBM,all,cov50,0.6664220722042853
Ta-Feng,22715,0,PoissonGBM,all,nMAE,0.6759614660946791
Ta-Feng,22715,0,PoissonGBM,x>0,CRPS,1.259548466291313
Ta-Feng,22715,0,PoissonGBM,x>0,pit_ks,0.09309559974888396
Ta-Feng,22715,0,PoissonGBM,x>0,cov95,0.9257092717168762
Ta-Feng,22715,0,PoissonGBM,x>0,cov50,0.5270546943550746
Ta-Feng,22715,0,PoissonGBM,x>0,nMAE,0.5735079349625158
Ta-Feng,22715,0,HurdleGBM,all,CRPS,0.9271453358893454
Ta-Feng,22715,0,HurdleGBM,all,pit_ks,0.04320785762235613
Ta-Feng,22715,0,HurdleGBM,all,cov95,0.9580275902553567
Ta-Feng,22715,0,HurdleGBM,all,cov50,0.7713530965658938
Ta-Feng,22715,0,HurdleGBM,all,nMAE,0.6843907578836458
Ta-Feng,22715,0,HurdleGBM,x>0,CRPS,1.2584658617285758
Ta-Feng,22715,0,HurdleGBM,x>0,pit_ks,0.06700124986047729
Ta-Feng,22715,0,HurdleGBM,x>0,cov95,0.9464755776542849
Ta-Feng,22715,0,HurdleGBM,x>0,cov50,0.6516525299795262
Ta-Feng,22715,0,HurdleGBM,x>0,nMAE,0.5869438224126181
Ta-Feng,22715,0,QuantileGBM,all,CRPS,0.9150460990240681
Ta-Feng,22715,0,QuantileGBM,all,pit_ks,0.021447203003520543
Ta-Feng,22715,0,QuantileGBM,all,cov95,0.970208394481949
Ta-Feng,22715,0,QuantileGBM,all,cov50,0.7525682418550044
Ta-Feng,22715,0,QuantileGBM,all,nMAE,0.6709942048618952
Ta-Feng,22715,0,QuantileGBM,x>0,CRPS,1.2368556266452178
Ta-Feng,22715,0,QuantileGBM,x>0,pit_ks,0.02410219819388526
Ta-Feng,22715,0,QuantileGBM,x>0,cov95,0.9689967826849956
Ta-Feng,22715,0,QuantileGBM,x>0,cov50,0.674758701374671
Ta-Feng,22715,0,QuantileGBM,x>0,nMAE,0.5738000194723006
Ta-Feng,22715,1,BTYD,all,CRPS,0.9279017464044614
Ta-Feng,22715,1,BTYD,all,pit_ks,0.052182093427379284
Ta-Feng,22715,1,BTYD,all,cov95,0.9775462283533901
Ta-Feng,22715,1,BTYD,all,cov50,0.7606398591135897
Ta-Feng,22715,1,BTYD,all,nMAE,0.6910644193027015
Ta-Feng,22715,1,BTYD,x>0,CRPS,1.243002477469226
Ta-Feng,22715,1,BTYD,x>0,pit_ks,0.06993367627045965
Ta-Feng,22715,1,BTYD,x>0,cov95,0.9783118405627198
Ta-Feng,22715,1,BTYD,x>0,cov50,0.7121922626025792
Ta-Feng,22715,1,BTYD,x>0,nMAE,0.5974162011173185
Ta-Feng,22715,1,PoissonGBM,all,CRPS,0.9184080101629
Ta-Feng,22715,1,PoissonGBM,all,pit_ks,0.10587454968089838
Ta-Feng,22715,1,PoissonGBM,all,cov95,0.9424713824479014
Ta-Feng,22715,1,PoissonGBM,all,cov50,0.6775755796888758
Ta-Feng,22715,1,PoissonGBM,all,nMAE,0.6914877241591627
Ta-Feng,22715,1,PoissonGBM,x>0,CRPS,1.223828478531653
Ta-Feng,22715,1,PoissonGBM,x>0,pit_ks,0.104409423792349
Ta-Feng,22715,1,PoissonGBM,x>0,cov95,0.9308323563892146
Ta-Feng,22715,1,PoissonGBM,x>0,cov50,0.5339976553341149
Ta-Feng,22715,1,PoissonGBM,x>0,nMAE,0.5805566640063847
Ta-Feng,22715,1,HurdleGBM,all,CRPS,0.9103233645802757
Ta-Feng,22715,1,HurdleGBM,all,pit_ks,0.05614827332256228
Ta-Feng,22715,1,HurdleGBM,all,cov95,0.9577340769004989
Ta-Feng,22715,1,HurdleGBM,all,cov50,0.7713530965658938
Ta-Feng,22715,1,HurdleGBM,all,nMAE,0.6879858385284384
Ta-Feng,22715,1,HurdleGBM,x>0,CRPS,1.2209751776817117
Ta-Feng,22715,1,HurdleGBM,x>0,pit_ks,0.07311338327499212
Ta-Feng,22715,1,HurdleGBM,x>0,cov95,0.9510550996483002
Ta-Feng,22715,1,HurdleGBM,x>0,cov50,0.6532825322391559
Ta-Feng,22715,1,HurdleGBM,x>0,nMAE,0.5886372705506784
Ta-Feng,22715,1,QuantileGBM,all,CRPS,0.9038408185353684
Ta-Feng,22715,1,QuantileGBM,all,pit_ks,0.04142779873644742
Ta-Feng,22715,1,QuantileGBM,all,cov95,0.966832990901086
Ta-Feng,22715,1,QuantileGBM,all,cov50,0.7575579688875844
Ta-Feng,22715,1,QuantileGBM,all,nMAE,0.6859847610251674
Ta-Feng,22715,1,QuantileGBM,x>0,CRPS,1.2036015350234464
Ta-Feng,22715,1,QuantileGBM,x>0,pit_ks,0.021381325185628824
Ta-Feng,22715,1,QuantileGBM,x>0,cov95,0.9733294255568582
Ta-Feng,22715,1,QuantileGBM,x>0,cov50,0.6805392731535757
Ta-Feng,22715,1,QuantileGBM,x>0,nMAE,0.5741719872306464
Ta-Feng,22715,2,BTYD,all,CRPS,0.9616634812059731
Ta-Feng,22715,2,BTYD,all,pit_ks,0.08281927896354552
Ta-Feng,22715,2,BTYD,all,cov95,0.970208394481949
Ta-Feng,22715,2,BTYD,all,cov50,0.7442031112415615
Ta-Feng,22715,2,BTYD,all,nMAE,0.6954001495886313
Ta-Feng,22715,2,BTYD,x>0,CRPS,1.2955427051519781
Ta-Feng,22715,2,BTYD,x>0,pit_ks,0.08263638550135322
Ta-Feng,22715,2,BTYD,x>0,cov95,0.9630599185573008
Ta-Feng,22715,2,BTYD,x>0,cov50,0.6908086096567772
Ta-Feng,22715,2,BTYD,x>0,nMAE,0.603448275862069
Ta-Feng,22715,2,PoissonGBM,all,CRPS,0.9239676777590254
Ta-Feng,22715,2,PoissonGBM,all,pit_ks,0.0615299187446382
Ta-Feng,22715,2,PoissonGBM,all,cov95,0.9407103023187555
Ta-Feng,22715,2,PoissonGBM,all,cov50,0.6602582917522747
Ta-Feng,22715,2,PoissonGBM,all,nMAE,0.6667539267015706
Ta-Feng,22715,2,PoissonGBM,x>0,CRPS,1.2425904086678303
Ta-Feng,22715,2,PoissonGBM,x>0,pit_ks,0.07667159363667406
Ta-Feng,22715,2,PoissonGBM,x>0,cov95,0.9220477021524142
Ta-Feng,22715,2,PoissonGBM,x>0,cov50,0.5302501454333916
Ta-Feng,22715,2,PoissonGBM,x>0,nMAE,0.5720738222438077
Ta-Feng,22715,2,HurdleGBM,all,CRPS,0.9238384704285294
Ta-Feng,22715,2,HurdleGBM,all,pit_ks,0.029113781278874762
Ta-Feng,22715,2,HurdleGBM,all,cov95,0.953624889932492
Ta-Feng,22715,2,HurdleGBM,all,cov50,0.7638685060170238
Ta-Feng,22715,2,HurdleGBM,all,nMAE,0.6746073298429319
Ta-Feng,22715,2,HurdleGBM,x>0,CRPS,1.247888921611402
Ta-Feng,22715,2,HurdleGBM,x>0,pit_ks,0.04844679731988766
Ta-Feng,22715,2,HurdleGBM,x>0,cov95,0.93717277486911
Ta-Feng,22715,2,HurdleGBM,x>0,cov50,0.6375799883653287
Ta-Feng,22715,2,HurdleGBM,x>0,nMAE,0.5842156386595434
Ta-Feng,22715,2,QuantileGBM,all,CRPS,0.9152768216172585
Ta-Feng,22715,2,QuantileGBM,all,pit_ks,0.05078912441822536
Ta-Feng,22715,2,QuantileGBM,all,cov95,0.9675667742882301
Ta-Feng,22715,2,QuantileGBM,all,cov50,0.748752568241855
Ta-Feng,22715,2,QuantileGBM,all,nMAE,0.6734480179506357
Ta-Feng,22715,2,QuantileGBM,x>0,CRPS,1.2274547047702151
Ta-Feng,22715,2,QuantileGBM,x>0,pit_ks,0.047590402943589294
Ta-Feng,22715,2,QuantileGBM,x>0,cov95,0.9665503199534613
Ta-Feng,22715,2,QuantileGBM,x>0,cov50,0.6637579988365329
Ta-Feng,22715,2,QuantileGBM,x>0,nMAE,0.5750364254492472
Ta-Feng,22715,3,BTYD,all,CRPS,0.9508744806189463
Ta-Feng,22715,3,BTYD,all,pit_ks,0.06585662566894945
Ta-Feng,22715,3,BTYD,all,cov95,0.9749046081596713
Ta-Feng,22715,3,BTYD,all,cov50,0.7503668916935721
Ta-Feng,22715,3,BTYD,all,nMAE,0.6890869597782937
Ta-Feng,22715,3,BTYD,x>0,CRPS,1.3044212630668435
Ta-Feng,22715,3,BTYD,x>0,pit_ks,0.07808075058111591
Ta-Feng,22715,3,BTYD,x>0,cov95,0.9679034157832744
Ta-Feng,22715,3,BTYD,x>0,cov50,0.6866902237926973
Ta-Feng,22715,3,BTYD,x>0,nMAE,0.6000772051727465
Ta-Feng,22715,3,PoissonGBM,all,CRPS,0.926435805877605
Ta-Feng,22715,3,PoissonGBM,all,pit_ks,0.08376099260664743
Ta-Feng,22715,3,PoissonGBM,all,cov95,0.9432051658350455
Ta-Feng,22715,3,PoissonGBM,all,cov50,0.6734663927208688
Ta-Feng,22715,3,PoissonGBM,all,nMAE,0.6689386562804285
Ta-Feng,22715,3,PoissonGBM,x>0,CRPS,1.2626971584216724
Ta-Feng,22715,3,PoissonGBM,x>0,pit_ks,0.07696117388660562
Ta-Feng,22715,3,PoissonGBM,x>0,cov95,0.9272673733804476
Ta-Feng,22715,3,PoissonGBM,x>0,cov50,0.5294464075382803
Ta-Feng,22715,3,PoissonGBM,x>0,nMAE,0.5670719938235862
Ta-Feng,22715,3,HurdleGBM,all,CRPS,0.9193927181171119
Ta-Feng,22715,3,HurdleGBM,all,pit_ks,0.03418362341474934
Ta-Feng,22715,3,HurdleGBM,all,cov95,0.9564132668036396
Ta-Feng,22715,3,HurdleGBM,all,cov50,0.7694452597593191
Ta-Feng,22715,3,HurdleGBM,all,nMAE,0.6723091903228222
Ta-Feng,22715,3,HurdleGBM,x>0,CRPS,1.256463265606596
Ta-Feng,22715,3,HurdleGBM,x>0,pit_ks,0.052389446620918934
Ta-Feng,22715,3,HurdleGBM,x>0,cov95,0.9419905771495878
Ta-Feng,22715,3,HurdleGBM,x>0,cov50,0.6442873969375736
Ta-Feng,22715,3,HurdleGBM,x>0,nMAE,0.5754198031268095
Ta-Feng,22715,3,QuantileGBM,all,CRPS,0.9171668247358379
Ta-Feng,22715,3,QuantileGBM,all,pit_ks,0.0255876160244759
Ta-Feng,22715,3,QuantileGBM,all,cov95,0.9628705606105078
Ta-Feng,22715,3,QuantileGBM,all,cov50,0.7737012034047549
Ta-Feng,22715,3,QuantileGBM,all,nMAE,0.6672159388809826
Ta-Feng,22715,3,QuantileGBM,x>0,CRPS,1.2521892962308598
Ta-Feng,22715,3,QuantileGBM,x>0,pit_ks,0.04579138102998151
Ta-Feng,22715,3,QuantileGBM,x>0,cov95,0.9605418138987044
Ta-Feng,22715,3,QuantileGBM,x>0,cov50,0.7037691401648999
Ta-Feng,22715,3,QuantileGBM,x>0,nMAE,0.5700636942675159
Ta-Feng,22715,4,BTYD,all,CRPS,0.9218949898646169
Ta-Feng,22715,4,BTYD,all,pit_ks,0.059824742676517995
Ta-Feng,22715,4,BTYD,all,cov95,0.9756383915468154
Ta-Feng,22715,4,BTYD,all,cov50,0.7631347226298797
Ta-Feng,22715,4,BTYD,all,nMAE,0.696411856474259
Ta-Feng,22715,4,BTYD,x>0,CRPS,1.2339760243467934
Ta-Feng,22715,4,BTYD,x>0,pit_ks,0.065445495220956
Ta-Feng,22715,4,BTYD,x>0,cov95,0.9741686460807601
Ta-Feng,22715,4,BTYD,x>0,cov50,0.7161520190023754
Ta-Feng,22715,4,BTYD,x>0,nMAE,0.5977193700143179
Ta-Feng,22715,4,PoissonGBM,all,CRPS,0.9037643968300557
Ta-Feng,22715,4,PoissonGBM,all,pit_ks,0.10170721697829083
Ta-Feng,22715,4,PoissonGBM,all,cov95,0.9468740827707661
Ta-Feng,22715,4,PoissonGBM,all,cov50,0.6841796301731728
Ta-Feng,22715,4,PoissonGBM,all,nMAE,0.684984399375975
Ta-Feng,22715,4,PoissonGBM,x>0,CRPS,1.2037912911965558
Ta-Feng,22715,4,PoissonGBM,x>0,pit_ks,0.10051674896130347
Ta-Feng,22715,4,PoissonGBM,x>0,cov95,0.9379453681710214
Ta-Feng,22715,4,PoissonGBM,x>0,cov50,0.5397862232779097
Ta-Feng,22715,4,PoissonGBM,x>0,nMAE,0.5755266925751686
Ta-Feng,22715,4,HurdleGBM,all,CRPS,0.8931839585779278
Ta-Feng,22715,4,HurdleGBM,all,pit_ks,0.05089356541998458
Ta-Feng,22715,4,HurdleGBM,all,cov95,0.9570002935133548
Ta-Feng,22715,4,HurdleGBM,all,cov50,0.7763428235984737
Ta-Feng,22715,4,HurdleGBM,all,nMAE,0.6769110764430577
Ta-Feng,22715,4,HurdleGBM,x>0,CRPS,1.1990515457986937
Ta-Feng,22715,4,HurdleGBM,x>0,pit_ks,0.07000341495638784
Ta-Feng,22715,4,HurdleGBM,x>0,cov95,0.9489311163895487
Ta-Feng,22715,4,HurdleGBM,x>0,cov50,0.6579572446555819
Ta-Feng,22715,4,HurdleGBM,x>0,nMAE,0.5784413990591123
Ta-Feng,22715,4,QuantileGBM,all,CRPS,0.8886357334164956
Ta-Feng,22715,4,QuantileGBM,all,pit_ks,0.025829175227472856
Ta-Feng,22715,4,QuantileGBM,all,cov95,0.9696213677722336
Ta-Feng,22715,4,QuantileGBM,all,cov50,0.764455532726739
Ta-Feng,22715,4,QuantileGBM,all,nMAE,0.673634945397816
Ta-Feng,22715,4,QuantileGBM,x>0,CRPS,1.1891109393557007
Ta-Feng,22715,4,QuantileGBM,x>0,pit_ks,0.022927421888809696
Ta-Feng,22715,4,QuantileGBM,x>0,cov95,0.9709026128266033
Ta-Feng,22715,4,QuantileGBM,x>0,cov50,0.6941805225653207
Ta-Feng,22715,4,QuantileGBM,x>0,nMAE,0.5678052771527919
Ta-Feng,22715,5,BTYD,all,CRPS,0.9506552742974025
Ta-Feng,22715,5,BTYD,all,pit_ks,0.08107532101035136
Ta-Feng,22715,5,BTYD,all,cov95,0.9727032579982389
Ta-Feng,22715,5,BTYD,all,cov50,0.7559436454358673
Ta-Feng,22715,5,BTYD,all,nMAE,0.6847727956665665
Ta-Feng,22715,5,BTYD,x>0,CRPS,1.2795105136786962
Ta-Feng,22715,5,BTYD,x>0,pit_ks,0.09156525360513185
Ta-Feng,22715,5,BTYD,x>0,cov95,0.969732246798603
Ta-Feng,22715,5,BTYD,x>0,cov50,0.7136204889406287
Ta-Feng,22715,5,BTYD,x>0,nMAE,0.5933378588052755
Ta-Feng,22715,5,PoissonGBM,all,CRPS,0.9164963595171706
Ta-Feng,22715,5,PoissonGBM,all,pit_ks,0.09053911049293556
Ta-Feng,22715,5,PoissonGBM,all,cov95,0.9443792192544761
Ta-Feng,22715,5,PoissonGBM,all,cov50,0.6758144995597299
Ta-Feng,22715,5,PoissonGBM,all,nMAE,0.6691619018958772
Ta-Feng,22715,5,PoissonGBM,x>0,CRPS,1.2266127582945285
Ta-Feng,22715,5,PoissonGBM,x>0,pit_ks,0.09349966465090126
Ta-Feng,22715,5,PoissonGBM,x>0,cov95,0.9318975552968568
Ta-Feng,22715,5,PoissonGBM,x>0,cov50,0.5430733410942957
Ta-Feng,22715,5,PoissonGBM,x>0,nMAE,0.5652152831652444
Ta-Feng,22715,5,HurdleGBM,all,CRPS,0.9075229224757851
Ta-Feng,22715,5,HurdleGBM,all,pit_ks,0.04505060137686234
Ta-Feng,22715,5,HurdleGBM,all,cov95,0.9565600234810684
Ta-Feng,22715,5,HurdleGBM,all,cov50,0.7725271499853243
Ta-Feng,22715,5,HurdleGBM,all,nMAE,0.6663406560337045
Ta-Feng,22715,5,HurdleGBM,x>0,CRPS,1.2171898573923166
Ta-Feng,22715,5,HurdleGBM,x>0,pit_ks,0.07562205328463256
Ta-Feng,22715,5,HurdleGBM,x>0,cov95,0.9467403958090803
Ta-Feng,22715,5,HurdleGBM,x>0,cov50,0.6577415599534342
Ta-Feng,22715,5,HurdleGBM,x>0,nMAE,0.5674941815360744
Ta-Feng,22715,5,QuantileGBM,all,CRPS,0.9067443920604636
Ta-Feng,22715,5,QuantileGBM,all,pit_ks,0.029060877611738145
Ta-Feng,22715,5,QuantileGBM,all,cov95,0.9652186674493689
Ta-Feng,22715,5,QuantileGBM,all,cov50,0.7685647196947462
Ta-Feng,22715,5,QuantileGBM,all,nMAE,0.6626918447186279
Ta-Feng,22715,5,QuantileGBM,x>0,CRPS,1.2173549985448195
Ta-Feng,22715,5,QuantileGBM,x>0,pit_ks,0.028325358423919256
Ta-Feng,22715,5,QuantileGBM,x>0,cov95,0.9644935972060535
Ta-Feng,22715,5,QuantileGBM,x>0,cov50,0.6935389988358557
Ta-Feng,22715,5,QuantileGBM,x>0,nMAE,0.5635667183863461
Ta-Feng,22715,6,BTYD,all,CRPS,0.9473626162588054
Ta-Feng,22715,6,BTYD,all,pit_ks,0.0720379318951373
Ta-Feng,22715,6,BTYD,all,cov95,0.976812444966246
Ta-Feng,22715,6,BTYD,all,cov50,0.752127971822718
Ta-Feng,22715,6,BTYD,all,nMAE,0.6898415796981755
Ta-Feng,22715,6,BTYD,x>0,CRPS,1.2674714733556418
Ta-Feng,22715,6,BTYD,x>0,pit_ks,0.0791955190468287
Ta-Feng,22715,6,BTYD,x>0,cov95,0.9720782959124928
Ta-Feng,22715,6,BTYD,x>0,cov50,0.7037996545768567
Ta-Feng,22715,6,BTYD,x>0,nMAE,0.6004954342335341
Ta-Feng,22715,6,PoissonGBM,all,CRPS,0.9193304593484004
Ta-Feng,22715,6,PoissonGBM,all,pit_ks,0.0771513952200068
Ta-Feng,22715,6,PoissonGBM,all,cov95,0.9412973290284707
Ta-Feng,22715,6,PoissonGBM,all,cov50,0.6548282946874083
Ta-Feng,22715,6,PoissonGBM,all,nMAE,0.6669044222539229
Ta-Feng,22715,6,PoissonGBM,x>0,CRPS,1.2267601162204953
Ta-Feng,22715,6,PoissonGBM,x>0,pit_ks,0.0897028268224726
Ta-Feng,22715,6,PoissonGBM,x>0,cov95,0.9251583189407023
Ta-Feng,22715,6,PoissonGBM,x>0,cov50,0.5192861255037421
Ta-Feng,22715,6,PoissonGBM,x>0,nMAE,0.5722751117155624
Ta-Feng,22715,6,HurdleGBM,all,CRPS,0.9179504714558262
Ta-Feng,22715,6,HurdleGBM,all,pit_ks,0.030070677722766392
Ta-Feng,22715,6,HurdleGBM,all,cov95,0.9542119166422072
Ta-Feng,22715,6,HurdleGBM,all,cov50,0.7572644555327267
Ta-Feng,22715,6,HurdleGBM,all,nMAE,0.6723477738568961
Ta-Feng,22715,6,HurdleGBM,x>0,CRPS,1.231740132052389
Ta-Feng,22715,6,HurdleGBM,x>0,pit_ks,0.05971640741715267
Ta-Feng,22715,6,HurdleGBM,x>0,cov95,0.9369602763385146
Ta-Feng,22715,6,HurdleGBM,x>0,cov50,0.6324122049510651
Ta-Feng,22715,6,HurdleGBM,x>0,nMAE,0.5815523605984069
Ta-Feng,22715,6,QuantileGBM,all,CRPS,0.9106989341796301
Ta-Feng,22715,6,QuantileGBM,all,pit_ks,0.03534268449794509
Ta-Feng,22715,6,QuantileGBM,all,cov95,0.9683005576753743
Ta-Feng,22715,6,QuantileGBM,all,cov50,0.7775168770179043
Ta-Feng,22715,6,QuantileGBM,all,nMAE,0.6724228545686614
Ta-Feng,22715,6,QuantileGBM,x>0,CRPS,1.2167058667962
Ta-Feng,22715,6,QuantileGBM,x>0,pit_ks,0.05194398309638262
Ta-Feng,22715,6,QuantileGBM,x>0,cov95,0.9643062751871042
Ta-Feng,22715,6,QuantileGBM,x>0,cov50,0.7222222222222222
Ta-Feng,22715,6,QuantileGBM,x>0,nMAE,0.5759180104915484
Ta-Feng,22715,7,BTYD,all,CRPS,0.976007679501761
Ta-Feng,22715,7,BTYD,all,pit_ks,0.08482692715006934
Ta-Feng,22715,7,BTYD,all,cov95,0.9712356912239507
Ta-Feng,22715,7,BTYD,all,cov50,0.745377164660992
Ta-Feng,22715,7,BTYD,all,nMAE,0.697226959294135
Ta-Feng,22715,7,BTYD,x>0,CRPS,1.3220499762496347
Ta-Feng,22715,7,BTYD,x>0,pit_ks,0.09515577039022677
Ta-Feng,22715,7,BTYD,x>0,cov95,0.9657994738380591
Ta-Feng,22715,7,BTYD,x>0,cov50,0.7000876936568254
Ta-Feng,22715,7,BTYD,x>0,nMAE,0.6080264672036824
Ta-Feng,22715,7,PoissonGBM,all,CRPS,0.9347150040358086
Ta-Feng,22715,7,PoissonGBM,all,pit_ks,0.0775671667285528
Ta-Feng,22715,7,PoissonGBM,all,cov95,0.9398297622541826
Ta-Feng,22715,7,PoissonGBM,all,cov50,0.6602582917522747
Ta-Feng,22715,7,PoissonGBM,all,nMAE,0.6677912063468525
Ta-Feng,22715,7,PoissonGBM,x>0,CRPS,1.2615057055685472
Ta-Feng,22715,7,PoissonGBM,x>0,pit_ks,0.08757452156931517
Ta-Feng,22715,7,PoissonGBM,x>0,cov95,0.9234142063724057
Ta-Feng,22715,7,PoissonGBM,x>0,cov50,0.5214849459222449
Ta-Feng,22715,7,PoissonGBM,x>0,nMAE,0.567126965861143
Ta-Feng,22715,7,HurdleGBM,all,CRPS,0.9291036606618727
Ta-Feng,22715,7,HurdleGBM,all,pit_ks,0.03460824206161173
Ta-Feng,22715,7,HurdleGBM,all,cov95,0.9521573231582037
Ta-Feng,22715,7,HurdleGBM,all,cov50,0.7629879659524509
Ta-Feng,22715,7,HurdleGBM,all,nMAE,0.6707570252836065
Ta-Feng,22715,7,HurdleGBM,x>0,CRPS,1.2580386345366852
Ta-Feng,22715,7,HurdleGBM,x>0,pit_ks,0.05562761910023578
Ta-Feng,22715,7,HurdleGBM,x>0,cov95,0.9391990646009939
Ta-Feng,22715,7,HurdleGBM,x>0,cov50,0.645717626425022
Ta-Feng,22715,7,HurdleGBM,x>0,nMAE,0.5738396624472574
Ta-Feng,22715,7,QuantileGBM,all,CRPS,0.9247424988993249
Ta-Feng,22715,7,QuantileGBM,all,pit_ks,0.021617519460718937
Ta-Feng,22715,7,QuantileGBM,all,cov95,0.9729967713530966
Ta-Feng,22715,7,QuantileGBM,all,cov50,0.762841209275022
Ta-Feng,22715,7,QuantileGBM,all,nMAE,0.6701638614962557
Ta-Feng,22715,7,QuantileGBM,x>0,CRPS,1.2474250237503652
Ta-Feng,22715,7,QuantileGBM,x>0,pit_ks,0.025988349791200682
Ta-Feng,22715,7,QuantileGBM,x>0,cov95,0.9640456007015492
Ta-Feng,22715,7,QuantileGBM,x>0,cov50,0.6904413914060217
Ta-Feng,22715,7,QuantileGBM,x>0,nMAE,0.5688530878404295
Ta-Feng,22715,8,BTYD,all,CRPS,0.9388692111369973
Ta-Feng,22715,8,BTYD,all,pit_ks,0.05866406218520431
Ta-Feng,22715,8,BTYD,all,cov95,0.9747578514822425
Ta-Feng,22715,8,BTYD,all,cov50,0.7550631053712944
Ta-Feng,22715,8,BTYD,all,nMAE,0.6993524514338575
Ta-Feng,22715,8,BTYD,x>0,CRPS,1.2724675321691175
Ta-Feng,22715,8,BTYD,x>0,pit_ks,0.06263342535951655
Ta-Feng,22715,8,BTYD,x>0,cov95,0.9702941176470589
Ta-Feng,22715,8,BTYD,x>0,cov50,0.6982352941176471
Ta-Feng,22715,8,BTYD,x>0,nMAE,0.6068534267133566
Ta-Feng,22715,8,PoissonGBM,all,CRPS,0.922659951937188
Ta-Feng,22715,8,PoissonGBM,all,pit_ks,0.0918767953571879
Ta-Feng,22715,8,PoissonGBM,all,cov95,0.9429116524801878
Ta-Feng,22715,8,PoissonGBM,all,cov50,0.6714117992368652
Ta-Feng,22715,8,PoissonGBM,all,nMAE,0.6869025593586185
Ta-Feng,22715,8,PoissonGBM,x>0,CRPS,1.2551228400735293
Ta-Feng,22715,8,PoissonGBM,x>0,pit_ks,0.09575125236944643
Ta-Feng,22715,8,PoissonGBM,x>0,cov95,0.9267647058823529
Ta-Feng,22715,8,PoissonGBM,x>0,cov50,0.5238235294117647
Ta-Feng,22715,8,PoissonGBM,x>0,nMAE,0.5878439219609805
Ta-Feng,22715,8,HurdleGBM,all,CRPS,0.9199622853683591
Ta-Feng,22715,8,HurdleGBM,all,pit_ks,0.04352829488986598
Ta-Feng,22715,8,HurdleGBM,all,cov95,0.9524508365130614
Ta-Feng,22715,8,HurdleGBM,all,cov50,0.7631347226298797
Ta-Feng,22715,8,HurdleGBM,all,nMAE,0.6950354609929078
Ta-Feng,22715,8,HurdleGBM,x>0,CRPS,1.2587645772058824
Ta-Feng,22715,8,HurdleGBM,x>0,pit_ks,0.06600920355086987
Ta-Feng,22715,8,HurdleGBM,x>0,cov95,0.9391176470588235
Ta-Feng,22715,8,HurdleGBM,x>0,cov50,0.6379411764705882
Ta-Feng,22715,8,HurdleGBM,x>0,nMAE,0.6056028014007003
Ta-Feng,22715,8,QuantileGBM,all,CRPS,0.9071424787202816
Ta-Feng,22715,8,QuantileGBM,all,pit_ks,0.027479631922632697
Ta-Feng,22715,8,QuantileGBM,all,cov95,0.9699148811270912
Ta-Feng,22715,8,QuantileGBM,all,cov50,0.778690930437335
Ta-Feng,22715,8,QuantileGBM,all,nMAE,0.680349984582177
Ta-Feng,22715,8,QuantileGBM,x>0,CRPS,1.2339222499999998
Ta-Feng,22715,8,QuantileGBM,x>0,pit_ks,0.03926670565164356
Ta-Feng,22715,8,QuantileGBM,x>0,cov95,0.9655882352941176
Ta-Feng,22715,8,QuantileGBM,x>0,cov50,0.7202941176470589
Ta-Feng,22715,8,QuantileGBM,x>0,nMAE,0.5860430215107554
Ta-Feng,22715,9,BTYD,all,CRPS,0.9454883557748752
Ta-Feng,22715,9,BTYD,all,pit_ks,0.0772357273834216
Ta-Feng,22715,9,BTYD,all,cov95,0.9749046081596713
Ta-Feng,22715,9,BTYD,all,cov50,0.7601995890813033
Ta-Feng,22715,9,BTYD,all,nMAE,0.6756293758379265
Ta-Feng,22715,9,BTYD,x>0,CRPS,1.2942047869442024
Ta-Feng,22715,9,BTYD,x>0,pit_ks,0.09291238180783212
Ta-Feng,22715,9,BTYD,x>0,cov95,0.9709386806161
Ta-Feng,22715,9,BTYD,x>0,cov50,0.7076431269979657
Ta-Feng,22715,9,BTYD,x>0,nMAE,0.5860992907801419
Ta-Feng,22715,9,PoissonGBM,all,CRPS,0.9171735792119166
Ta-Feng,22715,9,PoissonGBM,all,pit_ks,0.09329073814918126
Ta-Feng,22715,9,PoissonGBM,all,cov95,0.9465805694159084
Ta-Feng,22715,9,PoissonGBM,all,cov50,0.6875550337540358
Ta-Feng,22715,9,PoissonGBM,all,nMAE,0.6609191121704155
Ta-Feng,22715,9,PoissonGBM,x>0,CRPS,1.2426342614792212
Ta-Feng,22715,9,PoissonGBM,x>0,pit_ks,0.07581598563470651
Ta-Feng,22715,9,PoissonGBM,x>0,cov95,0.932868352223191
Ta-Feng,22715,9,PoissonGBM,x>0,cov50,0.5341470502760826
Ta-Feng,22715,9,PoissonGBM,x>0,nMAE,0.5561702127659575
Ta-Feng,22715,9,HurdleGBM,all,CRPS,0.9120841236791899
Ta-Feng,22715,9,HurdleGBM,all,pit_ks,0.047933424056506135
Ta-Feng,22715,9,HurdleGBM,all,cov95,0.9590548869973584
Ta-Feng,22715,9,HurdleGBM,all,cov50,0.7798649838567655
Ta-Feng,22715,9,HurdleGBM,all,nMAE,0.6583867123491733
Ta-Feng,22715,9,HurdleGBM,x>0,CRPS,1.2445611758936357
Ta-Feng,22715,9,HurdleGBM,x>0,pit_ks,0.0532640740846021
Ta-Feng,22715,9,HurdleGBM,x>0,cov95,0.9471083987213019
Ta-Feng,22715,9,HurdleGBM,x>0,cov50,0.6567858180761407
Ta-Feng,22715,9,HurdleGBM,x>0,nMAE,0.5631678486997637
Ta-Feng,22715,9,QuantileGBM,all,CRPS,0.913885229857646
Ta-Feng,22715,9,QuantileGBM,all,pit_ks,0.03319565400612645
Ta-Feng,22715,9,QuantileGBM,all,cov95,0.9650719107719401
Ta-Feng,22715,9,QuantileGBM,all,cov50,0.7913120046962137
Ta-Feng,22715,9,QuantileGBM,all,nMAE,0.65417845970505
Ta-Feng,22715,9,QuantileGBM,x>0,CRPS,1.2481640293519323
Ta-Feng,22715,9,QuantileGBM,x>0,pit_ks,0.06340941729201338
Ta-Feng,22715,9,QuantileGBM,x>0,cov95,0.9642545771578029
Ta-Feng,22715,9,QuantileGBM,x>0,cov50,0.7346701540249927
Ta-Feng,22715,9,QuantileGBM,x>0,nMAE,0.5583924349881797
Ta-Feng,22715,10,BTYD,all,CRPS,0.9574708034469473
Ta-Feng,22715,10,BTYD,all,pit_ks,0.0720177688127055
Ta-Feng,22715,10,BTYD,all,cov95,0.9738773114176695
Ta-Feng,22715,10,BTYD,all,cov50,0.7535955385970061
Ta-Feng,22715,10,BTYD,all,nMAE,0.6931205035971224
Ta-Feng,22715,10,BTYD,x>0,CRPS,1.287027309384164
Ta-Feng,22715,10,BTYD,x>0,pit_ks,0.08538732195412785
Ta-Feng,22715,10,BTYD,x>0,cov95,0.9721407624633431
Ta-Feng,22715,10,BTYD,x>0,cov50,0.7041055718475073
Ta-Feng,22715,10,BTYD,x>0,nMAE,0.5984125438254773
Ta-Feng,22715,10,PoissonGBM,all,CRPS,0.9373312564206047
Ta-Feng,22715,10,PoissonGBM,all,pit_ks,0.08637940280070955
Ta-Feng,22715,10,PoissonGBM,all,cov95,0.9433519225124744
Ta-Feng,22715,10,PoissonGBM,all,cov50,0.664220722042853
Ta-Feng,22715,10,PoissonGBM,all,nMAE,0.6773081534772183
Ta-Feng,22715,10,PoissonGBM,x>0,CRPS,1.2591043933284458
Ta-Feng,22715,10,PoissonGBM,x>0,pit_ks,0.09586158405864406
Ta-Feng,22715,10,PoissonGBM,x>0,cov95,0.9325513196480938
Ta-Feng,22715,10,PoissonGBM,x>0,cov50,0.5181818181818182
Ta-Feng,22715,10,PoissonGBM,x>0,nMAE,0.5755746007012076
Ta-Feng,22715,10,HurdleGBM,all,CRPS,0.9344271371441151
Ta-Feng,22715,10,HurdleGBM,all,pit_ks,0.03570640895879018
Ta-Feng,22715,10,HurdleGBM,all,cov95,0.9512767830936307
Ta-Feng,22715,10,HurdleGBM,all,cov50,0.7635749926621661
Ta-Feng,22715,10,HurdleGBM,all,nMAE,0.6809427458033573
Ta-Feng,22715,10,HurdleGBM,x>0,CRPS,1.2632488398093842
Ta-Feng,22715,10,HurdleGBM,x>0,pit_ks,0.06117405045799612
Ta-Feng,22715,10,HurdleGBM,x>0,cov95,0.9413489736070382
Ta-Feng,22715,10,HurdleGBM,x>0,cov50,0.6413489736070381
Ta-Feng,22715,10,HurdleGBM,x>0,nMAE,0.5845831710167511
Ta-Feng,22715,10,QuantileGBM,all,CRPS,0.9192960742588788
Ta-Feng,22715,10,QuantileGBM,all,pit_ks,0.02473638579298576
Ta-Feng,22715,10,QuantileGBM,all,cov95,0.9650719107719401
Ta-Feng,22715,10,QuantileGBM,all,cov50,0.7625476959201644
Ta-Feng,22715,10,QuantileGBM,all,nMAE,0.6715752398081535
Ta-Feng,22715,10,QuantileGBM,x>0,CRPS,1.232496365469208
Ta-Feng,22715,10,QuantileGBM,x>0,pit_ks,0.026810572323973325
Ta-Feng,22715,10,QuantileGBM,x>0,cov95,0.966275659824047
Ta-Feng,22715,10,QuantileGBM,x>0,cov50,0.6824046920821114
Ta-Feng,22715,10,QuantileGBM,x>0,nMAE,0.573139851967277
Ta-Feng,22715,11,BTYD,all,CRPS,0.9460248144903874
Ta-Feng,22715,11,BTYD,all,pit_ks,0.06953684129290583
Ta-Feng,22715,11,BTYD,all,cov95,0.9751981215145289
Ta-Feng,22715,11,BTYD,all,cov50,0.7524214851775756
Ta-Feng,22715,11,BTYD,all,nMAE,0.6930613800991231
Ta-Feng,22715,11,BTYD,x>0,CRPS,1.2678353983146475
Ta-Feng,22715,11,BTYD,x>0,pit_ks,0.07052765140408152
Ta-Feng,22715,11,BTYD,x>0,cov95,0.971753057658707
Ta-Feng,22715,11,BTYD,x>0,cov50,0.7012230634828188
Ta-Feng,22715,11,BTYD,x>0,nMAE,0.5998812116412592
Ta-Feng,22715,11,PoissonGBM,all,CRPS,0.9165923668183152
Ta-Feng,22715,11,PoissonGBM,all,pit_ks,0.08533695544157899
Ta-Feng,22715,11,PoissonGBM,all,cov95,0.9467273260933372
Ta-Feng,22715,11,PoissonGBM,all,cov50,0.6667155855591429
Ta-Feng,22715,11,PoissonGBM,all,nMAE,0.679794128860084
Ta-Feng,22715,11,PoissonGBM,x>0,CRPS,1.2259752129440884
Ta-Feng,22715,11,PoissonGBM,x>0,pit_ks,0.09450354578784148
Ta-Feng,22715,11,PoissonGBM,x>0,cov95,0.9338963308095516
Ta-Feng,22715,11,PoissonGBM,x>0,cov50,0.5250436808386721
Ta-Feng,22715,11,PoissonGBM,x>0,nMAE,0.5792417343100376
Ta-Feng,22715,11,HurdleGBM,all,CRPS,0.910245377164661
Ta-Feng,22715,11,HurdleGBM,all,pit_ks,0.03785548986806664
Ta-Feng,22715,11,HurdleGBM,all,cov95,0.959348400352216
Ta-Feng,22715,11,HurdleGBM,all,cov50,0.7607866157910185
Ta-Feng,22715,11,HurdleGBM,all,nMAE,0.6813953488372093
Ta-Feng,22715,11,HurdleGBM,x>0,CRPS,1.2219616536837505
Ta-Feng,22715,11,HurdleGBM,x>0,pit_ks,0.0729999481329674
Ta-Feng,22715,11,HurdleGBM,x>0,cov95,0.9490390215492137
Ta-Feng,22715,11,HurdleGBM,x>0,cov50,0.6394874781595806
Ta-Feng,22715,11,HurdleGBM,x>0,nMAE,0.5921599683231044
Ta-Feng,22715,11,QuantileGBM,all,CRPS,0.9080223152700323
Ta-Feng,22715,11,QuantileGBM,all,pit_ks,0.04146351875676868
Ta-Feng,22715,11,QuantileGBM,all,cov95,0.9710889345465219
Ta-Feng,22715,11,QuantileGBM,all,cov50,0.7895509245670678
Ta-Feng,22715,11,QuantileGBM,all,nMAE,0.6758292032024399
Ta-Feng,22715,11,QuantileGBM,x>0,CRPS,1.218099246505533
Ta-Feng,22715,11,QuantileGBM,x>0,pit_ks,0.0620009131856048
Ta-Feng,22715,11,QuantileGBM,x>0,cov95,0.9682585905649388
Ta-Feng,22715,11,QuantileGBM,x>0,cov50,0.7478159580663949
Ta-Feng,22715,11,QuantileGBM,x>0,nMAE,0.5788952682637102
Ta-Feng,22715,12,BTYD,all,CRPS,0.9517465936399324
Ta-Feng,22715,12,BTYD,all,pit_ks,0.08051095191195212
Ta-Feng,22715,12,BTYD,all,cov95,0.9753448781919577
Ta-Feng,22715,12,BTYD,all,cov50,0.747872028177282
Ta-Feng,22715,12,BTYD,all,nMAE,0.706711358269216
Ta-Feng,22715,12,BTYD,x>0,CRPS,1.3028616141474896
Ta-Feng,22715,12,BTYD,x>0,pit_ks,0.08626263645516824
Ta-Feng,22715,12,BTYD,x>0,cov95,0.9692169754931261
Ta-Feng,22715,12,BTYD,x>0,cov50,0.6915720263000598
Ta-Feng,22715,12,BTYD,x>0,nMAE,0.6129929472534021
Ta-Feng,22715,12,PoissonGBM,all,CRPS,0.9226210027149986
Ta-Feng,22715,12,PoissonGBM,all,pit_ks,0.08167453973624789
Ta-Feng,22715,12,PoissonGBM,all,cov95,0.9439389492221896
Ta-Feng,22715,12,PoissonGBM,all,cov50,0.6668623422365718
Ta-Feng,22715,12,PoissonGBM,all,nMAE,0.6801630227774815
Ta-Feng,22715,12,PoissonGBM,x>0,CRPS,1.2560067487298268
Ta-Feng,22715,12,PoissonGBM,x>0,pit_ks,0.09181237780134396
Ta-Feng,22715,12,PoissonGBM,x>0,cov95,0.9261805140466228
Ta-Feng,22715,12,PoissonGBM,x>0,cov50,0.5230125523012552
Ta-Feng,22715,12,PoissonGBM,x>0,nMAE,0.5750471838680838
Ta-Feng,22715,12,HurdleGBM,all,CRPS,0.9194761272747285
Ta-Feng,22715,12,HurdleGBM,all,pit_ks,0.03352854683381007
Ta-Feng,22715,12,HurdleGBM,all,cov95,0.9531846199002054
Ta-Feng,22715,12,HurdleGBM,all,cov50,0.7679776929850308
Ta-Feng,22715,12,HurdleGBM,all,nMAE,0.6872476574998095
Ta-Feng,22715,12,HurdleGBM,x>0,CRPS,1.2593241874626417
Ta-Feng,22715,12,HurdleGBM,x>0,pit_ks,0.053698674884746056
Ta-Feng,22715,12,HurdleGBM,x>0,cov95,0.9360430364614465
Ta-Feng,22715,12,HurdleGBM,x>0,cov50,0.6470412432755529
Ta-Feng,22715,12,HurdleGBM,x>0,nMAE,0.5847819608622231
Ta-Feng,22715,12,QuantileGBM,all,CRPS,0.9072104032139712
Ta-Feng,22715,12,QuantileGBM,all,pit_ks,0.02371113611458353
Ta-Feng,22715,12,QuantileGBM,all,cov95,0.9694746110948048
Ta-Feng,22715,12,QuantileGBM,all,cov50,0.7568241855004403
Ta-Feng,22715,12,QuantileGBM,all,nMAE,0.6758589167364972
Ta-Feng,22715,12,QuantileGBM,x>0,CRPS,1.234487826882845
Ta-Feng,22715,12,QuantileGBM,x>0,pit_ks,0.027612761426922594
Ta-Feng,22715,12,QuantileGBM,x>0,cov95,0.9638374178123132
Ta-Feng,22715,12,QuantileGBM,x>0,cov50,0.6876867901972504
Ta-Feng,22715,12,QuantileGBM,x>0,nMAE,0.5754445217045794
Ta-Feng,22715,13,BTYD,all,CRPS,0.936772167137511
Ta-Feng,22715,13,BTYD,all,pit_ks,0.068500598095389
Ta-Feng,22715,13,BTYD,all,cov95,0.9750513648371001
Ta-Feng,22715,13,BTYD,all,cov50,0.7559436454358673
Ta-Feng,22715,13,BTYD,all,nMAE,0.6914999616770139
Ta-Feng,22715,13,BTYD,x>0,CRPS,1.2810363697300295
Ta-Feng,22715,13,BTYD,x>0,pit_ks,0.08157749482779558
Ta-Feng,22715,13,BTYD,x>0,cov95,0.9704142011834319
Ta-Feng,22715,13,BTYD,x>0,cov50,0.7005917159763314
Ta-Feng,22715,13,BTYD,x>0,nMAE,0.5978293190603627
Ta-Feng,22715,13,PoissonGBM,all,CRPS,0.9074977683812738
Ta-Feng,22715,13,PoissonGBM,all,pit_ks,0.09316014061523864
Ta-Feng,22715,13,PoissonGBM,all,cov95,0.9445259759319049
Ta-Feng,22715,13,PoissonGBM,all,cov50,0.6832990901085999
Ta-Feng,22715,13,PoissonGBM,all,nMAE,0.6749061086839887
Ta-Feng,22715,13,PoissonGBM,x>0,CRPS,1.2356672429733728
Ta-Feng,22715,13,PoissonGBM,x>0,pit_ks,0.09028005878169063
Ta-Feng,22715,13,PoissonGBM,x>0,cov95,0.9301775147928995
Ta-Feng,22715,13,PoissonGBM,x>0,cov50,0.5417159763313609
Ta-Feng,22715,13,PoissonGBM,x>0,nMAE,0.5702249975220537
Ta-Feng,22715,13,HurdleGBM,all,CRPS,0.9027538789624303
Ta-Feng,22715,13,HurdleGBM,all,pit_ks,0.0541777672669741
Ta-Feng,22715,13,HurdleGBM,all,cov95,0.9622835339007925
Ta-Feng,22715,13,HurdleGBM,all,cov50,0.7957147050190784
Ta-Feng,22715,13,HurdleGBM,all,nMAE,0.6753659845175136
Ta-Feng,22715,13,HurdleGBM,x>0,CRPS,1.231115867233728
Ta-Feng,22715,13,HurdleGBM,x>0,pit_ks,0.06626574304832505
Ta-Feng,22715,13,HurdleGBM,x>0,cov95,0.9482248520710059
Ta-Feng,22715,13,HurdleGBM,x>0,cov50,0.6834319526627219
Ta-Feng,22715,13,HurdleGBM,x>0,nMAE,0.5770145703241154
Ta-Feng,22715,13,QuantileGBM,all,CRPS,0.8949333183519225
Ta-Feng,22715,13,QuantileGBM,all,pit_ks,0.02896943785663464
Ta-Feng,22715,13,QuantileGBM,all,cov95,0.9675667742882301
Ta-Feng,22715,13,QuantileGBM,all,cov50,0.7828001174053419
Ta-Feng,22715,13,QuantileGBM,all,nMAE,0.6635241818042462
Ta-Feng,22715,13,QuantileGBM,x>0,CRPS,1.220097287352071
Ta-Feng,22715,13,QuantileGBM,x>0,pit_ks,0.02356852726468861
Ta-Feng,22715,13,QuantileGBM,x>0,cov95,0.9677514792899409
Ta-Feng,22715,13,QuantileGBM,x>0,cov50,0.7103550295857988
Ta-Feng,22715,13,QuantileGBM,x>0,nMAE,0.5669045495093666
Ta-Feng,22715,14,BTYD,all,CRPS,0.9447946438398885
Ta-Feng,22715,14,BTYD,all,pit_ks,0.06841993301697857
Ta-Feng,22715,14,BTYD,all,cov95,0.9750513648371001
Ta-Feng,22715,14,BTYD,all,cov50,0.751247431758145
Ta-Feng,22715,14,BTYD,all,nMAE,0.6817537313432835
Ta-Feng,22715,14,BTYD,x>0,CRPS,1.2899196684686671
Ta-Feng,22715,14,BTYD,x>0,pit_ks,0.08091192445078865
Ta-Feng,22715,14,BTYD,x>0,cov95,0.969991173874669
Ta-Feng,22715,14,BTYD,x>0,cov50,0.6904972050603119
Ta-Feng,22715,14,BTYD,x>0,nMAE,0.5899445612693558
Ta-Feng,22715,14,PoissonGBM,all,CRPS,0.9230831798503082
Ta-Feng,22715,14,PoissonGBM,all,pit_ks,0.08952397506603799
Ta-Feng,22715,14,PoissonGBM,all,cov95,0.9412973290284707
Ta-Feng,22715,14,PoissonGBM,all,cov50,0.677428823011447
Ta-Feng,22715,14,PoissonGBM,all,nMAE,0.6695149253731343
Ta-Feng,22715,14,PoissonGBM,x>0,CRPS,1.252893615769344
Ta-Feng,22715,14,PoissonGBM,x>0,pit_ks,0.0884194765140201
Ta-Feng,22715,14,PoissonGBM,x>0,cov95,0.9255663430420712
Ta-Feng,22715,14,PoissonGBM,x>0,cov50,0.536922624301265
Ta-Feng,22715,14,PoissonGBM,x>0,nMAE,0.5626075320206462
Ta-Feng,22715,14,HurdleGBM,all,CRPS,0.9195824277223362
Ta-Feng,22715,14,HurdleGBM,all,pit_ks,0.04183208412650996
Ta-Feng,22715,14,HurdleGBM,all,cov95,0.9559729967713531
Ta-Feng,22715,14,HurdleGBM,all,cov50,0.7725271499853243
Ta-Feng,22715,14,HurdleGBM,all,nMAE,0.673134328358209
Ta-Feng,22715,14,HurdleGBM,x>0,CRPS,1.2558165655339806
Ta-Feng,22715,14,HurdleGBM,x>0,pit_ks,0.05415147125050962
Ta-Feng,22715,14,HurdleGBM,x>0,cov95,0.9399823477493381
Ta-Feng,22715,14,HurdleGBM,x>0,cov50,0.6463665784054133
Ta-Feng,22715,14,HurdleGBM,x>0,nMAE,0.5721659338558592
Ta-Feng,22715,14,QuantileGBM,all,CRPS,0.9121401407029643
Ta-Feng,22715,14,QuantileGBM,all,pit_ks,0.041360259341193695
Ta-Feng,22715,14,QuantileGBM,all,cov95,0.9725565013208101
Ta-Feng,22715,14,QuantileGBM,all,cov50,0.794393894922219
Ta-Feng,22715,14,QuantileGBM,all,nMAE,0.6571641791044776
Ta-Feng,22715,14,QuantileGBM,x>0,CRPS,1.2464868178140631
Ta-Feng,22715,14,QuantileGBM,x>0,pit_ks,0.06555494161816852
Ta-Feng,22715,14,QuantileGBM,x>0,cov95,0.9667549279199764
Ta-Feng,22715,14,QuantileGBM,x>0,cov50,0.7399235069137982
Ta-Feng,22715,14,QuantileGBM,x>0,nMAE,0.5597400114700821
